<?xml version="1.0" encoding="utf-8" standalone="yes"?>
<gpx version="1.1" creator="Locus Map, Android"
 xmlns="http://www.topografix.com/GPX/1/1"
 xmlns:xsi="http://www.w3.org/2001/XMLSchema-instance"
 xsi:schemaLocation="http://www.topografix.com/GPX/1/1 http://www.topografix.com/GPX/1/1/gpx.xsd"
 xmlns:gpxx="http://www.garmin.com/xmlschemas/GpxExtensions/v3"
 xmlns:gpxtrkx="http://www.garmin.com/xmlschemas/TrackStatsExtension/v1"
 xmlns:gpxtpx="http://www.garmin.com/xmlschemas/TrackPointExtension/v2"
 xmlns:locus="http://www.locusmap.eu">
	<metadata>
		<desc>File with points/tracks from Locus Map Classic/3.70.17</desc>
		<time>2026-09-20T06:10:04.011Z</time>
	</metadata>
<trk>
<name>1. den Žirje</name>
	<extensions>
		<line xmlns="http://www.topografix.com/GPX/gpx_style/0/2">
			<color>0000FF</color>
			<opacity>0.59</opacity>
			<width>6.0</width>
			<extensions>
				<locus:lsColorBase>#960000FF</locus:lsColorBase>
				<locus:lsWidth>6.0</locus:lsWidth>
				<locus:lsUnits>PIXELS</locus:lsUnits>
			</extensions>
		</line>
		<locus:activity>walking</locus:activity>
	</extensions>
<trkseg>
<trkpt lat="43.7571013" lon="15.7784031">
	<ele>3.12</ele>
	<time>2026-09-13T09:14:26.910Z</time>
	<hdop>3.94</hdop>
	<extensions>
		<gpxtpx:TrackPointExtension>
			<gpxtpx:course>294.4665</gpxtpx:course>
		</gpxtpx:TrackPointExtension>
	</extensions>
</trkpt>
<trkpt lat="43.7570387" lon="15.7784933">
	<ele>-1.29</ele>
	<time>2026-09-13T09:19:25.908Z</time>
	<hdop>3.79</hdop>
	<extensions>
		<gpxtpx:TrackPointExtension>
			<gpxtpx:course>173.0</gpxtpx:course>
		</gpxtpx:TrackPointExtension>
	</extensions>
</trkpt>
<trkpt lat="43.7569608" lon="15.7784291">
	<ele>2.74</ele>
	<time>2026-09-13T09:19:37.907Z</time>
	<hdop>3.79</hdop>
	<extensions>
		<gpxtpx:TrackPointExtension>
			<gpxtpx:course>235.0</gpxtpx:course>
		</gpxtpx:TrackPointExtension>
	</extensions>
</trkpt>
<trkpt lat="43.7569126" lon="15.7783117">
	<ele>3.12</ele>
	<time>2026-09-13T09:19:47.908Z</time>
	<hdop>3.79</hdop>
	<extensions>
		<gpxtpx:TrackPointExtension>
			<gpxtpx:course>242.0</gpxtpx:course>
		</gpxtpx:TrackPointExtension>
	</extensions>
</trkpt>
<trkpt lat="43.7568517" lon="15.7781826">
	<ele>3.24</ele>
	<time>2026-09-13T09:19:58.907Z</time>
	<hdop>3.79</hdop>
	<extensions>
		<gpxtpx:TrackPointExtension>
			<gpxtpx:course>240.0</gpxtpx:course>
		</gpxtpx:TrackPointExtension>
	</extensions>
</trkpt>
<trkpt lat="43.7567881" lon="15.7780515">
	<ele>-0.83</ele>
	<time>2026-09-13T09:20:08.909Z</time>
	<hdop>3.79</hdop>
	<extensions>
		<gpxtpx:TrackPointExtension>
			<gpxtpx:course>229.0</gpxtpx:course>
		</gpxtpx:TrackPointExtension>
	</extensions>
</trkpt>
<trkpt lat="43.7567002" lon="15.7779239">
	<ele>3.46</ele>
	<time>2026-09-13T09:20:19.908Z</time>
	<hdop>3.79</hdop>
	<extensions>
		<gpxtpx:TrackPointExtension>
			<gpxtpx:course>221.0</gpxtpx:course>
		</gpxtpx:TrackPointExtension>
	</extensions>
</trkpt>
<trkpt lat="43.7565845" lon="15.7778235">
	<ele>4.19</ele>
	<time>2026-09-13T09:20:30.908Z</time>
	<hdop>3.79</hdop>
	<extensions>
		<gpxtpx:TrackPointExtension>
			<gpxtpx:course>202.0</gpxtpx:course>
		</gpxtpx:TrackPointExtension>
	</extensions>
</trkpt>
<trkpt lat="43.7564788" lon="15.7777458">
	<ele>5.58</ele>
	<time>2026-09-13T09:20:40.909Z</time>
	<hdop>3.79</hdop>
	<extensions>
		<gpxtpx:TrackPointExtension>
			<gpxtpx:course>208.0</gpxtpx:course>
		</gpxtpx:TrackPointExtension>
	</extensions>
</trkpt>
<trkpt lat="43.7563578" lon="15.7776505">
	<ele>7.02</ele>
	<time>2026-09-13T09:20:51.907Z</time>
	<hdop>3.79</hdop>
	<extensions>
		<gpxtpx:TrackPointExtension>
			<gpxtpx:course>209.0</gpxtpx:course>
		</gpxtpx:TrackPointExtension>
	</extensions>
</trkpt>
<trkpt lat="43.7562509" lon="15.7775540">
	<ele>3.32</ele>
	<time>2026-09-13T09:21:01.908Z</time>
	<hdop>3.79</hdop>
	<extensions>
		<gpxtpx:TrackPointExtension>
			<gpxtpx:course>212.0</gpxtpx:course>
		</gpxtpx:TrackPointExtension>
	</extensions>
</trkpt>
<trkpt lat="43.7561321" lon="15.7774925">
	<ele>3.12</ele>
	<time>2026-09-13T09:21:11.908Z</time>
	<hdop>3.79</hdop>
	<extensions>
		<gpxtpx:TrackPointExtension>
			<gpxtpx:course>200.0</gpxtpx:course>
		</gpxtpx:TrackPointExtension>
	</extensions>
</trkpt>
<trkpt lat="43.7560082" lon="15.7774560">
	<ele>1.70</ele>
	<time>2026-09-13T09:21:21.908Z</time>
	<hdop>3.79</hdop>
	<extensions>
		<gpxtpx:TrackPointExtension>
			<gpxtpx:course>190.0</gpxtpx:course>
		</gpxtpx:TrackPointExtension>
	</extensions>
</trkpt>
<trkpt lat="43.7558771" lon="15.7774410">
	<ele>-4.52</ele>
	<time>2026-09-13T09:21:31.908Z</time>
	<hdop>3.79</hdop>
	<extensions>
		<gpxtpx:TrackPointExtension>
			<gpxtpx:course>184.0</gpxtpx:course>
		</gpxtpx:TrackPointExtension>
	</extensions>
</trkpt>
<trkpt lat="43.7557526" lon="15.7774080">
	<ele>-13.34</ele>
	<time>2026-09-13T09:21:41.908Z</time>
	<hdop>3.79</hdop>
	<extensions>
		<gpxtpx:TrackPointExtension>
			<gpxtpx:course>196.0</gpxtpx:course>
		</gpxtpx:TrackPointExtension>
	</extensions>
</trkpt>
<trkpt lat="43.7556007" lon="15.7773579">
	<ele>-20.02</ele>
	<time>2026-09-13T09:21:51.908Z</time>
	<hdop>3.79</hdop>
	<extensions>
		<gpxtpx:TrackPointExtension>
			<gpxtpx:course>193.0</gpxtpx:course>
		</gpxtpx:TrackPointExtension>
	</extensions>
</trkpt>
<trkpt lat="43.7554014" lon="15.7773258">
	<ele>-25.60</ele>
	<time>2026-09-13T09:22:01.908Z</time>
	<hdop>3.82</hdop>
	<extensions>
		<gpxtpx:TrackPointExtension>
			<gpxtpx:course>182.0</gpxtpx:course>
		</gpxtpx:TrackPointExtension>
	</extensions>
</trkpt>
<trkpt lat="43.7551917" lon="15.7773141">
	<ele>-44.75</ele>
	<time>2026-09-13T09:22:11.908Z</time>
	<hdop>3.79</hdop>
	<extensions>
		<gpxtpx:TrackPointExtension>
			<gpxtpx:course>182.0</gpxtpx:course>
		</gpxtpx:TrackPointExtension>
	</extensions>
</trkpt>
<trkpt lat="43.7549652" lon="15.7773046">
	<ele>-60.33</ele>
	<time>2026-09-13T09:22:22.909Z</time>
	<hdop>3.79</hdop>
	<extensions>
		<gpxtpx:TrackPointExtension>
			<gpxtpx:course>182.0</gpxtpx:course>
		</gpxtpx:TrackPointExtension>
	</extensions>
</trkpt>
<trkpt lat="43.7547307" lon="15.7772806">
	<ele>-63.29</ele>
	<time>2026-09-13T09:22:33.907Z</time>
	<hdop>3.79</hdop>
	<extensions>
		<gpxtpx:TrackPointExtension>
			<gpxtpx:course>185.0</gpxtpx:course>
		</gpxtpx:TrackPointExtension>
	</extensions>
</trkpt>
<trkpt lat="43.7545158" lon="15.7772618">
	<ele>-55.90</ele>
	<time>2026-09-13T09:22:43.907Z</time>
	<hdop>3.79</hdop>
	<extensions>
		<gpxtpx:TrackPointExtension>
			<gpxtpx:course>190.0</gpxtpx:course>
		</gpxtpx:TrackPointExtension>
	</extensions>
</trkpt>
<trkpt lat="43.7543077" lon="15.7772164">
	<ele>-45.38</ele>
	<time>2026-09-13T09:22:53.908Z</time>
	<hdop>3.79</hdop>
	<extensions>
		<gpxtpx:TrackPointExtension>
			<gpxtpx:course>198.0</gpxtpx:course>
		</gpxtpx:TrackPointExtension>
	</extensions>
</trkpt>
<trkpt lat="43.7541189" lon="15.7771075">
	<ele>-27.90</ele>
	<time>2026-09-13T09:23:03.909Z</time>
	<hdop>3.79</hdop>
	<extensions>
		<gpxtpx:TrackPointExtension>
			<gpxtpx:course>202.0</gpxtpx:course>
		</gpxtpx:TrackPointExtension>
	</extensions>
</trkpt>
<trkpt lat="43.7538964" lon="15.7769703">
	<ele>-12.89</ele>
	<time>2026-09-13T09:23:14.908Z</time>
	<hdop>3.79</hdop>
	<extensions>
		<gpxtpx:TrackPointExtension>
			<gpxtpx:course>207.0</gpxtpx:course>
		</gpxtpx:TrackPointExtension>
	</extensions>
</trkpt>
<trkpt lat="43.7537156" lon="15.7768215">
	<ele>3.35</ele>
	<time>2026-09-13T09:23:24.908Z</time>
	<hdop>3.79</hdop>
	<extensions>
		<gpxtpx:TrackPointExtension>
			<gpxtpx:course>204.0</gpxtpx:course>
		</gpxtpx:TrackPointExtension>
	</extensions>
</trkpt>
<trkpt lat="43.7535305" lon="15.7766884">
	<ele>6.75</ele>
	<time>2026-09-13T09:23:34.908Z</time>
	<hdop>3.79</hdop>
	<extensions>
		<gpxtpx:TrackPointExtension>
			<gpxtpx:course>208.0</gpxtpx:course>
		</gpxtpx:TrackPointExtension>
	</extensions>
</trkpt>
<trkpt lat="43.7533462" lon="15.7765372">
	<ele>11.92</ele>
	<time>2026-09-13T09:23:44.909Z</time>
	<hdop>3.79</hdop>
	<extensions>
		<gpxtpx:TrackPointExtension>
			<gpxtpx:course>210.0</gpxtpx:course>
		</gpxtpx:TrackPointExtension>
	</extensions>
</trkpt>
<trkpt lat="43.7531415" lon="15.7763742">
	<ele>13.41</ele>
	<time>2026-09-13T09:23:55.908Z</time>
	<hdop>3.79</hdop>
	<extensions>
		<gpxtpx:TrackPointExtension>
			<gpxtpx:course>206.0</gpxtpx:course>
		</gpxtpx:TrackPointExtension>
	</extensions>
</trkpt>
<trkpt lat="43.7529473" lon="15.7762308">
	<ele>11.90</ele>
	<time>2026-09-13T09:24:05.909Z</time>
	<hdop>3.79</hdop>
	<extensions>
		<gpxtpx:TrackPointExtension>
			<gpxtpx:course>202.0</gpxtpx:course>
		</gpxtpx:TrackPointExtension>
	</extensions>
</trkpt>
<trkpt lat="43.7527454" lon="15.7761288">
	<ele>11.53</ele>
	<time>2026-09-13T09:24:15.909Z</time>
	<hdop>3.79</hdop>
	<extensions>
		<gpxtpx:TrackPointExtension>
			<gpxtpx:course>199.0</gpxtpx:course>
		</gpxtpx:TrackPointExtension>
	</extensions>
</trkpt>
<trkpt lat="43.7525195" lon="15.7760608">
	<ele>7.51</ele>
	<time>2026-09-13T09:24:26.907Z</time>
	<hdop>3.79</hdop>
	<extensions>
		<gpxtpx:TrackPointExtension>
			<gpxtpx:course>190.0</gpxtpx:course>
		</gpxtpx:TrackPointExtension>
	</extensions>
</trkpt>
<trkpt lat="43.7522889" lon="15.7760084">
	<ele>-3.36</ele>
	<time>2026-09-13T09:24:37.908Z</time>
	<hdop>3.79</hdop>
	<extensions>
		<gpxtpx:TrackPointExtension>
			<gpxtpx:course>186.0</gpxtpx:course>
		</gpxtpx:TrackPointExtension>
	</extensions>
</trkpt>
<trkpt lat="43.7520499" lon="15.7759780">
	<ele>-8.95</ele>
	<time>2026-09-13T09:24:48.908Z</time>
	<hdop>3.79</hdop>
	<extensions>
		<gpxtpx:TrackPointExtension>
			<gpxtpx:course>183.0</gpxtpx:course>
		</gpxtpx:TrackPointExtension>
	</extensions>
</trkpt>
<trkpt lat="43.7518135" lon="15.7759534">
	<ele>-17.29</ele>
	<time>2026-09-13T09:24:59.909Z</time>
	<hdop>3.79</hdop>
	<extensions>
		<gpxtpx:TrackPointExtension>
			<gpxtpx:course>185.0</gpxtpx:course>
		</gpxtpx:TrackPointExtension>
	</extensions>
</trkpt>
<trkpt lat="43.7515827" lon="15.7759050">
	<ele>-23.65</ele>
	<time>2026-09-13T09:25:10.908Z</time>
	<hdop>3.79</hdop>
	<extensions>
		<gpxtpx:TrackPointExtension>
			<gpxtpx:course>190.0</gpxtpx:course>
		</gpxtpx:TrackPointExtension>
	</extensions>
</trkpt>
<trkpt lat="43.7513796" lon="15.7758315">
	<ele>-23.89</ele>
	<time>2026-09-13T09:25:20.908Z</time>
	<hdop>3.79</hdop>
	<extensions>
		<gpxtpx:TrackPointExtension>
			<gpxtpx:course>195.0</gpxtpx:course>
		</gpxtpx:TrackPointExtension>
	</extensions>
</trkpt>
<trkpt lat="43.7511182" lon="15.7757808">
	<ele>-26.41</ele>
	<time>2026-09-13T09:25:31.907Z</time>
	<hdop>3.79</hdop>
	<extensions>
		<gpxtpx:TrackPointExtension>
			<gpxtpx:course>172.0</gpxtpx:course>
		</gpxtpx:TrackPointExtension>
	</extensions>
</trkpt>
<trkpt lat="43.7508764" lon="15.7758118">
	<ele>-24.81</ele>
	<time>2026-09-13T09:25:41.907Z</time>
	<hdop>3.79</hdop>
	<extensions>
		<gpxtpx:TrackPointExtension>
			<gpxtpx:course>174.0</gpxtpx:course>
		</gpxtpx:TrackPointExtension>
	</extensions>
</trkpt>
<trkpt lat="43.7506275" lon="15.7758451">
	<ele>-22.40</ele>
	<time>2026-09-13T09:25:51.907Z</time>
	<hdop>3.79</hdop>
	<extensions>
		<gpxtpx:TrackPointExtension>
			<gpxtpx:course>177.0</gpxtpx:course>
		</gpxtpx:TrackPointExtension>
	</extensions>
</trkpt>
<trkpt lat="43.7503770" lon="15.7758564">
	<ele>-18.83</ele>
	<time>2026-09-13T09:26:01.909Z</time>
	<hdop>3.79</hdop>
	<extensions>
		<gpxtpx:TrackPointExtension>
			<gpxtpx:course>184.0</gpxtpx:course>
		</gpxtpx:TrackPointExtension>
	</extensions>
</trkpt>
<trkpt lat="43.7501234" lon="15.7758394">
	<ele>-12.75</ele>
	<time>2026-09-13T09:26:11.909Z</time>
	<hdop>3.79</hdop>
	<extensions>
		<gpxtpx:TrackPointExtension>
			<gpxtpx:course>182.0</gpxtpx:course>
		</gpxtpx:TrackPointExtension>
	</extensions>
</trkpt>
<trkpt lat="43.7498668" lon="15.7758586">
	<ele>-5.64</ele>
	<time>2026-09-13T09:26:22.908Z</time>
	<hdop>3.79</hdop>
	<extensions>
		<gpxtpx:TrackPointExtension>
			<gpxtpx:course>178.0</gpxtpx:course>
		</gpxtpx:TrackPointExtension>
	</extensions>
</trkpt>
<trkpt lat="43.7496075" lon="15.7759398">
	<ele>-9.46</ele>
	<time>2026-09-13T09:26:33.908Z</time>
	<hdop>3.79</hdop>
	<extensions>
		<gpxtpx:TrackPointExtension>
			<gpxtpx:course>159.0</gpxtpx:course>
		</gpxtpx:TrackPointExtension>
	</extensions>
</trkpt>
<trkpt lat="43.7493739" lon="15.7760005">
	<ele>-4.16</ele>
	<time>2026-09-13T09:26:43.908Z</time>
	<hdop>3.79</hdop>
	<extensions>
		<gpxtpx:TrackPointExtension>
			<gpxtpx:course>173.0</gpxtpx:course>
		</gpxtpx:TrackPointExtension>
	</extensions>
</trkpt>
<trkpt lat="43.7491044" lon="15.7760216">
	<ele>-2.10</ele>
	<time>2026-09-13T09:26:54.906Z</time>
	<hdop>3.79</hdop>
	<extensions>
		<gpxtpx:TrackPointExtension>
			<gpxtpx:course>178.0</gpxtpx:course>
		</gpxtpx:TrackPointExtension>
	</extensions>
</trkpt>
<trkpt lat="43.7488574" lon="15.7759990">
	<ele>-2.52</ele>
	<time>2026-09-13T09:27:04.907Z</time>
	<hdop>3.79</hdop>
	<extensions>
		<gpxtpx:TrackPointExtension>
			<gpxtpx:course>187.0</gpxtpx:course>
		</gpxtpx:TrackPointExtension>
	</extensions>
</trkpt>
<trkpt lat="43.7486140" lon="15.7759520">
	<ele>-2.69</ele>
	<time>2026-09-13T09:27:14.908Z</time>
	<hdop>3.79</hdop>
	<extensions>
		<gpxtpx:TrackPointExtension>
			<gpxtpx:course>186.0</gpxtpx:course>
		</gpxtpx:TrackPointExtension>
	</extensions>
</trkpt>
<trkpt lat="43.7483435" lon="15.7758957">
	<ele>0.03</ele>
	<time>2026-09-13T09:27:25.907Z</time>
	<hdop>3.79</hdop>
	<extensions>
		<gpxtpx:TrackPointExtension>
			<gpxtpx:course>182.0</gpxtpx:course>
		</gpxtpx:TrackPointExtension>
	</extensions>
</trkpt>
<trkpt lat="43.7481007" lon="15.7758838">
	<ele>-6.11</ele>
	<time>2026-09-13T09:27:35.907Z</time>
	<hdop>3.79</hdop>
	<extensions>
		<gpxtpx:TrackPointExtension>
			<gpxtpx:course>175.0</gpxtpx:course>
		</gpxtpx:TrackPointExtension>
	</extensions>
</trkpt>
<trkpt lat="43.7478578" lon="15.7758976">
	<ele>-4.55</ele>
	<time>2026-09-13T09:27:45.907Z</time>
	<hdop>3.79</hdop>
	<extensions>
		<gpxtpx:TrackPointExtension>
			<gpxtpx:course>183.0</gpxtpx:course>
		</gpxtpx:TrackPointExtension>
	</extensions>
</trkpt>
<trkpt lat="43.7476230" lon="15.7758758">
	<ele>-10.22</ele>
	<time>2026-09-13T09:27:55.908Z</time>
	<hdop>3.79</hdop>
	<extensions>
		<gpxtpx:TrackPointExtension>
			<gpxtpx:course>183.0</gpxtpx:course>
		</gpxtpx:TrackPointExtension>
	</extensions>
</trkpt>
<trkpt lat="43.7473576" lon="15.7758189">
	<ele>-12.71</ele>
	<time>2026-09-13T09:28:06.907Z</time>
	<hdop>3.79</hdop>
	<extensions>
		<gpxtpx:TrackPointExtension>
			<gpxtpx:course>192.0</gpxtpx:course>
		</gpxtpx:TrackPointExtension>
	</extensions>
</trkpt>
<trkpt lat="43.7471081" lon="15.7757680">
	<ele>-16.33</ele>
	<time>2026-09-13T09:28:16.907Z</time>
	<hdop>3.79</hdop>
	<extensions>
		<gpxtpx:TrackPointExtension>
			<gpxtpx:course>186.0</gpxtpx:course>
		</gpxtpx:TrackPointExtension>
	</extensions>
</trkpt>
<trkpt lat="43.7468619" lon="15.7757319">
	<ele>-12.96</ele>
	<time>2026-09-13T09:28:26.908Z</time>
	<hdop>3.79</hdop>
	<extensions>
		<gpxtpx:TrackPointExtension>
			<gpxtpx:course>186.0</gpxtpx:course>
		</gpxtpx:TrackPointExtension>
	</extensions>
</trkpt>
<trkpt lat="43.7465940" lon="15.7756926">
	<ele>-16.60</ele>
	<time>2026-09-13T09:28:37.908Z</time>
	<hdop>3.79</hdop>
	<extensions>
		<gpxtpx:TrackPointExtension>
			<gpxtpx:course>187.0</gpxtpx:course>
		</gpxtpx:TrackPointExtension>
	</extensions>
</trkpt>
<trkpt lat="43.7463231" lon="15.7756327">
	<ele>-19.54</ele>
	<time>2026-09-13T09:28:48.907Z</time>
	<hdop>3.79</hdop>
	<extensions>
		<gpxtpx:TrackPointExtension>
			<gpxtpx:course>186.0</gpxtpx:course>
		</gpxtpx:TrackPointExtension>
	</extensions>
</trkpt>
<trkpt lat="43.7460777" lon="15.7756118">
	<ele>-8.54</ele>
	<time>2026-09-13T09:28:58.907Z</time>
	<hdop>3.79</hdop>
	<extensions>
		<gpxtpx:TrackPointExtension>
			<gpxtpx:course>184.0</gpxtpx:course>
		</gpxtpx:TrackPointExtension>
	</extensions>
</trkpt>
<trkpt lat="43.7458449" lon="15.7755862">
	<ele>4.25</ele>
	<time>2026-09-13T09:29:08.908Z</time>
	<hdop>3.79</hdop>
	<extensions>
		<gpxtpx:TrackPointExtension>
			<gpxtpx:course>183.0</gpxtpx:course>
		</gpxtpx:TrackPointExtension>
	</extensions>
</trkpt>
<trkpt lat="43.7455791" lon="15.7755729">
	<ele>26.30</ele>
	<time>2026-09-13T09:29:19.908Z</time>
	<hdop>3.79</hdop>
	<extensions>
		<gpxtpx:TrackPointExtension>
			<gpxtpx:course>179.0</gpxtpx:course>
		</gpxtpx:TrackPointExtension>
	</extensions>
</trkpt>
<trkpt lat="43.7453081" lon="15.7755827">
	<ele>40.97</ele>
	<time>2026-09-13T09:29:30.907Z</time>
	<hdop>3.79</hdop>
	<extensions>
		<gpxtpx:TrackPointExtension>
			<gpxtpx:course>179.0</gpxtpx:course>
		</gpxtpx:TrackPointExtension>
	</extensions>
</trkpt>
<trkpt lat="43.7450650" lon="15.7755997">
	<ele>49.31</ele>
	<time>2026-09-13T09:29:40.907Z</time>
	<hdop>3.79</hdop>
	<extensions>
		<gpxtpx:TrackPointExtension>
			<gpxtpx:course>175.0</gpxtpx:course>
		</gpxtpx:TrackPointExtension>
	</extensions>
</trkpt>
<trkpt lat="43.7448209" lon="15.7756183">
	<ele>57.11</ele>
	<time>2026-09-13T09:29:50.908Z</time>
	<hdop>3.79</hdop>
	<extensions>
		<gpxtpx:TrackPointExtension>
			<gpxtpx:course>175.0</gpxtpx:course>
		</gpxtpx:TrackPointExtension>
	</extensions>
</trkpt>
<trkpt lat="43.7445622" lon="15.7756369">
	<ele>53.49</ele>
	<time>2026-09-13T09:30:01.907Z</time>
	<hdop>3.79</hdop>
	<extensions>
		<gpxtpx:TrackPointExtension>
			<gpxtpx:course>182.0</gpxtpx:course>
		</gpxtpx:TrackPointExtension>
	</extensions>
</trkpt>
<trkpt lat="43.7443048" lon="15.7756082">
	<ele>38.67</ele>
	<time>2026-09-13T09:30:12.906Z</time>
	<hdop>3.79</hdop>
	<extensions>
		<gpxtpx:TrackPointExtension>
			<gpxtpx:course>186.0</gpxtpx:course>
		</gpxtpx:TrackPointExtension>
	</extensions>
</trkpt>
<trkpt lat="43.7440665" lon="15.7755516">
	<ele>32.38</ele>
	<time>2026-09-13T09:30:22.906Z</time>
	<hdop>3.79</hdop>
	<extensions>
		<gpxtpx:TrackPointExtension>
			<gpxtpx:course>189.0</gpxtpx:course>
		</gpxtpx:TrackPointExtension>
	</extensions>
</trkpt>
<trkpt lat="43.7438300" lon="15.7754966">
	<ele>22.56</ele>
	<time>2026-09-13T09:30:32.907Z</time>
	<hdop>3.79</hdop>
	<extensions>
		<gpxtpx:TrackPointExtension>
			<gpxtpx:course>189.0</gpxtpx:course>
		</gpxtpx:TrackPointExtension>
	</extensions>
</trkpt>
<trkpt lat="43.7435628" lon="15.7754475">
	<ele>15.84</ele>
	<time>2026-09-13T09:30:43.907Z</time>
	<hdop>3.79</hdop>
	<extensions>
		<gpxtpx:TrackPointExtension>
			<gpxtpx:course>185.0</gpxtpx:course>
		</gpxtpx:TrackPointExtension>
	</extensions>
</trkpt>
<trkpt lat="43.7433212" lon="15.7754330">
	<ele>10.10</ele>
	<time>2026-09-13T09:30:53.907Z</time>
	<hdop>3.79</hdop>
	<extensions>
		<gpxtpx:TrackPointExtension>
			<gpxtpx:course>181.0</gpxtpx:course>
		</gpxtpx:TrackPointExtension>
	</extensions>
</trkpt>
<trkpt lat="43.7430808" lon="15.7754223">
	<ele>0.50</ele>
	<time>2026-09-13T09:31:03.908Z</time>
	<hdop>3.79</hdop>
	<extensions>
		<gpxtpx:TrackPointExtension>
			<gpxtpx:course>184.0</gpxtpx:course>
		</gpxtpx:TrackPointExtension>
	</extensions>
</trkpt>
<trkpt lat="43.7428172" lon="15.7753918">
	<ele>2.16</ele>
	<time>2026-09-13T09:31:14.907Z</time>
	<hdop>3.79</hdop>
	<extensions>
		<gpxtpx:TrackPointExtension>
			<gpxtpx:course>185.0</gpxtpx:course>
		</gpxtpx:TrackPointExtension>
	</extensions>
</trkpt>
<trkpt lat="43.7425519" lon="15.7753664">
	<ele>6.69</ele>
	<time>2026-09-13T09:31:25.906Z</time>
	<hdop>3.79</hdop>
	<extensions>
		<gpxtpx:TrackPointExtension>
			<gpxtpx:course>183.0</gpxtpx:course>
		</gpxtpx:TrackPointExtension>
	</extensions>
</trkpt>
<trkpt lat="43.7423066" lon="15.7753393">
	<ele>0.59</ele>
	<time>2026-09-13T09:31:35.908Z</time>
	<hdop>3.79</hdop>
	<extensions>
		<gpxtpx:TrackPointExtension>
			<gpxtpx:course>182.0</gpxtpx:course>
		</gpxtpx:TrackPointExtension>
	</extensions>
</trkpt>
<trkpt lat="43.7420330" lon="15.7753171">
	<ele>1.54</ele>
	<time>2026-09-13T09:31:46.907Z</time>
	<hdop>3.79</hdop>
	<extensions>
		<gpxtpx:TrackPointExtension>
			<gpxtpx:course>187.0</gpxtpx:course>
		</gpxtpx:TrackPointExtension>
	</extensions>
</trkpt>
<trkpt lat="43.7417606" lon="15.7752705">
	<ele>-1.28</ele>
	<time>2026-09-13T09:31:57.906Z</time>
	<hdop>3.79</hdop>
	<extensions>
		<gpxtpx:TrackPointExtension>
			<gpxtpx:course>185.0</gpxtpx:course>
		</gpxtpx:TrackPointExtension>
	</extensions>
</trkpt>
<trkpt lat="43.7415148" lon="15.7752687">
	<ele>-4.66</ele>
	<time>2026-09-13T09:32:07.907Z</time>
	<hdop>3.79</hdop>
	<extensions>
		<gpxtpx:TrackPointExtension>
			<gpxtpx:course>180.0</gpxtpx:course>
		</gpxtpx:TrackPointExtension>
	</extensions>
</trkpt>
<trkpt lat="43.7412738" lon="15.7752814">
	<ele>-7.50</ele>
	<time>2026-09-13T09:32:17.908Z</time>
	<hdop>3.79</hdop>
	<extensions>
		<gpxtpx:TrackPointExtension>
			<gpxtpx:course>177.0</gpxtpx:course>
		</gpxtpx:TrackPointExtension>
	</extensions>
</trkpt>
<trkpt lat="43.7410055" lon="15.7752965">
	<ele>-5.84</ele>
	<time>2026-09-13T09:32:28.906Z</time>
	<hdop>3.79</hdop>
	<extensions>
		<gpxtpx:TrackPointExtension>
			<gpxtpx:course>177.0</gpxtpx:course>
		</gpxtpx:TrackPointExtension>
	</extensions>
</trkpt>
<trkpt lat="43.7407558" lon="15.7753090">
	<ele>-10.77</ele>
	<time>2026-09-13T09:32:38.906Z</time>
	<hdop>3.79</hdop>
	<extensions>
		<gpxtpx:TrackPointExtension>
			<gpxtpx:course>180.0</gpxtpx:course>
		</gpxtpx:TrackPointExtension>
	</extensions>
</trkpt>
<trkpt lat="43.7404815" lon="15.7752870">
	<ele>-7.58</ele>
	<time>2026-09-13T09:32:49.906Z</time>
	<hdop>3.79</hdop>
	<extensions>
		<gpxtpx:TrackPointExtension>
			<gpxtpx:course>185.0</gpxtpx:course>
		</gpxtpx:TrackPointExtension>
	</extensions>
</trkpt>
<trkpt lat="43.7402291" lon="15.7752679">
	<ele>-7.54</ele>
	<time>2026-09-13T09:32:59.907Z</time>
	<hdop>3.79</hdop>
	<extensions>
		<gpxtpx:TrackPointExtension>
			<gpxtpx:course>184.0</gpxtpx:course>
		</gpxtpx:TrackPointExtension>
	</extensions>
</trkpt>
<trkpt lat="43.7399624" lon="15.7752685">
	<ele>-10.20</ele>
	<time>2026-09-13T09:33:10.905Z</time>
	<hdop>3.79</hdop>
	<extensions>
		<gpxtpx:TrackPointExtension>
			<gpxtpx:course>182.0</gpxtpx:course>
		</gpxtpx:TrackPointExtension>
	</extensions>
</trkpt>
<trkpt lat="43.7397197" lon="15.7752304">
	<ele>-12.29</ele>
	<time>2026-09-13T09:33:20.906Z</time>
	<hdop>3.79</hdop>
	<extensions>
		<gpxtpx:TrackPointExtension>
			<gpxtpx:course>188.0</gpxtpx:course>
		</gpxtpx:TrackPointExtension>
	</extensions>
</trkpt>
<trkpt lat="43.7394506" lon="15.7751804">
	<ele>-13.58</ele>
	<time>2026-09-13T09:33:31.906Z</time>
	<hdop>3.79</hdop>
	<extensions>
		<gpxtpx:TrackPointExtension>
			<gpxtpx:course>187.0</gpxtpx:course>
		</gpxtpx:TrackPointExtension>
	</extensions>
</trkpt>
<trkpt lat="43.7391868" lon="15.7751325">
	<ele>-17.11</ele>
	<time>2026-09-13T09:33:41.906Z</time>
	<hdop>3.79</hdop>
	<extensions>
		<gpxtpx:TrackPointExtension>
			<gpxtpx:course>184.0</gpxtpx:course>
		</gpxtpx:TrackPointExtension>
	</extensions>
</trkpt>
<trkpt lat="43.7389089" lon="15.7750893">
	<ele>-21.24</ele>
	<time>2026-09-13T09:33:51.907Z</time>
	<hdop>3.79</hdop>
	<extensions>
		<gpxtpx:TrackPointExtension>
			<gpxtpx:course>188.0</gpxtpx:course>
		</gpxtpx:TrackPointExtension>
	</extensions>
</trkpt>
<trkpt lat="43.7386298" lon="15.7750907">
	<ele>-20.47</ele>
	<time>2026-09-13T09:34:01.907Z</time>
	<hdop>3.79</hdop>
	<extensions>
		<gpxtpx:TrackPointExtension>
			<gpxtpx:course>178.0</gpxtpx:course>
		</gpxtpx:TrackPointExtension>
	</extensions>
</trkpt>
<trkpt lat="43.7383676" lon="15.7751104">
	<ele>-24.18</ele>
	<time>2026-09-13T09:34:11.907Z</time>
	<hdop>3.79</hdop>
	<extensions>
		<gpxtpx:TrackPointExtension>
			<gpxtpx:course>178.0</gpxtpx:course>
		</gpxtpx:TrackPointExtension>
	</extensions>
</trkpt>
<trkpt lat="43.7380844" lon="15.7750746">
	<ele>-23.54</ele>
	<time>2026-09-13T09:34:22.906Z</time>
	<hdop>3.79</hdop>
	<extensions>
		<gpxtpx:TrackPointExtension>
			<gpxtpx:course>184.0</gpxtpx:course>
		</gpxtpx:TrackPointExtension>
	</extensions>
</trkpt>
<trkpt lat="43.7378278" lon="15.7750495">
	<ele>-24.22</ele>
	<time>2026-09-13T09:34:32.906Z</time>
	<hdop>3.79</hdop>
	<extensions>
		<gpxtpx:TrackPointExtension>
			<gpxtpx:course>183.0</gpxtpx:course>
		</gpxtpx:TrackPointExtension>
	</extensions>
</trkpt>
<trkpt lat="43.7375891" lon="15.7750493">
	<ele>-26.58</ele>
	<time>2026-09-13T09:34:42.906Z</time>
	<hdop>3.79</hdop>
	<extensions>
		<gpxtpx:TrackPointExtension>
			<gpxtpx:course>180.0</gpxtpx:course>
		</gpxtpx:TrackPointExtension>
	</extensions>
</trkpt>
<trkpt lat="43.7373080" lon="15.7750316">
	<ele>-29.57</ele>
	<time>2026-09-13T09:34:53.906Z</time>
	<hdop>3.79</hdop>
	<extensions>
		<gpxtpx:TrackPointExtension>
			<gpxtpx:course>183.0</gpxtpx:course>
		</gpxtpx:TrackPointExtension>
	</extensions>
</trkpt>
<trkpt lat="43.7370525" lon="15.7750445">
	<ele>-27.43</ele>
	<time>2026-09-13T09:35:03.906Z</time>
	<hdop>3.79</hdop>
	<extensions>
		<gpxtpx:TrackPointExtension>
			<gpxtpx:course>168.0</gpxtpx:course>
		</gpxtpx:TrackPointExtension>
	</extensions>
</trkpt>
<trkpt lat="43.7368015" lon="15.7750647">
	<ele>-33.56</ele>
	<time>2026-09-13T09:35:13.907Z</time>
	<hdop>3.79</hdop>
	<extensions>
		<gpxtpx:TrackPointExtension>
			<gpxtpx:course>183.0</gpxtpx:course>
		</gpxtpx:TrackPointExtension>
	</extensions>
</trkpt>
<trkpt lat="43.7365216" lon="15.7750269">
	<ele>-32.36</ele>
	<time>2026-09-13T09:35:24.906Z</time>
	<hdop>3.79</hdop>
	<extensions>
		<gpxtpx:TrackPointExtension>
			<gpxtpx:course>188.0</gpxtpx:course>
		</gpxtpx:TrackPointExtension>
	</extensions>
</trkpt>
<trkpt lat="43.7362757" lon="15.7749593">
	<ele>-31.93</ele>
	<time>2026-09-13T09:35:34.906Z</time>
	<hdop>3.79</hdop>
	<extensions>
		<gpxtpx:TrackPointExtension>
			<gpxtpx:course>189.0</gpxtpx:course>
		</gpxtpx:TrackPointExtension>
	</extensions>
</trkpt>
<trkpt lat="43.7359975" lon="15.7749370">
	<ele>-34.43</ele>
	<time>2026-09-13T09:35:45.905Z</time>
	<hdop>3.79</hdop>
	<extensions>
		<gpxtpx:TrackPointExtension>
			<gpxtpx:course>166.0</gpxtpx:course>
		</gpxtpx:TrackPointExtension>
	</extensions>
</trkpt>
<trkpt lat="43.7357561" lon="15.7750513">
	<ele>-38.45</ele>
	<time>2026-09-13T09:35:55.906Z</time>
	<hdop>3.79</hdop>
	<extensions>
		<gpxtpx:TrackPointExtension>
			<gpxtpx:course>168.0</gpxtpx:course>
		</gpxtpx:TrackPointExtension>
	</extensions>
</trkpt>
<trkpt lat="43.7355130" lon="15.7751377">
	<ele>-33.36</ele>
	<time>2026-09-13T09:36:05.906Z</time>
	<hdop>3.79</hdop>
	<extensions>
		<gpxtpx:TrackPointExtension>
			<gpxtpx:course>164.0</gpxtpx:course>
		</gpxtpx:TrackPointExtension>
	</extensions>
</trkpt>
<trkpt lat="43.7352709" lon="15.7752228">
	<ele>-32.86</ele>
	<time>2026-09-13T09:36:15.906Z</time>
	<hdop>3.79</hdop>
	<extensions>
		<gpxtpx:TrackPointExtension>
			<gpxtpx:course>168.0</gpxtpx:course>
		</gpxtpx:TrackPointExtension>
	</extensions>
</trkpt>
<trkpt lat="43.7350237" lon="15.7752766">
	<ele>-33.06</ele>
	<time>2026-09-13T09:36:25.906Z</time>
	<hdop>3.79</hdop>
	<extensions>
		<gpxtpx:TrackPointExtension>
			<gpxtpx:course>173.0</gpxtpx:course>
		</gpxtpx:TrackPointExtension>
	</extensions>
</trkpt>
<trkpt lat="43.7347685" lon="15.7752868">
	<ele>-30.79</ele>
	<time>2026-09-13T09:36:35.906Z</time>
	<hdop>3.79</hdop>
	<extensions>
		<gpxtpx:TrackPointExtension>
			<gpxtpx:course>183.0</gpxtpx:course>
		</gpxtpx:TrackPointExtension>
	</extensions>
</trkpt>
<trkpt lat="43.7345196" lon="15.7752797">
	<ele>-26.46</ele>
	<time>2026-09-13T09:36:45.906Z</time>
	<hdop>3.79</hdop>
	<extensions>
		<gpxtpx:TrackPointExtension>
			<gpxtpx:course>168.0</gpxtpx:course>
		</gpxtpx:TrackPointExtension>
	</extensions>
</trkpt>
<trkpt lat="43.7342496" lon="15.7753554">
	<ele>-38.52</ele>
	<time>2026-09-13T09:36:56.905Z</time>
	<hdop>3.79</hdop>
	<extensions>
		<gpxtpx:TrackPointExtension>
			<gpxtpx:course>169.0</gpxtpx:course>
		</gpxtpx:TrackPointExtension>
	</extensions>
</trkpt>
<trkpt lat="43.7339930" lon="15.7754149">
	<ele>-34.32</ele>
	<time>2026-09-13T09:37:06.906Z</time>
	<hdop>3.79</hdop>
	<extensions>
		<gpxtpx:TrackPointExtension>
			<gpxtpx:course>171.0</gpxtpx:course>
		</gpxtpx:TrackPointExtension>
	</extensions>
</trkpt>
<trkpt lat="43.7337487" lon="15.7754618">
	<ele>-31.49</ele>
	<time>2026-09-13T09:37:16.906Z</time>
	<hdop>3.79</hdop>
	<extensions>
		<gpxtpx:TrackPointExtension>
			<gpxtpx:course>172.0</gpxtpx:course>
		</gpxtpx:TrackPointExtension>
	</extensions>
</trkpt>
<trkpt lat="43.7334983" lon="15.7755040">
	<ele>-29.31</ele>
	<time>2026-09-13T09:37:26.906Z</time>
	<hdop>3.79</hdop>
	<extensions>
		<gpxtpx:TrackPointExtension>
			<gpxtpx:course>172.0</gpxtpx:course>
		</gpxtpx:TrackPointExtension>
	</extensions>
</trkpt>
<trkpt lat="43.7332535" lon="15.7755764">
	<ele>-27.32</ele>
	<time>2026-09-13T09:37:36.907Z</time>
	<hdop>3.79</hdop>
	<extensions>
		<gpxtpx:TrackPointExtension>
			<gpxtpx:course>169.0</gpxtpx:course>
		</gpxtpx:TrackPointExtension>
	</extensions>
</trkpt>
<trkpt lat="43.7329851" lon="15.7756483">
	<ele>-25.84</ele>
	<time>2026-09-13T09:37:47.904Z</time>
	<hdop>3.79</hdop>
	<extensions>
		<gpxtpx:TrackPointExtension>
			<gpxtpx:course>170.0</gpxtpx:course>
		</gpxtpx:TrackPointExtension>
	</extensions>
</trkpt>
<trkpt lat="43.7327414" lon="15.7756877">
	<ele>-17.02</ele>
	<time>2026-09-13T09:37:57.905Z</time>
	<hdop>3.79</hdop>
	<extensions>
		<gpxtpx:TrackPointExtension>
			<gpxtpx:course>171.0</gpxtpx:course>
		</gpxtpx:TrackPointExtension>
	</extensions>
</trkpt>
<trkpt lat="43.7324990" lon="15.7757591">
	<ele>-13.53</ele>
	<time>2026-09-13T09:38:07.906Z</time>
	<hdop>3.79</hdop>
	<extensions>
		<gpxtpx:TrackPointExtension>
			<gpxtpx:course>165.0</gpxtpx:course>
		</gpxtpx:TrackPointExtension>
	</extensions>
</trkpt>
<trkpt lat="43.7322344" lon="15.7758449">
	<ele>-8.89</ele>
	<time>2026-09-13T09:38:18.904Z</time>
	<hdop>3.79</hdop>
	<extensions>
		<gpxtpx:TrackPointExtension>
			<gpxtpx:course>170.0</gpxtpx:course>
		</gpxtpx:TrackPointExtension>
	</extensions>
</trkpt>
<trkpt lat="43.7319868" lon="15.7758989">
	<ele>-5.47</ele>
	<time>2026-09-13T09:38:28.906Z</time>
	<hdop>3.79</hdop>
	<extensions>
		<gpxtpx:TrackPointExtension>
			<gpxtpx:course>165.0</gpxtpx:course>
		</gpxtpx:TrackPointExtension>
	</extensions>
</trkpt>
<trkpt lat="43.7317242" lon="15.7759659">
	<ele>-3.16</ele>
	<time>2026-09-13T09:38:39.904Z</time>
	<hdop>3.79</hdop>
	<extensions>
		<gpxtpx:TrackPointExtension>
			<gpxtpx:course>175.0</gpxtpx:course>
		</gpxtpx:TrackPointExtension>
	</extensions>
</trkpt>
<trkpt lat="43.7314820" lon="15.7760236">
	<ele>15.05</ele>
	<time>2026-09-13T09:38:49.904Z</time>
	<hdop>3.79</hdop>
	<extensions>
		<gpxtpx:TrackPointExtension>
			<gpxtpx:course>164.0</gpxtpx:course>
		</gpxtpx:TrackPointExtension>
	</extensions>
</trkpt>
<trkpt lat="43.7312425" lon="15.7761259">
	<ele>37.56</ele>
	<time>2026-09-13T09:38:59.904Z</time>
	<hdop>3.79</hdop>
	<extensions>
		<gpxtpx:TrackPointExtension>
			<gpxtpx:course>162.0</gpxtpx:course>
		</gpxtpx:TrackPointExtension>
	</extensions>
</trkpt>
<trkpt lat="43.7310065" lon="15.7762336">
	<ele>51.24</ele>
	<time>2026-09-13T09:39:09.904Z</time>
	<hdop>3.79</hdop>
	<extensions>
		<gpxtpx:TrackPointExtension>
			<gpxtpx:course>162.0</gpxtpx:course>
		</gpxtpx:TrackPointExtension>
	</extensions>
</trkpt>
<trkpt lat="43.7307797" lon="15.7763594">
	<ele>52.26</ele>
	<time>2026-09-13T09:39:19.905Z</time>
	<hdop>3.79</hdop>
	<extensions>
		<gpxtpx:TrackPointExtension>
			<gpxtpx:course>157.0</gpxtpx:course>
		</gpxtpx:TrackPointExtension>
	</extensions>
</trkpt>
<trkpt lat="43.7305465" lon="15.7764922">
	<ele>51.09</ele>
	<time>2026-09-13T09:39:29.905Z</time>
	<hdop>3.79</hdop>
	<extensions>
		<gpxtpx:TrackPointExtension>
			<gpxtpx:course>156.0</gpxtpx:course>
		</gpxtpx:TrackPointExtension>
	</extensions>
</trkpt>
<trkpt lat="43.7303191" lon="15.7766191">
	<ele>49.20</ele>
	<time>2026-09-13T09:39:39.905Z</time>
	<hdop>3.79</hdop>
	<extensions>
		<gpxtpx:TrackPointExtension>
			<gpxtpx:course>163.0</gpxtpx:course>
		</gpxtpx:TrackPointExtension>
	</extensions>
</trkpt>
<trkpt lat="43.7300823" lon="15.7766308">
	<ele>48.40</ele>
	<time>2026-09-13T09:39:49.906Z</time>
	<hdop>3.79</hdop>
	<extensions>
		<gpxtpx:TrackPointExtension>
			<gpxtpx:course>190.0</gpxtpx:course>
		</gpxtpx:TrackPointExtension>
	</extensions>
</trkpt>
<trkpt lat="43.7298085" lon="15.7766157">
	<ele>49.50</ele>
	<time>2026-09-13T09:40:00.905Z</time>
	<hdop>3.79</hdop>
	<extensions>
		<gpxtpx:TrackPointExtension>
			<gpxtpx:course>177.0</gpxtpx:course>
		</gpxtpx:TrackPointExtension>
	</extensions>
</trkpt>
<trkpt lat="43.7295541" lon="15.7766528">
	<ele>42.40</ele>
	<time>2026-09-13T09:40:10.905Z</time>
	<hdop>3.79</hdop>
	<extensions>
		<gpxtpx:TrackPointExtension>
			<gpxtpx:course>171.0</gpxtpx:course>
		</gpxtpx:TrackPointExtension>
	</extensions>
</trkpt>
<trkpt lat="43.7293055" lon="15.7767227">
	<ele>38.13</ele>
	<time>2026-09-13T09:40:20.906Z</time>
	<hdop>3.79</hdop>
	<extensions>
		<gpxtpx:TrackPointExtension>
			<gpxtpx:course>167.0</gpxtpx:course>
		</gpxtpx:TrackPointExtension>
	</extensions>
</trkpt>
<trkpt lat="43.7290449" lon="15.7768468">
	<ele>30.52</ele>
	<time>2026-09-13T09:40:31.904Z</time>
	<hdop>3.79</hdop>
	<extensions>
		<gpxtpx:TrackPointExtension>
			<gpxtpx:course>156.0</gpxtpx:course>
		</gpxtpx:TrackPointExtension>
	</extensions>
</trkpt>
<trkpt lat="43.7288140" lon="15.7769772">
	<ele>29.22</ele>
	<time>2026-09-13T09:40:41.904Z</time>
	<hdop>3.79</hdop>
	<extensions>
		<gpxtpx:TrackPointExtension>
			<gpxtpx:course>158.0</gpxtpx:course>
		</gpxtpx:TrackPointExtension>
	</extensions>
</trkpt>
<trkpt lat="43.7285851" lon="15.7770998">
	<ele>25.09</ele>
	<time>2026-09-13T09:40:51.904Z</time>
	<hdop>3.79</hdop>
	<extensions>
		<gpxtpx:TrackPointExtension>
			<gpxtpx:course>159.0</gpxtpx:course>
		</gpxtpx:TrackPointExtension>
	</extensions>
</trkpt>
<trkpt lat="43.7283504" lon="15.7771998">
	<ele>21.81</ele>
	<time>2026-09-13T09:41:01.905Z</time>
	<hdop>3.79</hdop>
	<extensions>
		<gpxtpx:TrackPointExtension>
			<gpxtpx:course>163.0</gpxtpx:course>
		</gpxtpx:TrackPointExtension>
	</extensions>
</trkpt>
<trkpt lat="43.7281086" lon="15.7772990">
	<ele>20.18</ele>
	<time>2026-09-13T09:41:11.905Z</time>
	<hdop>3.79</hdop>
	<extensions>
		<gpxtpx:TrackPointExtension>
			<gpxtpx:course>161.0</gpxtpx:course>
		</gpxtpx:TrackPointExtension>
	</extensions>
</trkpt>
<trkpt lat="43.7278648" lon="15.7774111">
	<ele>16.29</ele>
	<time>2026-09-13T09:41:21.905Z</time>
	<hdop>3.79</hdop>
	<extensions>
		<gpxtpx:TrackPointExtension>
			<gpxtpx:course>161.0</gpxtpx:course>
		</gpxtpx:TrackPointExtension>
	</extensions>
</trkpt>
<trkpt lat="43.7276370" lon="15.7775274">
	<ele>16.08</ele>
	<time>2026-09-13T09:41:31.905Z</time>
	<hdop>3.79</hdop>
	<extensions>
		<gpxtpx:TrackPointExtension>
			<gpxtpx:course>160.0</gpxtpx:course>
		</gpxtpx:TrackPointExtension>
	</extensions>
</trkpt>
<trkpt lat="43.7273941" lon="15.7776309">
	<ele>14.64</ele>
	<time>2026-09-13T09:41:41.905Z</time>
	<hdop>3.79</hdop>
	<extensions>
		<gpxtpx:TrackPointExtension>
			<gpxtpx:course>163.0</gpxtpx:course>
		</gpxtpx:TrackPointExtension>
	</extensions>
</trkpt>
<trkpt lat="43.7271122" lon="15.7777133">
	<ele>16.84</ele>
	<time>2026-09-13T09:41:52.904Z</time>
	<hdop>3.79</hdop>
	<extensions>
		<gpxtpx:TrackPointExtension>
			<gpxtpx:course>173.0</gpxtpx:course>
		</gpxtpx:TrackPointExtension>
	</extensions>
</trkpt>
<trkpt lat="43.7268631" lon="15.7777946">
	<ele>17.91</ele>
	<time>2026-09-13T09:42:02.905Z</time>
	<hdop>3.79</hdop>
	<extensions>
		<gpxtpx:TrackPointExtension>
			<gpxtpx:course>159.0</gpxtpx:course>
		</gpxtpx:TrackPointExtension>
	</extensions>
</trkpt>
<trkpt lat="43.7266043" lon="15.7779160">
	<ele>18.86</ele>
	<time>2026-09-13T09:42:13.906Z</time>
	<hdop>3.79</hdop>
	<extensions>
		<gpxtpx:TrackPointExtension>
			<gpxtpx:course>165.0</gpxtpx:course>
		</gpxtpx:TrackPointExtension>
	</extensions>
</trkpt>
<trkpt lat="43.7263427" lon="15.7780260">
	<ele>11.40</ele>
	<time>2026-09-13T09:42:24.906Z</time>
	<hdop>3.79</hdop>
	<extensions>
		<gpxtpx:TrackPointExtension>
			<gpxtpx:course>165.0</gpxtpx:course>
		</gpxtpx:TrackPointExtension>
	</extensions>
</trkpt>
<trkpt lat="43.7260921" lon="15.7780939">
	<ele>13.41</ele>
	<time>2026-09-13T09:42:34.906Z</time>
	<hdop>3.79</hdop>
	<extensions>
		<gpxtpx:TrackPointExtension>
			<gpxtpx:course>170.0</gpxtpx:course>
		</gpxtpx:TrackPointExtension>
	</extensions>
</trkpt>
<trkpt lat="43.7258165" lon="15.7781553">
	<ele>9.55</ele>
	<time>2026-09-13T09:42:45.903Z</time>
	<hdop>3.79</hdop>
	<extensions>
		<gpxtpx:TrackPointExtension>
			<gpxtpx:course>171.0</gpxtpx:course>
		</gpxtpx:TrackPointExtension>
	</extensions>
</trkpt>
<trkpt lat="43.7255727" lon="15.7782252">
	<ele>8.04</ele>
	<time>2026-09-13T09:42:55.904Z</time>
	<hdop>3.79</hdop>
	<extensions>
		<gpxtpx:TrackPointExtension>
			<gpxtpx:course>168.0</gpxtpx:course>
		</gpxtpx:TrackPointExtension>
	</extensions>
</trkpt>
<trkpt lat="43.7253081" lon="15.7783282">
	<ele>5.56</ele>
	<time>2026-09-13T09:43:06.904Z</time>
	<hdop>3.79</hdop>
	<extensions>
		<gpxtpx:TrackPointExtension>
			<gpxtpx:course>163.0</gpxtpx:course>
		</gpxtpx:TrackPointExtension>
	</extensions>
</trkpt>
<trkpt lat="43.7250578" lon="15.7784463">
	<ele>0.74</ele>
	<time>2026-09-13T09:43:16.905Z</time>
	<hdop>3.79</hdop>
	<extensions>
		<gpxtpx:TrackPointExtension>
			<gpxtpx:course>160.0</gpxtpx:course>
		</gpxtpx:TrackPointExtension>
	</extensions>
</trkpt>
<trkpt lat="43.7248161" lon="15.7785731">
	<ele>7.06</ele>
	<time>2026-09-13T09:43:26.905Z</time>
	<hdop>3.79</hdop>
	<extensions>
		<gpxtpx:TrackPointExtension>
			<gpxtpx:course>157.0</gpxtpx:course>
		</gpxtpx:TrackPointExtension>
	</extensions>
</trkpt>
<trkpt lat="43.7245877" lon="15.7787167">
	<ele>12.85</ele>
	<time>2026-09-13T09:43:36.905Z</time>
	<hdop>3.79</hdop>
	<extensions>
		<gpxtpx:TrackPointExtension>
			<gpxtpx:course>156.0</gpxtpx:course>
		</gpxtpx:TrackPointExtension>
	</extensions>
</trkpt>
<trkpt lat="43.7243510" lon="15.7788562">
	<ele>20.63</ele>
	<time>2026-09-13T09:43:46.905Z</time>
	<hdop>3.79</hdop>
	<extensions>
		<gpxtpx:TrackPointExtension>
			<gpxtpx:course>156.0</gpxtpx:course>
		</gpxtpx:TrackPointExtension>
	</extensions>
</trkpt>
<trkpt lat="43.7240949" lon="15.7789713">
	<ele>28.88</ele>
	<time>2026-09-13T09:43:57.904Z</time>
	<hdop>3.79</hdop>
	<extensions>
		<gpxtpx:TrackPointExtension>
			<gpxtpx:course>166.0</gpxtpx:course>
		</gpxtpx:TrackPointExtension>
	</extensions>
</trkpt>
<trkpt lat="43.7238970" lon="15.7790513">
	<ele>29.72</ele>
	<time>2026-09-13T09:44:07.904Z</time>
	<hdop>3.79</hdop>
	<extensions>
		<gpxtpx:TrackPointExtension>
			<gpxtpx:course>147.0</gpxtpx:course>
		</gpxtpx:TrackPointExtension>
	</extensions>
</trkpt>
<trkpt lat="43.7238235" lon="15.7792246">
	<ele>29.23</ele>
	<time>2026-09-13T09:44:17.904Z</time>
	<hdop>3.79</hdop>
	<extensions>
		<gpxtpx:TrackPointExtension>
			<gpxtpx:course>94.0</gpxtpx:course>
		</gpxtpx:TrackPointExtension>
	</extensions>
</trkpt>
<trkpt lat="43.7238644" lon="15.7793735">
	<ele>36.42</ele>
	<time>2026-09-13T09:44:27.904Z</time>
	<hdop>3.79</hdop>
	<extensions>
		<gpxtpx:TrackPointExtension>
			<gpxtpx:course>39.0</gpxtpx:course>
		</gpxtpx:TrackPointExtension>
	</extensions>
</trkpt>
<trkpt lat="43.7239463" lon="15.7794533">
	<ele>30.73</ele>
	<time>2026-09-13T09:44:37.904Z</time>
	<hdop>3.79</hdop>
	<extensions>
		<gpxtpx:TrackPointExtension>
			<gpxtpx:course>31.0</gpxtpx:course>
		</gpxtpx:TrackPointExtension>
	</extensions>
</trkpt>
<trkpt lat="43.7240349" lon="15.7795049">
	<ele>34.31</ele>
	<time>2026-09-13T09:44:50.904Z</time>
	<hdop>3.79</hdop>
	<extensions>
		<gpxtpx:TrackPointExtension>
			<gpxtpx:course>26.0</gpxtpx:course>
		</gpxtpx:TrackPointExtension>
	</extensions>
</trkpt>
<trkpt lat="43.7241234" lon="15.7795598">
	<ele>38.07</ele>
	<time>2026-09-13T09:45:03.904Z</time>
	<hdop>3.79</hdop>
	<extensions>
		<gpxtpx:TrackPointExtension>
			<gpxtpx:course>13.0</gpxtpx:course>
		</gpxtpx:TrackPointExtension>
	</extensions>
</trkpt>
<trkpt lat="43.7242192" lon="15.7795570">
	<ele>46.50</ele>
	<time>2026-09-13T09:45:16.905Z</time>
	<hdop>3.79</hdop>
	<extensions>
		<gpxtpx:TrackPointExtension>
			<gpxtpx:course>2.0</gpxtpx:course>
		</gpxtpx:TrackPointExtension>
	</extensions>
</trkpt>
<trkpt lat="43.7243110" lon="15.7795313">
	<ele>51.30</ele>
	<time>2026-09-13T09:45:27.904Z</time>
	<hdop>3.79</hdop>
	<extensions>
		<gpxtpx:TrackPointExtension>
			<gpxtpx:course>350.0</gpxtpx:course>
		</gpxtpx:TrackPointExtension>
	</extensions>
</trkpt>
<trkpt lat="43.7244010" lon="15.7795288">
	<ele>53.77</ele>
	<time>2026-09-13T09:45:38.904Z</time>
	<hdop>3.79</hdop>
	<extensions>
		<gpxtpx:TrackPointExtension>
			<gpxtpx:course>359.0</gpxtpx:course>
		</gpxtpx:TrackPointExtension>
	</extensions>
</trkpt>
<trkpt lat="43.7244960" lon="15.7795577">
	<ele>61.18</ele>
	<time>2026-09-13T09:45:50.904Z</time>
	<hdop>3.79</hdop>
	<extensions>
		<gpxtpx:TrackPointExtension>
			<gpxtpx:course>17.0</gpxtpx:course>
		</gpxtpx:TrackPointExtension>
	</extensions>
</trkpt>
<trkpt lat="43.7245673" lon="15.7796399">
	<ele>62.50</ele>
	<time>2026-09-13T09:46:05.904Z</time>
	<hdop>3.79</hdop>
	<extensions>
		<gpxtpx:TrackPointExtension>
			<gpxtpx:course>45.0</gpxtpx:course>
		</gpxtpx:TrackPointExtension>
	</extensions>
</trkpt>
<trkpt lat="43.7246159" lon="15.7797498">
	<ele>63.94</ele>
	<time>2026-09-13T09:46:18.903Z</time>
	<hdop>3.79</hdop>
	<extensions>
		<gpxtpx:TrackPointExtension>
			<gpxtpx:course>67.0</gpxtpx:course>
		</gpxtpx:TrackPointExtension>
	</extensions>
</trkpt>
<trkpt lat="43.7246486" lon="15.7798664">
	<ele>61.30</ele>
	<time>2026-09-13T09:46:30.903Z</time>
	<hdop>3.79</hdop>
	<extensions>
		<gpxtpx:TrackPointExtension>
			<gpxtpx:course>68.0</gpxtpx:course>
		</gpxtpx:TrackPointExtension>
	</extensions>
</trkpt>
<trkpt lat="43.7246761" lon="15.7799851">
	<ele>59.39</ele>
	<time>2026-09-13T09:46:42.903Z</time>
	<hdop>3.79</hdop>
	<extensions>
		<gpxtpx:TrackPointExtension>
			<gpxtpx:course>67.0</gpxtpx:course>
		</gpxtpx:TrackPointExtension>
	</extensions>
</trkpt>
<trkpt lat="43.7247361" lon="15.7800784">
	<ele>58.67</ele>
	<time>2026-09-13T09:46:54.904Z</time>
	<hdop>3.79</hdop>
	<extensions>
		<gpxtpx:TrackPointExtension>
			<gpxtpx:course>47.0</gpxtpx:course>
		</gpxtpx:TrackPointExtension>
	</extensions>
</trkpt>
<trkpt lat="43.7248154" lon="15.7801587">
	<ele>57.99</ele>
	<time>2026-09-13T09:47:06.904Z</time>
	<hdop>3.79</hdop>
	<extensions>
		<gpxtpx:TrackPointExtension>
			<gpxtpx:course>32.0</gpxtpx:course>
		</gpxtpx:TrackPointExtension>
	</extensions>
</trkpt>
<trkpt lat="43.7249002" lon="15.7802166">
	<ele>61.02</ele>
	<time>2026-09-13T09:47:18.902Z</time>
	<hdop>3.79</hdop>
	<extensions>
		<gpxtpx:TrackPointExtension>
			<gpxtpx:course>26.0</gpxtpx:course>
		</gpxtpx:TrackPointExtension>
	</extensions>
</trkpt>
<trkpt lat="43.7249821" lon="15.7802891">
	<ele>61.12</ele>
	<time>2026-09-13T09:47:29.905Z</time>
	<hdop>3.79</hdop>
	<extensions>
		<gpxtpx:TrackPointExtension>
			<gpxtpx:course>37.0</gpxtpx:course>
		</gpxtpx:TrackPointExtension>
	</extensions>
</trkpt>
<trkpt lat="43.7250615" lon="15.7803708">
	<ele>63.06</ele>
	<time>2026-09-13T09:47:40.904Z</time>
	<hdop>3.79</hdop>
	<extensions>
		<gpxtpx:TrackPointExtension>
			<gpxtpx:course>39.0</gpxtpx:course>
		</gpxtpx:TrackPointExtension>
	</extensions>
</trkpt>
<trkpt lat="43.7251363" lon="15.7804514">
	<ele>60.18</ele>
	<time>2026-09-13T09:47:50.904Z</time>
	<hdop>3.79</hdop>
	<extensions>
		<gpxtpx:TrackPointExtension>
			<gpxtpx:course>39.0</gpxtpx:course>
		</gpxtpx:TrackPointExtension>
	</extensions>
</trkpt>
<trkpt lat="43.7252207" lon="15.7805421">
	<ele>60.40</ele>
	<time>2026-09-13T09:48:00.905Z</time>
	<hdop>3.79</hdop>
	<extensions>
		<gpxtpx:TrackPointExtension>
			<gpxtpx:course>25.0</gpxtpx:course>
		</gpxtpx:TrackPointExtension>
	</extensions>
</trkpt>
<trkpt lat="43.7253781" lon="15.7805450">
	<ele>57.71</ele>
	<time>2026-09-13T09:48:11.903Z</time>
	<hdop>3.79</hdop>
	<extensions>
		<gpxtpx:TrackPointExtension>
			<gpxtpx:course>349.0</gpxtpx:course>
		</gpxtpx:TrackPointExtension>
	</extensions>
</trkpt>
<trkpt lat="43.7255090" lon="15.7804891">
	<ele>59.86</ele>
	<time>2026-09-13T09:48:21.904Z</time>
	<hdop>3.79</hdop>
	<extensions>
		<gpxtpx:TrackPointExtension>
			<gpxtpx:course>345.0</gpxtpx:course>
		</gpxtpx:TrackPointExtension>
	</extensions>
</trkpt>
<trkpt lat="43.7256508" lon="15.7804280">
	<ele>63.68</ele>
	<time>2026-09-13T09:48:32.903Z</time>
	<hdop>3.79</hdop>
	<extensions>
		<gpxtpx:TrackPointExtension>
			<gpxtpx:course>339.0</gpxtpx:course>
		</gpxtpx:TrackPointExtension>
	</extensions>
</trkpt>
<trkpt lat="43.7257899" lon="15.7803549">
	<ele>60.97</ele>
	<time>2026-09-13T09:48:43.903Z</time>
	<hdop>3.79</hdop>
	<extensions>
		<gpxtpx:TrackPointExtension>
			<gpxtpx:course>334.0</gpxtpx:course>
		</gpxtpx:TrackPointExtension>
	</extensions>
</trkpt>
<trkpt lat="43.7259104" lon="15.7802704">
	<ele>59.39</ele>
	<time>2026-09-13T09:48:53.904Z</time>
	<hdop>3.79</hdop>
	<extensions>
		<gpxtpx:TrackPointExtension>
			<gpxtpx:course>336.0</gpxtpx:course>
		</gpxtpx:TrackPointExtension>
	</extensions>
</trkpt>
<trkpt lat="43.7260309" lon="15.7801952">
	<ele>62.28</ele>
	<time>2026-09-13T09:49:03.904Z</time>
	<hdop>3.79</hdop>
	<extensions>
		<gpxtpx:TrackPointExtension>
			<gpxtpx:course>332.0</gpxtpx:course>
		</gpxtpx:TrackPointExtension>
	</extensions>
</trkpt>
<trkpt lat="43.7261492" lon="15.7801181">
	<ele>62.79</ele>
	<time>2026-09-13T09:49:13.905Z</time>
	<hdop>3.79</hdop>
	<extensions>
		<gpxtpx:TrackPointExtension>
			<gpxtpx:course>334.0</gpxtpx:course>
		</gpxtpx:TrackPointExtension>
	</extensions>
</trkpt>
<trkpt lat="43.7262857" lon="15.7800256">
	<ele>58.84</ele>
	<time>2026-09-13T09:49:24.902Z</time>
	<hdop>3.79</hdop>
	<extensions>
		<gpxtpx:TrackPointExtension>
			<gpxtpx:course>333.0</gpxtpx:course>
		</gpxtpx:TrackPointExtension>
	</extensions>
</trkpt>
<trkpt lat="43.7264017" lon="15.7799388">
	<ele>64.17</ele>
	<time>2026-09-13T09:49:34.903Z</time>
	<hdop>3.79</hdop>
	<extensions>
		<gpxtpx:TrackPointExtension>
			<gpxtpx:course>330.0</gpxtpx:course>
		</gpxtpx:TrackPointExtension>
	</extensions>
</trkpt>
<trkpt lat="43.7265197" lon="15.7798483">
	<ele>64.68</ele>
	<time>2026-09-13T09:49:44.904Z</time>
	<hdop>3.79</hdop>
	<extensions>
		<gpxtpx:TrackPointExtension>
			<gpxtpx:course>330.0</gpxtpx:course>
		</gpxtpx:TrackPointExtension>
	</extensions>
</trkpt>
<trkpt lat="43.7266332" lon="15.7797557">
	<ele>58.42</ele>
	<time>2026-09-13T09:49:54.904Z</time>
	<hdop>3.79</hdop>
	<extensions>
		<gpxtpx:TrackPointExtension>
			<gpxtpx:course>329.0</gpxtpx:course>
		</gpxtpx:TrackPointExtension>
	</extensions>
</trkpt>
<trkpt lat="43.7267463" lon="15.7796460">
	<ele>55.54</ele>
	<time>2026-09-13T09:50:04.905Z</time>
	<hdop>3.79</hdop>
	<extensions>
		<gpxtpx:TrackPointExtension>
			<gpxtpx:course>322.0</gpxtpx:course>
		</gpxtpx:TrackPointExtension>
	</extensions>
</trkpt>
<trkpt lat="43.7268828" lon="15.7794886">
	<ele>50.92</ele>
	<time>2026-09-13T09:50:15.903Z</time>
	<hdop>3.79</hdop>
	<extensions>
		<gpxtpx:TrackPointExtension>
			<gpxtpx:course>326.0</gpxtpx:course>
		</gpxtpx:TrackPointExtension>
	</extensions>
</trkpt>
<trkpt lat="43.7270485" lon="15.7793914">
	<ele>54.54</ele>
	<time>2026-09-13T09:50:25.903Z</time>
	<hdop>3.79</hdop>
	<extensions>
		<gpxtpx:TrackPointExtension>
			<gpxtpx:course>348.0</gpxtpx:course>
		</gpxtpx:TrackPointExtension>
	</extensions>
</trkpt>
<trkpt lat="43.7271936" lon="15.7793906">
	<ele>59.71</ele>
	<time>2026-09-13T09:50:36.904Z</time>
	<hdop>3.79</hdop>
	<extensions>
		<gpxtpx:TrackPointExtension>
			<gpxtpx:course>37.0</gpxtpx:course>
		</gpxtpx:TrackPointExtension>
	</extensions>
</trkpt>
<trkpt lat="43.7271881" lon="15.7795429">
	<ele>59.60</ele>
	<time>2026-09-13T09:50:47.903Z</time>
	<hdop>3.79</hdop>
	<extensions>
		<gpxtpx:TrackPointExtension>
			<gpxtpx:course>117.0</gpxtpx:course>
		</gpxtpx:TrackPointExtension>
	</extensions>
</trkpt>
<trkpt lat="43.7270492" lon="15.7796756">
	<ele>48.54</ele>
	<time>2026-09-13T09:50:58.902Z</time>
	<hdop>3.79</hdop>
	<extensions>
		<gpxtpx:TrackPointExtension>
			<gpxtpx:course>157.0</gpxtpx:course>
		</gpxtpx:TrackPointExtension>
	</extensions>
</trkpt>
<trkpt lat="43.7268374" lon="15.7796602">
	<ele>42.21</ele>
	<time>2026-09-13T09:51:08.904Z</time>
	<hdop>3.79</hdop>
	<extensions>
		<gpxtpx:TrackPointExtension>
			<gpxtpx:course>184.0</gpxtpx:course>
		</gpxtpx:TrackPointExtension>
	</extensions>
</trkpt>
<trkpt lat="43.7265797" lon="15.7796576">
	<ele>32.81</ele>
	<time>2026-09-13T09:51:19.903Z</time>
	<hdop>3.79</hdop>
	<extensions>
		<gpxtpx:TrackPointExtension>
			<gpxtpx:course>179.0</gpxtpx:course>
		</gpxtpx:TrackPointExtension>
	</extensions>
</trkpt>
<trkpt lat="43.7263474" lon="15.7796710">
	<ele>21.60</ele>
	<time>2026-09-13T09:51:29.904Z</time>
	<hdop>3.79</hdop>
	<extensions>
		<gpxtpx:TrackPointExtension>
			<gpxtpx:course>176.0</gpxtpx:course>
		</gpxtpx:TrackPointExtension>
	</extensions>
</trkpt>
<trkpt lat="43.7260916" lon="15.7797423">
	<ele>2.56</ele>
	<time>2026-09-13T09:51:40.903Z</time>
	<hdop>3.79</hdop>
	<extensions>
		<gpxtpx:TrackPointExtension>
			<gpxtpx:course>153.0</gpxtpx:course>
		</gpxtpx:TrackPointExtension>
	</extensions>
</trkpt>
<trkpt lat="43.7258894" lon="15.7799072">
	<ele>1.67</ele>
	<time>2026-09-13T09:51:50.903Z</time>
	<hdop>3.79</hdop>
	<extensions>
		<gpxtpx:TrackPointExtension>
			<gpxtpx:course>151.0</gpxtpx:course>
		</gpxtpx:TrackPointExtension>
	</extensions>
</trkpt>
<trkpt lat="43.7256599" lon="15.7800839">
	<ele>-5.02</ele>
	<time>2026-09-13T09:52:01.904Z</time>
	<hdop>3.79</hdop>
	<extensions>
		<gpxtpx:TrackPointExtension>
			<gpxtpx:course>145.0</gpxtpx:course>
		</gpxtpx:TrackPointExtension>
	</extensions>
</trkpt>
<trkpt lat="43.7254637" lon="15.7803101">
	<ele>-6.87</ele>
	<time>2026-09-13T09:52:12.902Z</time>
	<hdop>3.79</hdop>
	<extensions>
		<gpxtpx:TrackPointExtension>
			<gpxtpx:course>147.0</gpxtpx:course>
		</gpxtpx:TrackPointExtension>
	</extensions>
</trkpt>
<trkpt lat="43.7252569" lon="15.7804519">
	<ele>-12.22</ele>
	<time>2026-09-13T09:52:22.904Z</time>
	<hdop>3.79</hdop>
	<extensions>
		<gpxtpx:TrackPointExtension>
			<gpxtpx:course>159.0</gpxtpx:course>
		</gpxtpx:TrackPointExtension>
	</extensions>
</trkpt>
<trkpt lat="43.7250342" lon="15.7805665">
	<ele>-12.56</ele>
	<time>2026-09-13T09:52:32.904Z</time>
	<hdop>3.79</hdop>
	<extensions>
		<gpxtpx:TrackPointExtension>
			<gpxtpx:course>155.0</gpxtpx:course>
		</gpxtpx:TrackPointExtension>
	</extensions>
</trkpt>
<trkpt lat="43.7248141" lon="15.7806822">
	<ele>-9.95</ele>
	<time>2026-09-13T09:52:42.904Z</time>
	<hdop>3.79</hdop>
	<extensions>
		<gpxtpx:TrackPointExtension>
			<gpxtpx:course>162.0</gpxtpx:course>
		</gpxtpx:TrackPointExtension>
	</extensions>
</trkpt>
<trkpt lat="43.7245642" lon="15.7807977">
	<ele>-7.90</ele>
	<time>2026-09-13T09:52:53.904Z</time>
	<hdop>3.79</hdop>
	<extensions>
		<gpxtpx:TrackPointExtension>
			<gpxtpx:course>163.0</gpxtpx:course>
		</gpxtpx:TrackPointExtension>
	</extensions>
</trkpt>
<trkpt lat="43.7243270" lon="15.7808693">
	<ele>-0.59</ele>
	<time>2026-09-13T09:53:04.904Z</time>
	<hdop>3.79</hdop>
	<extensions>
		<gpxtpx:TrackPointExtension>
			<gpxtpx:course>169.0</gpxtpx:course>
		</gpxtpx:TrackPointExtension>
	</extensions>
</trkpt>
<trkpt lat="43.7241285" lon="15.7809149">
	<ele>-3.44</ele>
	<time>2026-09-13T09:53:15.903Z</time>
	<hdop>3.79</hdop>
	<extensions>
		<gpxtpx:TrackPointExtension>
			<gpxtpx:course>180.0</gpxtpx:course>
		</gpxtpx:TrackPointExtension>
	</extensions>
</trkpt>
<trkpt lat="43.7240143" lon="15.7810980">
	<ele>-8.04</ele>
	<time>2026-09-13T09:53:25.903Z</time>
	<hdop>3.79</hdop>
	<extensions>
		<gpxtpx:TrackPointExtension>
			<gpxtpx:course>105.0</gpxtpx:course>
		</gpxtpx:TrackPointExtension>
	</extensions>
</trkpt>
<trkpt lat="43.7239263" lon="15.7813252">
	<ele>-6.76</ele>
	<time>2026-09-13T09:53:35.903Z</time>
	<hdop>3.79</hdop>
	<extensions>
		<gpxtpx:TrackPointExtension>
			<gpxtpx:course>121.0</gpxtpx:course>
		</gpxtpx:TrackPointExtension>
	</extensions>
</trkpt>
<trkpt lat="43.7238388" lon="15.7815189">
	<ele>0.52</ele>
	<time>2026-09-13T09:53:45.903Z</time>
	<hdop>3.79</hdop>
	<extensions>
		<gpxtpx:TrackPointExtension>
			<gpxtpx:course>124.0</gpxtpx:course>
		</gpxtpx:TrackPointExtension>
	</extensions>
</trkpt>
<trkpt lat="43.7237319" lon="15.7816896">
	<ele>1.76</ele>
	<time>2026-09-13T09:53:55.904Z</time>
	<hdop>3.79</hdop>
	<extensions>
		<gpxtpx:TrackPointExtension>
			<gpxtpx:course>129.0</gpxtpx:course>
		</gpxtpx:TrackPointExtension>
	</extensions>
</trkpt>
<trkpt lat="43.7237450" lon="15.7818578">
	<ele>13.56</ele>
	<time>2026-09-13T09:54:06.902Z</time>
	<hdop>3.79</hdop>
	<extensions>
		<gpxtpx:TrackPointExtension>
			<gpxtpx:course>52.0</gpxtpx:course>
		</gpxtpx:TrackPointExtension>
	</extensions>
</trkpt>
<trkpt lat="43.7238147" lon="15.7819390">
	<ele>11.15</ele>
	<time>2026-09-13T09:54:16.903Z</time>
	<hdop>3.79</hdop>
	<extensions>
		<gpxtpx:TrackPointExtension>
			<gpxtpx:course>34.0</gpxtpx:course>
		</gpxtpx:TrackPointExtension>
	</extensions>
</trkpt>
<trkpt lat="43.7238089" lon="15.7820668">
	<ele>9.55</ele>
	<time>2026-09-13T09:54:26.904Z</time>
	<hdop>3.79</hdop>
	<extensions>
		<gpxtpx:TrackPointExtension>
			<gpxtpx:course>123.0</gpxtpx:course>
		</gpxtpx:TrackPointExtension>
	</extensions>
</trkpt>
<trkpt lat="43.7237297" lon="15.7822650">
	<ele>21.78</ele>
	<time>2026-09-13T09:54:37.903Z</time>
	<hdop>3.79</hdop>
	<extensions>
		<gpxtpx:TrackPointExtension>
			<gpxtpx:course>116.0</gpxtpx:course>
		</gpxtpx:TrackPointExtension>
	</extensions>
</trkpt>
<trkpt lat="43.7236398" lon="15.7824676">
	<ele>34.10</ele>
	<time>2026-09-13T09:54:48.903Z</time>
	<hdop>3.79</hdop>
	<extensions>
		<gpxtpx:TrackPointExtension>
			<gpxtpx:course>133.0</gpxtpx:course>
		</gpxtpx:TrackPointExtension>
	</extensions>
</trkpt>
<trkpt lat="43.7235125" lon="15.7825915">
	<ele>36.13</ele>
	<time>2026-09-13T09:54:58.903Z</time>
	<hdop>3.79</hdop>
	<extensions>
		<gpxtpx:TrackPointExtension>
			<gpxtpx:course>152.0</gpxtpx:course>
		</gpxtpx:TrackPointExtension>
	</extensions>
</trkpt>
<trkpt lat="43.7233723" lon="15.7826741">
	<ele>45.24</ele>
	<time>2026-09-13T09:55:08.904Z</time>
	<hdop>3.79</hdop>
	<extensions>
		<gpxtpx:TrackPointExtension>
			<gpxtpx:course>169.0</gpxtpx:course>
		</gpxtpx:TrackPointExtension>
	</extensions>
</trkpt>
<trkpt lat="43.7231931" lon="15.7826743">
	<ele>38.06</ele>
	<time>2026-09-13T09:55:19.901Z</time>
	<hdop>3.79</hdop>
	<extensions>
		<gpxtpx:TrackPointExtension>
			<gpxtpx:course>176.0</gpxtpx:course>
		</gpxtpx:TrackPointExtension>
	</extensions>
</trkpt>
<trkpt lat="43.7230262" lon="15.7826909">
	<ele>30.36</ele>
	<time>2026-09-13T09:55:29.903Z</time>
	<hdop>3.79</hdop>
	<extensions>
		<gpxtpx:TrackPointExtension>
			<gpxtpx:course>174.0</gpxtpx:course>
		</gpxtpx:TrackPointExtension>
	</extensions>
</trkpt>
<trkpt lat="43.7228448" lon="15.7827239">
	<ele>15.99</ele>
	<time>2026-09-13T09:55:39.903Z</time>
	<hdop>3.79</hdop>
	<extensions>
		<gpxtpx:TrackPointExtension>
			<gpxtpx:course>173.0</gpxtpx:course>
		</gpxtpx:TrackPointExtension>
	</extensions>
</trkpt>
<trkpt lat="43.7226703" lon="15.7827627">
	<ele>8.74</ele>
	<time>2026-09-13T09:55:49.903Z</time>
	<hdop>3.79</hdop>
	<extensions>
		<gpxtpx:TrackPointExtension>
			<gpxtpx:course>172.0</gpxtpx:course>
		</gpxtpx:TrackPointExtension>
	</extensions>
</trkpt>
<trkpt lat="43.7224321" lon="15.7828003">
	<ele>-9.95</ele>
	<time>2026-09-13T09:56:00.904Z</time>
	<hdop>3.79</hdop>
	<extensions>
		<gpxtpx:TrackPointExtension>
			<gpxtpx:course>174.0</gpxtpx:course>
		</gpxtpx:TrackPointExtension>
	</extensions>
</trkpt>
<trkpt lat="43.7221865" lon="15.7828388">
	<ele>-5.45</ele>
	<time>2026-09-13T09:56:11.904Z</time>
	<hdop>3.79</hdop>
	<extensions>
		<gpxtpx:TrackPointExtension>
			<gpxtpx:course>174.0</gpxtpx:course>
		</gpxtpx:TrackPointExtension>
	</extensions>
</trkpt>
<trkpt lat="43.7219637" lon="15.7828759">
	<ele>-18.18</ele>
	<time>2026-09-13T09:56:22.904Z</time>
	<hdop>3.79</hdop>
	<extensions>
		<gpxtpx:TrackPointExtension>
			<gpxtpx:course>174.0</gpxtpx:course>
		</gpxtpx:TrackPointExtension>
	</extensions>
</trkpt>
<trkpt lat="43.7217683" lon="15.7828942">
	<ele>-26.60</ele>
	<time>2026-09-13T09:56:32.904Z</time>
	<hdop>3.79</hdop>
	<extensions>
		<gpxtpx:TrackPointExtension>
			<gpxtpx:course>174.0</gpxtpx:course>
		</gpxtpx:TrackPointExtension>
	</extensions>
</trkpt>
<trkpt lat="43.7215458" lon="15.7829313">
	<ele>-27.70</ele>
	<time>2026-09-13T09:56:43.903Z</time>
	<hdop>3.79</hdop>
	<extensions>
		<gpxtpx:TrackPointExtension>
			<gpxtpx:course>165.0</gpxtpx:course>
		</gpxtpx:TrackPointExtension>
	</extensions>
</trkpt>
<trkpt lat="43.7213474" lon="15.7829698">
	<ele>-30.70</ele>
	<time>2026-09-13T09:56:53.904Z</time>
	<hdop>3.79</hdop>
	<extensions>
		<gpxtpx:TrackPointExtension>
			<gpxtpx:course>173.0</gpxtpx:course>
		</gpxtpx:TrackPointExtension>
	</extensions>
</trkpt>
<trkpt lat="43.7211376" lon="15.7830174">
	<ele>-35.54</ele>
	<time>2026-09-13T09:57:04.902Z</time>
	<hdop>3.79</hdop>
	<extensions>
		<gpxtpx:TrackPointExtension>
			<gpxtpx:course>167.0</gpxtpx:course>
		</gpxtpx:TrackPointExtension>
	</extensions>
</trkpt>
<trkpt lat="43.7209657" lon="15.7830684">
	<ele>-33.88</ele>
	<time>2026-09-13T09:57:14.903Z</time>
	<hdop>3.79</hdop>
	<extensions>
		<gpxtpx:TrackPointExtension>
			<gpxtpx:course>163.0</gpxtpx:course>
		</gpxtpx:TrackPointExtension>
	</extensions>
</trkpt>
<trkpt lat="43.7207627" lon="15.7831140">
	<ele>-34.05</ele>
	<time>2026-09-13T09:57:25.901Z</time>
	<hdop>3.79</hdop>
	<extensions>
		<gpxtpx:TrackPointExtension>
			<gpxtpx:course>166.0</gpxtpx:course>
		</gpxtpx:TrackPointExtension>
	</extensions>
</trkpt>
<trkpt lat="43.7205628" lon="15.7831689">
	<ele>-41.16</ele>
	<time>2026-09-13T09:57:35.902Z</time>
	<hdop>3.79</hdop>
	<extensions>
		<gpxtpx:TrackPointExtension>
			<gpxtpx:course>161.0</gpxtpx:course>
		</gpxtpx:TrackPointExtension>
	</extensions>
</trkpt>
<trkpt lat="43.7203554" lon="15.7833013">
	<ele>-130.54</ele>
	<time>2026-09-13T09:57:45.903Z</time>
	<hdop>3.79</hdop>
	<extensions>
		<gpxtpx:TrackPointExtension>
			<gpxtpx:course>154.0</gpxtpx:course>
		</gpxtpx:TrackPointExtension>
	</extensions>
</trkpt>
<trkpt lat="43.7201223" lon="15.7834462">
	<ele>-169.12</ele>
	<time>2026-09-13T09:57:56.902Z</time>
	<hdop>3.79</hdop>
	<extensions>
		<gpxtpx:TrackPointExtension>
			<gpxtpx:course>155.0</gpxtpx:course>
		</gpxtpx:TrackPointExtension>
	</extensions>
</trkpt>
<trkpt lat="43.7199382" lon="15.7836092">
	<ele>-149.20</ele>
	<time>2026-09-13T09:58:06.902Z</time>
	<hdop>3.79</hdop>
	<extensions>
		<gpxtpx:TrackPointExtension>
			<gpxtpx:course>142.0</gpxtpx:course>
		</gpxtpx:TrackPointExtension>
	</extensions>
</trkpt>
<trkpt lat="43.7197377" lon="15.7838209">
	<ele>-113.88</ele>
	<time>2026-09-13T09:58:16.902Z</time>
	<hdop>3.79</hdop>
	<extensions>
		<gpxtpx:TrackPointExtension>
			<gpxtpx:course>143.0</gpxtpx:course>
		</gpxtpx:TrackPointExtension>
	</extensions>
</trkpt>
<trkpt lat="43.7195161" lon="15.7840421">
	<ele>-51.84</ele>
	<time>2026-09-13T09:58:27.903Z</time>
	<hdop>3.79</hdop>
	<extensions>
		<gpxtpx:TrackPointExtension>
			<gpxtpx:course>142.0</gpxtpx:course>
		</gpxtpx:TrackPointExtension>
	</extensions>
</trkpt>
<trkpt lat="43.7193085" lon="15.7842564">
	<ele>-0.06</ele>
	<time>2026-09-13T09:58:38.903Z</time>
	<hdop>3.79</hdop>
	<extensions>
		<gpxtpx:TrackPointExtension>
			<gpxtpx:course>144.0</gpxtpx:course>
		</gpxtpx:TrackPointExtension>
	</extensions>
</trkpt>
<trkpt lat="43.7191433" lon="15.7844615">
	<ele>29.88</ele>
	<time>2026-09-13T09:58:49.902Z</time>
	<hdop>3.79</hdop>
	<extensions>
		<gpxtpx:TrackPointExtension>
			<gpxtpx:course>143.0</gpxtpx:course>
		</gpxtpx:TrackPointExtension>
	</extensions>
</trkpt>
<trkpt lat="43.7189774" lon="15.7846441">
	<ele>44.80</ele>
	<time>2026-09-13T09:58:59.903Z</time>
	<hdop>3.79</hdop>
	<extensions>
		<gpxtpx:TrackPointExtension>
			<gpxtpx:course>140.0</gpxtpx:course>
		</gpxtpx:TrackPointExtension>
	</extensions>
</trkpt>
<trkpt lat="43.7187838" lon="15.7848560">
	<ele>51.28</ele>
	<time>2026-09-13T09:59:10.902Z</time>
	<hdop>3.79</hdop>
	<extensions>
		<gpxtpx:TrackPointExtension>
			<gpxtpx:course>138.0</gpxtpx:course>
		</gpxtpx:TrackPointExtension>
	</extensions>
</trkpt>
<trkpt lat="43.7185908" lon="15.7850906">
	<ele>57.27</ele>
	<time>2026-09-13T09:59:20.902Z</time>
	<hdop>3.79</hdop>
	<extensions>
		<gpxtpx:TrackPointExtension>
			<gpxtpx:course>134.0</gpxtpx:course>
		</gpxtpx:TrackPointExtension>
	</extensions>
</trkpt>
<trkpt lat="43.7184022" lon="15.7853270">
	<ele>56.95</ele>
	<time>2026-09-13T09:59:30.902Z</time>
	<hdop>3.79</hdop>
	<extensions>
		<gpxtpx:TrackPointExtension>
			<gpxtpx:course>141.0</gpxtpx:course>
		</gpxtpx:TrackPointExtension>
	</extensions>
</trkpt>
<trkpt lat="43.7181774" lon="15.7855023">
	<ele>57.07</ele>
	<time>2026-09-13T09:59:41.901Z</time>
	<hdop>3.79</hdop>
	<extensions>
		<gpxtpx:TrackPointExtension>
			<gpxtpx:course>161.0</gpxtpx:course>
		</gpxtpx:TrackPointExtension>
	</extensions>
</trkpt>
<trkpt lat="43.7179889" lon="15.7856337">
	<ele>53.81</ele>
	<time>2026-09-13T09:59:51.901Z</time>
	<hdop>3.79</hdop>
	<extensions>
		<gpxtpx:TrackPointExtension>
			<gpxtpx:course>144.0</gpxtpx:course>
		</gpxtpx:TrackPointExtension>
	</extensions>
</trkpt>
<trkpt lat="43.7178301" lon="15.7857689">
	<ele>55.09</ele>
	<time>2026-09-13T10:00:01.902Z</time>
	<hdop>3.79</hdop>
	<extensions>
		<gpxtpx:TrackPointExtension>
			<gpxtpx:course>147.0</gpxtpx:course>
		</gpxtpx:TrackPointExtension>
	</extensions>
</trkpt>
<trkpt lat="43.7176689" lon="15.7858965">
	<ele>50.39</ele>
	<time>2026-09-13T10:00:12.902Z</time>
	<hdop>3.79</hdop>
	<extensions>
		<gpxtpx:TrackPointExtension>
			<gpxtpx:course>152.0</gpxtpx:course>
		</gpxtpx:TrackPointExtension>
	</extensions>
</trkpt>
<trkpt lat="43.7175065" lon="15.7860121">
	<ele>46.11</ele>
	<time>2026-09-13T10:00:23.903Z</time>
	<hdop>3.79</hdop>
	<extensions>
		<gpxtpx:TrackPointExtension>
			<gpxtpx:course>146.0</gpxtpx:course>
		</gpxtpx:TrackPointExtension>
	</extensions>
</trkpt>
<trkpt lat="43.7173655" lon="15.7861476">
	<ele>-16.72</ele>
	<time>2026-09-13T10:00:34.901Z</time>
	<hdop>3.79</hdop>
	<extensions>
		<gpxtpx:TrackPointExtension>
			<gpxtpx:course>150.0</gpxtpx:course>
		</gpxtpx:TrackPointExtension>
	</extensions>
</trkpt>
<trkpt lat="43.7172334" lon="15.7862486">
	<ele>-67.26</ele>
	<time>2026-09-13T10:00:44.901Z</time>
	<hdop>3.79</hdop>
	<extensions>
		<gpxtpx:TrackPointExtension>
			<gpxtpx:course>154.0</gpxtpx:course>
		</gpxtpx:TrackPointExtension>
	</extensions>
</trkpt>
<trkpt lat="43.7170984" lon="15.7863333">
	<ele>-75.74</ele>
	<time>2026-09-13T10:00:54.901Z</time>
	<hdop>3.79</hdop>
	<extensions>
		<gpxtpx:TrackPointExtension>
			<gpxtpx:course>155.0</gpxtpx:course>
		</gpxtpx:TrackPointExtension>
	</extensions>
</trkpt>
<trkpt lat="43.7169718" lon="15.7864117">
	<ele>-54.47</ele>
	<time>2026-09-13T10:01:04.902Z</time>
	<hdop>3.79</hdop>
	<extensions>
		<gpxtpx:TrackPointExtension>
			<gpxtpx:course>155.0</gpxtpx:course>
		</gpxtpx:TrackPointExtension>
	</extensions>
</trkpt>
<trkpt lat="43.7168499" lon="15.7864927">
	<ele>-37.91</ele>
	<time>2026-09-13T10:01:14.902Z</time>
	<hdop>3.79</hdop>
	<extensions>
		<gpxtpx:TrackPointExtension>
			<gpxtpx:course>157.0</gpxtpx:course>
		</gpxtpx:TrackPointExtension>
	</extensions>
</trkpt>
<trkpt lat="43.7167239" lon="15.7865423">
	<ele>-26.68</ele>
	<time>2026-09-13T10:01:24.903Z</time>
	<hdop>3.79</hdop>
	<extensions>
		<gpxtpx:TrackPointExtension>
			<gpxtpx:course>180.0</gpxtpx:course>
		</gpxtpx:TrackPointExtension>
	</extensions>
</trkpt>
<trkpt lat="43.7166029" lon="15.7865557">
	<ele>-53.12</ele>
	<time>2026-09-13T10:01:35.902Z</time>
	<hdop>3.79</hdop>
	<extensions>
		<gpxtpx:TrackPointExtension>
			<gpxtpx:course>177.0</gpxtpx:course>
		</gpxtpx:TrackPointExtension>
	</extensions>
</trkpt>
<trkpt lat="43.7165031" lon="15.7865871">
	<ele>-54.19</ele>
	<time>2026-09-13T10:01:46.901Z</time>
	<hdop>3.79</hdop>
	<extensions>
		<gpxtpx:TrackPointExtension>
			<gpxtpx:course>156.0</gpxtpx:course>
		</gpxtpx:TrackPointExtension>
	</extensions>
</trkpt>
<trkpt lat="43.7164182" lon="15.7866434">
	<ele>-72.87</ele>
	<time>2026-09-13T10:01:58.902Z</time>
	<hdop>3.79</hdop>
	<extensions>
		<gpxtpx:TrackPointExtension>
			<gpxtpx:course>144.0</gpxtpx:course>
		</gpxtpx:TrackPointExtension>
	</extensions>
</trkpt>
<trkpt lat="43.7163341" lon="15.7866983">
	<ele>-56.21</ele>
	<time>2026-09-13T10:02:11.902Z</time>
	<hdop>3.79</hdop>
	<extensions>
		<gpxtpx:TrackPointExtension>
			<gpxtpx:course>150.0</gpxtpx:course>
		</gpxtpx:TrackPointExtension>
	</extensions>
</trkpt>
<trkpt lat="43.7162472" lon="15.7867509">
	<ele>-39.51</ele>
	<time>2026-09-13T10:02:22.901Z</time>
	<hdop>3.79</hdop>
	<extensions>
		<gpxtpx:TrackPointExtension>
			<gpxtpx:course>158.0</gpxtpx:course>
		</gpxtpx:TrackPointExtension>
	</extensions>
</trkpt>
<trkpt lat="43.7161026" lon="15.7868607">
	<ele>-22.48</ele>
	<time>2026-09-13T10:02:32.901Z</time>
	<hdop>3.79</hdop>
	<extensions>
		<gpxtpx:TrackPointExtension>
			<gpxtpx:course>148.0</gpxtpx:course>
		</gpxtpx:TrackPointExtension>
	</extensions>
</trkpt>
<trkpt lat="43.7159429" lon="15.7869863">
	<ele>-2.93</ele>
	<time>2026-09-13T10:02:42.902Z</time>
	<hdop>3.79</hdop>
	<extensions>
		<gpxtpx:TrackPointExtension>
			<gpxtpx:course>151.0</gpxtpx:course>
		</gpxtpx:TrackPointExtension>
	</extensions>
</trkpt>
<trkpt lat="43.7157614" lon="15.7871009">
	<ele>1.43</ele>
	<time>2026-09-13T10:02:53.902Z</time>
	<hdop>3.79</hdop>
	<extensions>
		<gpxtpx:TrackPointExtension>
			<gpxtpx:course>159.0</gpxtpx:course>
		</gpxtpx:TrackPointExtension>
	</extensions>
</trkpt>
<trkpt lat="43.7155994" lon="15.7872164">
	<ele>-19.16</ele>
	<time>2026-09-13T10:03:03.902Z</time>
	<hdop>3.79</hdop>
	<extensions>
		<gpxtpx:TrackPointExtension>
			<gpxtpx:course>150.0</gpxtpx:course>
		</gpxtpx:TrackPointExtension>
	</extensions>
</trkpt>
<trkpt lat="43.7154005" lon="15.7873570">
	<ele>-36.97</ele>
	<time>2026-09-13T10:03:14.902Z</time>
	<hdop>3.79</hdop>
	<extensions>
		<gpxtpx:TrackPointExtension>
			<gpxtpx:course>149.0</gpxtpx:course>
		</gpxtpx:TrackPointExtension>
	</extensions>
</trkpt>
<trkpt lat="43.7152248" lon="15.7875298">
	<ele>-21.11</ele>
	<time>2026-09-13T10:03:24.902Z</time>
	<hdop>3.79</hdop>
	<extensions>
		<gpxtpx:TrackPointExtension>
			<gpxtpx:course>144.0</gpxtpx:course>
		</gpxtpx:TrackPointExtension>
	</extensions>
</trkpt>
<trkpt lat="43.7150523" lon="15.7877009">
	<ele>-18.08</ele>
	<time>2026-09-13T10:03:35.902Z</time>
	<hdop>3.79</hdop>
	<extensions>
		<gpxtpx:TrackPointExtension>
			<gpxtpx:course>140.0</gpxtpx:course>
		</gpxtpx:TrackPointExtension>
	</extensions>
</trkpt>
<trkpt lat="43.7148997" lon="15.7878919">
	<ele>-20.82</ele>
	<time>2026-09-13T10:03:45.903Z</time>
	<hdop>3.79</hdop>
	<extensions>
		<gpxtpx:TrackPointExtension>
			<gpxtpx:course>136.0</gpxtpx:course>
		</gpxtpx:TrackPointExtension>
	</extensions>
</trkpt>
<trkpt lat="43.7147491" lon="15.7880791">
	<ele>0.40</ele>
	<time>2026-09-13T10:03:55.903Z</time>
	<hdop>3.79</hdop>
	<extensions>
		<gpxtpx:TrackPointExtension>
			<gpxtpx:course>138.0</gpxtpx:course>
		</gpxtpx:TrackPointExtension>
	</extensions>
</trkpt>
<trkpt lat="43.7145905" lon="15.7883024">
	<ele>12.82</ele>
	<time>2026-09-13T10:04:06.900Z</time>
	<hdop>3.79</hdop>
	<extensions>
		<gpxtpx:TrackPointExtension>
			<gpxtpx:course>128.0</gpxtpx:course>
		</gpxtpx:TrackPointExtension>
	</extensions>
</trkpt>
<trkpt lat="43.7144644" lon="15.7885888">
	<ele>29.49</ele>
	<time>2026-09-13T10:04:16.902Z</time>
	<hdop>3.79</hdop>
	<extensions>
		<gpxtpx:TrackPointExtension>
			<gpxtpx:course>116.0</gpxtpx:course>
		</gpxtpx:TrackPointExtension>
	</extensions>
</trkpt>
<trkpt lat="43.7143629" lon="15.7889981">
	<ele>32.71</ele>
	<time>2026-09-13T10:04:27.900Z</time>
	<hdop>3.79</hdop>
	<extensions>
		<gpxtpx:TrackPointExtension>
			<gpxtpx:course>114.0</gpxtpx:course>
		</gpxtpx:TrackPointExtension>
	</extensions>
</trkpt>
<trkpt lat="43.7142202" lon="15.7893425">
	<ele>40.16</ele>
	<time>2026-09-13T10:04:37.901Z</time>
	<hdop>3.79</hdop>
	<extensions>
		<gpxtpx:TrackPointExtension>
			<gpxtpx:course>133.0</gpxtpx:course>
		</gpxtpx:TrackPointExtension>
	</extensions>
</trkpt>
<trkpt lat="43.7139978" lon="15.7896070">
	<ele>48.70</ele>
	<time>2026-09-13T10:04:48.901Z</time>
	<hdop>3.79</hdop>
	<extensions>
		<gpxtpx:TrackPointExtension>
			<gpxtpx:course>148.0</gpxtpx:course>
		</gpxtpx:TrackPointExtension>
	</extensions>
</trkpt>
<trkpt lat="43.7138022" lon="15.7897839">
	<ele>39.43</ele>
	<time>2026-09-13T10:04:58.901Z</time>
	<hdop>3.79</hdop>
	<extensions>
		<gpxtpx:TrackPointExtension>
			<gpxtpx:course>149.0</gpxtpx:course>
		</gpxtpx:TrackPointExtension>
	</extensions>
</trkpt>
<trkpt lat="43.7136114" lon="15.7899406">
	<ele>41.99</ele>
	<time>2026-09-13T10:05:08.902Z</time>
	<hdop>3.79</hdop>
	<extensions>
		<gpxtpx:TrackPointExtension>
			<gpxtpx:course>150.0</gpxtpx:course>
		</gpxtpx:TrackPointExtension>
	</extensions>
</trkpt>
<trkpt lat="43.7134251" lon="15.7900966">
	<ele>35.29</ele>
	<time>2026-09-13T10:05:18.902Z</time>
	<hdop>3.79</hdop>
	<extensions>
		<gpxtpx:TrackPointExtension>
			<gpxtpx:course>148.0</gpxtpx:course>
		</gpxtpx:TrackPointExtension>
	</extensions>
</trkpt>
<trkpt lat="43.7132105" lon="15.7902557">
	<ele>30.96</ele>
	<time>2026-09-13T10:05:29.901Z</time>
	<hdop>3.79</hdop>
	<extensions>
		<gpxtpx:TrackPointExtension>
			<gpxtpx:course>157.0</gpxtpx:course>
		</gpxtpx:TrackPointExtension>
	</extensions>
</trkpt>
<trkpt lat="43.7129763" lon="15.7903898">
	<ele>29.51</ele>
	<time>2026-09-13T10:05:40.902Z</time>
	<hdop>3.79</hdop>
	<extensions>
		<gpxtpx:TrackPointExtension>
			<gpxtpx:course>155.0</gpxtpx:course>
		</gpxtpx:TrackPointExtension>
	</extensions>
</trkpt>
<trkpt lat="43.7127623" lon="15.7905493">
	<ele>29.62</ele>
	<time>2026-09-13T10:05:51.901Z</time>
	<hdop>3.79</hdop>
	<extensions>
		<gpxtpx:TrackPointExtension>
			<gpxtpx:course>150.0</gpxtpx:course>
		</gpxtpx:TrackPointExtension>
	</extensions>
</trkpt>
<trkpt lat="43.7125909" lon="15.7906783">
	<ele>27.20</ele>
	<time>2026-09-13T10:06:01.901Z</time>
	<hdop>3.79</hdop>
	<extensions>
		<gpxtpx:TrackPointExtension>
			<gpxtpx:course>153.0</gpxtpx:course>
		</gpxtpx:TrackPointExtension>
	</extensions>
</trkpt>
<trkpt lat="43.7124247" lon="15.7907758">
	<ele>29.61</ele>
	<time>2026-09-13T10:06:11.902Z</time>
	<hdop>3.79</hdop>
	<extensions>
		<gpxtpx:TrackPointExtension>
			<gpxtpx:course>157.0</gpxtpx:course>
		</gpxtpx:TrackPointExtension>
	</extensions>
</trkpt>
<trkpt lat="43.7122500" lon="15.7908783">
	<ele>26.33</ele>
	<time>2026-09-13T10:06:21.902Z</time>
	<hdop>3.79</hdop>
	<extensions>
		<gpxtpx:TrackPointExtension>
			<gpxtpx:course>155.0</gpxtpx:course>
		</gpxtpx:TrackPointExtension>
	</extensions>
</trkpt>
<trkpt lat="43.7120610" lon="15.7910217">
	<ele>16.97</ele>
	<time>2026-09-13T10:06:32.901Z</time>
	<hdop>3.79</hdop>
	<extensions>
		<gpxtpx:TrackPointExtension>
			<gpxtpx:course>147.0</gpxtpx:course>
		</gpxtpx:TrackPointExtension>
	</extensions>
</trkpt>
<trkpt lat="43.7118925" lon="15.7911565">
	<ele>23.01</ele>
	<time>2026-09-13T10:06:42.901Z</time>
	<hdop>3.79</hdop>
	<extensions>
		<gpxtpx:TrackPointExtension>
			<gpxtpx:course>147.0</gpxtpx:course>
		</gpxtpx:TrackPointExtension>
	</extensions>
</trkpt>
<trkpt lat="43.7117240" lon="15.7913048">
	<ele>12.25</ele>
	<time>2026-09-13T10:06:52.902Z</time>
	<hdop>3.79</hdop>
	<extensions>
		<gpxtpx:TrackPointExtension>
			<gpxtpx:course>150.0</gpxtpx:course>
		</gpxtpx:TrackPointExtension>
	</extensions>
</trkpt>
<trkpt lat="43.7115107" lon="15.7914760">
	<ele>14.28</ele>
	<time>2026-09-13T10:07:03.901Z</time>
	<hdop>3.79</hdop>
	<extensions>
		<gpxtpx:TrackPointExtension>
			<gpxtpx:course>151.0</gpxtpx:course>
		</gpxtpx:TrackPointExtension>
	</extensions>
</trkpt>
<trkpt lat="43.7112807" lon="15.7916676">
	<ele>15.62</ele>
	<time>2026-09-13T10:07:14.900Z</time>
	<hdop>3.79</hdop>
	<extensions>
		<gpxtpx:TrackPointExtension>
			<gpxtpx:course>158.0</gpxtpx:course>
		</gpxtpx:TrackPointExtension>
	</extensions>
</trkpt>
<trkpt lat="43.7110428" lon="15.7917596">
	<ele>10.51</ele>
	<time>2026-09-13T10:07:24.901Z</time>
	<hdop>3.79</hdop>
	<extensions>
		<gpxtpx:TrackPointExtension>
			<gpxtpx:course>171.0</gpxtpx:course>
		</gpxtpx:TrackPointExtension>
	</extensions>
</trkpt>
<trkpt lat="43.7107702" lon="15.7917813">
	<ele>-2.04</ele>
	<time>2026-09-13T10:07:35.901Z</time>
	<hdop>3.79</hdop>
	<extensions>
		<gpxtpx:TrackPointExtension>
			<gpxtpx:course>182.0</gpxtpx:course>
		</gpxtpx:TrackPointExtension>
	</extensions>
</trkpt>
<trkpt lat="43.7105122" lon="15.7917567">
	<ele>-1.03</ele>
	<time>2026-09-13T10:07:46.900Z</time>
	<hdop>3.79</hdop>
	<extensions>
		<gpxtpx:TrackPointExtension>
			<gpxtpx:course>182.0</gpxtpx:course>
		</gpxtpx:TrackPointExtension>
	</extensions>
</trkpt>
<trkpt lat="43.7102988" lon="15.7917284">
	<ele>-4.93</ele>
	<time>2026-09-13T10:07:56.901Z</time>
	<hdop>3.79</hdop>
	<extensions>
		<gpxtpx:TrackPointExtension>
			<gpxtpx:course>188.0</gpxtpx:course>
		</gpxtpx:TrackPointExtension>
	</extensions>
</trkpt>
<trkpt lat="43.7101058" lon="15.7916861">
	<ele>-6.24</ele>
	<time>2026-09-13T10:08:06.901Z</time>
	<hdop>3.79</hdop>
	<extensions>
		<gpxtpx:TrackPointExtension>
			<gpxtpx:course>192.0</gpxtpx:course>
		</gpxtpx:TrackPointExtension>
	</extensions>
</trkpt>
<trkpt lat="43.7099104" lon="15.7916007">
	<ele>-18.17</ele>
	<time>2026-09-13T10:08:17.902Z</time>
	<hdop>3.79</hdop>
	<extensions>
		<gpxtpx:TrackPointExtension>
			<gpxtpx:course>206.0</gpxtpx:course>
		</gpxtpx:TrackPointExtension>
	</extensions>
</trkpt>
<trkpt lat="43.7097208" lon="15.7915341">
	<ele>-17.74</ele>
	<time>2026-09-13T10:08:28.901Z</time>
	<hdop>3.79</hdop>
	<extensions>
		<gpxtpx:TrackPointExtension>
			<gpxtpx:course>184.0</gpxtpx:course>
		</gpxtpx:TrackPointExtension>
	</extensions>
</trkpt>
<trkpt lat="43.7095412" lon="15.7915714">
	<ele>-27.37</ele>
	<time>2026-09-13T10:08:38.901Z</time>
	<hdop>3.79</hdop>
	<extensions>
		<gpxtpx:TrackPointExtension>
			<gpxtpx:course>171.0</gpxtpx:course>
		</gpxtpx:TrackPointExtension>
	</extensions>
</trkpt>
<trkpt lat="43.7093227" lon="15.7916356">
	<ele>-22.54</ele>
	<time>2026-09-13T10:08:49.899Z</time>
	<hdop>3.79</hdop>
	<extensions>
		<gpxtpx:TrackPointExtension>
			<gpxtpx:course>177.0</gpxtpx:course>
		</gpxtpx:TrackPointExtension>
	</extensions>
</trkpt>
<trkpt lat="43.7090972" lon="15.7916889">
	<ele>-25.34</ele>
	<time>2026-09-13T10:08:59.900Z</time>
	<hdop>3.79</hdop>
	<extensions>
		<gpxtpx:TrackPointExtension>
			<gpxtpx:course>169.0</gpxtpx:course>
		</gpxtpx:TrackPointExtension>
	</extensions>
</trkpt>
<trkpt lat="43.7088702" lon="15.7917665">
	<ele>-48.34</ele>
	<time>2026-09-13T10:09:09.901Z</time>
	<hdop>3.79</hdop>
	<extensions>
		<gpxtpx:TrackPointExtension>
			<gpxtpx:course>158.0</gpxtpx:course>
		</gpxtpx:TrackPointExtension>
	</extensions>
</trkpt>
<trkpt lat="43.7086324" lon="15.7918925">
	<ele>-71.31</ele>
	<time>2026-09-13T10:09:19.901Z</time>
	<hdop>3.79</hdop>
	<extensions>
		<gpxtpx:TrackPointExtension>
			<gpxtpx:course>163.0</gpxtpx:course>
		</gpxtpx:TrackPointExtension>
	</extensions>
</trkpt>
<trkpt lat="43.7083473" lon="15.7919404">
	<ele>-60.70</ele>
	<time>2026-09-13T10:09:30.901Z</time>
	<hdop>3.79</hdop>
	<extensions>
		<gpxtpx:TrackPointExtension>
			<gpxtpx:course>181.0</gpxtpx:course>
		</gpxtpx:TrackPointExtension>
	</extensions>
</trkpt>
<trkpt lat="43.7080712" lon="15.7919267">
	<ele>-26.88</ele>
	<time>2026-09-13T10:09:41.900Z</time>
	<hdop>3.79</hdop>
	<extensions>
		<gpxtpx:TrackPointExtension>
			<gpxtpx:course>180.0</gpxtpx:course>
		</gpxtpx:TrackPointExtension>
	</extensions>
</trkpt>
<trkpt lat="43.7078407" lon="15.7919146">
	<ele>-22.71</ele>
	<time>2026-09-13T10:09:51.901Z</time>
	<hdop>3.79</hdop>
	<extensions>
		<gpxtpx:TrackPointExtension>
			<gpxtpx:course>183.0</gpxtpx:course>
		</gpxtpx:TrackPointExtension>
	</extensions>
</trkpt>
<trkpt lat="43.7076219" lon="15.7918960">
	<ele>-19.24</ele>
	<time>2026-09-13T10:10:01.901Z</time>
	<hdop>3.79</hdop>
	<extensions>
		<gpxtpx:TrackPointExtension>
			<gpxtpx:course>183.0</gpxtpx:course>
		</gpxtpx:TrackPointExtension>
	</extensions>
</trkpt>
<trkpt lat="43.7074019" lon="15.7918646">
	<ele>-25.42</ele>
	<time>2026-09-13T10:10:12.900Z</time>
	<hdop>3.79</hdop>
	<extensions>
		<gpxtpx:TrackPointExtension>
			<gpxtpx:course>186.0</gpxtpx:course>
		</gpxtpx:TrackPointExtension>
	</extensions>
</trkpt>
<trkpt lat="43.7072148" lon="15.7918322">
	<ele>-37.14</ele>
	<time>2026-09-13T10:10:22.901Z</time>
	<hdop>3.79</hdop>
	<extensions>
		<gpxtpx:TrackPointExtension>
			<gpxtpx:course>187.0</gpxtpx:course>
		</gpxtpx:TrackPointExtension>
	</extensions>
</trkpt>
<trkpt lat="43.7070480" lon="15.7918120">
	<ele>-45.30</ele>
	<time>2026-09-13T10:10:32.901Z</time>
	<hdop>3.79</hdop>
	<extensions>
		<gpxtpx:TrackPointExtension>
			<gpxtpx:course>185.0</gpxtpx:course>
		</gpxtpx:TrackPointExtension>
	</extensions>
</trkpt>
<trkpt lat="43.7068708" lon="15.7917619">
	<ele>-38.79</ele>
	<time>2026-09-13T10:10:43.900Z</time>
	<hdop>3.79</hdop>
	<extensions>
		<gpxtpx:TrackPointExtension>
			<gpxtpx:course>191.0</gpxtpx:course>
		</gpxtpx:TrackPointExtension>
	</extensions>
</trkpt>
<trkpt lat="43.7066909" lon="15.7917299">
	<ele>-40.91</ele>
	<time>2026-09-13T10:10:54.901Z</time>
	<hdop>3.79</hdop>
	<extensions>
		<gpxtpx:TrackPointExtension>
			<gpxtpx:course>183.0</gpxtpx:course>
		</gpxtpx:TrackPointExtension>
	</extensions>
</trkpt>
<trkpt lat="43.7065209" lon="15.7917013">
	<ele>-37.45</ele>
	<time>2026-09-13T10:11:05.900Z</time>
	<hdop>3.79</hdop>
	<extensions>
		<gpxtpx:TrackPointExtension>
			<gpxtpx:course>185.0</gpxtpx:course>
		</gpxtpx:TrackPointExtension>
	</extensions>
</trkpt>
<trkpt lat="43.7063807" lon="15.7916888">
	<ele>-46.00</ele>
	<time>2026-09-13T10:11:15.900Z</time>
	<hdop>3.79</hdop>
	<extensions>
		<gpxtpx:TrackPointExtension>
			<gpxtpx:course>185.0</gpxtpx:course>
		</gpxtpx:TrackPointExtension>
	</extensions>
</trkpt>
<trkpt lat="43.7062592" lon="15.7916730">
	<ele>-43.79</ele>
	<time>2026-09-13T10:11:25.900Z</time>
	<hdop>3.79</hdop>
	<extensions>
		<gpxtpx:TrackPointExtension>
			<gpxtpx:course>188.0</gpxtpx:course>
		</gpxtpx:TrackPointExtension>
	</extensions>
</trkpt>
<trkpt lat="43.7061451" lon="15.7916438">
	<ele>-49.84</ele>
	<time>2026-09-13T10:11:35.901Z</time>
	<hdop>3.79</hdop>
	<extensions>
		<gpxtpx:TrackPointExtension>
			<gpxtpx:course>190.0</gpxtpx:course>
		</gpxtpx:TrackPointExtension>
	</extensions>
</trkpt>
<trkpt lat="43.7060274" lon="15.7916389">
	<ele>-56.49</ele>
	<time>2026-09-13T10:11:46.900Z</time>
	<hdop>3.79</hdop>
	<extensions>
		<gpxtpx:TrackPointExtension>
			<gpxtpx:course>171.0</gpxtpx:course>
		</gpxtpx:TrackPointExtension>
	</extensions>
</trkpt>
<trkpt lat="43.7059157" lon="15.7916621">
	<ele>-57.94</ele>
	<time>2026-09-13T10:11:56.901Z</time>
	<hdop>3.79</hdop>
	<extensions>
		<gpxtpx:TrackPointExtension>
			<gpxtpx:course>174.0</gpxtpx:course>
		</gpxtpx:TrackPointExtension>
	</extensions>
</trkpt>
<trkpt lat="43.7057923" lon="15.7916813">
	<ele>-55.51</ele>
	<time>2026-09-13T10:12:06.901Z</time>
	<hdop>3.79</hdop>
	<extensions>
		<gpxtpx:TrackPointExtension>
			<gpxtpx:course>167.0</gpxtpx:course>
		</gpxtpx:TrackPointExtension>
	</extensions>
</trkpt>
<trkpt lat="43.7056710" lon="15.7917180">
	<ele>-52.42</ele>
	<time>2026-09-13T10:12:16.901Z</time>
	<hdop>3.79</hdop>
	<extensions>
		<gpxtpx:TrackPointExtension>
			<gpxtpx:course>167.0</gpxtpx:course>
		</gpxtpx:TrackPointExtension>
	</extensions>
</trkpt>
<trkpt lat="43.7055478" lon="15.7917328">
	<ele>-49.90</ele>
	<time>2026-09-13T10:12:26.901Z</time>
	<hdop>3.79</hdop>
	<extensions>
		<gpxtpx:TrackPointExtension>
			<gpxtpx:course>175.0</gpxtpx:course>
		</gpxtpx:TrackPointExtension>
	</extensions>
</trkpt>
<trkpt lat="43.7054126" lon="15.7917506">
	<ele>-49.14</ele>
	<time>2026-09-13T10:12:37.900Z</time>
	<hdop>3.79</hdop>
	<extensions>
		<gpxtpx:TrackPointExtension>
			<gpxtpx:course>174.0</gpxtpx:course>
		</gpxtpx:TrackPointExtension>
	</extensions>
</trkpt>
<trkpt lat="43.7052870" lon="15.7917673">
	<ele>-45.51</ele>
	<time>2026-09-13T10:12:47.900Z</time>
	<hdop>3.79</hdop>
	<extensions>
		<gpxtpx:TrackPointExtension>
			<gpxtpx:course>170.0</gpxtpx:course>
		</gpxtpx:TrackPointExtension>
	</extensions>
</trkpt>
<trkpt lat="43.7051504" lon="15.7917968">
	<ele>-34.62</ele>
	<time>2026-09-13T10:12:57.900Z</time>
	<hdop>3.79</hdop>
	<extensions>
		<gpxtpx:TrackPointExtension>
			<gpxtpx:course>170.0</gpxtpx:course>
		</gpxtpx:TrackPointExtension>
	</extensions>
</trkpt>
<trkpt lat="43.7049934" lon="15.7918239">
	<ele>-39.81</ele>
	<time>2026-09-13T10:13:07.901Z</time>
	<hdop>3.79</hdop>
	<extensions>
		<gpxtpx:TrackPointExtension>
			<gpxtpx:course>173.0</gpxtpx:course>
		</gpxtpx:TrackPointExtension>
	</extensions>
</trkpt>
<trkpt lat="43.7048286" lon="15.7918539">
	<ele>-36.14</ele>
	<time>2026-09-13T10:13:17.901Z</time>
	<hdop>3.79</hdop>
	<extensions>
		<gpxtpx:TrackPointExtension>
			<gpxtpx:course>174.0</gpxtpx:course>
		</gpxtpx:TrackPointExtension>
	</extensions>
</trkpt>
<trkpt lat="43.7046528" lon="15.7918951">
	<ele>-27.67</ele>
	<time>2026-09-13T10:13:28.899Z</time>
	<hdop>3.79</hdop>
	<extensions>
		<gpxtpx:TrackPointExtension>
			<gpxtpx:course>162.0</gpxtpx:course>
		</gpxtpx:TrackPointExtension>
	</extensions>
</trkpt>
<trkpt lat="43.7044624" lon="15.7920017">
	<ele>-25.05</ele>
	<time>2026-09-13T10:13:38.900Z</time>
	<hdop>3.79</hdop>
	<extensions>
		<gpxtpx:TrackPointExtension>
			<gpxtpx:course>154.0</gpxtpx:course>
		</gpxtpx:TrackPointExtension>
	</extensions>
</trkpt>
<trkpt lat="43.7042403" lon="15.7921670">
	<ele>-9.43</ele>
	<time>2026-09-13T10:13:49.899Z</time>
	<hdop>3.79</hdop>
	<extensions>
		<gpxtpx:TrackPointExtension>
			<gpxtpx:course>150.0</gpxtpx:course>
		</gpxtpx:TrackPointExtension>
	</extensions>
</trkpt>
<trkpt lat="43.7040606" lon="15.7923406">
	<ele>1.17</ele>
	<time>2026-09-13T10:13:59.900Z</time>
	<hdop>3.79</hdop>
	<extensions>
		<gpxtpx:TrackPointExtension>
			<gpxtpx:course>142.0</gpxtpx:course>
		</gpxtpx:TrackPointExtension>
	</extensions>
</trkpt>
<trkpt lat="43.7038788" lon="15.7925334">
	<ele>9.06</ele>
	<time>2026-09-13T10:14:09.900Z</time>
	<hdop>3.79</hdop>
	<extensions>
		<gpxtpx:TrackPointExtension>
			<gpxtpx:course>139.0</gpxtpx:course>
		</gpxtpx:TrackPointExtension>
	</extensions>
</trkpt>
<trkpt lat="43.7037193" lon="15.7927454">
	<ele>37.94</ele>
	<time>2026-09-13T10:14:19.901Z</time>
	<hdop>3.79</hdop>
	<extensions>
		<gpxtpx:TrackPointExtension>
			<gpxtpx:course>135.0</gpxtpx:course>
		</gpxtpx:TrackPointExtension>
	</extensions>
</trkpt>
<trkpt lat="43.7035579" lon="15.7929979">
	<ele>45.19</ele>
	<time>2026-09-13T10:14:30.900Z</time>
	<hdop>3.79</hdop>
	<extensions>
		<gpxtpx:TrackPointExtension>
			<gpxtpx:course>125.0</gpxtpx:course>
		</gpxtpx:TrackPointExtension>
	</extensions>
</trkpt>
<trkpt lat="43.7034353" lon="15.7932756">
	<ele>63.92</ele>
	<time>2026-09-13T10:14:41.899Z</time>
	<hdop>3.79</hdop>
	<extensions>
		<gpxtpx:TrackPointExtension>
			<gpxtpx:course>125.0</gpxtpx:course>
		</gpxtpx:TrackPointExtension>
	</extensions>
</trkpt>
<trkpt lat="43.7033349" lon="15.7935166">
	<ele>64.01</ele>
	<time>2026-09-13T10:14:51.900Z</time>
	<hdop>3.79</hdop>
	<extensions>
		<gpxtpx:TrackPointExtension>
			<gpxtpx:course>119.0</gpxtpx:course>
		</gpxtpx:TrackPointExtension>
	</extensions>
</trkpt>
<trkpt lat="43.7032419" lon="15.7937400">
	<ele>73.29</ele>
	<time>2026-09-13T10:15:01.900Z</time>
	<hdop>3.79</hdop>
	<extensions>
		<gpxtpx:TrackPointExtension>
			<gpxtpx:course>145.0</gpxtpx:course>
		</gpxtpx:TrackPointExtension>
	</extensions>
</trkpt>
<trkpt lat="43.7030939" lon="15.7937202">
	<ele>55.49</ele>
	<time>2026-09-13T10:15:11.900Z</time>
	<hdop>3.79</hdop>
	<extensions>
		<gpxtpx:TrackPointExtension>
			<gpxtpx:course>203.0</gpxtpx:course>
		</gpxtpx:TrackPointExtension>
	</extensions>
</trkpt>
<trkpt lat="43.7029527" lon="15.7935971">
	<ele>62.04</ele>
	<time>2026-09-13T10:15:22.898Z</time>
	<hdop>3.79</hdop>
	<extensions>
		<gpxtpx:TrackPointExtension>
			<gpxtpx:course>212.0</gpxtpx:course>
		</gpxtpx:TrackPointExtension>
	</extensions>
</trkpt>
<trkpt lat="43.7028225" lon="15.7934853">
	<ele>44.10</ele>
	<time>2026-09-13T10:15:32.898Z</time>
	<hdop>3.79</hdop>
	<extensions>
		<gpxtpx:TrackPointExtension>
			<gpxtpx:course>215.0</gpxtpx:course>
		</gpxtpx:TrackPointExtension>
	</extensions>
</trkpt>
<trkpt lat="43.7027040" lon="15.7933384">
	<ele>40.75</ele>
	<time>2026-09-13T10:15:42.900Z</time>
	<hdop>3.79</hdop>
	<extensions>
		<gpxtpx:TrackPointExtension>
			<gpxtpx:course>227.0</gpxtpx:course>
		</gpxtpx:TrackPointExtension>
	</extensions>
</trkpt>
<trkpt lat="43.7025920" lon="15.7931247">
	<ele>35.38</ele>
	<time>2026-09-13T10:15:53.899Z</time>
	<hdop>3.79</hdop>
	<extensions>
		<gpxtpx:TrackPointExtension>
			<gpxtpx:course>236.0</gpxtpx:course>
		</gpxtpx:TrackPointExtension>
	</extensions>
</trkpt>
<trkpt lat="43.7024777" lon="15.7928910">
	<ele>33.47</ele>
	<time>2026-09-13T10:16:03.900Z</time>
	<hdop>3.79</hdop>
	<extensions>
		<gpxtpx:TrackPointExtension>
			<gpxtpx:course>229.0</gpxtpx:course>
		</gpxtpx:TrackPointExtension>
	</extensions>
</trkpt>
<trkpt lat="43.7023334" lon="15.7926731">
	<ele>32.56</ele>
	<time>2026-09-13T10:16:13.901Z</time>
	<hdop>3.79</hdop>
	<extensions>
		<gpxtpx:TrackPointExtension>
			<gpxtpx:course>229.0</gpxtpx:course>
		</gpxtpx:TrackPointExtension>
	</extensions>
</trkpt>
<trkpt lat="43.7021543" lon="15.7924485">
	<ele>37.18</ele>
	<time>2026-09-13T10:16:24.899Z</time>
	<hdop>3.79</hdop>
	<extensions>
		<gpxtpx:TrackPointExtension>
			<gpxtpx:course>213.0</gpxtpx:course>
		</gpxtpx:TrackPointExtension>
	</extensions>
</trkpt>
<trkpt lat="43.7019801" lon="15.7922520">
	<ele>33.67</ele>
	<time>2026-09-13T10:16:34.900Z</time>
	<hdop>3.79</hdop>
	<extensions>
		<gpxtpx:TrackPointExtension>
			<gpxtpx:course>222.0</gpxtpx:course>
		</gpxtpx:TrackPointExtension>
	</extensions>
</trkpt>
<trkpt lat="43.7018020" lon="15.7920371">
	<ele>28.93</ele>
	<time>2026-09-13T10:16:45.900Z</time>
	<hdop>3.79</hdop>
	<extensions>
		<gpxtpx:TrackPointExtension>
			<gpxtpx:course>217.0</gpxtpx:course>
		</gpxtpx:TrackPointExtension>
	</extensions>
</trkpt>
<trkpt lat="43.7016192" lon="15.7918634">
	<ele>12.11</ele>
	<time>2026-09-13T10:16:56.900Z</time>
	<hdop>3.79</hdop>
	<extensions>
		<gpxtpx:TrackPointExtension>
			<gpxtpx:course>212.0</gpxtpx:course>
		</gpxtpx:TrackPointExtension>
	</extensions>
</trkpt>
<trkpt lat="43.7014495" lon="15.7917296">
	<ele>12.00</ele>
	<time>2026-09-13T10:17:06.900Z</time>
	<hdop>3.79</hdop>
	<extensions>
		<gpxtpx:TrackPointExtension>
			<gpxtpx:course>208.0</gpxtpx:course>
		</gpxtpx:TrackPointExtension>
	</extensions>
</trkpt>
<trkpt lat="43.7012741" lon="15.7915853">
	<ele>23.28</ele>
	<time>2026-09-13T10:17:17.900Z</time>
	<hdop>3.79</hdop>
	<extensions>
		<gpxtpx:TrackPointExtension>
			<gpxtpx:course>212.0</gpxtpx:course>
		</gpxtpx:TrackPointExtension>
	</extensions>
</trkpt>
<trkpt lat="43.7011291" lon="15.7914686">
	<ele>22.12</ele>
	<time>2026-09-13T10:17:27.900Z</time>
	<hdop>3.79</hdop>
	<extensions>
		<gpxtpx:TrackPointExtension>
			<gpxtpx:course>212.0</gpxtpx:course>
		</gpxtpx:TrackPointExtension>
	</extensions>
</trkpt>
<trkpt lat="43.7009534" lon="15.7913637">
	<ele>29.70</ele>
	<time>2026-09-13T10:17:38.899Z</time>
	<hdop>3.79</hdop>
	<extensions>
		<gpxtpx:TrackPointExtension>
			<gpxtpx:course>196.0</gpxtpx:course>
		</gpxtpx:TrackPointExtension>
	</extensions>
</trkpt>
<trkpt lat="43.7008001" lon="15.7912051">
	<ele>27.77</ele>
	<time>2026-09-13T10:17:48.900Z</time>
	<hdop>3.79</hdop>
	<extensions>
		<gpxtpx:TrackPointExtension>
			<gpxtpx:course>225.0</gpxtpx:course>
		</gpxtpx:TrackPointExtension>
	</extensions>
</trkpt>
<trkpt lat="43.7006738" lon="15.7909845">
	<ele>21.77</ele>
	<time>2026-09-13T10:17:59.900Z</time>
	<hdop>3.79</hdop>
	<extensions>
		<gpxtpx:TrackPointExtension>
			<gpxtpx:course>229.0</gpxtpx:course>
		</gpxtpx:TrackPointExtension>
	</extensions>
</trkpt>
<trkpt lat="43.7005335" lon="15.7907771">
	<ele>27.45</ele>
	<time>2026-09-13T10:18:10.899Z</time>
	<hdop>3.79</hdop>
	<extensions>
		<gpxtpx:TrackPointExtension>
			<gpxtpx:course>227.0</gpxtpx:course>
		</gpxtpx:TrackPointExtension>
	</extensions>
</trkpt>
<trkpt lat="43.7004080" lon="15.7906020">
	<ele>27.29</ele>
	<time>2026-09-13T10:18:20.900Z</time>
	<hdop>3.79</hdop>
	<extensions>
		<gpxtpx:TrackPointExtension>
			<gpxtpx:course>219.0</gpxtpx:course>
		</gpxtpx:TrackPointExtension>
	</extensions>
</trkpt>
<trkpt lat="43.7002622" lon="15.7904401">
	<ele>18.96</ele>
	<time>2026-09-13T10:18:31.899Z</time>
	<hdop>3.79</hdop>
	<extensions>
		<gpxtpx:TrackPointExtension>
			<gpxtpx:course>220.0</gpxtpx:course>
		</gpxtpx:TrackPointExtension>
	</extensions>
</trkpt>
<trkpt lat="43.7001308" lon="15.7903118">
	<ele>25.84</ele>
	<time>2026-09-13T10:18:41.899Z</time>
	<hdop>3.79</hdop>
	<extensions>
		<gpxtpx:TrackPointExtension>
			<gpxtpx:course>215.0</gpxtpx:course>
		</gpxtpx:TrackPointExtension>
	</extensions>
</trkpt>
<trkpt lat="43.6999783" lon="15.7901726">
	<ele>24.16</ele>
	<time>2026-09-13T10:18:52.898Z</time>
	<hdop>3.79</hdop>
	<extensions>
		<gpxtpx:TrackPointExtension>
			<gpxtpx:course>212.0</gpxtpx:course>
		</gpxtpx:TrackPointExtension>
	</extensions>
</trkpt>
<trkpt lat="43.6998203" lon="15.7900280">
	<ele>7.70</ele>
	<time>2026-09-13T10:19:02.900Z</time>
	<hdop>3.79</hdop>
	<extensions>
		<gpxtpx:TrackPointExtension>
			<gpxtpx:course>211.0</gpxtpx:course>
		</gpxtpx:TrackPointExtension>
	</extensions>
</trkpt>
<trkpt lat="43.6996434" lon="15.7898427">
	<ele>10.55</ele>
	<time>2026-09-13T10:19:12.900Z</time>
	<hdop>3.79</hdop>
	<extensions>
		<gpxtpx:TrackPointExtension>
			<gpxtpx:course>214.0</gpxtpx:course>
		</gpxtpx:TrackPointExtension>
	</extensions>
</trkpt>
<trkpt lat="43.6994358" lon="15.7896501">
	<ele>15.71</ele>
	<time>2026-09-13T10:19:23.899Z</time>
	<hdop>3.79</hdop>
	<extensions>
		<gpxtpx:TrackPointExtension>
			<gpxtpx:course>217.0</gpxtpx:course>
		</gpxtpx:TrackPointExtension>
	</extensions>
</trkpt>
<trkpt lat="43.6992532" lon="15.7894814">
	<ele>7.93</ele>
	<time>2026-09-13T10:19:33.899Z</time>
	<hdop>3.79</hdop>
	<extensions>
		<gpxtpx:TrackPointExtension>
			<gpxtpx:course>207.0</gpxtpx:course>
		</gpxtpx:TrackPointExtension>
	</extensions>
</trkpt>
<trkpt lat="43.6990701" lon="15.7893073">
	<ele>14.06</ele>
	<time>2026-09-13T10:19:44.899Z</time>
	<hdop>3.79</hdop>
	<extensions>
		<gpxtpx:TrackPointExtension>
			<gpxtpx:course>214.0</gpxtpx:course>
		</gpxtpx:TrackPointExtension>
	</extensions>
</trkpt>
<trkpt lat="43.6989161" lon="15.7891536">
	<ele>11.23</ele>
	<time>2026-09-13T10:19:54.900Z</time>
	<hdop>3.79</hdop>
	<extensions>
		<gpxtpx:TrackPointExtension>
			<gpxtpx:course>212.0</gpxtpx:course>
		</gpxtpx:TrackPointExtension>
	</extensions>
</trkpt>
<trkpt lat="43.6987758" lon="15.7890225">
	<ele>3.41</ele>
	<time>2026-09-13T10:20:04.900Z</time>
	<hdop>3.79</hdop>
	<extensions>
		<gpxtpx:TrackPointExtension>
			<gpxtpx:course>209.0</gpxtpx:course>
		</gpxtpx:TrackPointExtension>
	</extensions>
</trkpt>
<trkpt lat="43.6986577" lon="15.7888486">
	<ele>5.36</ele>
	<time>2026-09-13T10:20:15.898Z</time>
	<hdop>3.79</hdop>
	<extensions>
		<gpxtpx:TrackPointExtension>
			<gpxtpx:course>234.0</gpxtpx:course>
		</gpxtpx:TrackPointExtension>
	</extensions>
</trkpt>
<trkpt lat="43.6985758" lon="15.7886473">
	<ele>2.48</ele>
	<time>2026-09-13T10:20:25.899Z</time>
	<hdop>3.79</hdop>
	<extensions>
		<gpxtpx:TrackPointExtension>
			<gpxtpx:course>241.0</gpxtpx:course>
		</gpxtpx:TrackPointExtension>
	</extensions>
</trkpt>
<trkpt lat="43.6984701" lon="15.7884353">
	<ele>1.20</ele>
	<time>2026-09-13T10:20:36.899Z</time>
	<hdop>3.79</hdop>
	<extensions>
		<gpxtpx:TrackPointExtension>
			<gpxtpx:course>238.0</gpxtpx:course>
		</gpxtpx:TrackPointExtension>
	</extensions>
</trkpt>
<trkpt lat="43.6983476" lon="15.7882152">
	<ele>-0.85</ele>
	<time>2026-09-13T10:20:47.898Z</time>
	<hdop>3.79</hdop>
	<extensions>
		<gpxtpx:TrackPointExtension>
			<gpxtpx:course>232.0</gpxtpx:course>
		</gpxtpx:TrackPointExtension>
	</extensions>
</trkpt>
<trkpt lat="43.6982469" lon="15.7879817">
	<ele>-0.44</ele>
	<time>2026-09-13T10:20:57.898Z</time>
	<hdop>3.79</hdop>
	<extensions>
		<gpxtpx:TrackPointExtension>
			<gpxtpx:course>238.0</gpxtpx:course>
		</gpxtpx:TrackPointExtension>
	</extensions>
</trkpt>
<trkpt lat="43.6981647" lon="15.7877050">
	<ele>-0.59</ele>
	<time>2026-09-13T10:21:07.900Z</time>
	<hdop>3.79</hdop>
	<extensions>
		<gpxtpx:TrackPointExtension>
			<gpxtpx:course>252.0</gpxtpx:course>
		</gpxtpx:TrackPointExtension>
	</extensions>
</trkpt>
<trkpt lat="43.6980779" lon="15.7873849">
	<ele>1.37</ele>
	<time>2026-09-13T10:21:18.899Z</time>
	<hdop>3.79</hdop>
	<extensions>
		<gpxtpx:TrackPointExtension>
			<gpxtpx:course>252.0</gpxtpx:course>
		</gpxtpx:TrackPointExtension>
	</extensions>
</trkpt>
<trkpt lat="43.6979973" lon="15.7870852">
	<ele>-0.02</ele>
	<time>2026-09-13T10:21:29.898Z</time>
	<hdop>3.79</hdop>
	<extensions>
		<gpxtpx:TrackPointExtension>
			<gpxtpx:course>234.0</gpxtpx:course>
		</gpxtpx:TrackPointExtension>
	</extensions>
</trkpt>
<trkpt lat="43.6979223" lon="15.7868323">
	<ele>0.23</ele>
	<time>2026-09-13T10:21:39.899Z</time>
	<hdop>3.79</hdop>
	<extensions>
		<gpxtpx:TrackPointExtension>
			<gpxtpx:course>240.0</gpxtpx:course>
		</gpxtpx:TrackPointExtension>
	</extensions>
</trkpt>
<trkpt lat="43.6978134" lon="15.7865846">
	<ele>0.92</ele>
	<time>2026-09-13T10:21:50.898Z</time>
	<hdop>3.79</hdop>
	<extensions>
		<gpxtpx:TrackPointExtension>
			<gpxtpx:course>235.0</gpxtpx:course>
		</gpxtpx:TrackPointExtension>
	</extensions>
</trkpt>
<trkpt lat="43.6976957" lon="15.7863971">
	<ele>0.14</ele>
	<time>2026-09-13T10:22:00.898Z</time>
	<hdop>3.79</hdop>
	<extensions>
		<gpxtpx:TrackPointExtension>
			<gpxtpx:course>224.0</gpxtpx:course>
		</gpxtpx:TrackPointExtension>
	</extensions>
</trkpt>
<trkpt lat="43.6975613" lon="15.7862228">
	<ele>1.55</ele>
	<time>2026-09-13T10:22:10.898Z</time>
	<hdop>3.79</hdop>
	<extensions>
		<gpxtpx:TrackPointExtension>
			<gpxtpx:course>215.0</gpxtpx:course>
		</gpxtpx:TrackPointExtension>
	</extensions>
</trkpt>
<trkpt lat="43.6974179" lon="15.7860948">
	<ele>2.80</ele>
	<time>2026-09-13T10:22:20.899Z</time>
	<hdop>3.79</hdop>
	<extensions>
		<gpxtpx:TrackPointExtension>
			<gpxtpx:course>212.0</gpxtpx:course>
		</gpxtpx:TrackPointExtension>
	</extensions>
</trkpt>
<trkpt lat="43.6972837" lon="15.7859727">
	<ele>2.14</ele>
	<time>2026-09-13T10:22:30.899Z</time>
	<hdop>3.79</hdop>
	<extensions>
		<gpxtpx:TrackPointExtension>
			<gpxtpx:course>211.0</gpxtpx:course>
		</gpxtpx:TrackPointExtension>
	</extensions>
</trkpt>
<trkpt lat="43.6971515" lon="15.7858691">
	<ele>0.81</ele>
	<time>2026-09-13T10:22:40.899Z</time>
	<hdop>3.79</hdop>
	<extensions>
		<gpxtpx:TrackPointExtension>
			<gpxtpx:course>208.0</gpxtpx:course>
		</gpxtpx:TrackPointExtension>
	</extensions>
</trkpt>
<trkpt lat="43.6970249" lon="15.7857718">
	<ele>0.83</ele>
	<time>2026-09-13T10:22:50.899Z</time>
	<hdop>3.79</hdop>
	<extensions>
		<gpxtpx:TrackPointExtension>
			<gpxtpx:course>210.0</gpxtpx:course>
		</gpxtpx:TrackPointExtension>
	</extensions>
</trkpt>
<trkpt lat="43.6968870" lon="15.7856562">
	<ele>-1.16</ele>
	<time>2026-09-13T10:23:00.899Z</time>
	<hdop>3.79</hdop>
	<extensions>
		<gpxtpx:TrackPointExtension>
			<gpxtpx:course>221.0</gpxtpx:course>
		</gpxtpx:TrackPointExtension>
	</extensions>
</trkpt>
<trkpt lat="43.6967698" lon="15.7854963">
	<ele>-7.22</ele>
	<time>2026-09-13T10:23:10.899Z</time>
	<hdop>3.79</hdop>
	<extensions>
		<gpxtpx:TrackPointExtension>
			<gpxtpx:course>224.0</gpxtpx:course>
		</gpxtpx:TrackPointExtension>
	</extensions>
</trkpt>
<trkpt lat="43.6966284" lon="15.7853379">
	<ele>-49.60</ele>
	<time>2026-09-13T10:23:21.897Z</time>
	<hdop>3.79</hdop>
	<extensions>
		<gpxtpx:TrackPointExtension>
			<gpxtpx:course>217.0</gpxtpx:course>
		</gpxtpx:TrackPointExtension>
	</extensions>
</trkpt>
<trkpt lat="43.6965056" lon="15.7851784">
	<ele>-62.46</ele>
	<time>2026-09-13T10:23:31.900Z</time>
	<hdop>3.79</hdop>
	<extensions>
		<gpxtpx:TrackPointExtension>
			<gpxtpx:course>229.0</gpxtpx:course>
		</gpxtpx:TrackPointExtension>
	</extensions>
</trkpt>
<trkpt lat="43.6963853" lon="15.7849653">
	<ele>-45.38</ele>
	<time>2026-09-13T10:23:42.898Z</time>
	<hdop>3.79</hdop>
	<extensions>
		<gpxtpx:TrackPointExtension>
			<gpxtpx:course>232.0</gpxtpx:course>
		</gpxtpx:TrackPointExtension>
	</extensions>
</trkpt>
<trkpt lat="43.6962828" lon="15.7847607">
	<ele>-28.08</ele>
	<time>2026-09-13T10:23:52.899Z</time>
	<hdop>3.79</hdop>
	<extensions>
		<gpxtpx:TrackPointExtension>
			<gpxtpx:course>236.0</gpxtpx:course>
		</gpxtpx:TrackPointExtension>
	</extensions>
</trkpt>
<trkpt lat="43.6961711" lon="15.7845499">
	<ele>-13.93</ele>
	<time>2026-09-13T10:24:02.899Z</time>
	<hdop>3.79</hdop>
	<extensions>
		<gpxtpx:TrackPointExtension>
			<gpxtpx:course>234.0</gpxtpx:course>
		</gpxtpx:TrackPointExtension>
	</extensions>
</trkpt>
<trkpt lat="43.6960595" lon="15.7843383">
	<ele>-6.67</ele>
	<time>2026-09-13T10:24:12.899Z</time>
	<hdop>3.79</hdop>
	<extensions>
		<gpxtpx:TrackPointExtension>
			<gpxtpx:course>234.0</gpxtpx:course>
		</gpxtpx:TrackPointExtension>
	</extensions>
</trkpt>
<trkpt lat="43.6959419" lon="15.7841252">
	<ele>-0.67</ele>
	<time>2026-09-13T10:24:22.899Z</time>
	<hdop>3.79</hdop>
	<extensions>
		<gpxtpx:TrackPointExtension>
			<gpxtpx:course>231.0</gpxtpx:course>
		</gpxtpx:TrackPointExtension>
	</extensions>
</trkpt>
<trkpt lat="43.6958269" lon="15.7838668">
	<ele>-0.08</ele>
	<time>2026-09-13T10:24:33.897Z</time>
	<hdop>3.79</hdop>
	<extensions>
		<gpxtpx:TrackPointExtension>
			<gpxtpx:course>237.0</gpxtpx:course>
		</gpxtpx:TrackPointExtension>
	</extensions>
</trkpt>
<trkpt lat="43.6956915" lon="15.7836296">
	<ele>2.86</ele>
	<time>2026-09-13T10:24:43.898Z</time>
	<hdop>3.79</hdop>
	<extensions>
		<gpxtpx:TrackPointExtension>
			<gpxtpx:course>230.0</gpxtpx:course>
		</gpxtpx:TrackPointExtension>
	</extensions>
</trkpt>
<trkpt lat="43.6955303" lon="15.7833643">
	<ele>0.55</ele>
	<time>2026-09-13T10:24:53.900Z</time>
	<hdop>3.79</hdop>
	<extensions>
		<gpxtpx:TrackPointExtension>
			<gpxtpx:course>234.0</gpxtpx:course>
		</gpxtpx:TrackPointExtension>
	</extensions>
</trkpt>
<trkpt lat="43.6953566" lon="15.7831074">
	<ele>2.75</ele>
	<time>2026-09-13T10:25:04.897Z</time>
	<hdop>3.79</hdop>
	<extensions>
		<gpxtpx:TrackPointExtension>
			<gpxtpx:course>223.0</gpxtpx:course>
		</gpxtpx:TrackPointExtension>
	</extensions>
</trkpt>
<trkpt lat="43.6952035" lon="15.7829312">
	<ele>1.12</ele>
	<time>2026-09-13T10:25:14.898Z</time>
	<hdop>3.79</hdop>
	<extensions>
		<gpxtpx:TrackPointExtension>
			<gpxtpx:course>225.0</gpxtpx:course>
		</gpxtpx:TrackPointExtension>
	</extensions>
</trkpt>
<trkpt lat="43.6950233" lon="15.7828555">
	<ele>2.09</ele>
	<time>2026-09-13T10:25:25.898Z</time>
	<hdop>3.79</hdop>
	<extensions>
		<gpxtpx:TrackPointExtension>
			<gpxtpx:course>164.0</gpxtpx:course>
		</gpxtpx:TrackPointExtension>
	</extensions>
</trkpt>
<trkpt lat="43.6948549" lon="15.7829980">
	<ele>-5.03</ele>
	<time>2026-09-13T10:25:35.898Z</time>
	<hdop>3.79</hdop>
	<extensions>
		<gpxtpx:TrackPointExtension>
			<gpxtpx:course>133.0</gpxtpx:course>
		</gpxtpx:TrackPointExtension>
	</extensions>
</trkpt>
<trkpt lat="43.6947077" lon="15.7832263">
	<ele>-0.55</ele>
	<time>2026-09-13T10:25:45.899Z</time>
	<hdop>3.79</hdop>
	<extensions>
		<gpxtpx:TrackPointExtension>
			<gpxtpx:course>130.0</gpxtpx:course>
		</gpxtpx:TrackPointExtension>
	</extensions>
</trkpt>
<trkpt lat="43.6945612" lon="15.7834693">
	<ele>-0.69</ele>
	<time>2026-09-13T10:25:55.899Z</time>
	<hdop>3.79</hdop>
	<extensions>
		<gpxtpx:TrackPointExtension>
			<gpxtpx:course>136.0</gpxtpx:course>
		</gpxtpx:TrackPointExtension>
	</extensions>
</trkpt>
<trkpt lat="43.6943827" lon="15.7837376">
	<ele>6.48</ele>
	<time>2026-09-13T10:26:06.899Z</time>
	<hdop>3.79</hdop>
	<extensions>
		<gpxtpx:TrackPointExtension>
			<gpxtpx:course>134.0</gpxtpx:course>
		</gpxtpx:TrackPointExtension>
	</extensions>
</trkpt>
<trkpt lat="43.6942274" lon="15.7840478">
	<ele>4.41</ele>
	<time>2026-09-13T10:26:17.898Z</time>
	<hdop>3.79</hdop>
	<extensions>
		<gpxtpx:TrackPointExtension>
			<gpxtpx:course>122.0</gpxtpx:course>
		</gpxtpx:TrackPointExtension>
	</extensions>
</trkpt>
<trkpt lat="43.6941011" lon="15.7843371">
	<ele>8.54</ele>
	<time>2026-09-13T10:26:27.898Z</time>
	<hdop>4.36</hdop>
	<extensions>
		<gpxtpx:TrackPointExtension>
			<gpxtpx:course>118.0</gpxtpx:course>
		</gpxtpx:TrackPointExtension>
	</extensions>
</trkpt>
<trkpt lat="43.6939983" lon="15.7846270">
	<ele>3.27</ele>
	<time>2026-09-13T10:26:37.898Z</time>
	<hdop>3.79</hdop>
	<extensions>
		<gpxtpx:TrackPointExtension>
			<gpxtpx:course>113.0</gpxtpx:course>
		</gpxtpx:TrackPointExtension>
	</extensions>
</trkpt>
<trkpt lat="43.6938772" lon="15.7849138">
	<ele>4.78</ele>
	<time>2026-09-13T10:26:47.898Z</time>
	<hdop>3.79</hdop>
	<extensions>
		<gpxtpx:TrackPointExtension>
			<gpxtpx:course>127.0</gpxtpx:course>
		</gpxtpx:TrackPointExtension>
	</extensions>
</trkpt>
<trkpt lat="43.6936971" lon="15.7851442">
	<ele>9.37</ele>
	<time>2026-09-13T10:26:57.898Z</time>
	<hdop>3.79</hdop>
	<extensions>
		<gpxtpx:TrackPointExtension>
			<gpxtpx:course>155.0</gpxtpx:course>
		</gpxtpx:TrackPointExtension>
	</extensions>
</trkpt>
<trkpt lat="43.6934491" lon="15.7853065">
	<ele>13.85</ele>
	<time>2026-09-13T10:27:08.899Z</time>
	<hdop>3.79</hdop>
	<extensions>
		<gpxtpx:TrackPointExtension>
			<gpxtpx:course>154.0</gpxtpx:course>
		</gpxtpx:TrackPointExtension>
	</extensions>
</trkpt>
<trkpt lat="43.6932169" lon="15.7855167">
	<ele>19.37</ele>
	<time>2026-09-13T10:27:19.899Z</time>
	<hdop>3.79</hdop>
	<extensions>
		<gpxtpx:TrackPointExtension>
			<gpxtpx:course>145.0</gpxtpx:course>
		</gpxtpx:TrackPointExtension>
	</extensions>
</trkpt>
<trkpt lat="43.6929967" lon="15.7857347">
	<ele>19.84</ele>
	<time>2026-09-13T10:27:30.898Z</time>
	<hdop>3.79</hdop>
	<extensions>
		<gpxtpx:TrackPointExtension>
			<gpxtpx:course>142.0</gpxtpx:course>
		</gpxtpx:TrackPointExtension>
	</extensions>
</trkpt>
<trkpt lat="43.6928146" lon="15.7859111">
	<ele>22.06</ele>
	<time>2026-09-13T10:27:40.899Z</time>
	<hdop>3.79</hdop>
	<extensions>
		<gpxtpx:TrackPointExtension>
			<gpxtpx:course>147.0</gpxtpx:course>
		</gpxtpx:TrackPointExtension>
	</extensions>
</trkpt>
<trkpt lat="43.6926287" lon="15.7859767">
	<ele>19.46</ele>
	<time>2026-09-13T10:27:51.899Z</time>
	<hdop>3.79</hdop>
	<extensions>
		<gpxtpx:TrackPointExtension>
			<gpxtpx:course>201.0</gpxtpx:course>
		</gpxtpx:TrackPointExtension>
	</extensions>
</trkpt>
<trkpt lat="43.6924880" lon="15.7858488">
	<ele>16.52</ele>
	<time>2026-09-13T10:28:02.898Z</time>
	<hdop>3.79</hdop>
	<extensions>
		<gpxtpx:TrackPointExtension>
			<gpxtpx:course>227.0</gpxtpx:course>
		</gpxtpx:TrackPointExtension>
	</extensions>
</trkpt>
<trkpt lat="43.6923786" lon="15.7857176">
	<ele>8.75</ele>
	<time>2026-09-13T10:28:12.898Z</time>
	<hdop>3.79</hdop>
	<extensions>
		<gpxtpx:TrackPointExtension>
			<gpxtpx:course>211.0</gpxtpx:course>
		</gpxtpx:TrackPointExtension>
	</extensions>
</trkpt>
<trkpt lat="43.6922786" lon="15.7856001">
	<ele>6.16</ele>
	<time>2026-09-13T10:28:22.898Z</time>
	<hdop>3.79</hdop>
	<extensions>
		<gpxtpx:TrackPointExtension>
			<gpxtpx:course>228.0</gpxtpx:course>
		</gpxtpx:TrackPointExtension>
	</extensions>
</trkpt>
<trkpt lat="43.6922174" lon="15.7854305">
	<ele>-0.48</ele>
	<time>2026-09-13T10:28:32.898Z</time>
	<hdop>3.79</hdop>
	<extensions>
		<gpxtpx:TrackPointExtension>
			<gpxtpx:course>246.0</gpxtpx:course>
		</gpxtpx:TrackPointExtension>
	</extensions>
</trkpt>
<trkpt lat="43.6921720" lon="15.7852609">
	<ele>-7.00</ele>
	<time>2026-09-13T10:28:42.898Z</time>
	<hdop>3.79</hdop>
	<extensions>
		<gpxtpx:TrackPointExtension>
			<gpxtpx:course>246.0</gpxtpx:course>
		</gpxtpx:TrackPointExtension>
	</extensions>
</trkpt>
<trkpt lat="43.6921276" lon="15.7851075">
	<ele>-10.10</ele>
	<time>2026-09-13T10:28:52.898Z</time>
	<hdop>3.79</hdop>
	<extensions>
		<gpxtpx:TrackPointExtension>
			<gpxtpx:course>247.0</gpxtpx:course>
		</gpxtpx:TrackPointExtension>
	</extensions>
</trkpt>
<trkpt lat="43.6920700" lon="15.7849683">
	<ele>-11.78</ele>
	<time>2026-09-13T10:29:02.899Z</time>
	<hdop>3.79</hdop>
	<extensions>
		<gpxtpx:TrackPointExtension>
			<gpxtpx:course>237.0</gpxtpx:course>
		</gpxtpx:TrackPointExtension>
	</extensions>
</trkpt>
<trkpt lat="43.6919862" lon="15.7848370">
	<ele>-12.47</ele>
	<time>2026-09-13T10:29:13.897Z</time>
	<hdop>3.79</hdop>
	<extensions>
		<gpxtpx:TrackPointExtension>
			<gpxtpx:course>229.0</gpxtpx:course>
		</gpxtpx:TrackPointExtension>
	</extensions>
</trkpt>
<trkpt lat="43.6919101" lon="15.7847396">
	<ele>-13.73</ele>
	<time>2026-09-13T10:29:23.899Z</time>
	<hdop>3.79</hdop>
	<extensions>
		<gpxtpx:TrackPointExtension>
			<gpxtpx:course>217.0</gpxtpx:course>
		</gpxtpx:TrackPointExtension>
	</extensions>
</trkpt>
<trkpt lat="43.6918303" lon="15.7846206">
	<ele>-12.04</ele>
	<time>2026-09-13T10:29:34.899Z</time>
	<hdop>3.79</hdop>
	<extensions>
		<gpxtpx:TrackPointExtension>
			<gpxtpx:course>231.0</gpxtpx:course>
		</gpxtpx:TrackPointExtension>
	</extensions>
</trkpt>
<trkpt lat="43.6917761" lon="15.7845047">
	<ele>-12.42</ele>
	<time>2026-09-13T10:29:44.899Z</time>
	<hdop>3.79</hdop>
	<extensions>
		<gpxtpx:TrackPointExtension>
			<gpxtpx:course>237.0</gpxtpx:course>
		</gpxtpx:TrackPointExtension>
	</extensions>
</trkpt>
<trkpt lat="43.6917180" lon="15.7843628">
	<ele>-12.31</ele>
	<time>2026-09-13T10:29:55.898Z</time>
	<hdop>3.79</hdop>
	<extensions>
		<gpxtpx:TrackPointExtension>
			<gpxtpx:course>233.0</gpxtpx:course>
		</gpxtpx:TrackPointExtension>
	</extensions>
</trkpt>
<trkpt lat="43.6916393" lon="15.7842208">
	<ele>-11.50</ele>
	<time>2026-09-13T10:30:05.898Z</time>
	<hdop>3.79</hdop>
	<extensions>
		<gpxtpx:TrackPointExtension>
			<gpxtpx:course>235.0</gpxtpx:course>
		</gpxtpx:TrackPointExtension>
	</extensions>
</trkpt>
<trkpt lat="43.6915613" lon="15.7840664">
	<ele>-12.41</ele>
	<time>2026-09-13T10:30:16.899Z</time>
	<hdop>3.79</hdop>
	<extensions>
		<gpxtpx:TrackPointExtension>
			<gpxtpx:course>234.0</gpxtpx:course>
		</gpxtpx:TrackPointExtension>
	</extensions>
</trkpt>
<trkpt lat="43.6914755" lon="15.7839298">
	<ele>-11.84</ele>
	<time>2026-09-13T10:30:27.898Z</time>
	<hdop>3.79</hdop>
	<extensions>
		<gpxtpx:TrackPointExtension>
			<gpxtpx:course>222.0</gpxtpx:course>
		</gpxtpx:TrackPointExtension>
	</extensions>
</trkpt>
<trkpt lat="43.6913901" lon="15.7838269">
	<ele>-11.34</ele>
	<time>2026-09-13T10:30:37.898Z</time>
	<hdop>3.79</hdop>
	<extensions>
		<gpxtpx:TrackPointExtension>
			<gpxtpx:course>220.0</gpxtpx:course>
		</gpxtpx:TrackPointExtension>
	</extensions>
</trkpt>
<trkpt lat="43.6913201" lon="15.7836876">
	<ele>-10.82</ele>
	<time>2026-09-13T10:30:47.898Z</time>
	<hdop>3.79</hdop>
	<extensions>
		<gpxtpx:TrackPointExtension>
			<gpxtpx:course>241.0</gpxtpx:course>
		</gpxtpx:TrackPointExtension>
	</extensions>
</trkpt>
<trkpt lat="43.6912625" lon="15.7835271">
	<ele>-10.23</ele>
	<time>2026-09-13T10:30:57.898Z</time>
	<hdop>3.79</hdop>
	<extensions>
		<gpxtpx:TrackPointExtension>
			<gpxtpx:course>248.0</gpxtpx:course>
		</gpxtpx:TrackPointExtension>
	</extensions>
</trkpt>
<trkpt lat="43.6912165" lon="15.7833635">
	<ele>-11.43</ele>
	<time>2026-09-13T10:31:07.898Z</time>
	<hdop>3.79</hdop>
	<extensions>
		<gpxtpx:TrackPointExtension>
			<gpxtpx:course>246.0</gpxtpx:course>
		</gpxtpx:TrackPointExtension>
	</extensions>
</trkpt>
<trkpt lat="43.6911640" lon="15.7832179">
	<ele>-11.15</ele>
	<time>2026-09-13T10:31:17.899Z</time>
	<hdop>3.79</hdop>
	<extensions>
		<gpxtpx:TrackPointExtension>
			<gpxtpx:course>240.0</gpxtpx:course>
		</gpxtpx:TrackPointExtension>
	</extensions>
</trkpt>
<trkpt lat="43.6910922" lon="15.7830699">
	<ele>-10.02</ele>
	<time>2026-09-13T10:31:28.897Z</time>
	<hdop>3.79</hdop>
	<extensions>
		<gpxtpx:TrackPointExtension>
			<gpxtpx:course>243.0</gpxtpx:course>
		</gpxtpx:TrackPointExtension>
	</extensions>
</trkpt>
<trkpt lat="43.6910072" lon="15.7829781">
	<ele>-10.61</ele>
	<time>2026-09-13T10:31:38.897Z</time>
	<hdop>3.79</hdop>
	<extensions>
		<gpxtpx:TrackPointExtension>
			<gpxtpx:course>202.0</gpxtpx:course>
		</gpxtpx:TrackPointExtension>
	</extensions>
</trkpt>
<trkpt lat="43.6909081" lon="15.7829356">
	<ele>-10.19</ele>
	<time>2026-09-13T10:31:48.899Z</time>
	<hdop>3.79</hdop>
	<extensions>
		<gpxtpx:TrackPointExtension>
			<gpxtpx:course>198.0</gpxtpx:course>
		</gpxtpx:TrackPointExtension>
	</extensions>
</trkpt>
<trkpt lat="43.6907923" lon="15.7828815">
	<ele>-10.22</ele>
	<time>2026-09-13T10:31:59.898Z</time>
	<hdop>3.79</hdop>
	<extensions>
		<gpxtpx:TrackPointExtension>
			<gpxtpx:course>199.0</gpxtpx:course>
		</gpxtpx:TrackPointExtension>
	</extensions>
</trkpt>
<trkpt lat="43.6906971" lon="15.7828340">
	<ele>-10.36</ele>
	<time>2026-09-13T10:32:09.898Z</time>
	<hdop>3.79</hdop>
	<extensions>
		<gpxtpx:TrackPointExtension>
			<gpxtpx:course>204.0</gpxtpx:course>
		</gpxtpx:TrackPointExtension>
	</extensions>
</trkpt>
<trkpt lat="43.6905788" lon="15.7827796">
	<ele>-12.12</ele>
	<time>2026-09-13T10:32:19.898Z</time>
	<hdop>3.95</hdop>
	<extensions>
		<gpxtpx:TrackPointExtension>
			<gpxtpx:course>201.0</gpxtpx:course>
		</gpxtpx:TrackPointExtension>
	</extensions>
</trkpt>
<trkpt lat="43.6904959" lon="15.7827269">
	<ele>-25.19</ele>
	<time>2026-09-13T10:32:29.898Z</time>
	<hdop>8.68</hdop>
	<extensions>
		<gpxtpx:TrackPointExtension>
			<gpxtpx:course>205.0</gpxtpx:course>
		</gpxtpx:TrackPointExtension>
	</extensions>
</trkpt>
<trkpt lat="43.6903879" lon="15.7826623">
	<ele>-44.64</ele>
	<time>2026-09-13T10:32:40.897Z</time>
	<hdop>3.79</hdop>
	<extensions>
		<gpxtpx:TrackPointExtension>
			<gpxtpx:course>202.0</gpxtpx:course>
		</gpxtpx:TrackPointExtension>
	</extensions>
</trkpt>
<trkpt lat="43.6902898" lon="15.7826192">
	<ele>-45.56</ele>
	<time>2026-09-13T10:32:50.898Z</time>
	<hdop>3.79</hdop>
	<extensions>
		<gpxtpx:TrackPointExtension>
			<gpxtpx:course>193.0</gpxtpx:course>
		</gpxtpx:TrackPointExtension>
	</extensions>
</trkpt>
<trkpt lat="43.6901937" lon="15.7825734">
	<ele>-39.38</ele>
	<time>2026-09-13T10:33:00.898Z</time>
	<hdop>3.79</hdop>
	<extensions>
		<gpxtpx:TrackPointExtension>
			<gpxtpx:course>203.0</gpxtpx:course>
		</gpxtpx:TrackPointExtension>
	</extensions>
</trkpt>
<trkpt lat="43.6900874" lon="15.7824885">
	<ele>-36.39</ele>
	<time>2026-09-13T10:33:10.899Z</time>
	<hdop>4.14</hdop>
	<extensions>
		<gpxtpx:TrackPointExtension>
			<gpxtpx:course>213.0</gpxtpx:course>
		</gpxtpx:TrackPointExtension>
	</extensions>
</trkpt>
<trkpt lat="43.6899719" lon="15.7823910">
	<ele>-82.05</ele>
	<time>2026-09-13T10:33:20.899Z</time>
	<hdop>3.79</hdop>
	<extensions>
		<gpxtpx:TrackPointExtension>
			<gpxtpx:course>215.0</gpxtpx:course>
		</gpxtpx:TrackPointExtension>
	</extensions>
</trkpt>
<trkpt lat="43.6898280" lon="15.7822526">
	<ele>-152.11</ele>
	<time>2026-09-13T10:33:31.898Z</time>
	<hdop>4.18</hdop>
	<extensions>
		<gpxtpx:TrackPointExtension>
			<gpxtpx:course>215.0</gpxtpx:course>
		</gpxtpx:TrackPointExtension>
	</extensions>
</trkpt>
<trkpt lat="43.6896862" lon="15.7821091">
	<ele>-149.53</ele>
	<time>2026-09-13T10:33:41.898Z</time>
	<hdop>3.79</hdop>
	<extensions>
		<gpxtpx:TrackPointExtension>
			<gpxtpx:course>214.0</gpxtpx:course>
		</gpxtpx:TrackPointExtension>
	</extensions>
</trkpt>
<trkpt lat="43.6895233" lon="15.7819423">
	<ele>-139.90</ele>
	<time>2026-09-13T10:33:52.898Z</time>
	<hdop>3.79</hdop>
	<extensions>
		<gpxtpx:TrackPointExtension>
			<gpxtpx:course>213.0</gpxtpx:course>
		</gpxtpx:TrackPointExtension>
	</extensions>
</trkpt>
<trkpt lat="43.6893518" lon="15.7818207">
	<ele>-158.94</ele>
	<time>2026-09-13T10:34:03.897Z</time>
	<hdop>3.79</hdop>
	<extensions>
		<gpxtpx:TrackPointExtension>
			<gpxtpx:course>194.0</gpxtpx:course>
		</gpxtpx:TrackPointExtension>
	</extensions>
</trkpt>
<trkpt lat="43.6892006" lon="15.7816679">
	<ele>-138.04</ele>
	<time>2026-09-13T10:34:13.897Z</time>
	<hdop>3.79</hdop>
	<extensions>
		<gpxtpx:TrackPointExtension>
			<gpxtpx:course>209.0</gpxtpx:course>
		</gpxtpx:TrackPointExtension>
	</extensions>
</trkpt>
<trkpt lat="43.6890431" lon="15.7815307">
	<ele>-100.76</ele>
	<time>2026-09-13T10:34:23.897Z</time>
	<hdop>3.79</hdop>
	<extensions>
		<gpxtpx:TrackPointExtension>
			<gpxtpx:course>211.0</gpxtpx:course>
		</gpxtpx:TrackPointExtension>
	</extensions>
</trkpt>
<trkpt lat="43.6888717" lon="15.7813689">
	<ele>-54.30</ele>
	<time>2026-09-13T10:34:34.898Z</time>
	<hdop>3.79</hdop>
	<extensions>
		<gpxtpx:TrackPointExtension>
			<gpxtpx:course>218.0</gpxtpx:course>
		</gpxtpx:TrackPointExtension>
	</extensions>
</trkpt>
<trkpt lat="43.6887251" lon="15.7811889">
	<ele>-19.99</ele>
	<time>2026-09-13T10:34:45.898Z</time>
	<hdop>3.79</hdop>
	<extensions>
		<gpxtpx:TrackPointExtension>
			<gpxtpx:course>219.0</gpxtpx:course>
		</gpxtpx:TrackPointExtension>
	</extensions>
</trkpt>
<trkpt lat="43.6886022" lon="15.7809750">
	<ele>-10.21</ele>
	<time>2026-09-13T10:34:56.897Z</time>
	<hdop>3.79</hdop>
	<extensions>
		<gpxtpx:TrackPointExtension>
			<gpxtpx:course>231.0</gpxtpx:course>
		</gpxtpx:TrackPointExtension>
	</extensions>
</trkpt>
<trkpt lat="43.6884599" lon="15.7808351">
	<ele>-8.69</ele>
	<time>2026-09-13T10:35:06.898Z</time>
	<hdop>3.79</hdop>
	<extensions>
		<gpxtpx:TrackPointExtension>
			<gpxtpx:course>209.0</gpxtpx:course>
		</gpxtpx:TrackPointExtension>
	</extensions>
</trkpt>
<trkpt lat="43.6882953" lon="15.7806766">
	<ele>-8.16</ele>
	<time>2026-09-13T10:35:17.896Z</time>
	<hdop>3.79</hdop>
	<extensions>
		<gpxtpx:TrackPointExtension>
			<gpxtpx:course>217.0</gpxtpx:course>
		</gpxtpx:TrackPointExtension>
	</extensions>
</trkpt>
<trkpt lat="43.6881514" lon="15.7805221">
	<ele>-4.32</ele>
	<time>2026-09-13T10:35:27.897Z</time>
	<hdop>3.79</hdop>
	<extensions>
		<gpxtpx:TrackPointExtension>
			<gpxtpx:course>219.0</gpxtpx:course>
		</gpxtpx:TrackPointExtension>
	</extensions>
</trkpt>
<trkpt lat="43.6880238" lon="15.7803645">
	<ele>-3.22</ele>
	<time>2026-09-13T10:35:37.897Z</time>
	<hdop>3.79</hdop>
	<extensions>
		<gpxtpx:TrackPointExtension>
			<gpxtpx:course>231.0</gpxtpx:course>
		</gpxtpx:TrackPointExtension>
	</extensions>
</trkpt>
<trkpt lat="43.6878931" lon="15.7802754">
	<ele>-6.11</ele>
	<time>2026-09-13T10:35:47.898Z</time>
	<hdop>3.79</hdop>
	<extensions>
		<gpxtpx:TrackPointExtension>
			<gpxtpx:course>168.0</gpxtpx:course>
		</gpxtpx:TrackPointExtension>
	</extensions>
</trkpt>
<trkpt lat="43.6877090" lon="15.7803670">
	<ele>-14.81</ele>
	<time>2026-09-13T10:35:58.898Z</time>
	<hdop>3.79</hdop>
	<extensions>
		<gpxtpx:TrackPointExtension>
			<gpxtpx:course>161.0</gpxtpx:course>
		</gpxtpx:TrackPointExtension>
	</extensions>
</trkpt>
<trkpt lat="43.6874984" lon="15.7804780">
	<ele>-13.48</ele>
	<time>2026-09-13T10:36:09.897Z</time>
	<hdop>3.79</hdop>
	<extensions>
		<gpxtpx:TrackPointExtension>
			<gpxtpx:course>158.0</gpxtpx:course>
		</gpxtpx:TrackPointExtension>
	</extensions>
</trkpt>
<trkpt lat="43.6872916" lon="15.7805805">
	<ele>-10.78</ele>
	<time>2026-09-13T10:36:19.897Z</time>
	<hdop>3.79</hdop>
	<extensions>
		<gpxtpx:TrackPointExtension>
			<gpxtpx:course>161.0</gpxtpx:course>
		</gpxtpx:TrackPointExtension>
	</extensions>
</trkpt>
<trkpt lat="43.6871087" lon="15.7806767">
	<ele>-3.24</ele>
	<time>2026-09-13T10:36:29.897Z</time>
	<hdop>3.79</hdop>
	<extensions>
		<gpxtpx:TrackPointExtension>
			<gpxtpx:course>158.0</gpxtpx:course>
		</gpxtpx:TrackPointExtension>
	</extensions>
</trkpt>
<trkpt lat="43.6869235" lon="15.7807836">
	<ele>0.39</ele>
	<time>2026-09-13T10:36:39.898Z</time>
	<hdop>3.79</hdop>
	<extensions>
		<gpxtpx:TrackPointExtension>
			<gpxtpx:course>155.0</gpxtpx:course>
		</gpxtpx:TrackPointExtension>
	</extensions>
</trkpt>
<trkpt lat="43.6867154" lon="15.7809013">
	<ele>6.62</ele>
	<time>2026-09-13T10:36:50.897Z</time>
	<hdop>3.79</hdop>
	<extensions>
		<gpxtpx:TrackPointExtension>
			<gpxtpx:course>158.0</gpxtpx:course>
		</gpxtpx:TrackPointExtension>
	</extensions>
</trkpt>
<trkpt lat="43.6865322" lon="15.7810102">
	<ele>7.08</ele>
	<time>2026-09-13T10:37:00.897Z</time>
	<hdop>3.79</hdop>
	<extensions>
		<gpxtpx:TrackPointExtension>
			<gpxtpx:course>157.0</gpxtpx:course>
		</gpxtpx:TrackPointExtension>
	</extensions>
</trkpt>
<trkpt lat="43.6863626" lon="15.7811151">
	<ele>9.48</ele>
	<time>2026-09-13T10:37:10.898Z</time>
	<hdop>3.79</hdop>
	<extensions>
		<gpxtpx:TrackPointExtension>
			<gpxtpx:course>162.0</gpxtpx:course>
		</gpxtpx:TrackPointExtension>
	</extensions>
</trkpt>
<trkpt lat="43.6861627" lon="15.7812456">
	<ele>9.47</ele>
	<time>2026-09-13T10:37:21.897Z</time>
	<hdop>3.79</hdop>
	<extensions>
		<gpxtpx:TrackPointExtension>
			<gpxtpx:course>151.0</gpxtpx:course>
		</gpxtpx:TrackPointExtension>
	</extensions>
</trkpt>
<trkpt lat="43.6859944" lon="15.7812582">
	<ele>10.83</ele>
	<time>2026-09-13T10:37:31.897Z</time>
	<hdop>3.79</hdop>
	<extensions>
		<gpxtpx:TrackPointExtension>
			<gpxtpx:course>201.0</gpxtpx:course>
		</gpxtpx:TrackPointExtension>
	</extensions>
</trkpt>
<trkpt lat="43.6858772" lon="15.7810922">
	<ele>7.68</ele>
	<time>2026-09-13T10:37:41.898Z</time>
	<hdop>3.79</hdop>
	<extensions>
		<gpxtpx:TrackPointExtension>
			<gpxtpx:course>242.0</gpxtpx:course>
		</gpxtpx:TrackPointExtension>
	</extensions>
</trkpt>
<trkpt lat="43.6858098" lon="15.7808481">
	<ele>0.04</ele>
	<time>2026-09-13T10:37:52.897Z</time>
	<hdop>3.79</hdop>
	<extensions>
		<gpxtpx:TrackPointExtension>
			<gpxtpx:course>247.0</gpxtpx:course>
		</gpxtpx:TrackPointExtension>
	</extensions>
</trkpt>
<trkpt lat="43.6857071" lon="15.7806431">
	<ele>-13.69</ele>
	<time>2026-09-13T10:38:03.897Z</time>
	<hdop>3.79</hdop>
	<extensions>
		<gpxtpx:TrackPointExtension>
			<gpxtpx:course>230.0</gpxtpx:course>
		</gpxtpx:TrackPointExtension>
	</extensions>
</trkpt>
<trkpt lat="43.6855988" lon="15.7804558">
	<ele>-24.45</ele>
	<time>2026-09-13T10:38:14.897Z</time>
	<hdop>3.79</hdop>
	<extensions>
		<gpxtpx:TrackPointExtension>
			<gpxtpx:course>230.0</gpxtpx:course>
		</gpxtpx:TrackPointExtension>
	</extensions>
</trkpt>
<trkpt lat="43.6855116" lon="15.7802435">
	<ele>-35.18</ele>
	<time>2026-09-13T10:38:25.898Z</time>
	<hdop>3.79</hdop>
	<extensions>
		<gpxtpx:TrackPointExtension>
			<gpxtpx:course>238.0</gpxtpx:course>
		</gpxtpx:TrackPointExtension>
	</extensions>
</trkpt>
<trkpt lat="43.6854250" lon="15.7800412">
	<ele>-46.65</ele>
	<time>2026-09-13T10:38:35.898Z</time>
	<hdop>3.79</hdop>
	<extensions>
		<gpxtpx:TrackPointExtension>
			<gpxtpx:course>237.0</gpxtpx:course>
		</gpxtpx:TrackPointExtension>
	</extensions>
</trkpt>
<trkpt lat="43.6853158" lon="15.7798215">
	<ele>-51.53</ele>
	<time>2026-09-13T10:38:46.898Z</time>
	<hdop>3.79</hdop>
	<extensions>
		<gpxtpx:TrackPointExtension>
			<gpxtpx:course>235.0</gpxtpx:course>
		</gpxtpx:TrackPointExtension>
	</extensions>
</trkpt>
<trkpt lat="43.6852104" lon="15.7795992">
	<ele>-55.13</ele>
	<time>2026-09-13T10:38:57.897Z</time>
	<hdop>3.79</hdop>
	<extensions>
		<gpxtpx:TrackPointExtension>
			<gpxtpx:course>236.0</gpxtpx:course>
		</gpxtpx:TrackPointExtension>
	</extensions>
</trkpt>
<trkpt lat="43.6851134" lon="15.7794135">
	<ele>-54.51</ele>
	<time>2026-09-13T10:39:07.897Z</time>
	<hdop>3.79</hdop>
	<extensions>
		<gpxtpx:TrackPointExtension>
			<gpxtpx:course>238.0</gpxtpx:course>
		</gpxtpx:TrackPointExtension>
	</extensions>
</trkpt>
<trkpt lat="43.6850201" lon="15.7792084">
	<ele>-59.97</ele>
	<time>2026-09-13T10:39:17.897Z</time>
	<hdop>3.79</hdop>
	<extensions>
		<gpxtpx:TrackPointExtension>
			<gpxtpx:course>237.0</gpxtpx:course>
		</gpxtpx:TrackPointExtension>
	</extensions>
</trkpt>
<trkpt lat="43.6849328" lon="15.7790042">
	<ele>-59.71</ele>
	<time>2026-09-13T10:39:27.898Z</time>
	<hdop>3.79</hdop>
	<extensions>
		<gpxtpx:TrackPointExtension>
			<gpxtpx:course>254.0</gpxtpx:course>
		</gpxtpx:TrackPointExtension>
	</extensions>
</trkpt>
<trkpt lat="43.6848084" lon="15.7788866">
	<ele>-58.96</ele>
	<time>2026-09-13T10:39:38.898Z</time>
	<hdop>3.79</hdop>
	<extensions>
		<gpxtpx:TrackPointExtension>
			<gpxtpx:course>170.0</gpxtpx:course>
		</gpxtpx:TrackPointExtension>
	</extensions>
</trkpt>
<trkpt lat="43.6846646" lon="15.7790041">
	<ele>-57.65</ele>
	<time>2026-09-13T10:39:49.895Z</time>
	<hdop>3.79</hdop>
	<extensions>
		<gpxtpx:TrackPointExtension>
			<gpxtpx:course>137.0</gpxtpx:course>
		</gpxtpx:TrackPointExtension>
	</extensions>
</trkpt>
<trkpt lat="43.6845347" lon="15.7791469">
	<ele>-54.70</ele>
	<time>2026-09-13T10:39:59.896Z</time>
	<hdop>3.79</hdop>
	<extensions>
		<gpxtpx:TrackPointExtension>
			<gpxtpx:course>143.0</gpxtpx:course>
		</gpxtpx:TrackPointExtension>
	</extensions>
</trkpt>
<trkpt lat="43.6844068" lon="15.7793022">
	<ele>-40.76</ele>
	<time>2026-09-13T10:40:09.897Z</time>
	<hdop>3.79</hdop>
	<extensions>
		<gpxtpx:TrackPointExtension>
			<gpxtpx:course>137.0</gpxtpx:course>
		</gpxtpx:TrackPointExtension>
	</extensions>
</trkpt>
<trkpt lat="43.6842736" lon="15.7794680">
	<ele>-33.72</ele>
	<time>2026-09-13T10:40:19.897Z</time>
	<hdop>3.79</hdop>
	<extensions>
		<gpxtpx:TrackPointExtension>
			<gpxtpx:course>136.0</gpxtpx:course>
		</gpxtpx:TrackPointExtension>
	</extensions>
</trkpt>
<trkpt lat="43.6841448" lon="15.7796433">
	<ele>-15.85</ele>
	<time>2026-09-13T10:40:29.898Z</time>
	<hdop>3.79</hdop>
	<extensions>
		<gpxtpx:TrackPointExtension>
			<gpxtpx:course>137.0</gpxtpx:course>
		</gpxtpx:TrackPointExtension>
	</extensions>
</trkpt>
<trkpt lat="43.6839630" lon="15.7798127">
	<ele>-12.27</ele>
	<time>2026-09-13T10:40:40.896Z</time>
	<hdop>3.79</hdop>
	<extensions>
		<gpxtpx:TrackPointExtension>
			<gpxtpx:course>145.0</gpxtpx:course>
		</gpxtpx:TrackPointExtension>
	</extensions>
</trkpt>
<trkpt lat="43.6837923" lon="15.7799725">
	<ele>-6.03</ele>
	<time>2026-09-13T10:40:50.897Z</time>
	<hdop>3.79</hdop>
	<extensions>
		<gpxtpx:TrackPointExtension>
			<gpxtpx:course>142.0</gpxtpx:course>
		</gpxtpx:TrackPointExtension>
	</extensions>
</trkpt>
<trkpt lat="43.6836165" lon="15.7801843">
	<ele>-0.49</ele>
	<time>2026-09-13T10:41:01.898Z</time>
	<hdop>3.79</hdop>
	<extensions>
		<gpxtpx:TrackPointExtension>
			<gpxtpx:course>133.0</gpxtpx:course>
		</gpxtpx:TrackPointExtension>
	</extensions>
</trkpt>
<trkpt lat="43.6834457" lon="15.7804027">
	<ele>1.78</ele>
	<time>2026-09-13T10:41:12.896Z</time>
	<hdop>3.79</hdop>
	<extensions>
		<gpxtpx:TrackPointExtension>
			<gpxtpx:course>138.0</gpxtpx:course>
		</gpxtpx:TrackPointExtension>
	</extensions>
</trkpt>
<trkpt lat="43.6833038" lon="15.7806036">
	<ele>5.09</ele>
	<time>2026-09-13T10:41:22.896Z</time>
	<hdop>3.79</hdop>
	<extensions>
		<gpxtpx:TrackPointExtension>
			<gpxtpx:course>127.0</gpxtpx:course>
		</gpxtpx:TrackPointExtension>
	</extensions>
</trkpt>
<trkpt lat="43.6831604" lon="15.7807999">
	<ele>11.14</ele>
	<time>2026-09-13T10:41:32.896Z</time>
	<hdop>3.79</hdop>
	<extensions>
		<gpxtpx:TrackPointExtension>
			<gpxtpx:course>182.0</gpxtpx:course>
		</gpxtpx:TrackPointExtension>
	</extensions>
</trkpt>
<trkpt lat="43.6830471" lon="15.7806214">
	<ele>7.61</ele>
	<time>2026-09-13T10:41:42.897Z</time>
	<hdop>3.79</hdop>
	<extensions>
		<gpxtpx:TrackPointExtension>
			<gpxtpx:course>245.0</gpxtpx:course>
		</gpxtpx:TrackPointExtension>
	</extensions>
</trkpt>
<trkpt lat="43.6829892" lon="15.7803794">
	<ele>5.07</ele>
	<time>2026-09-13T10:41:52.897Z</time>
	<hdop>3.79</hdop>
	<extensions>
		<gpxtpx:TrackPointExtension>
			<gpxtpx:course>241.0</gpxtpx:course>
		</gpxtpx:TrackPointExtension>
	</extensions>
</trkpt>
<trkpt lat="43.6828793" lon="15.7801620">
	<ele>-3.13</ele>
	<time>2026-09-13T10:42:02.897Z</time>
	<hdop>3.79</hdop>
	<extensions>
		<gpxtpx:TrackPointExtension>
			<gpxtpx:course>236.0</gpxtpx:course>
		</gpxtpx:TrackPointExtension>
	</extensions>
</trkpt>
<trkpt lat="43.6827494" lon="15.7799538">
	<ele>-15.11</ele>
	<time>2026-09-13T10:42:13.896Z</time>
	<hdop>3.79</hdop>
	<extensions>
		<gpxtpx:TrackPointExtension>
			<gpxtpx:course>239.0</gpxtpx:course>
		</gpxtpx:TrackPointExtension>
	</extensions>
</trkpt>
<trkpt lat="43.6826403" lon="15.7797432">
	<ele>-51.80</ele>
	<time>2026-09-13T10:42:23.897Z</time>
	<hdop>3.79</hdop>
	<extensions>
		<gpxtpx:TrackPointExtension>
			<gpxtpx:course>228.0</gpxtpx:course>
		</gpxtpx:TrackPointExtension>
	</extensions>
</trkpt>
<trkpt lat="43.6825045" lon="15.7795210">
	<ele>-85.14</ele>
	<time>2026-09-13T10:42:34.896Z</time>
	<hdop>3.79</hdop>
	<extensions>
		<gpxtpx:TrackPointExtension>
			<gpxtpx:course>225.0</gpxtpx:course>
		</gpxtpx:TrackPointExtension>
	</extensions>
</trkpt>
<trkpt lat="43.6823864" lon="15.7792951">
	<ele>-85.29</ele>
	<time>2026-09-13T10:42:45.898Z</time>
	<hdop>3.79</hdop>
	<extensions>
		<gpxtpx:TrackPointExtension>
			<gpxtpx:course>236.0</gpxtpx:course>
		</gpxtpx:TrackPointExtension>
	</extensions>
</trkpt>
<trkpt lat="43.6822679" lon="15.7790832">
	<ele>-54.43</ele>
	<time>2026-09-13T10:42:56.896Z</time>
	<hdop>3.79</hdop>
	<extensions>
		<gpxtpx:TrackPointExtension>
			<gpxtpx:course>228.0</gpxtpx:course>
		</gpxtpx:TrackPointExtension>
	</extensions>
</trkpt>
<trkpt lat="43.6821480" lon="15.7789077">
	<ele>-28.81</ele>
	<time>2026-09-13T10:43:06.897Z</time>
	<hdop>3.79</hdop>
	<extensions>
		<gpxtpx:TrackPointExtension>
			<gpxtpx:course>230.0</gpxtpx:course>
		</gpxtpx:TrackPointExtension>
	</extensions>
</trkpt>
<trkpt lat="43.6820261" lon="15.7786831">
	<ele>-8.62</ele>
	<time>2026-09-13T10:43:17.897Z</time>
	<hdop>3.79</hdop>
	<extensions>
		<gpxtpx:TrackPointExtension>
			<gpxtpx:course>234.0</gpxtpx:course>
		</gpxtpx:TrackPointExtension>
	</extensions>
</trkpt>
<trkpt lat="43.6819162" lon="15.7784202">
	<ele>7.93</ele>
	<time>2026-09-13T10:43:28.896Z</time>
	<hdop>3.79</hdop>
	<extensions>
		<gpxtpx:TrackPointExtension>
			<gpxtpx:course>239.0</gpxtpx:course>
		</gpxtpx:TrackPointExtension>
	</extensions>
</trkpt>
<trkpt lat="43.6818086" lon="15.7782016">
	<ele>10.37</ele>
	<time>2026-09-13T10:43:38.896Z</time>
	<hdop>3.79</hdop>
	<extensions>
		<gpxtpx:TrackPointExtension>
			<gpxtpx:course>229.0</gpxtpx:course>
		</gpxtpx:TrackPointExtension>
	</extensions>
</trkpt>
<trkpt lat="43.6816609" lon="15.7780165">
	<ele>-8.73</ele>
	<time>2026-09-13T10:43:49.897Z</time>
	<hdop>3.79</hdop>
	<extensions>
		<gpxtpx:TrackPointExtension>
			<gpxtpx:course>221.0</gpxtpx:course>
		</gpxtpx:TrackPointExtension>
	</extensions>
</trkpt>
<trkpt lat="43.6815289" lon="15.7778656">
	<ele>-21.59</ele>
	<time>2026-09-13T10:44:00.895Z</time>
	<hdop>3.79</hdop>
	<extensions>
		<gpxtpx:TrackPointExtension>
			<gpxtpx:course>224.0</gpxtpx:course>
		</gpxtpx:TrackPointExtension>
	</extensions>
</trkpt>
<trkpt lat="43.6814403" lon="15.7776830">
	<ele>-13.65</ele>
	<time>2026-09-13T10:44:10.897Z</time>
	<hdop>3.79</hdop>
	<extensions>
		<gpxtpx:TrackPointExtension>
			<gpxtpx:course>237.0</gpxtpx:course>
		</gpxtpx:TrackPointExtension>
	</extensions>
</trkpt>
<trkpt lat="43.6813716" lon="15.7774917">
	<ele>-0.45</ele>
	<time>2026-09-13T10:44:20.897Z</time>
	<hdop>3.79</hdop>
	<extensions>
		<gpxtpx:TrackPointExtension>
			<gpxtpx:course>246.0</gpxtpx:course>
		</gpxtpx:TrackPointExtension>
	</extensions>
</trkpt>
<trkpt lat="43.6812735" lon="15.7772737">
	<ele>5.87</ele>
	<time>2026-09-13T10:44:31.895Z</time>
	<hdop>3.79</hdop>
	<extensions>
		<gpxtpx:TrackPointExtension>
			<gpxtpx:course>237.0</gpxtpx:course>
		</gpxtpx:TrackPointExtension>
	</extensions>
</trkpt>
<trkpt lat="43.6811795" lon="15.7770648">
	<ele>13.81</ele>
	<time>2026-09-13T10:44:41.895Z</time>
	<hdop>3.79</hdop>
	<extensions>
		<gpxtpx:TrackPointExtension>
			<gpxtpx:course>240.0</gpxtpx:course>
		</gpxtpx:TrackPointExtension>
	</extensions>
</trkpt>
<trkpt lat="43.6810801" lon="15.7768583">
	<ele>18.10</ele>
	<time>2026-09-13T10:44:51.895Z</time>
	<hdop>3.79</hdop>
	<extensions>
		<gpxtpx:TrackPointExtension>
			<gpxtpx:course>237.0</gpxtpx:course>
		</gpxtpx:TrackPointExtension>
	</extensions>
</trkpt>
<trkpt lat="43.6809762" lon="15.7766442">
	<ele>15.37</ele>
	<time>2026-09-13T10:45:01.895Z</time>
	<hdop>3.79</hdop>
	<extensions>
		<gpxtpx:TrackPointExtension>
			<gpxtpx:course>242.0</gpxtpx:course>
		</gpxtpx:TrackPointExtension>
	</extensions>
</trkpt>
<trkpt lat="43.6808757" lon="15.7764262">
	<ele>-6.47</ele>
	<time>2026-09-13T10:45:11.897Z</time>
	<hdop>3.79</hdop>
	<extensions>
		<gpxtpx:TrackPointExtension>
			<gpxtpx:course>237.0</gpxtpx:course>
		</gpxtpx:TrackPointExtension>
	</extensions>
</trkpt>
<trkpt lat="43.6807764" lon="15.7761921">
	<ele>-32.87</ele>
	<time>2026-09-13T10:45:22.897Z</time>
	<hdop>3.79</hdop>
	<extensions>
		<gpxtpx:TrackPointExtension>
			<gpxtpx:course>237.0</gpxtpx:course>
		</gpxtpx:TrackPointExtension>
	</extensions>
</trkpt>
<trkpt lat="43.6806415" lon="15.7759536">
	<ele>-37.82</ele>
	<time>2026-09-13T10:45:33.896Z</time>
	<hdop>3.79</hdop>
	<extensions>
		<gpxtpx:TrackPointExtension>
			<gpxtpx:course>231.0</gpxtpx:course>
		</gpxtpx:TrackPointExtension>
	</extensions>
</trkpt>
<trkpt lat="43.6804839" lon="15.7757662">
	<ele>-30.88</ele>
	<time>2026-09-13T10:45:44.896Z</time>
	<hdop>6.40</hdop>
	<extensions>
		<gpxtpx:TrackPointExtension>
			<gpxtpx:course>225.0</gpxtpx:course>
		</gpxtpx:TrackPointExtension>
	</extensions>
</trkpt>
<trkpt lat="43.6803517" lon="15.7755582">
	<ele>-36.31</ele>
	<time>2026-09-13T10:45:55.895Z</time>
	<hdop>3.79</hdop>
	<extensions>
		<gpxtpx:TrackPointExtension>
			<gpxtpx:course>230.0</gpxtpx:course>
		</gpxtpx:TrackPointExtension>
	</extensions>
</trkpt>
<trkpt lat="43.6802387" lon="15.7753713">
	<ele>-34.04</ele>
	<time>2026-09-13T10:46:05.895Z</time>
	<hdop>3.79</hdop>
	<extensions>
		<gpxtpx:TrackPointExtension>
			<gpxtpx:course>230.0</gpxtpx:course>
		</gpxtpx:TrackPointExtension>
	</extensions>
</trkpt>
<trkpt lat="43.6801244" lon="15.7751603">
	<ele>-39.18</ele>
	<time>2026-09-13T10:46:16.896Z</time>
	<hdop>3.79</hdop>
	<extensions>
		<gpxtpx:TrackPointExtension>
			<gpxtpx:course>232.0</gpxtpx:course>
		</gpxtpx:TrackPointExtension>
	</extensions>
</trkpt>
<trkpt lat="43.6800320" lon="15.7749551">
	<ele>-35.49</ele>
	<time>2026-09-13T10:46:26.896Z</time>
	<hdop>3.79</hdop>
	<extensions>
		<gpxtpx:TrackPointExtension>
			<gpxtpx:course>237.0</gpxtpx:course>
		</gpxtpx:TrackPointExtension>
	</extensions>
</trkpt>
<trkpt lat="43.6799248" lon="15.7747428">
	<ele>-12.70</ele>
	<time>2026-09-13T10:46:36.896Z</time>
	<hdop>3.79</hdop>
	<extensions>
		<gpxtpx:TrackPointExtension>
			<gpxtpx:course>235.0</gpxtpx:course>
		</gpxtpx:TrackPointExtension>
	</extensions>
</trkpt>
<trkpt lat="43.6798061" lon="15.7744952">
	<ele>11.32</ele>
	<time>2026-09-13T10:46:47.896Z</time>
	<hdop>3.79</hdop>
	<extensions>
		<gpxtpx:TrackPointExtension>
			<gpxtpx:course>237.0</gpxtpx:course>
		</gpxtpx:TrackPointExtension>
	</extensions>
</trkpt>
<trkpt lat="43.6796917" lon="15.7742519">
	<ele>21.27</ele>
	<time>2026-09-13T10:46:58.896Z</time>
	<hdop>3.79</hdop>
	<extensions>
		<gpxtpx:TrackPointExtension>
			<gpxtpx:course>234.0</gpxtpx:course>
		</gpxtpx:TrackPointExtension>
	</extensions>
</trkpt>
<trkpt lat="43.6795682" lon="15.7740227">
	<ele>25.57</ele>
	<time>2026-09-13T10:47:09.896Z</time>
	<hdop>3.79</hdop>
	<extensions>
		<gpxtpx:TrackPointExtension>
			<gpxtpx:course>230.0</gpxtpx:course>
		</gpxtpx:TrackPointExtension>
	</extensions>
</trkpt>
<trkpt lat="43.6794145" lon="15.7738401">
	<ele>25.76</ele>
	<time>2026-09-13T10:47:20.894Z</time>
	<hdop>3.79</hdop>
	<extensions>
		<gpxtpx:TrackPointExtension>
			<gpxtpx:course>231.0</gpxtpx:course>
		</gpxtpx:TrackPointExtension>
	</extensions>
</trkpt>
<trkpt lat="43.6793073" lon="15.7736359">
	<ele>27.39</ele>
	<time>2026-09-13T10:47:30.896Z</time>
	<hdop>3.79</hdop>
	<extensions>
		<gpxtpx:TrackPointExtension>
			<gpxtpx:course>233.0</gpxtpx:course>
		</gpxtpx:TrackPointExtension>
	</extensions>
</trkpt>
<trkpt lat="43.6791842" lon="15.7733973">
	<ele>29.70</ele>
	<time>2026-09-13T10:47:41.895Z</time>
	<hdop>3.79</hdop>
	<extensions>
		<gpxtpx:TrackPointExtension>
			<gpxtpx:course>236.0</gpxtpx:course>
		</gpxtpx:TrackPointExtension>
	</extensions>
</trkpt>
<trkpt lat="43.6790762" lon="15.7731751">
	<ele>29.62</ele>
	<time>2026-09-13T10:47:51.896Z</time>
	<hdop>3.79</hdop>
	<extensions>
		<gpxtpx:TrackPointExtension>
			<gpxtpx:course>238.0</gpxtpx:course>
		</gpxtpx:TrackPointExtension>
	</extensions>
</trkpt>
<trkpt lat="43.6789728" lon="15.7729435">
	<ele>32.00</ele>
	<time>2026-09-13T10:48:02.896Z</time>
	<hdop>3.79</hdop>
	<extensions>
		<gpxtpx:TrackPointExtension>
			<gpxtpx:course>239.0</gpxtpx:course>
		</gpxtpx:TrackPointExtension>
	</extensions>
</trkpt>
<trkpt lat="43.6788736" lon="15.7727160">
	<ele>29.82</ele>
	<time>2026-09-13T10:48:13.896Z</time>
	<hdop>3.79</hdop>
	<extensions>
		<gpxtpx:TrackPointExtension>
			<gpxtpx:course>239.0</gpxtpx:course>
		</gpxtpx:TrackPointExtension>
	</extensions>
</trkpt>
<trkpt lat="43.6787922" lon="15.7724893">
	<ele>29.94</ele>
	<time>2026-09-13T10:48:24.894Z</time>
	<hdop>3.79</hdop>
	<extensions>
		<gpxtpx:TrackPointExtension>
			<gpxtpx:course>243.0</gpxtpx:course>
		</gpxtpx:TrackPointExtension>
	</extensions>
</trkpt>
<trkpt lat="43.6787290" lon="15.7723077">
	<ele>21.93</ele>
	<time>2026-09-13T10:48:34.896Z</time>
	<hdop>3.79</hdop>
	<extensions>
		<gpxtpx:TrackPointExtension>
			<gpxtpx:course>243.0</gpxtpx:course>
		</gpxtpx:TrackPointExtension>
	</extensions>
</trkpt>
<trkpt lat="43.6786606" lon="15.7721265">
	<ele>12.88</ele>
	<time>2026-09-13T10:48:45.896Z</time>
	<hdop>3.79</hdop>
	<extensions>
		<gpxtpx:TrackPointExtension>
			<gpxtpx:course>243.0</gpxtpx:course>
		</gpxtpx:TrackPointExtension>
	</extensions>
</trkpt>
<trkpt lat="43.6785971" lon="15.7719556">
	<ele>-0.90</ele>
	<time>2026-09-13T10:48:56.896Z</time>
	<hdop>3.79</hdop>
	<extensions>
		<gpxtpx:TrackPointExtension>
			<gpxtpx:course>242.0</gpxtpx:course>
		</gpxtpx:TrackPointExtension>
	</extensions>
</trkpt>
<trkpt lat="43.6785455" lon="15.7718104">
	<ele>-11.22</ele>
	<time>2026-09-13T10:49:06.896Z</time>
	<hdop>3.79</hdop>
	<extensions>
		<gpxtpx:TrackPointExtension>
			<gpxtpx:course>244.0</gpxtpx:course>
		</gpxtpx:TrackPointExtension>
	</extensions>
</trkpt>
<trkpt lat="43.6784854" lon="15.7716511">
	<ele>-17.16</ele>
	<time>2026-09-13T10:49:17.896Z</time>
	<hdop>3.79</hdop>
	<extensions>
		<gpxtpx:TrackPointExtension>
			<gpxtpx:course>244.0</gpxtpx:course>
		</gpxtpx:TrackPointExtension>
	</extensions>
</trkpt>
<trkpt lat="43.6784288" lon="15.7715117">
	<ele>-23.69</ele>
	<time>2026-09-13T10:49:27.897Z</time>
	<hdop>3.79</hdop>
	<extensions>
		<gpxtpx:TrackPointExtension>
			<gpxtpx:course>243.0</gpxtpx:course>
		</gpxtpx:TrackPointExtension>
	</extensions>
</trkpt>
<trkpt lat="43.6783849" lon="15.7713517">
	<ele>-30.55</ele>
	<time>2026-09-13T10:49:38.896Z</time>
	<hdop>3.79</hdop>
	<extensions>
		<gpxtpx:TrackPointExtension>
			<gpxtpx:course>244.0</gpxtpx:course>
		</gpxtpx:TrackPointExtension>
	</extensions>
</trkpt>
<trkpt lat="43.6783419" lon="15.7712105">
	<ele>-37.19</ele>
	<time>2026-09-13T10:49:48.897Z</time>
	<hdop>3.79</hdop>
	<extensions>
		<gpxtpx:TrackPointExtension>
			<gpxtpx:course>253.0</gpxtpx:course>
		</gpxtpx:TrackPointExtension>
	</extensions>
</trkpt>
<trkpt lat="43.6783080" lon="15.7710489">
	<ele>-41.54</ele>
	<time>2026-09-13T10:49:59.897Z</time>
	<hdop>3.79</hdop>
	<extensions>
		<gpxtpx:TrackPointExtension>
			<gpxtpx:course>250.0</gpxtpx:course>
		</gpxtpx:TrackPointExtension>
	</extensions>
</trkpt>
<trkpt lat="43.6782740" lon="15.7709066">
	<ele>-45.12</ele>
	<time>2026-09-13T10:50:09.897Z</time>
	<hdop>3.79</hdop>
	<extensions>
		<gpxtpx:TrackPointExtension>
			<gpxtpx:course>248.0</gpxtpx:course>
		</gpxtpx:TrackPointExtension>
	</extensions>
</trkpt>
<trkpt lat="43.6782323" lon="15.7707364">
	<ele>-48.25</ele>
	<time>2026-09-13T10:50:20.896Z</time>
	<hdop>3.79</hdop>
	<extensions>
		<gpxtpx:TrackPointExtension>
			<gpxtpx:course>253.0</gpxtpx:course>
		</gpxtpx:TrackPointExtension>
	</extensions>
</trkpt>
<trkpt lat="43.6782068" lon="15.7705771">
	<ele>-50.28</ele>
	<time>2026-09-13T10:50:30.896Z</time>
	<hdop>3.79</hdop>
	<extensions>
		<gpxtpx:TrackPointExtension>
			<gpxtpx:course>257.0</gpxtpx:course>
		</gpxtpx:TrackPointExtension>
	</extensions>
</trkpt>
<trkpt lat="43.6781758" lon="15.7704055">
	<ele>-51.41</ele>
	<time>2026-09-13T10:50:41.895Z</time>
	<hdop>3.79</hdop>
	<extensions>
		<gpxtpx:TrackPointExtension>
			<gpxtpx:course>256.0</gpxtpx:course>
		</gpxtpx:TrackPointExtension>
	</extensions>
</trkpt>
<trkpt lat="43.6781476" lon="15.7702344">
	<ele>-53.06</ele>
	<time>2026-09-13T10:50:51.897Z</time>
	<hdop>3.79</hdop>
	<extensions>
		<gpxtpx:TrackPointExtension>
			<gpxtpx:course>261.0</gpxtpx:course>
		</gpxtpx:TrackPointExtension>
	</extensions>
</trkpt>
<trkpt lat="43.6781081" lon="15.7700602">
	<ele>-53.07</ele>
	<time>2026-09-13T10:51:02.895Z</time>
	<hdop>3.79</hdop>
	<extensions>
		<gpxtpx:TrackPointExtension>
			<gpxtpx:course>252.0</gpxtpx:course>
		</gpxtpx:TrackPointExtension>
	</extensions>
</trkpt>
<trkpt lat="43.6780687" lon="15.7699051">
	<ele>-54.33</ele>
	<time>2026-09-13T10:51:12.896Z</time>
	<hdop>3.79</hdop>
	<extensions>
		<gpxtpx:TrackPointExtension>
			<gpxtpx:course>251.0</gpxtpx:course>
		</gpxtpx:TrackPointExtension>
	</extensions>
</trkpt>
<trkpt lat="43.6780280" lon="15.7697250">
	<ele>-56.31</ele>
	<time>2026-09-13T10:51:23.894Z</time>
	<hdop>3.79</hdop>
	<extensions>
		<gpxtpx:TrackPointExtension>
			<gpxtpx:course>259.0</gpxtpx:course>
		</gpxtpx:TrackPointExtension>
	</extensions>
</trkpt>
<trkpt lat="43.6779970" lon="15.7695552">
	<ele>-56.42</ele>
	<time>2026-09-13T10:51:33.896Z</time>
	<hdop>3.79</hdop>
	<extensions>
		<gpxtpx:TrackPointExtension>
			<gpxtpx:course>259.0</gpxtpx:course>
		</gpxtpx:TrackPointExtension>
	</extensions>
</trkpt>
<trkpt lat="43.6779683" lon="15.7694053">
	<ele>-58.46</ele>
	<time>2026-09-13T10:51:43.896Z</time>
	<hdop>3.79</hdop>
	<extensions>
		<gpxtpx:TrackPointExtension>
			<gpxtpx:course>257.0</gpxtpx:course>
		</gpxtpx:TrackPointExtension>
	</extensions>
</trkpt>
<trkpt lat="43.6779506" lon="15.7692203">
	<ele>-58.69</ele>
	<time>2026-09-13T10:51:54.896Z</time>
	<hdop>3.79</hdop>
	<extensions>
		<gpxtpx:TrackPointExtension>
			<gpxtpx:course>258.0</gpxtpx:course>
		</gpxtpx:TrackPointExtension>
	</extensions>
</trkpt>
<trkpt lat="43.6779244" lon="15.7689887">
	<ele>-57.83</ele>
	<time>2026-09-13T10:52:05.896Z</time>
	<hdop>3.79</hdop>
	<extensions>
		<gpxtpx:TrackPointExtension>
			<gpxtpx:course>261.0</gpxtpx:course>
		</gpxtpx:TrackPointExtension>
	</extensions>
</trkpt>
<trkpt lat="43.6779022" lon="15.7687120">
	<ele>-74.80</ele>
	<time>2026-09-13T10:52:16.893Z</time>
	<hdop>3.79</hdop>
	<extensions>
		<gpxtpx:TrackPointExtension>
			<gpxtpx:course>265.0</gpxtpx:course>
		</gpxtpx:TrackPointExtension>
	</extensions>
</trkpt>
<trkpt lat="43.6778650" lon="15.7684675">
	<ele>-80.35</ele>
	<time>2026-09-13T10:52:26.896Z</time>
	<hdop>3.79</hdop>
	<extensions>
		<gpxtpx:TrackPointExtension>
			<gpxtpx:course>252.0</gpxtpx:course>
		</gpxtpx:TrackPointExtension>
	</extensions>
</trkpt>
<trkpt lat="43.6778061" lon="15.7682386">
	<ele>-47.03</ele>
	<time>2026-09-13T10:52:37.894Z</time>
	<hdop>3.79</hdop>
	<extensions>
		<gpxtpx:TrackPointExtension>
			<gpxtpx:course>251.0</gpxtpx:course>
		</gpxtpx:TrackPointExtension>
	</extensions>
</trkpt>
<trkpt lat="43.6777435" lon="15.7680836">
	<ele>-11.97</ele>
	<time>2026-09-13T10:52:47.896Z</time>
	<hdop>3.79</hdop>
	<extensions>
		<gpxtpx:TrackPointExtension>
			<gpxtpx:course>244.0</gpxtpx:course>
		</gpxtpx:TrackPointExtension>
	</extensions>
</trkpt>
<trkpt lat="43.6776930" lon="15.7679089">
	<ele>-2.65</ele>
	<time>2026-09-13T10:52:58.895Z</time>
	<hdop>3.79</hdop>
	<extensions>
		<gpxtpx:TrackPointExtension>
			<gpxtpx:course>253.0</gpxtpx:course>
		</gpxtpx:TrackPointExtension>
	</extensions>
</trkpt>
<trkpt lat="43.6776528" lon="15.7677475">
	<ele>1.64</ele>
	<time>2026-09-13T10:53:09.893Z</time>
	<hdop>3.79</hdop>
	<extensions>
		<gpxtpx:TrackPointExtension>
			<gpxtpx:course>247.0</gpxtpx:course>
		</gpxtpx:TrackPointExtension>
	</extensions>
</trkpt>
<trkpt lat="43.6776414" lon="15.7676075">
	<ele>8.17</ele>
	<time>2026-09-13T10:53:19.894Z</time>
	<hdop>3.79</hdop>
	<extensions>
		<gpxtpx:TrackPointExtension>
			<gpxtpx:course>271.0</gpxtpx:course>
		</gpxtpx:TrackPointExtension>
	</extensions>
</trkpt>
<trkpt lat="43.6776672" lon="15.7674509">
	<ele>12.56</ele>
	<time>2026-09-13T10:53:29.895Z</time>
	<hdop>3.79</hdop>
	<extensions>
		<gpxtpx:TrackPointExtension>
			<gpxtpx:course>290.0</gpxtpx:course>
		</gpxtpx:TrackPointExtension>
	</extensions>
</trkpt>
<trkpt lat="43.6776701" lon="15.7672829">
	<ele>13.82</ele>
	<time>2026-09-13T10:53:40.893Z</time>
	<hdop>3.79</hdop>
	<extensions>
		<gpxtpx:TrackPointExtension>
			<gpxtpx:course>251.0</gpxtpx:course>
		</gpxtpx:TrackPointExtension>
	</extensions>
</trkpt>
<trkpt lat="43.6776250" lon="15.7671387">
	<ele>19.22</ele>
	<time>2026-09-13T10:53:50.893Z</time>
	<hdop>3.79</hdop>
	<extensions>
		<gpxtpx:TrackPointExtension>
			<gpxtpx:course>246.0</gpxtpx:course>
		</gpxtpx:TrackPointExtension>
	</extensions>
</trkpt>
<trkpt lat="43.6775679" lon="15.7669921">
	<ele>24.86</ele>
	<time>2026-09-13T10:54:00.894Z</time>
	<hdop>3.79</hdop>
	<extensions>
		<gpxtpx:TrackPointExtension>
			<gpxtpx:course>234.0</gpxtpx:course>
		</gpxtpx:TrackPointExtension>
	</extensions>
</trkpt>
<trkpt lat="43.6774967" lon="15.7668514">
	<ele>22.22</ele>
	<time>2026-09-13T10:54:10.895Z</time>
	<hdop>3.79</hdop>
	<extensions>
		<gpxtpx:TrackPointExtension>
			<gpxtpx:course>237.0</gpxtpx:course>
		</gpxtpx:TrackPointExtension>
	</extensions>
</trkpt>
<trkpt lat="43.6774250" lon="15.7666883">
	<ele>22.12</ele>
	<time>2026-09-13T10:54:21.894Z</time>
	<hdop>3.79</hdop>
	<extensions>
		<gpxtpx:TrackPointExtension>
			<gpxtpx:course>243.0</gpxtpx:course>
		</gpxtpx:TrackPointExtension>
	</extensions>
</trkpt>
<trkpt lat="43.6773629" lon="15.7665276">
	<ele>21.18</ele>
	<time>2026-09-13T10:54:31.895Z</time>
	<hdop>3.79</hdop>
	<extensions>
		<gpxtpx:TrackPointExtension>
			<gpxtpx:course>241.0</gpxtpx:course>
		</gpxtpx:TrackPointExtension>
	</extensions>
</trkpt>
<trkpt lat="43.6773076" lon="15.7663161">
	<ele>29.07</ele>
	<time>2026-09-13T10:54:42.895Z</time>
	<hdop>3.79</hdop>
	<extensions>
		<gpxtpx:TrackPointExtension>
			<gpxtpx:course>247.0</gpxtpx:course>
		</gpxtpx:TrackPointExtension>
	</extensions>
</trkpt>
<trkpt lat="43.6772270" lon="15.7661148">
	<ele>26.38</ele>
	<time>2026-09-13T10:54:52.895Z</time>
	<hdop>3.79</hdop>
	<extensions>
		<gpxtpx:TrackPointExtension>
			<gpxtpx:course>241.0</gpxtpx:course>
		</gpxtpx:TrackPointExtension>
	</extensions>
</trkpt>
<trkpt lat="43.6771480" lon="15.7659032">
	<ele>25.02</ele>
	<time>2026-09-13T10:55:02.895Z</time>
	<hdop>3.79</hdop>
	<extensions>
		<gpxtpx:TrackPointExtension>
			<gpxtpx:course>244.0</gpxtpx:course>
		</gpxtpx:TrackPointExtension>
	</extensions>
</trkpt>
<trkpt lat="43.6770636" lon="15.7656245">
	<ele>35.25</ele>
	<time>2026-09-13T10:55:13.894Z</time>
	<hdop>3.79</hdop>
	<extensions>
		<gpxtpx:TrackPointExtension>
			<gpxtpx:course>250.0</gpxtpx:course>
		</gpxtpx:TrackPointExtension>
	</extensions>
</trkpt>
<trkpt lat="43.6770212" lon="15.7653465">
	<ele>28.52</ele>
	<time>2026-09-13T10:55:23.895Z</time>
	<hdop>3.79</hdop>
	<extensions>
		<gpxtpx:TrackPointExtension>
			<gpxtpx:course>258.0</gpxtpx:course>
		</gpxtpx:TrackPointExtension>
	</extensions>
</trkpt>
<trkpt lat="43.6769282" lon="15.7650849">
	<ele>31.58</ele>
	<time>2026-09-13T10:55:33.895Z</time>
	<hdop>3.79</hdop>
	<extensions>
		<gpxtpx:TrackPointExtension>
			<gpxtpx:course>248.0</gpxtpx:course>
		</gpxtpx:TrackPointExtension>
	</extensions>
</trkpt>
<trkpt lat="43.6768427" lon="15.7648370">
	<ele>35.95</ele>
	<time>2026-09-13T10:55:43.895Z</time>
	<hdop>3.79</hdop>
	<extensions>
		<gpxtpx:TrackPointExtension>
			<gpxtpx:course>243.0</gpxtpx:course>
		</gpxtpx:TrackPointExtension>
	</extensions>
</trkpt>
<trkpt lat="43.6767728" lon="15.7645896">
	<ele>34.30</ele>
	<time>2026-09-13T10:55:53.896Z</time>
	<hdop>3.79</hdop>
	<extensions>
		<gpxtpx:TrackPointExtension>
			<gpxtpx:course>248.0</gpxtpx:course>
		</gpxtpx:TrackPointExtension>
	</extensions>
</trkpt>
<trkpt lat="43.6766884" lon="15.7642953">
	<ele>32.11</ele>
	<time>2026-09-13T10:56:04.893Z</time>
	<hdop>3.79</hdop>
	<extensions>
		<gpxtpx:TrackPointExtension>
			<gpxtpx:course>249.0</gpxtpx:course>
		</gpxtpx:TrackPointExtension>
	</extensions>
</trkpt>
<trkpt lat="43.6766051" lon="15.7639999">
	<ele>39.63</ele>
	<time>2026-09-13T10:56:14.894Z</time>
	<hdop>3.79</hdop>
	<extensions>
		<gpxtpx:TrackPointExtension>
			<gpxtpx:course>253.0</gpxtpx:course>
		</gpxtpx:TrackPointExtension>
	</extensions>
</trkpt>
<trkpt lat="43.6765242" lon="15.7636983">
	<ele>37.31</ele>
	<time>2026-09-13T10:56:24.895Z</time>
	<hdop>3.79</hdop>
	<extensions>
		<gpxtpx:TrackPointExtension>
			<gpxtpx:course>246.0</gpxtpx:course>
		</gpxtpx:TrackPointExtension>
	</extensions>
</trkpt>
<trkpt lat="43.6764298" lon="15.7634205">
	<ele>37.12</ele>
	<time>2026-09-13T10:56:34.895Z</time>
	<hdop>3.79</hdop>
	<extensions>
		<gpxtpx:TrackPointExtension>
			<gpxtpx:course>247.0</gpxtpx:course>
		</gpxtpx:TrackPointExtension>
	</extensions>
</trkpt>
<trkpt lat="43.6763403" lon="15.7631616">
	<ele>37.50</ele>
	<time>2026-09-13T10:56:44.895Z</time>
	<hdop>3.79</hdop>
	<extensions>
		<gpxtpx:TrackPointExtension>
			<gpxtpx:course>242.0</gpxtpx:course>
		</gpxtpx:TrackPointExtension>
	</extensions>
</trkpt>
<trkpt lat="43.6762460" lon="15.7628806">
	<ele>34.95</ele>
	<time>2026-09-13T10:56:55.895Z</time>
	<hdop>3.79</hdop>
	<extensions>
		<gpxtpx:TrackPointExtension>
			<gpxtpx:course>244.0</gpxtpx:course>
		</gpxtpx:TrackPointExtension>
	</extensions>
</trkpt>
<trkpt lat="43.6761454" lon="15.7626218">
	<ele>34.29</ele>
	<time>2026-09-13T10:57:06.894Z</time>
	<hdop>3.79</hdop>
	<extensions>
		<gpxtpx:TrackPointExtension>
			<gpxtpx:course>242.0</gpxtpx:course>
		</gpxtpx:TrackPointExtension>
	</extensions>
</trkpt>
<trkpt lat="43.6760575" lon="15.7623806">
	<ele>33.55</ele>
	<time>2026-09-13T10:57:16.894Z</time>
	<hdop>3.79</hdop>
	<extensions>
		<gpxtpx:TrackPointExtension>
			<gpxtpx:course>241.0</gpxtpx:course>
		</gpxtpx:TrackPointExtension>
	</extensions>
</trkpt>
<trkpt lat="43.6759648" lon="15.7621434">
	<ele>28.17</ele>
	<time>2026-09-13T10:57:26.895Z</time>
	<hdop>3.79</hdop>
	<extensions>
		<gpxtpx:TrackPointExtension>
			<gpxtpx:course>242.0</gpxtpx:course>
		</gpxtpx:TrackPointExtension>
	</extensions>
</trkpt>
<trkpt lat="43.6758732" lon="15.7618949">
	<ele>28.92</ele>
	<time>2026-09-13T10:57:37.894Z</time>
	<hdop>3.79</hdop>
	<extensions>
		<gpxtpx:TrackPointExtension>
			<gpxtpx:course>242.0</gpxtpx:course>
		</gpxtpx:TrackPointExtension>
	</extensions>
</trkpt>
<trkpt lat="43.6757993" lon="15.7616615">
	<ele>27.02</ele>
	<time>2026-09-13T10:57:47.894Z</time>
	<hdop>3.79</hdop>
	<extensions>
		<gpxtpx:TrackPointExtension>
			<gpxtpx:course>246.0</gpxtpx:course>
		</gpxtpx:TrackPointExtension>
	</extensions>
</trkpt>
<trkpt lat="43.6757277" lon="15.7614184">
	<ele>23.10</ele>
	<time>2026-09-13T10:57:57.894Z</time>
	<hdop>3.79</hdop>
	<extensions>
		<gpxtpx:TrackPointExtension>
			<gpxtpx:course>247.0</gpxtpx:course>
		</gpxtpx:TrackPointExtension>
	</extensions>
</trkpt>
<trkpt lat="43.6756587" lon="15.7611235">
	<ele>21.86</ele>
	<time>2026-09-13T10:58:07.894Z</time>
	<hdop>3.79</hdop>
	<extensions>
		<gpxtpx:TrackPointExtension>
			<gpxtpx:course>253.0</gpxtpx:course>
		</gpxtpx:TrackPointExtension>
	</extensions>
</trkpt>
<trkpt lat="43.6755716" lon="15.7608058">
	<ele>22.68</ele>
	<time>2026-09-13T10:58:17.895Z</time>
	<hdop>3.79</hdop>
	<extensions>
		<gpxtpx:TrackPointExtension>
			<gpxtpx:course>244.0</gpxtpx:course>
		</gpxtpx:TrackPointExtension>
	</extensions>
</trkpt>
<trkpt lat="43.6754674" lon="15.7605207">
	<ele>22.03</ele>
	<time>2026-09-13T10:58:27.895Z</time>
	<hdop>3.79</hdop>
	<extensions>
		<gpxtpx:TrackPointExtension>
			<gpxtpx:course>245.0</gpxtpx:course>
		</gpxtpx:TrackPointExtension>
	</extensions>
</trkpt>
<trkpt lat="43.6753634" lon="15.7601809">
	<ele>25.39</ele>
	<time>2026-09-13T10:58:38.895Z</time>
	<hdop>4.40</hdop>
	<extensions>
		<gpxtpx:TrackPointExtension>
			<gpxtpx:course>243.13051</gpxtpx:course>
		</gpxtpx:TrackPointExtension>
	</extensions>
</trkpt>
<trkpt lat="43.6752659" lon="15.7598952">
	<ele>19.44</ele>
	<time>2026-09-13T10:58:48.895Z</time>
	<hdop>4.47</hdop>
	<extensions>
		<gpxtpx:TrackPointExtension>
			<gpxtpx:course>246.22878</gpxtpx:course>
		</gpxtpx:TrackPointExtension>
	</extensions>
</trkpt>
<trkpt lat="43.6751758" lon="15.7596142">
	<ele>16.35</ele>
	<time>2026-09-13T10:58:58.895Z</time>
	<hdop>4.60</hdop>
	<extensions>
		<gpxtpx:TrackPointExtension>
			<gpxtpx:course>244.76457</gpxtpx:course>
		</gpxtpx:TrackPointExtension>
	</extensions>
</trkpt>
<trkpt lat="43.6750561" lon="15.7593301">
	<ele>21.79</ele>
	<time>2026-09-13T10:59:09.894Z</time>
	<hdop>4.18</hdop>
	<extensions>
		<gpxtpx:TrackPointExtension>
			<gpxtpx:course>242.49504</gpxtpx:course>
		</gpxtpx:TrackPointExtension>
	</extensions>
</trkpt>
<trkpt lat="43.6749500" lon="15.7590804">
	<ele>15.12</ele>
	<time>2026-09-13T10:59:19.895Z</time>
	<hdop>4.29</hdop>
	<extensions>
		<gpxtpx:TrackPointExtension>
			<gpxtpx:course>242.41206</gpxtpx:course>
		</gpxtpx:TrackPointExtension>
	</extensions>
</trkpt>
<trkpt lat="43.6748547" lon="15.7588037">
	<ele>13.24</ele>
	<time>2026-09-13T10:59:30.895Z</time>
	<hdop>4.57</hdop>
	<extensions>
		<gpxtpx:TrackPointExtension>
			<gpxtpx:course>236.71024</gpxtpx:course>
		</gpxtpx:TrackPointExtension>
	</extensions>
</trkpt>
<trkpt lat="43.6747498" lon="15.7585404">
	<ele>17.33</ele>
	<time>2026-09-13T10:59:41.893Z</time>
	<hdop>4.31</hdop>
	<extensions>
		<gpxtpx:TrackPointExtension>
			<gpxtpx:course>245.6996</gpxtpx:course>
		</gpxtpx:TrackPointExtension>
	</extensions>
</trkpt>
<trkpt lat="43.6746812" lon="15.7582837">
	<ele>11.68</ele>
	<time>2026-09-13T10:59:51.894Z</time>
	<hdop>4.24</hdop>
	<extensions>
		<gpxtpx:TrackPointExtension>
			<gpxtpx:course>249.05086</gpxtpx:course>
		</gpxtpx:TrackPointExtension>
	</extensions>
</trkpt>
<trkpt lat="43.6745984" lon="15.7580099">
	<ele>12.24</ele>
	<time>2026-09-13T11:00:02.892Z</time>
	<hdop>4.39</hdop>
	<extensions>
		<gpxtpx:TrackPointExtension>
			<gpxtpx:course>246.71346</gpxtpx:course>
		</gpxtpx:TrackPointExtension>
	</extensions>
</trkpt>
<trkpt lat="43.6745225" lon="15.7577745">
	<ele>12.94</ele>
	<time>2026-09-13T11:00:12.892Z</time>
	<hdop>4.67</hdop>
	<extensions>
		<gpxtpx:TrackPointExtension>
			<gpxtpx:course>247.71062</gpxtpx:course>
		</gpxtpx:TrackPointExtension>
	</extensions>
</trkpt>
<trkpt lat="43.6744470" lon="15.7575538">
	<ele>7.33</ele>
	<time>2026-09-13T11:00:22.894Z</time>
	<hdop>4.28</hdop>
	<extensions>
		<gpxtpx:TrackPointExtension>
			<gpxtpx:course>244.77867</gpxtpx:course>
		</gpxtpx:TrackPointExtension>
	</extensions>
</trkpt>
<trkpt lat="43.6744014" lon="15.7573345">
	<ele>13.48</ele>
	<time>2026-09-13T11:00:32.894Z</time>
	<hdop>4.15</hdop>
	<extensions>
		<gpxtpx:TrackPointExtension>
			<gpxtpx:course>248.94075</gpxtpx:course>
		</gpxtpx:TrackPointExtension>
	</extensions>
</trkpt>
<trkpt lat="43.6743282" lon="15.7571039">
	<ele>-12.46</ele>
	<time>2026-09-13T11:00:43.895Z</time>
	<hdop>4.39</hdop>
	<extensions>
		<gpxtpx:TrackPointExtension>
			<gpxtpx:course>253.92082</gpxtpx:course>
		</gpxtpx:TrackPointExtension>
	</extensions>
</trkpt>
<trkpt lat="43.6742643" lon="15.7568863">
	<ele>-47.29</ele>
	<time>2026-09-13T11:00:54.767Z</time>
	<hdop>4.40</hdop>
	<extensions>
		<gpxtpx:TrackPointExtension>
			<gpxtpx:course>246.00426</gpxtpx:course>
		</gpxtpx:TrackPointExtension>
	</extensions>
</trkpt>
<trkpt lat="43.6741931" lon="15.7566775">
	<ele>-30.80</ele>
	<time>2026-09-13T11:01:04.895Z</time>
	<hdop>4.42</hdop>
	<extensions>
		<gpxtpx:TrackPointExtension>
			<gpxtpx:course>245.81546</gpxtpx:course>
		</gpxtpx:TrackPointExtension>
	</extensions>
</trkpt>
<trkpt lat="43.6741173" lon="15.7564299">
	<ele>-17.39</ele>
	<time>2026-09-13T11:01:15.894Z</time>
	<hdop>4.86</hdop>
	<extensions>
		<gpxtpx:TrackPointExtension>
			<gpxtpx:course>252.18658</gpxtpx:course>
		</gpxtpx:TrackPointExtension>
	</extensions>
</trkpt>
<trkpt lat="43.6740569" lon="15.7561758">
	<ele>-0.60</ele>
	<time>2026-09-13T11:01:26.895Z</time>
	<hdop>4.30</hdop>
	<extensions>
		<gpxtpx:TrackPointExtension>
			<gpxtpx:course>249.68704</gpxtpx:course>
		</gpxtpx:TrackPointExtension>
	</extensions>
</trkpt>
<trkpt lat="43.6739875" lon="15.7559153">
	<ele>11.25</ele>
	<time>2026-09-13T11:01:37.894Z</time>
	<hdop>4.13</hdop>
	<extensions>
		<gpxtpx:TrackPointExtension>
			<gpxtpx:course>246.54858</gpxtpx:course>
		</gpxtpx:TrackPointExtension>
	</extensions>
</trkpt>
<trkpt lat="43.6739209" lon="15.7556799">
	<ele>12.96</ele>
	<time>2026-09-13T11:01:47.894Z</time>
	<hdop>4.27</hdop>
	<extensions>
		<gpxtpx:TrackPointExtension>
			<gpxtpx:course>244.15277</gpxtpx:course>
		</gpxtpx:TrackPointExtension>
	</extensions>
</trkpt>
<trkpt lat="43.6738408" lon="15.7554088">
	<ele>12.27</ele>
	<time>2026-09-13T11:01:58.895Z</time>
	<hdop>4.39</hdop>
	<extensions>
		<gpxtpx:TrackPointExtension>
			<gpxtpx:course>249.30455</gpxtpx:course>
		</gpxtpx:TrackPointExtension>
	</extensions>
</trkpt>
<trkpt lat="43.6737604" lon="15.7551155">
	<ele>10.99</ele>
	<time>2026-09-13T11:02:09.893Z</time>
	<hdop>4.35</hdop>
	<extensions>
		<gpxtpx:TrackPointExtension>
			<gpxtpx:course>248.99403</gpxtpx:course>
		</gpxtpx:TrackPointExtension>
	</extensions>
</trkpt>
<trkpt lat="43.6736826" lon="15.7548366">
	<ele>14.79</ele>
	<time>2026-09-13T11:02:19.894Z</time>
	<hdop>4.16</hdop>
	<extensions>
		<gpxtpx:TrackPointExtension>
			<gpxtpx:course>254.40912</gpxtpx:course>
		</gpxtpx:TrackPointExtension>
	</extensions>
</trkpt>
<trkpt lat="43.6736065" lon="15.7545761">
	<ele>13.12</ele>
	<time>2026-09-13T11:02:29.894Z</time>
	<hdop>4.67</hdop>
	<extensions>
		<gpxtpx:TrackPointExtension>
			<gpxtpx:course>243.5117</gpxtpx:course>
		</gpxtpx:TrackPointExtension>
	</extensions>
</trkpt>
<trkpt lat="43.6735244" lon="15.7543354">
	<ele>11.56</ele>
	<time>2026-09-13T11:02:39.894Z</time>
	<hdop>4.50</hdop>
	<extensions>
		<gpxtpx:TrackPointExtension>
			<gpxtpx:course>248.53947</gpxtpx:course>
		</gpxtpx:TrackPointExtension>
	</extensions>
</trkpt>
<trkpt lat="43.6734307" lon="15.7540660">
	<ele>12.22</ele>
	<time>2026-09-13T11:02:50.893Z</time>
	<hdop>4.50</hdop>
	<extensions>
		<gpxtpx:TrackPointExtension>
			<gpxtpx:course>245.82664</gpxtpx:course>
		</gpxtpx:TrackPointExtension>
	</extensions>
</trkpt>
<trkpt lat="43.6733456" lon="15.7538326">
	<ele>2.32</ele>
	<time>2026-09-13T11:03:00.895Z</time>
	<hdop>4.46</hdop>
	<extensions>
		<gpxtpx:TrackPointExtension>
			<gpxtpx:course>254.34875</gpxtpx:course>
		</gpxtpx:TrackPointExtension>
	</extensions>
</trkpt>
<trkpt lat="43.6732856" lon="15.7535653">
	<ele>-17.41</ele>
	<time>2026-09-13T11:03:11.895Z</time>
	<hdop>3.92</hdop>
	<extensions>
		<gpxtpx:TrackPointExtension>
			<gpxtpx:course>266.06055</gpxtpx:course>
		</gpxtpx:TrackPointExtension>
	</extensions>
</trkpt>
<trkpt lat="43.6731947" lon="15.7532995">
	<ele>-38.35</ele>
	<time>2026-09-13T11:03:22.894Z</time>
	<hdop>4.25</hdop>
	<extensions>
		<gpxtpx:TrackPointExtension>
			<gpxtpx:course>245.93861</gpxtpx:course>
		</gpxtpx:TrackPointExtension>
	</extensions>
</trkpt>
<trkpt lat="43.6731070" lon="15.7530769">
	<ele>-25.68</ele>
	<time>2026-09-13T11:03:32.895Z</time>
	<hdop>4.20</hdop>
	<extensions>
		<gpxtpx:TrackPointExtension>
			<gpxtpx:course>243.85696</gpxtpx:course>
		</gpxtpx:TrackPointExtension>
	</extensions>
</trkpt>
<trkpt lat="43.6730063" lon="15.7528508">
	<ele>-15.15</ele>
	<time>2026-09-13T11:03:43.895Z</time>
	<hdop>4.39</hdop>
	<extensions>
		<gpxtpx:TrackPointExtension>
			<gpxtpx:course>240.92111</gpxtpx:course>
		</gpxtpx:TrackPointExtension>
	</extensions>
</trkpt>
<trkpt lat="43.6729336" lon="15.7526181">
	<ele>-6.51</ele>
	<time>2026-09-13T11:03:54.893Z</time>
	<hdop>4.01</hdop>
	<extensions>
		<gpxtpx:TrackPointExtension>
			<gpxtpx:course>247.18858</gpxtpx:course>
		</gpxtpx:TrackPointExtension>
	</extensions>
</trkpt>
<trkpt lat="43.6728847" lon="15.7524169">
	<ele>-1.33</ele>
	<time>2026-09-13T11:04:04.894Z</time>
	<hdop>4.05</hdop>
	<extensions>
		<gpxtpx:TrackPointExtension>
			<gpxtpx:course>251.0</gpxtpx:course>
		</gpxtpx:TrackPointExtension>
	</extensions>
</trkpt>
<trkpt lat="43.6728384" lon="15.7521886">
	<ele>-0.24</ele>
	<time>2026-09-13T11:04:14.894Z</time>
	<hdop>3.79</hdop>
	<extensions>
		<gpxtpx:TrackPointExtension>
			<gpxtpx:course>251.0</gpxtpx:course>
		</gpxtpx:TrackPointExtension>
	</extensions>
</trkpt>
<trkpt lat="43.6727927" lon="15.7519377">
	<ele>-0.93</ele>
	<time>2026-09-13T11:04:25.893Z</time>
	<hdop>3.79</hdop>
	<extensions>
		<gpxtpx:TrackPointExtension>
			<gpxtpx:course>257.0</gpxtpx:course>
		</gpxtpx:TrackPointExtension>
	</extensions>
</trkpt>
<trkpt lat="43.6727578" lon="15.7516887">
	<ele>-2.06</ele>
	<time>2026-09-13T11:04:35.893Z</time>
	<hdop>3.79</hdop>
	<extensions>
		<gpxtpx:TrackPointExtension>
			<gpxtpx:course>260.0</gpxtpx:course>
		</gpxtpx:TrackPointExtension>
	</extensions>
</trkpt>
<trkpt lat="43.6727209" lon="15.7514322">
	<ele>-0.42</ele>
	<time>2026-09-13T11:04:45.895Z</time>
	<hdop>3.79</hdop>
	<extensions>
		<gpxtpx:TrackPointExtension>
			<gpxtpx:course>259.0</gpxtpx:course>
		</gpxtpx:TrackPointExtension>
	</extensions>
</trkpt>
<trkpt lat="43.6726730" lon="15.7511573">
	<ele>-1.63</ele>
	<time>2026-09-13T11:04:56.895Z</time>
	<hdop>3.79</hdop>
	<extensions>
		<gpxtpx:TrackPointExtension>
			<gpxtpx:course>255.0</gpxtpx:course>
		</gpxtpx:TrackPointExtension>
	</extensions>
</trkpt>
<trkpt lat="43.6726085" lon="15.7509188">
	<ele>-1.28</ele>
	<time>2026-09-13T11:05:07.894Z</time>
	<hdop>3.79</hdop>
	<extensions>
		<gpxtpx:TrackPointExtension>
			<gpxtpx:course>243.0</gpxtpx:course>
		</gpxtpx:TrackPointExtension>
	</extensions>
</trkpt>
<trkpt lat="43.6725285" lon="15.7507278">
	<ele>-5.95</ele>
	<time>2026-09-13T11:05:18.893Z</time>
	<hdop>3.79</hdop>
	<extensions>
		<gpxtpx:TrackPointExtension>
			<gpxtpx:course>240.0</gpxtpx:course>
		</gpxtpx:TrackPointExtension>
	</extensions>
</trkpt>
<trkpt lat="43.6724561" lon="15.7505645">
	<ele>-6.12</ele>
	<time>2026-09-13T11:05:28.893Z</time>
	<hdop>3.79</hdop>
	<extensions>
		<gpxtpx:TrackPointExtension>
			<gpxtpx:course>219.0</gpxtpx:course>
		</gpxtpx:TrackPointExtension>
	</extensions>
</trkpt>
<trkpt lat="43.6723411" lon="15.7505625">
	<ele>-3.82</ele>
	<time>2026-09-13T11:05:38.893Z</time>
	<hdop>3.79</hdop>
	<extensions>
		<gpxtpx:TrackPointExtension>
			<gpxtpx:course>170.0</gpxtpx:course>
		</gpxtpx:TrackPointExtension>
	</extensions>
</trkpt>
<trkpt lat="43.6722093" lon="15.7506190">
	<ele>-11.51</ele>
	<time>2026-09-13T11:05:49.894Z</time>
	<hdop>3.79</hdop>
	<extensions>
		<gpxtpx:TrackPointExtension>
			<gpxtpx:course>160.0</gpxtpx:course>
		</gpxtpx:TrackPointExtension>
	</extensions>
</trkpt>
<trkpt lat="43.6720726" lon="15.7506956">
	<ele>-19.93</ele>
	<time>2026-09-13T11:05:59.894Z</time>
	<hdop>3.79</hdop>
	<extensions>
		<gpxtpx:TrackPointExtension>
			<gpxtpx:course>158.0</gpxtpx:course>
		</gpxtpx:TrackPointExtension>
	</extensions>
</trkpt>
<trkpt lat="43.6718950" lon="15.7507740">
	<ele>-37.20</ele>
	<time>2026-09-13T11:06:10.892Z</time>
	<hdop>3.79</hdop>
	<extensions>
		<gpxtpx:TrackPointExtension>
			<gpxtpx:course>167.0</gpxtpx:course>
		</gpxtpx:TrackPointExtension>
	</extensions>
</trkpt>
<trkpt lat="43.6717330" lon="15.7507979">
	<ele>-51.67</ele>
	<time>2026-09-13T11:06:20.894Z</time>
	<hdop>3.79</hdop>
	<extensions>
		<gpxtpx:TrackPointExtension>
			<gpxtpx:course>178.0</gpxtpx:course>
		</gpxtpx:TrackPointExtension>
	</extensions>
</trkpt>
<trkpt lat="43.6715873" lon="15.7507953">
	<ele>-46.15</ele>
	<time>2026-09-13T11:06:31.893Z</time>
	<hdop>3.79</hdop>
	<extensions>
		<gpxtpx:TrackPointExtension>
			<gpxtpx:course>179.0</gpxtpx:course>
		</gpxtpx:TrackPointExtension>
	</extensions>
</trkpt>
<trkpt lat="43.6714527" lon="15.7508064">
	<ele>-41.13</ele>
	<time>2026-09-13T11:06:42.893Z</time>
	<hdop>3.79</hdop>
	<extensions>
		<gpxtpx:TrackPointExtension>
			<gpxtpx:course>181.0</gpxtpx:course>
		</gpxtpx:TrackPointExtension>
	</extensions>
</trkpt>
<trkpt lat="43.6713353" lon="15.7507892">
	<ele>-35.97</ele>
	<time>2026-09-13T11:06:52.894Z</time>
	<hdop>3.79</hdop>
	<extensions>
		<gpxtpx:TrackPointExtension>
			<gpxtpx:course>180.0</gpxtpx:course>
		</gpxtpx:TrackPointExtension>
	</extensions>
</trkpt>
<trkpt lat="43.6712019" lon="15.7508140">
	<ele>-32.40</ele>
	<time>2026-09-13T11:07:03.894Z</time>
	<hdop>3.79</hdop>
	<extensions>
		<gpxtpx:TrackPointExtension>
			<gpxtpx:course>168.0</gpxtpx:course>
		</gpxtpx:TrackPointExtension>
	</extensions>
</trkpt>
<trkpt lat="43.6710593" lon="15.7508404">
	<ele>-31.65</ele>
	<time>2026-09-13T11:07:14.893Z</time>
	<hdop>3.79</hdop>
	<extensions>
		<gpxtpx:TrackPointExtension>
			<gpxtpx:course>178.0</gpxtpx:course>
		</gpxtpx:TrackPointExtension>
	</extensions>
</trkpt>
<trkpt lat="43.6709245" lon="15.7508809">
	<ele>-25.20</ele>
	<time>2026-09-13T11:07:24.893Z</time>
	<hdop>3.79</hdop>
	<extensions>
		<gpxtpx:TrackPointExtension>
			<gpxtpx:course>166.0</gpxtpx:course>
		</gpxtpx:TrackPointExtension>
	</extensions>
</trkpt>
<trkpt lat="43.6707607" lon="15.7509101">
	<ele>-17.46</ele>
	<time>2026-09-13T11:07:35.893Z</time>
	<hdop>3.79</hdop>
	<extensions>
		<gpxtpx:TrackPointExtension>
			<gpxtpx:course>172.0</gpxtpx:course>
		</gpxtpx:TrackPointExtension>
	</extensions>
</trkpt>
<trkpt lat="43.6706078" lon="15.7509547">
	<ele>-13.81</ele>
	<time>2026-09-13T11:07:45.894Z</time>
	<hdop>3.79</hdop>
	<extensions>
		<gpxtpx:TrackPointExtension>
			<gpxtpx:course>170.0</gpxtpx:course>
		</gpxtpx:TrackPointExtension>
	</extensions>
</trkpt>
<trkpt lat="43.6704445" lon="15.7509997">
	<ele>-15.50</ele>
	<time>2026-09-13T11:07:56.893Z</time>
	<hdop>3.79</hdop>
	<extensions>
		<gpxtpx:TrackPointExtension>
			<gpxtpx:course>170.0</gpxtpx:course>
		</gpxtpx:TrackPointExtension>
	</extensions>
</trkpt>
<trkpt lat="43.6702760" lon="15.7510421">
	<ele>-6.40</ele>
	<time>2026-09-13T11:08:07.893Z</time>
	<hdop>3.79</hdop>
	<extensions>
		<gpxtpx:TrackPointExtension>
			<gpxtpx:course>169.0</gpxtpx:course>
		</gpxtpx:TrackPointExtension>
	</extensions>
</trkpt>
<trkpt lat="43.6701157" lon="15.7510930">
	<ele>-0.33</ele>
	<time>2026-09-13T11:08:17.893Z</time>
	<hdop>3.79</hdop>
	<extensions>
		<gpxtpx:TrackPointExtension>
			<gpxtpx:course>169.0</gpxtpx:course>
		</gpxtpx:TrackPointExtension>
	</extensions>
</trkpt>
<trkpt lat="43.6699447" lon="15.7511163">
	<ele>3.57</ele>
	<time>2026-09-13T11:08:28.893Z</time>
	<hdop>3.79</hdop>
	<extensions>
		<gpxtpx:TrackPointExtension>
			<gpxtpx:course>168.0</gpxtpx:course>
		</gpxtpx:TrackPointExtension>
	</extensions>
</trkpt>
<trkpt lat="43.6697752" lon="15.7511827">
	<ele>8.34</ele>
	<time>2026-09-13T11:08:38.893Z</time>
	<hdop>3.79</hdop>
	<extensions>
		<gpxtpx:TrackPointExtension>
			<gpxtpx:course>164.0</gpxtpx:course>
		</gpxtpx:TrackPointExtension>
	</extensions>
</trkpt>
<trkpt lat="43.6696052" lon="15.7512538">
	<ele>11.50</ele>
	<time>2026-09-13T11:08:48.893Z</time>
	<hdop>3.79</hdop>
	<extensions>
		<gpxtpx:TrackPointExtension>
			<gpxtpx:course>165.0</gpxtpx:course>
		</gpxtpx:TrackPointExtension>
	</extensions>
</trkpt>
<trkpt lat="43.6694269" lon="15.7513206">
	<ele>12.14</ele>
	<time>2026-09-13T11:08:58.893Z</time>
	<hdop>3.79</hdop>
	<extensions>
		<gpxtpx:TrackPointExtension>
			<gpxtpx:course>161.0</gpxtpx:course>
		</gpxtpx:TrackPointExtension>
	</extensions>
</trkpt>
<trkpt lat="43.6692607" lon="15.7513642">
	<ele>13.79</ele>
	<time>2026-09-13T11:09:08.894Z</time>
	<hdop>3.79</hdop>
	<extensions>
		<gpxtpx:TrackPointExtension>
			<gpxtpx:course>173.0</gpxtpx:course>
		</gpxtpx:TrackPointExtension>
	</extensions>
</trkpt>
<trkpt lat="43.6690753" lon="15.7513916">
	<ele>10.89</ele>
	<time>2026-09-13T11:09:19.893Z</time>
	<hdop>3.79</hdop>
	<extensions>
		<gpxtpx:TrackPointExtension>
			<gpxtpx:course>173.0</gpxtpx:course>
		</gpxtpx:TrackPointExtension>
	</extensions>
</trkpt>
<trkpt lat="43.6689118" lon="15.7514193">
	<ele>11.05</ele>
	<time>2026-09-13T11:09:29.893Z</time>
	<hdop>3.79</hdop>
	<extensions>
		<gpxtpx:TrackPointExtension>
			<gpxtpx:course>175.0</gpxtpx:course>
		</gpxtpx:TrackPointExtension>
	</extensions>
</trkpt>
<trkpt lat="43.6687444" lon="15.7514385">
	<ele>11.53</ele>
	<time>2026-09-13T11:09:40.893Z</time>
	<hdop>3.79</hdop>
	<extensions>
		<gpxtpx:TrackPointExtension>
			<gpxtpx:course>175.0</gpxtpx:course>
		</gpxtpx:TrackPointExtension>
	</extensions>
</trkpt>
<trkpt lat="43.6686002" lon="15.7514641">
	<ele>9.71</ele>
	<time>2026-09-13T11:09:51.894Z</time>
	<hdop>4.11</hdop>
	<extensions>
		<gpxtpx:TrackPointExtension>
			<gpxtpx:course>174.0</gpxtpx:course>
		</gpxtpx:TrackPointExtension>
	</extensions>
</trkpt>
<trkpt lat="43.6684669" lon="15.7514871">
	<ele>5.06</ele>
	<time>2026-09-13T11:10:02.893Z</time>
	<hdop>3.79</hdop>
	<extensions>
		<gpxtpx:TrackPointExtension>
			<gpxtpx:course>168.0</gpxtpx:course>
		</gpxtpx:TrackPointExtension>
	</extensions>
</trkpt>
<trkpt lat="43.6683362" lon="15.7515138">
	<ele>1.92</ele>
	<time>2026-09-13T11:10:13.894Z</time>
	<hdop>3.79</hdop>
	<extensions>
		<gpxtpx:TrackPointExtension>
			<gpxtpx:course>167.0</gpxtpx:course>
		</gpxtpx:TrackPointExtension>
	</extensions>
</trkpt>
<trkpt lat="43.6682284" lon="15.7515515">
	<ele>-1.42</ele>
	<time>2026-09-13T11:10:23.894Z</time>
	<hdop>3.79</hdop>
	<extensions>
		<gpxtpx:TrackPointExtension>
			<gpxtpx:course>166.0</gpxtpx:course>
		</gpxtpx:TrackPointExtension>
	</extensions>
</trkpt>
<trkpt lat="43.6680922" lon="15.7515937">
	<ele>-1.14</ele>
	<time>2026-09-13T11:10:34.892Z</time>
	<hdop>3.79</hdop>
	<extensions>
		<gpxtpx:TrackPointExtension>
			<gpxtpx:course>163.0</gpxtpx:course>
		</gpxtpx:TrackPointExtension>
	</extensions>
</trkpt>
<trkpt lat="43.6679818" lon="15.7516308">
	<ele>-2.47</ele>
	<time>2026-09-13T11:10:44.894Z</time>
	<hdop>3.79</hdop>
	<extensions>
		<gpxtpx:TrackPointExtension>
			<gpxtpx:course>161.0</gpxtpx:course>
		</gpxtpx:TrackPointExtension>
	</extensions>
</trkpt>
<trkpt lat="43.6678493" lon="15.7517039">
	<ele>-1.77</ele>
	<time>2026-09-13T11:10:55.893Z</time>
	<hdop>3.79</hdop>
	<extensions>
		<gpxtpx:TrackPointExtension>
			<gpxtpx:course>158.0</gpxtpx:course>
		</gpxtpx:TrackPointExtension>
	</extensions>
</trkpt>
<trkpt lat="43.6677155" lon="15.7517856">
	<ele>2.76</ele>
	<time>2026-09-13T11:11:05.894Z</time>
	<hdop>3.79</hdop>
	<extensions>
		<gpxtpx:TrackPointExtension>
			<gpxtpx:course>159.0</gpxtpx:course>
		</gpxtpx:TrackPointExtension>
	</extensions>
</trkpt>
<trkpt lat="43.6675740" lon="15.7518632">
	<ele>6.83</ele>
	<time>2026-09-13T11:11:16.893Z</time>
	<hdop>3.79</hdop>
	<extensions>
		<gpxtpx:TrackPointExtension>
			<gpxtpx:course>159.0</gpxtpx:course>
		</gpxtpx:TrackPointExtension>
	</extensions>
</trkpt>
<trkpt lat="43.6674529" lon="15.7519280">
	<ele>7.44</ele>
	<time>2026-09-13T11:11:26.893Z</time>
	<hdop>4.08</hdop>
	<extensions>
		<gpxtpx:TrackPointExtension>
			<gpxtpx:course>159.0</gpxtpx:course>
		</gpxtpx:TrackPointExtension>
	</extensions>
</trkpt>
<trkpt lat="43.6673336" lon="15.7519903">
	<ele>4.90</ele>
	<time>2026-09-13T11:11:36.894Z</time>
	<hdop>3.79</hdop>
	<extensions>
		<gpxtpx:TrackPointExtension>
			<gpxtpx:course>158.0</gpxtpx:course>
		</gpxtpx:TrackPointExtension>
	</extensions>
</trkpt>
<trkpt lat="43.6672036" lon="15.7520691">
	<ele>-1.45</ele>
	<time>2026-09-13T11:11:47.893Z</time>
	<hdop>3.79</hdop>
	<extensions>
		<gpxtpx:TrackPointExtension>
			<gpxtpx:course>158.0</gpxtpx:course>
		</gpxtpx:TrackPointExtension>
	</extensions>
</trkpt>
<trkpt lat="43.6670883" lon="15.7521250">
	<ele>-3.92</ele>
	<time>2026-09-13T11:11:57.894Z</time>
	<hdop>3.79</hdop>
	<extensions>
		<gpxtpx:TrackPointExtension>
			<gpxtpx:course>159.0</gpxtpx:course>
		</gpxtpx:TrackPointExtension>
	</extensions>
</trkpt>
<trkpt lat="43.6669542" lon="15.7521983">
	<ele>-5.74</ele>
	<time>2026-09-13T11:12:08.893Z</time>
	<hdop>3.79</hdop>
	<extensions>
		<gpxtpx:TrackPointExtension>
			<gpxtpx:course>157.0</gpxtpx:course>
		</gpxtpx:TrackPointExtension>
	</extensions>
</trkpt>
<trkpt lat="43.6668355" lon="15.7522655">
	<ele>-6.36</ele>
	<time>2026-09-13T11:12:18.894Z</time>
	<hdop>3.79</hdop>
	<extensions>
		<gpxtpx:TrackPointExtension>
			<gpxtpx:course>155.0</gpxtpx:course>
		</gpxtpx:TrackPointExtension>
	</extensions>
</trkpt>
<trkpt lat="43.6667115" lon="15.7523355">
	<ele>-4.26</ele>
	<time>2026-09-13T11:12:29.893Z</time>
	<hdop>3.79</hdop>
	<extensions>
		<gpxtpx:TrackPointExtension>
			<gpxtpx:course>159.0</gpxtpx:course>
		</gpxtpx:TrackPointExtension>
	</extensions>
</trkpt>
<trkpt lat="43.6665895" lon="15.7523873">
	<ele>-3.24</ele>
	<time>2026-09-13T11:12:39.893Z</time>
	<hdop>3.79</hdop>
	<extensions>
		<gpxtpx:TrackPointExtension>
			<gpxtpx:course>172.0</gpxtpx:course>
		</gpxtpx:TrackPointExtension>
	</extensions>
</trkpt>
<trkpt lat="43.6664719" lon="15.7524268">
	<ele>-5.33</ele>
	<time>2026-09-13T11:12:49.893Z</time>
	<hdop>3.79</hdop>
	<extensions>
		<gpxtpx:TrackPointExtension>
			<gpxtpx:course>165.0</gpxtpx:course>
		</gpxtpx:TrackPointExtension>
	</extensions>
</trkpt>
<trkpt lat="43.6663535" lon="15.7524678">
	<ele>-6.49</ele>
	<time>2026-09-13T11:12:59.894Z</time>
	<hdop>3.79</hdop>
	<extensions>
		<gpxtpx:TrackPointExtension>
			<gpxtpx:course>164.0</gpxtpx:course>
		</gpxtpx:TrackPointExtension>
	</extensions>
</trkpt>
<trkpt lat="43.6662186" lon="15.7525313">
	<ele>-5.86</ele>
	<time>2026-09-13T11:13:10.893Z</time>
	<hdop>3.79</hdop>
	<extensions>
		<gpxtpx:TrackPointExtension>
			<gpxtpx:course>159.0</gpxtpx:course>
		</gpxtpx:TrackPointExtension>
	</extensions>
</trkpt>
<trkpt lat="43.6660425" lon="15.7526482">
	<ele>-2.08</ele>
	<time>2026-09-13T11:13:21.891Z</time>
	<hdop>3.79</hdop>
	<extensions>
		<gpxtpx:TrackPointExtension>
			<gpxtpx:course>150.0</gpxtpx:course>
		</gpxtpx:TrackPointExtension>
	</extensions>
</trkpt>
<trkpt lat="43.6658963" lon="15.7527484">
	<ele>1.98</ele>
	<time>2026-09-13T11:13:31.893Z</time>
	<hdop>3.79</hdop>
	<extensions>
		<gpxtpx:TrackPointExtension>
			<gpxtpx:course>153.0</gpxtpx:course>
		</gpxtpx:TrackPointExtension>
	</extensions>
</trkpt>
<trkpt lat="43.6657548" lon="15.7528561">
	<ele>3.19</ele>
	<time>2026-09-13T11:13:41.893Z</time>
	<hdop>3.79</hdop>
	<extensions>
		<gpxtpx:TrackPointExtension>
			<gpxtpx:course>153.0</gpxtpx:course>
		</gpxtpx:TrackPointExtension>
	</extensions>
</trkpt>
<trkpt lat="43.6656116" lon="15.7529488">
	<ele>3.04</ele>
	<time>2026-09-13T11:13:51.893Z</time>
	<hdop>3.79</hdop>
	<extensions>
		<gpxtpx:TrackPointExtension>
			<gpxtpx:course>161.0</gpxtpx:course>
		</gpxtpx:TrackPointExtension>
	</extensions>
</trkpt>
<trkpt lat="43.6654844" lon="15.7530378">
	<ele>0.98</ele>
	<time>2026-09-13T11:14:01.893Z</time>
	<hdop>3.79</hdop>
	<extensions>
		<gpxtpx:TrackPointExtension>
			<gpxtpx:course>146.0</gpxtpx:course>
		</gpxtpx:TrackPointExtension>
	</extensions>
</trkpt>
<trkpt lat="43.6653667" lon="15.7531478">
	<ele>1.28</ele>
	<time>2026-09-13T11:14:11.893Z</time>
	<hdop>3.79</hdop>
	<extensions>
		<gpxtpx:TrackPointExtension>
			<gpxtpx:course>145.0</gpxtpx:course>
		</gpxtpx:TrackPointExtension>
	</extensions>
</trkpt>
<trkpt lat="43.6652315" lon="15.7532558">
	<ele>-14.71</ele>
	<time>2026-09-13T11:14:21.893Z</time>
	<hdop>3.79</hdop>
	<extensions>
		<gpxtpx:TrackPointExtension>
			<gpxtpx:course>147.0</gpxtpx:course>
		</gpxtpx:TrackPointExtension>
	</extensions>
</trkpt>
<trkpt lat="43.6651010" lon="15.7533485">
	<ele>-54.59</ele>
	<time>2026-09-13T11:14:31.893Z</time>
	<hdop>3.79</hdop>
	<extensions>
		<gpxtpx:TrackPointExtension>
			<gpxtpx:course>150.0</gpxtpx:course>
		</gpxtpx:TrackPointExtension>
	</extensions>
</trkpt>
<trkpt lat="43.6649725" lon="15.7534371">
	<ele>-74.51</ele>
	<time>2026-09-13T11:14:41.893Z</time>
	<hdop>3.79</hdop>
	<extensions>
		<gpxtpx:TrackPointExtension>
			<gpxtpx:course>154.0</gpxtpx:course>
		</gpxtpx:TrackPointExtension>
	</extensions>
</trkpt>
<trkpt lat="43.6648388" lon="15.7535368">
	<ele>-75.27</ele>
	<time>2026-09-13T11:14:52.893Z</time>
	<hdop>3.79</hdop>
	<extensions>
		<gpxtpx:TrackPointExtension>
			<gpxtpx:course>143.0</gpxtpx:course>
		</gpxtpx:TrackPointExtension>
	</extensions>
</trkpt>
<trkpt lat="43.6647035" lon="15.7536818">
	<ele>-54.27</ele>
	<time>2026-09-13T11:15:02.893Z</time>
	<hdop>3.79</hdop>
	<extensions>
		<gpxtpx:TrackPointExtension>
			<gpxtpx:course>141.0</gpxtpx:course>
		</gpxtpx:TrackPointExtension>
	</extensions>
</trkpt>
<trkpt lat="43.6645599" lon="15.7538698">
	<ele>-33.45</ele>
	<time>2026-09-13T11:15:12.893Z</time>
	<hdop>3.79</hdop>
	<extensions>
		<gpxtpx:TrackPointExtension>
			<gpxtpx:course>136.0</gpxtpx:course>
		</gpxtpx:TrackPointExtension>
	</extensions>
</trkpt>
<trkpt lat="43.6644149" lon="15.7540566">
	<ele>-17.47</ele>
	<time>2026-09-13T11:15:23.892Z</time>
	<hdop>3.79</hdop>
	<extensions>
		<gpxtpx:TrackPointExtension>
			<gpxtpx:course>138.0</gpxtpx:course>
		</gpxtpx:TrackPointExtension>
	</extensions>
</trkpt>
<trkpt lat="43.6642836" lon="15.7542035">
	<ele>-9.18</ele>
	<time>2026-09-13T11:15:34.892Z</time>
	<hdop>3.79</hdop>
	<extensions>
		<gpxtpx:TrackPointExtension>
			<gpxtpx:course>137.0</gpxtpx:course>
		</gpxtpx:TrackPointExtension>
	</extensions>
</trkpt>
<trkpt lat="43.6641799" lon="15.7543036">
	<ele>-31.94</ele>
	<time>2026-09-13T11:15:44.893Z</time>
	<hdop>4.23</hdop>
	<extensions>
		<gpxtpx:TrackPointExtension>
			<gpxtpx:course>163.0</gpxtpx:course>
		</gpxtpx:TrackPointExtension>
	</extensions>
</trkpt>
<trkpt lat="43.6640829" lon="15.7544203">
	<ele>-57.81</ele>
	<time>2026-09-13T11:15:55.892Z</time>
	<hdop>3.79</hdop>
	<extensions>
		<gpxtpx:TrackPointExtension>
			<gpxtpx:course>134.0</gpxtpx:course>
		</gpxtpx:TrackPointExtension>
	</extensions>
</trkpt>
<trkpt lat="43.6640077" lon="15.7545172">
	<ele>-62.11</ele>
	<time>2026-09-13T11:16:05.892Z</time>
	<hdop>3.79</hdop>
	<extensions>
		<gpxtpx:TrackPointExtension>
			<gpxtpx:course>120.0</gpxtpx:course>
		</gpxtpx:TrackPointExtension>
	</extensions>
</trkpt>
<trkpt lat="43.6639562" lon="15.7546313">
	<ele>-44.34</ele>
	<time>2026-09-13T11:16:16.892Z</time>
	<hdop>3.79</hdop>
	<extensions>
		<gpxtpx:TrackPointExtension>
			<gpxtpx:course>131.0</gpxtpx:course>
		</gpxtpx:TrackPointExtension>
	</extensions>
</trkpt>
<trkpt lat="43.6638823" lon="15.7547092">
	<ele>-32.43</ele>
	<time>2026-09-13T11:16:27.892Z</time>
	<hdop>3.79</hdop>
	<extensions>
		<gpxtpx:TrackPointExtension>
			<gpxtpx:course>136.0</gpxtpx:course>
		</gpxtpx:TrackPointExtension>
	</extensions>
</trkpt>
<trkpt lat="43.6638093" lon="15.7547885">
	<ele>-21.62</ele>
	<time>2026-09-13T11:16:38.892Z</time>
	<hdop>3.79</hdop>
	<extensions>
		<gpxtpx:TrackPointExtension>
			<gpxtpx:course>139.0</gpxtpx:course>
		</gpxtpx:TrackPointExtension>
	</extensions>
</trkpt>
<trkpt lat="43.6637370" lon="15.7548685">
	<ele>-14.42</ele>
	<time>2026-09-13T11:16:49.891Z</time>
	<hdop>3.79</hdop>
	<extensions>
		<gpxtpx:TrackPointExtension>
			<gpxtpx:course>144.0</gpxtpx:course>
		</gpxtpx:TrackPointExtension>
	</extensions>
</trkpt>
<trkpt lat="43.6636728" lon="15.7549559">
	<ele>-10.01</ele>
	<time>2026-09-13T11:17:01.893Z</time>
	<hdop>3.79</hdop>
	<extensions>
		<gpxtpx:TrackPointExtension>
			<gpxtpx:course>134.0</gpxtpx:course>
		</gpxtpx:TrackPointExtension>
	</extensions>
</trkpt>
<trkpt lat="43.6636063" lon="15.7550402">
	<ele>-9.63</ele>
	<time>2026-09-13T11:17:14.892Z</time>
	<hdop>3.79</hdop>
	<extensions>
		<gpxtpx:TrackPointExtension>
			<gpxtpx:course>136.0</gpxtpx:course>
		</gpxtpx:TrackPointExtension>
	</extensions>
</trkpt>
<trkpt lat="43.6635376" lon="15.7551221">
	<ele>-10.35</ele>
	<time>2026-09-13T11:17:28.893Z</time>
	<hdop>3.79</hdop>
	<extensions>
		<gpxtpx:TrackPointExtension>
			<gpxtpx:course>140.0</gpxtpx:course>
		</gpxtpx:TrackPointExtension>
	</extensions>
</trkpt>
<trkpt lat="43.6634685" lon="15.7552096">
	<ele>-10.94</ele>
	<time>2026-09-13T11:17:41.893Z</time>
	<hdop>3.79</hdop>
	<extensions>
		<gpxtpx:TrackPointExtension>
			<gpxtpx:course>142.0</gpxtpx:course>
		</gpxtpx:TrackPointExtension>
	</extensions>
</trkpt>
<trkpt lat="43.6633958" lon="15.7552957">
	<ele>-13.30</ele>
	<time>2026-09-13T11:17:53.892Z</time>
	<hdop>3.79</hdop>
	<extensions>
		<gpxtpx:TrackPointExtension>
			<gpxtpx:course>139.0</gpxtpx:course>
		</gpxtpx:TrackPointExtension>
	</extensions>
</trkpt>
<trkpt lat="43.6633246" lon="15.7553720">
	<ele>-11.38</ele>
	<time>2026-09-13T11:18:05.892Z</time>
	<hdop>3.79</hdop>
	<extensions>
		<gpxtpx:TrackPointExtension>
			<gpxtpx:course>140.0</gpxtpx:course>
		</gpxtpx:TrackPointExtension>
	</extensions>
</trkpt>
<trkpt lat="43.6632476" lon="15.7554485">
	<ele>-11.94</ele>
	<time>2026-09-13T11:18:18.892Z</time>
	<hdop>3.79</hdop>
	<extensions>
		<gpxtpx:TrackPointExtension>
			<gpxtpx:course>145.0</gpxtpx:course>
		</gpxtpx:TrackPointExtension>
	</extensions>
</trkpt>
<trkpt lat="43.6631663" lon="15.7555112">
	<ele>-10.78</ele>
	<time>2026-09-13T11:18:33.892Z</time>
	<hdop>3.79</hdop>
	<extensions>
		<gpxtpx:TrackPointExtension>
			<gpxtpx:course>153.0</gpxtpx:course>
		</gpxtpx:TrackPointExtension>
	</extensions>
</trkpt>
<trkpt lat="43.6630807" lon="15.7555649">
	<ele>-26.39</ele>
	<time>2026-09-13T11:18:48.893Z</time>
	<hdop>3.79</hdop>
	<extensions>
		<gpxtpx:TrackPointExtension>
			<gpxtpx:course>156.0</gpxtpx:course>
		</gpxtpx:TrackPointExtension>
	</extensions>
</trkpt>
<trkpt lat="43.6629942" lon="15.7556074">
	<ele>-42.27</ele>
	<time>2026-09-13T11:19:05.891Z</time>
	<hdop>3.79</hdop>
	<extensions>
		<gpxtpx:TrackPointExtension>
			<gpxtpx:course>155.0</gpxtpx:course>
		</gpxtpx:TrackPointExtension>
	</extensions>
</trkpt>
<trkpt lat="43.6629070" lon="15.7556581">
	<ele>-55.69</ele>
	<time>2026-09-13T11:19:21.892Z</time>
	<hdop>3.79</hdop>
	<extensions>
		<gpxtpx:TrackPointExtension>
			<gpxtpx:course>159.0</gpxtpx:course>
		</gpxtpx:TrackPointExtension>
	</extensions>
</trkpt>
<trkpt lat="43.6628199" lon="15.7557094">
	<ele>-60.95</ele>
	<time>2026-09-13T11:19:42.893Z</time>
	<hdop>3.79</hdop>
	<extensions>
		<gpxtpx:TrackPointExtension>
			<gpxtpx:course>151.0</gpxtpx:course>
		</gpxtpx:TrackPointExtension>
	</extensions>
</trkpt>
<trkpt lat="43.6627426" lon="15.7557850">
	<ele>-51.17</ele>
	<time>2026-09-13T11:19:58.892Z</time>
	<hdop>3.79</hdop>
	<extensions>
		<gpxtpx:TrackPointExtension>
			<gpxtpx:course>143.0</gpxtpx:course>
		</gpxtpx:TrackPointExtension>
	</extensions>
</trkpt>
<trkpt lat="43.6626656" lon="15.7558530">
	<ele>-38.74</ele>
	<time>2026-09-13T11:20:10.891Z</time>
	<hdop>3.79</hdop>
	<extensions>
		<gpxtpx:TrackPointExtension>
			<gpxtpx:course>146.0</gpxtpx:course>
		</gpxtpx:TrackPointExtension>
	</extensions>
</trkpt>
<trkpt lat="43.6625899" lon="15.7559247">
	<ele>-29.58</ele>
	<time>2026-09-13T11:20:24.891Z</time>
	<hdop>3.79</hdop>
	<extensions>
		<gpxtpx:TrackPointExtension>
			<gpxtpx:course>148.0</gpxtpx:course>
		</gpxtpx:TrackPointExtension>
	</extensions>
</trkpt>
<trkpt lat="43.6625135" lon="15.7559906">
	<ele>-20.05</ele>
	<time>2026-09-13T11:20:37.892Z</time>
	<hdop>3.79</hdop>
	<extensions>
		<gpxtpx:TrackPointExtension>
			<gpxtpx:course>148.0</gpxtpx:course>
		</gpxtpx:TrackPointExtension>
	</extensions>
</trkpt>
<trkpt lat="43.6624260" lon="15.7560499">
	<ele>-16.51</ele>
	<time>2026-09-13T11:20:49.892Z</time>
	<hdop>3.79</hdop>
	<extensions>
		<gpxtpx:TrackPointExtension>
			<gpxtpx:course>157.0</gpxtpx:course>
		</gpxtpx:TrackPointExtension>
	</extensions>
</trkpt>
<trkpt lat="43.6623212" lon="15.7561000">
	<ele>-10.08</ele>
	<time>2026-09-13T11:21:00.892Z</time>
	<hdop>3.79</hdop>
	<extensions>
		<gpxtpx:TrackPointExtension>
			<gpxtpx:course>160.0</gpxtpx:course>
		</gpxtpx:TrackPointExtension>
	</extensions>
</trkpt>
<trkpt lat="43.6622088" lon="15.7561574">
	<ele>-18.57</ele>
	<time>2026-09-13T11:21:10.892Z</time>
	<hdop>3.79</hdop>
	<extensions>
		<gpxtpx:TrackPointExtension>
			<gpxtpx:course>167.0</gpxtpx:course>
		</gpxtpx:TrackPointExtension>
	</extensions>
</trkpt>
<trkpt lat="43.6620766" lon="15.7561799">
	<ele>-28.01</ele>
	<time>2026-09-13T11:21:20.893Z</time>
	<hdop>3.79</hdop>
	<extensions>
		<gpxtpx:TrackPointExtension>
			<gpxtpx:course>179.0</gpxtpx:course>
		</gpxtpx:TrackPointExtension>
	</extensions>
</trkpt>
<trkpt lat="43.6619189" lon="15.7561836">
	<ele>-25.95</ele>
	<time>2026-09-13T11:21:31.893Z</time>
	<hdop>3.79</hdop>
	<extensions>
		<gpxtpx:TrackPointExtension>
			<gpxtpx:course>177.0</gpxtpx:course>
		</gpxtpx:TrackPointExtension>
	</extensions>
</trkpt>
<trkpt lat="43.6617691" lon="15.7561936">
	<ele>-19.26</ele>
	<time>2026-09-13T11:21:42.892Z</time>
	<hdop>3.79</hdop>
	<extensions>
		<gpxtpx:TrackPointExtension>
			<gpxtpx:course>179.0</gpxtpx:course>
		</gpxtpx:TrackPointExtension>
	</extensions>
</trkpt>
<trkpt lat="43.6616275" lon="15.7561982">
	<ele>-4.46</ele>
	<time>2026-09-13T11:21:52.892Z</time>
	<hdop>3.79</hdop>
	<extensions>
		<gpxtpx:TrackPointExtension>
			<gpxtpx:course>178.0</gpxtpx:course>
		</gpxtpx:TrackPointExtension>
	</extensions>
</trkpt>
<trkpt lat="43.6614811" lon="15.7562098">
	<ele>4.82</ele>
	<time>2026-09-13T11:22:02.892Z</time>
	<hdop>3.79</hdop>
	<extensions>
		<gpxtpx:TrackPointExtension>
			<gpxtpx:course>173.0</gpxtpx:course>
		</gpxtpx:TrackPointExtension>
	</extensions>
</trkpt>
<trkpt lat="43.6613272" lon="15.7562129">
	<ele>6.97</ele>
	<time>2026-09-13T11:22:13.892Z</time>
	<hdop>3.79</hdop>
	<extensions>
		<gpxtpx:TrackPointExtension>
			<gpxtpx:course>180.0</gpxtpx:course>
		</gpxtpx:TrackPointExtension>
	</extensions>
</trkpt>
<trkpt lat="43.6611847" lon="15.7562106">
	<ele>14.93</ele>
	<time>2026-09-13T11:22:24.891Z</time>
	<hdop>3.79</hdop>
	<extensions>
		<gpxtpx:TrackPointExtension>
			<gpxtpx:course>183.0</gpxtpx:course>
		</gpxtpx:TrackPointExtension>
	</extensions>
</trkpt>
<trkpt lat="43.6610518" lon="15.7561969">
	<ele>16.05</ele>
	<time>2026-09-13T11:22:34.891Z</time>
	<hdop>4.07</hdop>
	<extensions>
		<gpxtpx:TrackPointExtension>
			<gpxtpx:course>186.0</gpxtpx:course>
		</gpxtpx:TrackPointExtension>
	</extensions>
</trkpt>
<trkpt lat="43.6609383" lon="15.7561704">
	<ele>14.57</ele>
	<time>2026-09-13T11:22:44.891Z</time>
	<hdop>3.79</hdop>
	<extensions>
		<gpxtpx:TrackPointExtension>
			<gpxtpx:course>192.0</gpxtpx:course>
		</gpxtpx:TrackPointExtension>
	</extensions>
</trkpt>
<trkpt lat="43.6608159" lon="15.7561366">
	<ele>12.41</ele>
	<time>2026-09-13T11:22:54.892Z</time>
	<hdop>3.79</hdop>
	<extensions>
		<gpxtpx:TrackPointExtension>
			<gpxtpx:course>199.0</gpxtpx:course>
		</gpxtpx:TrackPointExtension>
	</extensions>
</trkpt>
<trkpt lat="43.6607032" lon="15.7560927">
	<ele>7.67</ele>
	<time>2026-09-13T11:23:04.892Z</time>
	<hdop>3.79</hdop>
	<extensions>
		<gpxtpx:TrackPointExtension>
			<gpxtpx:course>186.0</gpxtpx:course>
		</gpxtpx:TrackPointExtension>
	</extensions>
</trkpt>
<trkpt lat="43.6605895" lon="15.7560436">
	<ele>-3.60</ele>
	<time>2026-09-13T11:23:15.891Z</time>
	<hdop>4.07</hdop>
	<extensions>
		<gpxtpx:TrackPointExtension>
			<gpxtpx:course>190.0</gpxtpx:course>
		</gpxtpx:TrackPointExtension>
	</extensions>
</trkpt>
<trkpt lat="43.6604788" lon="15.7560055">
	<ele>-14.98</ele>
	<time>2026-09-13T11:23:26.892Z</time>
	<hdop>3.79</hdop>
	<extensions>
		<gpxtpx:TrackPointExtension>
			<gpxtpx:course>191.0</gpxtpx:course>
		</gpxtpx:TrackPointExtension>
	</extensions>
</trkpt>
<trkpt lat="43.6603787" lon="15.7559852">
	<ele>-24.64</ele>
	<time>2026-09-13T11:23:37.396Z</time>
	<hdop>7.16</hdop>
</trkpt>
<trkpt lat="43.6602668" lon="15.7559603">
	<ele>-29.80</ele>
	<time>2026-09-13T11:23:47.893Z</time>
	<hdop>3.79</hdop>
	<extensions>
		<gpxtpx:TrackPointExtension>
			<gpxtpx:course>187.0</gpxtpx:course>
		</gpxtpx:TrackPointExtension>
	</extensions>
</trkpt>
<trkpt lat="43.6601544" lon="15.7559250">
	<ele>-29.20</ele>
	<time>2026-09-13T11:23:58.892Z</time>
	<hdop>3.79</hdop>
	<extensions>
		<gpxtpx:TrackPointExtension>
			<gpxtpx:course>191.0</gpxtpx:course>
		</gpxtpx:TrackPointExtension>
	</extensions>
</trkpt>
<trkpt lat="43.6600532" lon="15.7558874">
	<ele>-24.37</ele>
	<time>2026-09-13T11:24:09.893Z</time>
	<hdop>3.79</hdop>
	<extensions>
		<gpxtpx:TrackPointExtension>
			<gpxtpx:course>201.0</gpxtpx:course>
		</gpxtpx:TrackPointExtension>
	</extensions>
</trkpt>
<trkpt lat="43.6599368" lon="15.7558504">
	<ele>-19.06</ele>
	<time>2026-09-13T11:24:20.890Z</time>
	<hdop>3.79</hdop>
	<extensions>
		<gpxtpx:TrackPointExtension>
			<gpxtpx:course>191.0</gpxtpx:course>
		</gpxtpx:TrackPointExtension>
	</extensions>
</trkpt>
<trkpt lat="43.6598428" lon="15.7558258">
	<ele>-17.84</ele>
	<time>2026-09-13T11:24:30.893Z</time>
	<hdop>3.79</hdop>
	<extensions>
		<gpxtpx:TrackPointExtension>
			<gpxtpx:course>192.0</gpxtpx:course>
		</gpxtpx:TrackPointExtension>
	</extensions>
</trkpt>
<trkpt lat="43.6597467" lon="15.7558044">
	<ele>-14.52</ele>
	<time>2026-09-13T11:24:40.893Z</time>
	<hdop>3.79</hdop>
	<extensions>
		<gpxtpx:TrackPointExtension>
			<gpxtpx:course>186.0</gpxtpx:course>
		</gpxtpx:TrackPointExtension>
	</extensions>
</trkpt>
<trkpt lat="43.6596362" lon="15.7557831">
	<ele>-8.53</ele>
	<time>2026-09-13T11:24:51.892Z</time>
	<hdop>3.79</hdop>
	<extensions>
		<gpxtpx:TrackPointExtension>
			<gpxtpx:course>189.0</gpxtpx:course>
		</gpxtpx:TrackPointExtension>
	</extensions>
</trkpt>
<trkpt lat="43.6595353" lon="15.7557591">
	<ele>-6.31</ele>
	<time>2026-09-13T11:25:01.892Z</time>
	<hdop>3.79</hdop>
	<extensions>
		<gpxtpx:TrackPointExtension>
			<gpxtpx:course>187.0</gpxtpx:course>
		</gpxtpx:TrackPointExtension>
	</extensions>
</trkpt>
<trkpt lat="43.6594281" lon="15.7557297">
	<ele>-1.32</ele>
	<time>2026-09-13T11:25:11.893Z</time>
	<hdop>3.79</hdop>
	<extensions>
		<gpxtpx:TrackPointExtension>
			<gpxtpx:course>188.0</gpxtpx:course>
		</gpxtpx:TrackPointExtension>
	</extensions>
</trkpt>
<trkpt lat="43.6593175" lon="15.7557017">
	<ele>1.09</ele>
	<time>2026-09-13T11:25:22.890Z</time>
	<hdop>3.79</hdop>
	<extensions>
		<gpxtpx:TrackPointExtension>
			<gpxtpx:course>191.0</gpxtpx:course>
		</gpxtpx:TrackPointExtension>
	</extensions>
</trkpt>
<trkpt lat="43.6592070" lon="15.7556704">
	<ele>-0.35</ele>
	<time>2026-09-13T11:25:32.892Z</time>
	<hdop>3.79</hdop>
	<extensions>
		<gpxtpx:TrackPointExtension>
			<gpxtpx:course>188.0</gpxtpx:course>
		</gpxtpx:TrackPointExtension>
	</extensions>
</trkpt>
<trkpt lat="43.6590858" lon="15.7556572">
	<ele>0.58</ele>
	<time>2026-09-13T11:25:42.892Z</time>
	<hdop>3.79</hdop>
	<extensions>
		<gpxtpx:TrackPointExtension>
			<gpxtpx:course>184.0</gpxtpx:course>
		</gpxtpx:TrackPointExtension>
	</extensions>
</trkpt>
<trkpt lat="43.6589479" lon="15.7556528">
	<ele>1.87</ele>
	<time>2026-09-13T11:25:53.893Z</time>
	<hdop>3.79</hdop>
	<extensions>
		<gpxtpx:TrackPointExtension>
			<gpxtpx:course>182.0</gpxtpx:course>
		</gpxtpx:TrackPointExtension>
	</extensions>
</trkpt>
<trkpt lat="43.6588032" lon="15.7556508">
	<ele>3.74</ele>
	<time>2026-09-13T11:26:04.893Z</time>
	<hdop>3.79</hdop>
	<extensions>
		<gpxtpx:TrackPointExtension>
			<gpxtpx:course>182.0</gpxtpx:course>
		</gpxtpx:TrackPointExtension>
	</extensions>
</trkpt>
<trkpt lat="43.6586736" lon="15.7556467">
	<ele>6.44</ele>
	<time>2026-09-13T11:26:15.891Z</time>
	<hdop>3.79</hdop>
	<extensions>
		<gpxtpx:TrackPointExtension>
			<gpxtpx:course>184.0</gpxtpx:course>
		</gpxtpx:TrackPointExtension>
	</extensions>
</trkpt>
<trkpt lat="43.6585716" lon="15.7556280">
	<ele>5.59</ele>
	<time>2026-09-13T11:26:25.892Z</time>
	<hdop>3.79</hdop>
	<extensions>
		<gpxtpx:TrackPointExtension>
			<gpxtpx:course>192.0</gpxtpx:course>
		</gpxtpx:TrackPointExtension>
	</extensions>
</trkpt>
<trkpt lat="43.6584758" lon="15.7555888">
	<ele>5.96</ele>
	<time>2026-09-13T11:26:35.892Z</time>
	<hdop>3.79</hdop>
	<extensions>
		<gpxtpx:TrackPointExtension>
			<gpxtpx:course>197.0</gpxtpx:course>
		</gpxtpx:TrackPointExtension>
	</extensions>
</trkpt>
<trkpt lat="43.6583751" lon="15.7555496">
	<ele>4.06</ele>
	<time>2026-09-13T11:26:46.891Z</time>
	<hdop>3.79</hdop>
	<extensions>
		<gpxtpx:TrackPointExtension>
			<gpxtpx:course>197.0</gpxtpx:course>
		</gpxtpx:TrackPointExtension>
	</extensions>
</trkpt>
<trkpt lat="43.6582844" lon="15.7555158">
	<ele>5.51</ele>
	<time>2026-09-13T11:26:56.891Z</time>
	<hdop>3.79</hdop>
	<extensions>
		<gpxtpx:TrackPointExtension>
			<gpxtpx:course>194.0</gpxtpx:course>
		</gpxtpx:TrackPointExtension>
	</extensions>
</trkpt>
<trkpt lat="43.6581675" lon="15.7554866">
	<ele>6.31</ele>
	<time>2026-09-13T11:27:06.892Z</time>
	<hdop>3.79</hdop>
	<extensions>
		<gpxtpx:TrackPointExtension>
			<gpxtpx:course>179.0</gpxtpx:course>
		</gpxtpx:TrackPointExtension>
	</extensions>
</trkpt>
<trkpt lat="43.6580532" lon="15.7555927">
	<ele>5.69</ele>
	<time>2026-09-13T11:27:16.892Z</time>
	<hdop>3.79</hdop>
	<extensions>
		<gpxtpx:TrackPointExtension>
			<gpxtpx:course>105.0</gpxtpx:course>
		</gpxtpx:TrackPointExtension>
	</extensions>
</trkpt>
<trkpt lat="43.6581113" lon="15.7557795">
	<ele>9.80</ele>
	<time>2026-09-13T11:27:26.892Z</time>
	<hdop>3.79</hdop>
	<extensions>
		<gpxtpx:TrackPointExtension>
			<gpxtpx:course>32.0</gpxtpx:course>
		</gpxtpx:TrackPointExtension>
	</extensions>
</trkpt>
<trkpt lat="43.6582595" lon="15.7558523">
	<ele>11.07</ele>
	<time>2026-09-13T11:27:37.891Z</time>
	<hdop>3.79</hdop>
	<extensions>
		<gpxtpx:TrackPointExtension>
			<gpxtpx:course>18.0</gpxtpx:course>
		</gpxtpx:TrackPointExtension>
	</extensions>
</trkpt>
<trkpt lat="43.6583668" lon="15.7558951">
	<ele>9.73</ele>
	<time>2026-09-13T11:27:47.891Z</time>
	<hdop>3.79</hdop>
	<extensions>
		<gpxtpx:TrackPointExtension>
			<gpxtpx:course>12.0</gpxtpx:course>
		</gpxtpx:TrackPointExtension>
	</extensions>
</trkpt>
<trkpt lat="43.6584654" lon="15.7559220">
	<ele>8.58</ele>
	<time>2026-09-13T11:27:57.891Z</time>
	<hdop>3.79</hdop>
	<extensions>
		<gpxtpx:TrackPointExtension>
			<gpxtpx:course>7.0</gpxtpx:course>
		</gpxtpx:TrackPointExtension>
	</extensions>
</trkpt>
<trkpt lat="43.6585679" lon="15.7559386">
	<ele>9.15</ele>
	<time>2026-09-13T11:28:08.893Z</time>
	<hdop>3.79</hdop>
	<extensions>
		<gpxtpx:TrackPointExtension>
			<gpxtpx:course>12.0</gpxtpx:course>
		</gpxtpx:TrackPointExtension>
	</extensions>
</trkpt>
<trkpt lat="43.6586655" lon="15.7559723">
	<ele>10.63</ele>
	<time>2026-09-13T11:28:19.891Z</time>
	<hdop>3.79</hdop>
	<extensions>
		<gpxtpx:TrackPointExtension>
			<gpxtpx:course>15.0</gpxtpx:course>
		</gpxtpx:TrackPointExtension>
	</extensions>
</trkpt>
<trkpt lat="43.6587670" lon="15.7559543">
	<ele>11.88</ele>
	<time>2026-09-13T11:28:29.892Z</time>
	<hdop>3.79</hdop>
	<extensions>
		<gpxtpx:TrackPointExtension>
			<gpxtpx:course>323.0</gpxtpx:course>
		</gpxtpx:TrackPointExtension>
	</extensions>
</trkpt>
<trkpt lat="43.6587914" lon="15.7558112">
	<ele>12.65</ele>
	<time>2026-09-13T11:28:40.892Z</time>
	<hdop>3.79</hdop>
	<extensions>
		<gpxtpx:TrackPointExtension>
			<gpxtpx:course>247.0</gpxtpx:course>
		</gpxtpx:TrackPointExtension>
	</extensions>
</trkpt>
<trkpt lat="43.6586914" lon="15.7557193">
	<ele>10.62</ele>
	<time>2026-09-13T11:28:51.890Z</time>
	<hdop>3.79</hdop>
	<extensions>
		<gpxtpx:TrackPointExtension>
			<gpxtpx:course>216.0</gpxtpx:course>
		</gpxtpx:TrackPointExtension>
	</extensions>
</trkpt>
<trkpt lat="43.6585558" lon="15.7555988">
	<ele>7.84</ele>
	<time>2026-09-13T11:29:01.891Z</time>
	<hdop>3.79</hdop>
	<extensions>
		<gpxtpx:TrackPointExtension>
			<gpxtpx:course>218.0</gpxtpx:course>
		</gpxtpx:TrackPointExtension>
	</extensions>
</trkpt>
<trkpt lat="43.6583819" lon="15.7554326">
	<ele>-0.31</ele>
	<time>2026-09-13T11:29:12.892Z</time>
	<hdop>3.79</hdop>
	<extensions>
		<gpxtpx:TrackPointExtension>
			<gpxtpx:course>211.0</gpxtpx:course>
		</gpxtpx:TrackPointExtension>
	</extensions>
</trkpt>
<trkpt lat="43.6581966" lon="15.7552591">
	<ele>-13.00</ele>
	<time>2026-09-13T11:29:23.890Z</time>
	<hdop>3.79</hdop>
	<extensions>
		<gpxtpx:TrackPointExtension>
			<gpxtpx:course>215.0</gpxtpx:course>
		</gpxtpx:TrackPointExtension>
	</extensions>
</trkpt>
<trkpt lat="43.6580371" lon="15.7550949">
	<ele>-23.80</ele>
	<time>2026-09-13T11:29:33.890Z</time>
	<hdop>3.79</hdop>
	<extensions>
		<gpxtpx:TrackPointExtension>
			<gpxtpx:course>217.0</gpxtpx:course>
		</gpxtpx:TrackPointExtension>
	</extensions>
</trkpt>
<trkpt lat="43.6578794" lon="15.7549108">
	<ele>-32.96</ele>
	<time>2026-09-13T11:29:43.892Z</time>
	<hdop>3.79</hdop>
	<extensions>
		<gpxtpx:TrackPointExtension>
			<gpxtpx:course>220.0</gpxtpx:course>
		</gpxtpx:TrackPointExtension>
	</extensions>
</trkpt>
<trkpt lat="43.6577038" lon="15.7547037">
	<ele>-41.74</ele>
	<time>2026-09-13T11:29:54.890Z</time>
	<hdop>3.79</hdop>
	<extensions>
		<gpxtpx:TrackPointExtension>
			<gpxtpx:course>220.0</gpxtpx:course>
		</gpxtpx:TrackPointExtension>
	</extensions>
</trkpt>
<trkpt lat="43.6575550" lon="15.7545035">
	<ele>-49.00</ele>
	<time>2026-09-13T11:30:04.891Z</time>
	<hdop>3.79</hdop>
	<extensions>
		<gpxtpx:TrackPointExtension>
			<gpxtpx:course>221.0</gpxtpx:course>
		</gpxtpx:TrackPointExtension>
	</extensions>
</trkpt>
<trkpt lat="43.6573983" lon="15.7543278">
	<ele>-52.35</ele>
	<time>2026-09-13T11:30:14.892Z</time>
	<hdop>3.79</hdop>
	<extensions>
		<gpxtpx:TrackPointExtension>
			<gpxtpx:course>215.0</gpxtpx:course>
		</gpxtpx:TrackPointExtension>
	</extensions>
</trkpt>
<trkpt lat="43.6572152" lon="15.7541293">
	<ele>-56.98</ele>
	<time>2026-09-13T11:30:25.890Z</time>
	<hdop>3.79</hdop>
	<extensions>
		<gpxtpx:TrackPointExtension>
			<gpxtpx:course>218.0</gpxtpx:course>
		</gpxtpx:TrackPointExtension>
	</extensions>
</trkpt>
<trkpt lat="43.6570431" lon="15.7539504">
	<ele>-60.28</ele>
	<time>2026-09-13T11:30:35.890Z</time>
	<hdop>3.79</hdop>
	<extensions>
		<gpxtpx:TrackPointExtension>
			<gpxtpx:course>216.0</gpxtpx:course>
		</gpxtpx:TrackPointExtension>
	</extensions>
</trkpt>
<trkpt lat="43.6568619" lon="15.7537785">
	<ele>-62.69</ele>
	<time>2026-09-13T11:30:45.890Z</time>
	<hdop>3.79</hdop>
	<extensions>
		<gpxtpx:TrackPointExtension>
			<gpxtpx:course>209.0</gpxtpx:course>
		</gpxtpx:TrackPointExtension>
	</extensions>
</trkpt>
<trkpt lat="43.6566402" lon="15.7535934">
	<ele>-62.55</ele>
	<time>2026-09-13T11:30:55.891Z</time>
	<hdop>3.79</hdop>
	<extensions>
		<gpxtpx:TrackPointExtension>
			<gpxtpx:course>214.0</gpxtpx:course>
		</gpxtpx:TrackPointExtension>
	</extensions>
</trkpt>
<trkpt lat="43.6564006" lon="15.7533712">
	<ele>-61.92</ele>
	<time>2026-09-13T11:31:06.890Z</time>
	<hdop>3.79</hdop>
	<extensions>
		<gpxtpx:TrackPointExtension>
			<gpxtpx:course>213.0</gpxtpx:course>
		</gpxtpx:TrackPointExtension>
	</extensions>
</trkpt>
<trkpt lat="43.6561723" lon="15.7531800">
	<ele>-62.52</ele>
	<time>2026-09-13T11:31:16.890Z</time>
	<hdop>3.79</hdop>
	<extensions>
		<gpxtpx:TrackPointExtension>
			<gpxtpx:course>210.0</gpxtpx:course>
		</gpxtpx:TrackPointExtension>
	</extensions>
</trkpt>
<trkpt lat="43.6559161" lon="15.7529850">
	<ele>-61.35</ele>
	<time>2026-09-13T11:31:27.892Z</time>
	<hdop>3.79</hdop>
	<extensions>
		<gpxtpx:TrackPointExtension>
			<gpxtpx:course>204.0</gpxtpx:course>
		</gpxtpx:TrackPointExtension>
	</extensions>
</trkpt>
<trkpt lat="43.6556754" lon="15.7527835">
	<ele>-54.68</ele>
	<time>2026-09-13T11:31:38.891Z</time>
	<hdop>3.79</hdop>
	<extensions>
		<gpxtpx:TrackPointExtension>
			<gpxtpx:course>212.0</gpxtpx:course>
		</gpxtpx:TrackPointExtension>
	</extensions>
</trkpt>
<trkpt lat="43.6554657" lon="15.7525694">
	<ele>-54.20</ele>
	<time>2026-09-13T11:31:48.891Z</time>
	<hdop>3.79</hdop>
	<extensions>
		<gpxtpx:TrackPointExtension>
			<gpxtpx:course>215.0</gpxtpx:course>
		</gpxtpx:TrackPointExtension>
	</extensions>
</trkpt>
<trkpt lat="43.6552316" lon="15.7523424">
	<ele>-54.07</ele>
	<time>2026-09-13T11:31:59.891Z</time>
	<hdop>3.79</hdop>
	<extensions>
		<gpxtpx:TrackPointExtension>
			<gpxtpx:course>221.0</gpxtpx:course>
		</gpxtpx:TrackPointExtension>
	</extensions>
</trkpt>
<trkpt lat="43.6550430" lon="15.7520906">
	<ele>-60.52</ele>
	<time>2026-09-13T11:32:09.892Z</time>
	<hdop>3.79</hdop>
	<extensions>
		<gpxtpx:TrackPointExtension>
			<gpxtpx:course>223.0</gpxtpx:course>
		</gpxtpx:TrackPointExtension>
	</extensions>
</trkpt>
<trkpt lat="43.6548160" lon="15.7518556">
	<ele>-72.63</ele>
	<time>2026-09-13T11:32:20.891Z</time>
	<hdop>3.79</hdop>
	<extensions>
		<gpxtpx:TrackPointExtension>
			<gpxtpx:course>219.0</gpxtpx:course>
		</gpxtpx:TrackPointExtension>
	</extensions>
</trkpt>
<trkpt lat="43.6545614" lon="15.7516494">
	<ele>-71.09</ele>
	<time>2026-09-13T11:32:31.891Z</time>
	<hdop>3.79</hdop>
	<extensions>
		<gpxtpx:TrackPointExtension>
			<gpxtpx:course>210.0</gpxtpx:course>
		</gpxtpx:TrackPointExtension>
	</extensions>
</trkpt>
<trkpt lat="43.6543184" lon="15.7514372">
	<ele>-86.08</ele>
	<time>2026-09-13T11:32:42.891Z</time>
	<hdop>3.79</hdop>
	<extensions>
		<gpxtpx:TrackPointExtension>
			<gpxtpx:course>208.0</gpxtpx:course>
		</gpxtpx:TrackPointExtension>
	</extensions>
</trkpt>
<trkpt lat="43.6540984" lon="15.7511976">
	<ele>-78.90</ele>
	<time>2026-09-13T11:32:53.891Z</time>
	<hdop>3.79</hdop>
	<extensions>
		<gpxtpx:TrackPointExtension>
			<gpxtpx:course>231.0</gpxtpx:course>
		</gpxtpx:TrackPointExtension>
	</extensions>
</trkpt>
<trkpt lat="43.6539189" lon="15.7508911">
	<ele>-62.00</ele>
	<time>2026-09-13T11:33:04.891Z</time>
	<hdop>3.79</hdop>
	<extensions>
		<gpxtpx:TrackPointExtension>
			<gpxtpx:course>219.0</gpxtpx:course>
		</gpxtpx:TrackPointExtension>
	</extensions>
</trkpt>
<trkpt lat="43.6536831" lon="15.7506783">
	<ele>-41.89</ele>
	<time>2026-09-13T11:33:15.889Z</time>
	<hdop>3.79</hdop>
	<extensions>
		<gpxtpx:TrackPointExtension>
			<gpxtpx:course>209.0</gpxtpx:course>
		</gpxtpx:TrackPointExtension>
	</extensions>
</trkpt>
<trkpt lat="43.6534547" lon="15.7504973">
	<ele>-13.71</ele>
	<time>2026-09-13T11:33:25.891Z</time>
	<hdop>3.79</hdop>
	<extensions>
		<gpxtpx:TrackPointExtension>
			<gpxtpx:course>210.0</gpxtpx:course>
		</gpxtpx:TrackPointExtension>
	</extensions>
</trkpt>
<trkpt lat="43.6532074" lon="15.7502839">
	<ele>4.15</ele>
	<time>2026-09-13T11:33:36.890Z</time>
	<hdop>3.79</hdop>
	<extensions>
		<gpxtpx:TrackPointExtension>
			<gpxtpx:course>210.0</gpxtpx:course>
		</gpxtpx:TrackPointExtension>
	</extensions>
</trkpt>
<trkpt lat="43.6529528" lon="15.7500826">
	<ele>16.94</ele>
	<time>2026-09-13T11:33:47.889Z</time>
	<hdop>3.79</hdop>
	<extensions>
		<gpxtpx:TrackPointExtension>
			<gpxtpx:course>212.0</gpxtpx:course>
		</gpxtpx:TrackPointExtension>
	</extensions>
</trkpt>
<trkpt lat="43.6527258" lon="15.7498890">
	<ele>21.55</ele>
	<time>2026-09-13T11:33:57.889Z</time>
	<hdop>3.79</hdop>
	<extensions>
		<gpxtpx:TrackPointExtension>
			<gpxtpx:course>211.0</gpxtpx:course>
		</gpxtpx:TrackPointExtension>
	</extensions>
</trkpt>
<trkpt lat="43.6525009" lon="15.7496901">
	<ele>24.34</ele>
	<time>2026-09-13T11:34:07.890Z</time>
	<hdop>3.79</hdop>
	<extensions>
		<gpxtpx:TrackPointExtension>
			<gpxtpx:course>210.0</gpxtpx:course>
		</gpxtpx:TrackPointExtension>
	</extensions>
</trkpt>
<trkpt lat="43.6522747" lon="15.7494958">
	<ele>28.43</ele>
	<time>2026-09-13T11:34:17.890Z</time>
	<hdop>3.79</hdop>
	<extensions>
		<gpxtpx:TrackPointExtension>
			<gpxtpx:course>211.0</gpxtpx:course>
		</gpxtpx:TrackPointExtension>
	</extensions>
</trkpt>
<trkpt lat="43.6520457" lon="15.7493006">
	<ele>26.17</ele>
	<time>2026-09-13T11:34:27.890Z</time>
	<hdop>3.79</hdop>
	<extensions>
		<gpxtpx:TrackPointExtension>
			<gpxtpx:course>210.0</gpxtpx:course>
		</gpxtpx:TrackPointExtension>
	</extensions>
</trkpt>
<trkpt lat="43.6518008" lon="15.7490933">
	<ele>27.13</ele>
	<time>2026-09-13T11:34:38.892Z</time>
	<hdop>3.79</hdop>
	<extensions>
		<gpxtpx:TrackPointExtension>
			<gpxtpx:course>209.0</gpxtpx:course>
		</gpxtpx:TrackPointExtension>
	</extensions>
</trkpt>
<trkpt lat="43.6515542" lon="15.7488864">
	<ele>30.30</ele>
	<time>2026-09-13T11:34:49.890Z</time>
	<hdop>3.79</hdop>
	<extensions>
		<gpxtpx:TrackPointExtension>
			<gpxtpx:course>213.0</gpxtpx:course>
		</gpxtpx:TrackPointExtension>
	</extensions>
</trkpt>
<trkpt lat="43.6513170" lon="15.7486608">
	<ele>34.53</ele>
	<time>2026-09-13T11:35:00.890Z</time>
	<hdop>3.79</hdop>
	<extensions>
		<gpxtpx:TrackPointExtension>
			<gpxtpx:course>217.0</gpxtpx:course>
		</gpxtpx:TrackPointExtension>
	</extensions>
</trkpt>
<trkpt lat="43.6510778" lon="15.7484353">
	<ele>34.77</ele>
	<time>2026-09-13T11:35:11.889Z</time>
	<hdop>3.79</hdop>
	<extensions>
		<gpxtpx:TrackPointExtension>
			<gpxtpx:course>215.0</gpxtpx:course>
		</gpxtpx:TrackPointExtension>
	</extensions>
</trkpt>
<trkpt lat="43.6508506" lon="15.7482362">
	<ele>34.61</ele>
	<time>2026-09-13T11:35:21.889Z</time>
	<hdop>3.79</hdop>
	<extensions>
		<gpxtpx:TrackPointExtension>
			<gpxtpx:course>208.0</gpxtpx:course>
		</gpxtpx:TrackPointExtension>
	</extensions>
</trkpt>
<trkpt lat="43.6506146" lon="15.7480502">
	<ele>38.34</ele>
	<time>2026-09-13T11:35:31.889Z</time>
	<hdop>3.79</hdop>
	<extensions>
		<gpxtpx:TrackPointExtension>
			<gpxtpx:course>208.0</gpxtpx:course>
		</gpxtpx:TrackPointExtension>
	</extensions>
</trkpt>
<trkpt lat="43.6503797" lon="15.7478798">
	<ele>34.50</ele>
	<time>2026-09-13T11:35:41.890Z</time>
	<hdop>3.79</hdop>
	<extensions>
		<gpxtpx:TrackPointExtension>
			<gpxtpx:course>205.0</gpxtpx:course>
		</gpxtpx:TrackPointExtension>
	</extensions>
</trkpt>
<trkpt lat="43.6501479" lon="15.7476923">
	<ele>33.37</ele>
	<time>2026-09-13T11:35:51.890Z</time>
	<hdop>3.79</hdop>
	<extensions>
		<gpxtpx:TrackPointExtension>
			<gpxtpx:course>212.0</gpxtpx:course>
		</gpxtpx:TrackPointExtension>
	</extensions>
</trkpt>
<trkpt lat="43.6499302" lon="15.7474863">
	<ele>37.30</ele>
	<time>2026-09-13T11:36:01.890Z</time>
	<hdop>3.79</hdop>
	<extensions>
		<gpxtpx:TrackPointExtension>
			<gpxtpx:course>211.0</gpxtpx:course>
		</gpxtpx:TrackPointExtension>
	</extensions>
</trkpt>
<trkpt lat="43.6497051" lon="15.7472974">
	<ele>32.62</ele>
	<time>2026-09-13T11:36:11.891Z</time>
	<hdop>3.79</hdop>
	<extensions>
		<gpxtpx:TrackPointExtension>
			<gpxtpx:course>210.0</gpxtpx:course>
		</gpxtpx:TrackPointExtension>
	</extensions>
</trkpt>
<trkpt lat="43.6494470" lon="15.7471002">
	<ele>32.51</ele>
	<time>2026-09-13T11:36:22.890Z</time>
	<hdop>3.79</hdop>
	<extensions>
		<gpxtpx:TrackPointExtension>
			<gpxtpx:course>212.0</gpxtpx:course>
		</gpxtpx:TrackPointExtension>
	</extensions>
</trkpt>
<trkpt lat="43.6492230" lon="15.7469178">
	<ele>33.76</ele>
	<time>2026-09-13T11:36:32.891Z</time>
	<hdop>3.79</hdop>
	<extensions>
		<gpxtpx:TrackPointExtension>
			<gpxtpx:course>212.0</gpxtpx:course>
		</gpxtpx:TrackPointExtension>
	</extensions>
</trkpt>
<trkpt lat="43.6489789" lon="15.7466916">
	<ele>30.59</ele>
	<time>2026-09-13T11:36:43.889Z</time>
	<hdop>3.79</hdop>
	<extensions>
		<gpxtpx:TrackPointExtension>
			<gpxtpx:course>211.0</gpxtpx:course>
		</gpxtpx:TrackPointExtension>
	</extensions>
</trkpt>
<trkpt lat="43.6487435" lon="15.7465170">
	<ele>29.05</ele>
	<time>2026-09-13T11:36:53.889Z</time>
	<hdop>3.79</hdop>
	<extensions>
		<gpxtpx:TrackPointExtension>
			<gpxtpx:course>208.0</gpxtpx:course>
		</gpxtpx:TrackPointExtension>
	</extensions>
</trkpt>
<trkpt lat="43.6485048" lon="15.7463444">
	<ele>27.90</ele>
	<time>2026-09-13T11:37:03.889Z</time>
	<hdop>3.79</hdop>
	<extensions>
		<gpxtpx:TrackPointExtension>
			<gpxtpx:course>210.0</gpxtpx:course>
		</gpxtpx:TrackPointExtension>
	</extensions>
</trkpt>
<trkpt lat="43.6482745" lon="15.7461608">
	<ele>27.49</ele>
	<time>2026-09-13T11:37:13.889Z</time>
	<hdop>3.79</hdop>
	<extensions>
		<gpxtpx:TrackPointExtension>
			<gpxtpx:course>212.0</gpxtpx:course>
		</gpxtpx:TrackPointExtension>
	</extensions>
</trkpt>
<trkpt lat="43.6480594" lon="15.7459496">
	<ele>23.07</ele>
	<time>2026-09-13T11:37:23.891Z</time>
	<hdop>3.79</hdop>
	<extensions>
		<gpxtpx:TrackPointExtension>
			<gpxtpx:course>214.0</gpxtpx:course>
		</gpxtpx:TrackPointExtension>
	</extensions>
</trkpt>
<trkpt lat="43.6477932" lon="15.7457933">
	<ele>11.17</ele>
	<time>2026-09-13T11:37:34.889Z</time>
	<hdop>3.79</hdop>
	<extensions>
		<gpxtpx:TrackPointExtension>
			<gpxtpx:course>193.0</gpxtpx:course>
		</gpxtpx:TrackPointExtension>
	</extensions>
</trkpt>
<trkpt lat="43.6475331" lon="15.7456749">
	<ele>-20.40</ele>
	<time>2026-09-13T11:37:44.891Z</time>
	<hdop>3.79</hdop>
	<extensions>
		<gpxtpx:TrackPointExtension>
			<gpxtpx:course>199.0</gpxtpx:course>
		</gpxtpx:TrackPointExtension>
	</extensions>
</trkpt>
<trkpt lat="43.6472978" lon="15.7455194">
	<ele>-30.90</ele>
	<time>2026-09-13T11:37:54.891Z</time>
	<hdop>3.79</hdop>
	<extensions>
		<gpxtpx:TrackPointExtension>
			<gpxtpx:course>207.0</gpxtpx:course>
		</gpxtpx:TrackPointExtension>
	</extensions>
</trkpt>
<trkpt lat="43.6470457" lon="15.7453205">
	<ele>-15.74</ele>
	<time>2026-09-13T11:38:05.890Z</time>
	<hdop>7.28</hdop>
	<extensions>
		<gpxtpx:TrackPointExtension>
			<gpxtpx:course>211.0</gpxtpx:course>
		</gpxtpx:TrackPointExtension>
	</extensions>
</trkpt>
<trkpt lat="43.6468212" lon="15.7451165">
	<ele>0.31</ele>
	<time>2026-09-13T11:38:15.890Z</time>
	<hdop>3.79</hdop>
	<extensions>
		<gpxtpx:TrackPointExtension>
			<gpxtpx:course>219.0</gpxtpx:course>
		</gpxtpx:TrackPointExtension>
	</extensions>
</trkpt>
<trkpt lat="43.6466234" lon="15.7448718">
	<ele>13.12</ele>
	<time>2026-09-13T11:38:25.890Z</time>
	<hdop>3.79</hdop>
	<extensions>
		<gpxtpx:TrackPointExtension>
			<gpxtpx:course>215.0</gpxtpx:course>
		</gpxtpx:TrackPointExtension>
	</extensions>
</trkpt>
<trkpt lat="43.6463956" lon="15.7446884">
	<ele>20.09</ele>
	<time>2026-09-13T11:38:35.890Z</time>
	<hdop>3.79</hdop>
	<extensions>
		<gpxtpx:TrackPointExtension>
			<gpxtpx:course>212.0</gpxtpx:course>
		</gpxtpx:TrackPointExtension>
	</extensions>
</trkpt>
<trkpt lat="43.6461434" lon="15.7444808">
	<ele>20.36</ele>
	<time>2026-09-13T11:38:46.890Z</time>
	<hdop>3.79</hdop>
	<extensions>
		<gpxtpx:TrackPointExtension>
			<gpxtpx:course>208.0</gpxtpx:course>
		</gpxtpx:TrackPointExtension>
	</extensions>
</trkpt>
<trkpt lat="43.6458895" lon="15.7442743">
	<ele>20.57</ele>
	<time>2026-09-13T11:38:57.891Z</time>
	<hdop>3.79</hdop>
	<extensions>
		<gpxtpx:TrackPointExtension>
			<gpxtpx:course>209.0</gpxtpx:course>
		</gpxtpx:TrackPointExtension>
	</extensions>
</trkpt>
<trkpt lat="43.6456326" lon="15.7440810">
	<ele>21.57</ele>
	<time>2026-09-13T11:39:08.890Z</time>
	<hdop>3.79</hdop>
	<extensions>
		<gpxtpx:TrackPointExtension>
			<gpxtpx:course>207.0</gpxtpx:course>
		</gpxtpx:TrackPointExtension>
	</extensions>
</trkpt>
<trkpt lat="43.6454054" lon="15.7438990">
	<ele>19.74</ele>
	<time>2026-09-13T11:39:18.890Z</time>
	<hdop>3.79</hdop>
	<extensions>
		<gpxtpx:TrackPointExtension>
			<gpxtpx:course>209.0</gpxtpx:course>
		</gpxtpx:TrackPointExtension>
	</extensions>
</trkpt>
<trkpt lat="43.6451479" lon="15.7436970">
	<ele>21.75</ele>
	<time>2026-09-13T11:39:29.891Z</time>
	<hdop>3.79</hdop>
	<extensions>
		<gpxtpx:TrackPointExtension>
			<gpxtpx:course>209.0</gpxtpx:course>
		</gpxtpx:TrackPointExtension>
	</extensions>
</trkpt>
<trkpt lat="43.6448860" lon="15.7435038">
	<ele>20.36</ele>
	<time>2026-09-13T11:39:40.891Z</time>
	<hdop>3.79</hdop>
	<extensions>
		<gpxtpx:TrackPointExtension>
			<gpxtpx:course>210.0</gpxtpx:course>
		</gpxtpx:TrackPointExtension>
	</extensions>
</trkpt>
<trkpt lat="43.6446209" lon="15.7433232">
	<ele>16.81</ele>
	<time>2026-09-13T11:39:51.889Z</time>
	<hdop>3.79</hdop>
	<extensions>
		<gpxtpx:TrackPointExtension>
			<gpxtpx:course>207.0</gpxtpx:course>
		</gpxtpx:TrackPointExtension>
	</extensions>
</trkpt>
<trkpt lat="43.6443896" lon="15.7431526">
	<ele>20.22</ele>
	<time>2026-09-13T11:40:01.890Z</time>
	<hdop>3.79</hdop>
	<extensions>
		<gpxtpx:TrackPointExtension>
			<gpxtpx:course>211.0</gpxtpx:course>
		</gpxtpx:TrackPointExtension>
	</extensions>
</trkpt>
<trkpt lat="43.6441634" lon="15.7429544">
	<ele>19.57</ele>
	<time>2026-09-13T11:40:11.890Z</time>
	<hdop>3.79</hdop>
	<extensions>
		<gpxtpx:TrackPointExtension>
			<gpxtpx:course>213.0</gpxtpx:course>
		</gpxtpx:TrackPointExtension>
	</extensions>
</trkpt>
<trkpt lat="43.6439462" lon="15.7427407">
	<ele>17.42</ele>
	<time>2026-09-13T11:40:21.890Z</time>
	<hdop>3.79</hdop>
	<extensions>
		<gpxtpx:TrackPointExtension>
			<gpxtpx:course>212.0</gpxtpx:course>
		</gpxtpx:TrackPointExtension>
	</extensions>
</trkpt>
<trkpt lat="43.6437071" lon="15.7425595">
	<ele>18.96</ele>
	<time>2026-09-13T11:40:31.890Z</time>
	<hdop>3.79</hdop>
	<extensions>
		<gpxtpx:TrackPointExtension>
			<gpxtpx:course>208.0</gpxtpx:course>
		</gpxtpx:TrackPointExtension>
	</extensions>
</trkpt>
<trkpt lat="43.6434685" lon="15.7423871">
	<ele>15.28</ele>
	<time>2026-09-13T11:40:41.891Z</time>
	<hdop>3.79</hdop>
	<extensions>
		<gpxtpx:TrackPointExtension>
			<gpxtpx:course>206.0</gpxtpx:course>
		</gpxtpx:TrackPointExtension>
	</extensions>
</trkpt>
<trkpt lat="43.6432038" lon="15.7422138">
	<ele>10.35</ele>
	<time>2026-09-13T11:40:52.890Z</time>
	<hdop>3.79</hdop>
	<extensions>
		<gpxtpx:TrackPointExtension>
			<gpxtpx:course>208.0</gpxtpx:course>
		</gpxtpx:TrackPointExtension>
	</extensions>
</trkpt>
<trkpt lat="43.6429449" lon="15.7420401">
	<ele>16.31</ele>
	<time>2026-09-13T11:41:03.891Z</time>
	<hdop>3.79</hdop>
	<extensions>
		<gpxtpx:TrackPointExtension>
			<gpxtpx:course>208.0</gpxtpx:course>
		</gpxtpx:TrackPointExtension>
	</extensions>
</trkpt>
<trkpt lat="43.6426914" lon="15.7418474">
	<ele>12.41</ele>
	<time>2026-09-13T11:41:14.890Z</time>
	<hdop>3.79</hdop>
	<extensions>
		<gpxtpx:TrackPointExtension>
			<gpxtpx:course>209.0</gpxtpx:course>
		</gpxtpx:TrackPointExtension>
	</extensions>
</trkpt>
<trkpt lat="43.6424321" lon="15.7416493">
	<ele>12.02</ele>
	<time>2026-09-13T11:41:25.888Z</time>
	<hdop>3.79</hdop>
	<extensions>
		<gpxtpx:TrackPointExtension>
			<gpxtpx:course>209.0</gpxtpx:course>
		</gpxtpx:TrackPointExtension>
	</extensions>
</trkpt>
<trkpt lat="43.6421981" lon="15.7414757">
	<ele>13.18</ele>
	<time>2026-09-13T11:41:35.888Z</time>
	<hdop>3.79</hdop>
	<extensions>
		<gpxtpx:TrackPointExtension>
			<gpxtpx:course>206.0</gpxtpx:course>
		</gpxtpx:TrackPointExtension>
	</extensions>
</trkpt>
<trkpt lat="43.6419620" lon="15.7413176">
	<ele>10.61</ele>
	<time>2026-09-13T11:41:45.889Z</time>
	<hdop>3.79</hdop>
	<extensions>
		<gpxtpx:TrackPointExtension>
			<gpxtpx:course>208.0</gpxtpx:course>
		</gpxtpx:TrackPointExtension>
	</extensions>
</trkpt>
<trkpt lat="43.6417119" lon="15.7411740">
	<ele>9.45</ele>
	<time>2026-09-13T11:41:55.891Z</time>
	<hdop>3.79</hdop>
	<extensions>
		<gpxtpx:TrackPointExtension>
			<gpxtpx:course>203.0</gpxtpx:course>
		</gpxtpx:TrackPointExtension>
	</extensions>
</trkpt>
<trkpt lat="43.6414780" lon="15.7410067">
	<ele>9.00</ele>
	<time>2026-09-13T11:42:05.891Z</time>
	<hdop>3.79</hdop>
	<extensions>
		<gpxtpx:TrackPointExtension>
			<gpxtpx:course>207.0</gpxtpx:course>
		</gpxtpx:TrackPointExtension>
	</extensions>
</trkpt>
<trkpt lat="43.6412262" lon="15.7408049">
	<ele>1.62</ele>
	<time>2026-09-13T11:42:16.890Z</time>
	<hdop>3.79</hdop>
	<extensions>
		<gpxtpx:TrackPointExtension>
			<gpxtpx:course>211.0</gpxtpx:course>
		</gpxtpx:TrackPointExtension>
	</extensions>
</trkpt>
<trkpt lat="43.6409786" lon="15.7405830">
	<ele>2.78</ele>
	<time>2026-09-13T11:42:27.890Z</time>
	<hdop>3.79</hdop>
	<extensions>
		<gpxtpx:TrackPointExtension>
			<gpxtpx:course>210.0</gpxtpx:course>
		</gpxtpx:TrackPointExtension>
	</extensions>
</trkpt>
<trkpt lat="43.6407427" lon="15.7404105">
	<ele>2.52</ele>
	<time>2026-09-13T11:42:37.890Z</time>
	<hdop>3.79</hdop>
	<extensions>
		<gpxtpx:TrackPointExtension>
			<gpxtpx:course>208.0</gpxtpx:course>
		</gpxtpx:TrackPointExtension>
	</extensions>
</trkpt>
<trkpt lat="43.6405050" lon="15.7402360">
	<ele>-4.61</ele>
	<time>2026-09-13T11:42:47.890Z</time>
	<hdop>3.79</hdop>
	<extensions>
		<gpxtpx:TrackPointExtension>
			<gpxtpx:course>210.0</gpxtpx:course>
		</gpxtpx:TrackPointExtension>
	</extensions>
</trkpt>
<trkpt lat="43.6402490" lon="15.7400386">
	<ele>0.96</ele>
	<time>2026-09-13T11:42:58.889Z</time>
	<hdop>3.79</hdop>
	<extensions>
		<gpxtpx:TrackPointExtension>
			<gpxtpx:course>206.0</gpxtpx:course>
		</gpxtpx:TrackPointExtension>
	</extensions>
</trkpt>
<trkpt lat="43.6400091" lon="15.7398792">
	<ele>0.59</ele>
	<time>2026-09-13T11:43:08.889Z</time>
	<hdop>3.79</hdop>
	<extensions>
		<gpxtpx:TrackPointExtension>
			<gpxtpx:course>203.0</gpxtpx:course>
		</gpxtpx:TrackPointExtension>
	</extensions>
</trkpt>
<trkpt lat="43.6397531" lon="15.7397450">
	<ele>1.09</ele>
	<time>2026-09-13T11:43:18.890Z</time>
	<hdop>3.79</hdop>
	<extensions>
		<gpxtpx:TrackPointExtension>
			<gpxtpx:course>202.0</gpxtpx:course>
		</gpxtpx:TrackPointExtension>
	</extensions>
</trkpt>
<trkpt lat="43.6394860" lon="15.7395870">
	<ele>3.98</ele>
	<time>2026-09-13T11:43:29.890Z</time>
	<hdop>3.79</hdop>
	<extensions>
		<gpxtpx:TrackPointExtension>
			<gpxtpx:course>201.0</gpxtpx:course>
		</gpxtpx:TrackPointExtension>
	</extensions>
</trkpt>
<trkpt lat="43.6392155" lon="15.7394140">
	<ele>2.60</ele>
	<time>2026-09-13T11:43:40.889Z</time>
	<hdop>3.79</hdop>
	<extensions>
		<gpxtpx:TrackPointExtension>
			<gpxtpx:course>206.0</gpxtpx:course>
		</gpxtpx:TrackPointExtension>
	</extensions>
</trkpt>
<trkpt lat="43.6389943" lon="15.7392103">
	<ele>3.80</ele>
	<time>2026-09-13T11:43:50.889Z</time>
	<hdop>3.79</hdop>
	<extensions>
		<gpxtpx:TrackPointExtension>
			<gpxtpx:course>207.0</gpxtpx:course>
		</gpxtpx:TrackPointExtension>
	</extensions>
</trkpt>
<trkpt lat="43.6387531" lon="15.7390427">
	<ele>5.96</ele>
	<time>2026-09-13T11:44:00.889Z</time>
	<hdop>3.79</hdop>
	<extensions>
		<gpxtpx:TrackPointExtension>
			<gpxtpx:course>204.0</gpxtpx:course>
		</gpxtpx:TrackPointExtension>
	</extensions>
</trkpt>
<trkpt lat="43.6385145" lon="15.7388825">
	<ele>1.97</ele>
	<time>2026-09-13T11:44:10.890Z</time>
	<hdop>3.79</hdop>
	<extensions>
		<gpxtpx:TrackPointExtension>
			<gpxtpx:course>218.0</gpxtpx:course>
		</gpxtpx:TrackPointExtension>
	</extensions>
</trkpt>
<trkpt lat="43.6382668" lon="15.7387385">
	<ele>4.22</ele>
	<time>2026-09-13T11:44:20.890Z</time>
	<hdop>3.79</hdop>
	<extensions>
		<gpxtpx:TrackPointExtension>
			<gpxtpx:course>195.0</gpxtpx:course>
		</gpxtpx:TrackPointExtension>
	</extensions>
</trkpt>
<trkpt lat="43.6379887" lon="15.7386103">
	<ele>4.89</ele>
	<time>2026-09-13T11:44:31.889Z</time>
	<hdop>3.79</hdop>
	<extensions>
		<gpxtpx:TrackPointExtension>
			<gpxtpx:course>201.0</gpxtpx:course>
		</gpxtpx:TrackPointExtension>
	</extensions>
</trkpt>
<trkpt lat="43.6377173" lon="15.7384667">
	<ele>5.51</ele>
	<time>2026-09-13T11:44:42.890Z</time>
	<hdop>3.79</hdop>
	<extensions>
		<gpxtpx:TrackPointExtension>
			<gpxtpx:course>204.0</gpxtpx:course>
		</gpxtpx:TrackPointExtension>
	</extensions>
</trkpt>
<trkpt lat="43.6374603" lon="15.7383455">
	<ele>4.96</ele>
	<time>2026-09-13T11:44:52.890Z</time>
	<hdop>3.79</hdop>
	<extensions>
		<gpxtpx:TrackPointExtension>
			<gpxtpx:course>197.0</gpxtpx:course>
		</gpxtpx:TrackPointExtension>
	</extensions>
</trkpt>
<trkpt lat="43.6371809" lon="15.7382061">
	<ele>4.90</ele>
	<time>2026-09-13T11:45:03.889Z</time>
	<hdop>3.79</hdop>
	<extensions>
		<gpxtpx:TrackPointExtension>
			<gpxtpx:course>201.0</gpxtpx:course>
		</gpxtpx:TrackPointExtension>
	</extensions>
</trkpt>
<trkpt lat="43.6369296" lon="15.7380818">
	<ele>6.35</ele>
	<time>2026-09-13T11:45:13.889Z</time>
	<hdop>3.79</hdop>
	<extensions>
		<gpxtpx:TrackPointExtension>
			<gpxtpx:course>200.0</gpxtpx:course>
		</gpxtpx:TrackPointExtension>
	</extensions>
</trkpt>
<trkpt lat="43.6366518" lon="15.7379501">
	<ele>7.10</ele>
	<time>2026-09-13T11:45:24.889Z</time>
	<hdop>3.79</hdop>
	<extensions>
		<gpxtpx:TrackPointExtension>
			<gpxtpx:course>200.0</gpxtpx:course>
		</gpxtpx:TrackPointExtension>
	</extensions>
</trkpt>
<trkpt lat="43.6363858" lon="15.7377810">
	<ele>5.38</ele>
	<time>2026-09-13T11:45:35.890Z</time>
	<hdop>3.79</hdop>
	<extensions>
		<gpxtpx:TrackPointExtension>
			<gpxtpx:course>204.0</gpxtpx:course>
		</gpxtpx:TrackPointExtension>
	</extensions>
</trkpt>
<trkpt lat="43.6361173" lon="15.7376251">
	<ele>3.12</ele>
	<time>2026-09-13T11:45:46.889Z</time>
	<hdop>3.79</hdop>
	<extensions>
		<gpxtpx:TrackPointExtension>
			<gpxtpx:course>195.0</gpxtpx:course>
		</gpxtpx:TrackPointExtension>
	</extensions>
</trkpt>
<trkpt lat="43.6358300" lon="15.7374842">
	<ele>-2.47</ele>
	<time>2026-09-13T11:45:57.890Z</time>
	<hdop>3.79</hdop>
	<extensions>
		<gpxtpx:TrackPointExtension>
			<gpxtpx:course>202.0</gpxtpx:course>
		</gpxtpx:TrackPointExtension>
	</extensions>
</trkpt>
<trkpt lat="43.6355640" lon="15.7373123">
	<ele>-5.36</ele>
	<time>2026-09-13T11:46:08.889Z</time>
	<hdop>3.79</hdop>
	<extensions>
		<gpxtpx:TrackPointExtension>
			<gpxtpx:course>207.0</gpxtpx:course>
		</gpxtpx:TrackPointExtension>
	</extensions>
</trkpt>
<trkpt lat="43.6353241" lon="15.7371423">
	<ele>-1.70</ele>
	<time>2026-09-13T11:46:18.890Z</time>
	<hdop>3.79</hdop>
	<extensions>
		<gpxtpx:TrackPointExtension>
			<gpxtpx:course>207.0</gpxtpx:course>
		</gpxtpx:TrackPointExtension>
	</extensions>
</trkpt>
<trkpt lat="43.6350724" lon="15.7369423">
	<ele>-0.15</ele>
	<time>2026-09-13T11:46:29.889Z</time>
	<hdop>3.79</hdop>
	<extensions>
		<gpxtpx:TrackPointExtension>
			<gpxtpx:course>211.0</gpxtpx:course>
		</gpxtpx:TrackPointExtension>
	</extensions>
</trkpt>
<trkpt lat="43.6348398" lon="15.7367448">
	<ele>-6.20</ele>
	<time>2026-09-13T11:46:39.889Z</time>
	<hdop>3.79</hdop>
	<extensions>
		<gpxtpx:TrackPointExtension>
			<gpxtpx:course>206.0</gpxtpx:course>
		</gpxtpx:TrackPointExtension>
	</extensions>
</trkpt>
<trkpt lat="43.6346045" lon="15.7365683">
	<ele>-4.20</ele>
	<time>2026-09-13T11:46:49.889Z</time>
	<hdop>3.79</hdop>
	<extensions>
		<gpxtpx:TrackPointExtension>
			<gpxtpx:course>213.0</gpxtpx:course>
		</gpxtpx:TrackPointExtension>
	</extensions>
</trkpt>
<trkpt lat="43.6343602" lon="15.7364165">
	<ele>-14.51</ele>
	<time>2026-09-13T11:46:59.889Z</time>
	<hdop>3.79</hdop>
	<extensions>
		<gpxtpx:TrackPointExtension>
			<gpxtpx:course>198.0</gpxtpx:course>
		</gpxtpx:TrackPointExtension>
	</extensions>
</trkpt>
<trkpt lat="43.6341058" lon="15.7363118">
	<ele>-21.35</ele>
	<time>2026-09-13T11:47:09.889Z</time>
	<hdop>3.79</hdop>
	<extensions>
		<gpxtpx:TrackPointExtension>
			<gpxtpx:course>201.0</gpxtpx:course>
		</gpxtpx:TrackPointExtension>
	</extensions>
</trkpt>
<trkpt lat="43.6338184" lon="15.7361727">
	<ele>-9.54</ele>
	<time>2026-09-13T11:47:20.888Z</time>
	<hdop>3.79</hdop>
	<extensions>
		<gpxtpx:TrackPointExtension>
			<gpxtpx:course>198.0</gpxtpx:course>
		</gpxtpx:TrackPointExtension>
	</extensions>
</trkpt>
<trkpt lat="43.6335743" lon="15.7360325">
	<ele>-7.21</ele>
	<time>2026-09-13T11:47:30.888Z</time>
	<hdop>3.79</hdop>
	<extensions>
		<gpxtpx:TrackPointExtension>
			<gpxtpx:course>204.0</gpxtpx:course>
		</gpxtpx:TrackPointExtension>
	</extensions>
</trkpt>
<trkpt lat="43.6333273" lon="15.7358907">
	<ele>-2.67</ele>
	<time>2026-09-13T11:47:40.889Z</time>
	<hdop>3.79</hdop>
	<extensions>
		<gpxtpx:TrackPointExtension>
			<gpxtpx:course>202.0</gpxtpx:course>
		</gpxtpx:TrackPointExtension>
	</extensions>
</trkpt>
<trkpt lat="43.6330788" lon="15.7357588">
	<ele>-3.16</ele>
	<time>2026-09-13T11:47:50.889Z</time>
	<hdop>3.79</hdop>
	<extensions>
		<gpxtpx:TrackPointExtension>
			<gpxtpx:course>200.0</gpxtpx:course>
		</gpxtpx:TrackPointExtension>
	</extensions>
</trkpt>
<trkpt lat="43.6328280" lon="15.7356417">
	<ele>-1.63</ele>
	<time>2026-09-13T11:48:00.889Z</time>
	<hdop>3.79</hdop>
	<extensions>
		<gpxtpx:TrackPointExtension>
			<gpxtpx:course>200.0</gpxtpx:course>
		</gpxtpx:TrackPointExtension>
	</extensions>
</trkpt>
<trkpt lat="43.6325754" lon="15.7355237">
	<ele>-2.85</ele>
	<time>2026-09-13T11:48:10.890Z</time>
	<hdop>3.79</hdop>
	<extensions>
		<gpxtpx:TrackPointExtension>
			<gpxtpx:course>199.0</gpxtpx:course>
		</gpxtpx:TrackPointExtension>
	</extensions>
</trkpt>
<trkpt lat="43.6322954" lon="15.7354018">
	<ele>-0.09</ele>
	<time>2026-09-13T11:48:21.890Z</time>
	<hdop>3.79</hdop>
	<extensions>
		<gpxtpx:TrackPointExtension>
			<gpxtpx:course>197.0</gpxtpx:course>
		</gpxtpx:TrackPointExtension>
	</extensions>
</trkpt>
<trkpt lat="43.6320214" lon="15.7352854">
	<ele>-21.31</ele>
	<time>2026-09-13T11:48:32.889Z</time>
	<hdop>3.79</hdop>
	<extensions>
		<gpxtpx:TrackPointExtension>
			<gpxtpx:course>201.0</gpxtpx:course>
		</gpxtpx:TrackPointExtension>
	</extensions>
</trkpt>
<trkpt lat="43.6317479" lon="15.7351363">
	<ele>-62.48</ele>
	<time>2026-09-13T11:48:43.889Z</time>
	<hdop>3.79</hdop>
	<extensions>
		<gpxtpx:TrackPointExtension>
			<gpxtpx:course>204.0</gpxtpx:course>
		</gpxtpx:TrackPointExtension>
	</extensions>
</trkpt>
<trkpt lat="43.6315010" lon="15.7350032">
	<ele>-66.50</ele>
	<time>2026-09-13T11:48:53.889Z</time>
	<hdop>3.79</hdop>
	<extensions>
		<gpxtpx:TrackPointExtension>
			<gpxtpx:course>195.0</gpxtpx:course>
		</gpxtpx:TrackPointExtension>
	</extensions>
</trkpt>
<trkpt lat="43.6312367" lon="15.7349205">
	<ele>-57.74</ele>
	<time>2026-09-13T11:49:03.889Z</time>
	<hdop>3.79</hdop>
	<extensions>
		<gpxtpx:TrackPointExtension>
			<gpxtpx:course>194.0</gpxtpx:course>
		</gpxtpx:TrackPointExtension>
	</extensions>
</trkpt>
<trkpt lat="43.6309504" lon="15.7348143">
	<ele>-47.63</ele>
	<time>2026-09-13T11:49:14.888Z</time>
	<hdop>3.79</hdop>
	<extensions>
		<gpxtpx:TrackPointExtension>
			<gpxtpx:course>192.0</gpxtpx:course>
		</gpxtpx:TrackPointExtension>
	</extensions>
</trkpt>
<trkpt lat="43.6306948" lon="15.7346871">
	<ele>-40.66</ele>
	<time>2026-09-13T11:49:24.889Z</time>
	<hdop>3.79</hdop>
	<extensions>
		<gpxtpx:TrackPointExtension>
			<gpxtpx:course>202.0</gpxtpx:course>
		</gpxtpx:TrackPointExtension>
	</extensions>
</trkpt>
<trkpt lat="43.6304348" lon="15.7345875">
	<ele>-33.77</ele>
	<time>2026-09-13T11:49:34.890Z</time>
	<hdop>3.79</hdop>
	<extensions>
		<gpxtpx:TrackPointExtension>
			<gpxtpx:course>193.0</gpxtpx:course>
		</gpxtpx:TrackPointExtension>
	</extensions>
</trkpt>
<trkpt lat="43.6301547" lon="15.7344767">
	<ele>-21.43</ele>
	<time>2026-09-13T11:49:45.889Z</time>
	<hdop>3.79</hdop>
	<extensions>
		<gpxtpx:TrackPointExtension>
			<gpxtpx:course>192.0</gpxtpx:course>
		</gpxtpx:TrackPointExtension>
	</extensions>
</trkpt>
<trkpt lat="43.6298980" lon="15.7343998">
	<ele>-41.48</ele>
	<time>2026-09-13T11:49:55.889Z</time>
	<hdop>3.79</hdop>
	<extensions>
		<gpxtpx:TrackPointExtension>
			<gpxtpx:course>195.0</gpxtpx:course>
		</gpxtpx:TrackPointExtension>
	</extensions>
</trkpt>
<trkpt lat="43.6296314" lon="15.7343037">
	<ele>-58.42</ele>
	<time>2026-09-13T11:50:05.889Z</time>
	<hdop>3.79</hdop>
	<extensions>
		<gpxtpx:TrackPointExtension>
			<gpxtpx:course>197.0</gpxtpx:course>
		</gpxtpx:TrackPointExtension>
	</extensions>
</trkpt>
<trkpt lat="43.6293759" lon="15.7341985">
	<ele>-56.55</ele>
	<time>2026-09-13T11:50:15.889Z</time>
	<hdop>3.79</hdop>
	<extensions>
		<gpxtpx:TrackPointExtension>
			<gpxtpx:course>200.0</gpxtpx:course>
		</gpxtpx:TrackPointExtension>
	</extensions>
</trkpt>
<trkpt lat="43.6291213" lon="15.7340634">
	<ele>-60.61</ele>
	<time>2026-09-13T11:50:25.889Z</time>
	<hdop>3.79</hdop>
	<extensions>
		<gpxtpx:TrackPointExtension>
			<gpxtpx:course>198.0</gpxtpx:course>
		</gpxtpx:TrackPointExtension>
	</extensions>
</trkpt>
<trkpt lat="43.6288541" lon="15.7339721">
	<ele>-45.12</ele>
	<time>2026-09-13T11:50:35.890Z</time>
	<hdop>3.79</hdop>
	<extensions>
		<gpxtpx:TrackPointExtension>
			<gpxtpx:course>189.0</gpxtpx:course>
		</gpxtpx:TrackPointExtension>
	</extensions>
</trkpt>
<trkpt lat="43.6285655" lon="15.7338934">
	<ele>-26.42</ele>
	<time>2026-09-13T11:50:46.888Z</time>
	<hdop>3.79</hdop>
	<extensions>
		<gpxtpx:TrackPointExtension>
			<gpxtpx:course>194.0</gpxtpx:course>
		</gpxtpx:TrackPointExtension>
	</extensions>
</trkpt>
<trkpt lat="43.6283020" lon="15.7337920">
	<ele>-14.90</ele>
	<time>2026-09-13T11:50:56.889Z</time>
	<hdop>3.79</hdop>
	<extensions>
		<gpxtpx:TrackPointExtension>
			<gpxtpx:course>197.0</gpxtpx:course>
		</gpxtpx:TrackPointExtension>
	</extensions>
</trkpt>
<trkpt lat="43.6280185" lon="15.7336546">
	<ele>-5.90</ele>
	<time>2026-09-13T11:51:07.889Z</time>
	<hdop>3.79</hdop>
	<extensions>
		<gpxtpx:TrackPointExtension>
			<gpxtpx:course>197.0</gpxtpx:course>
		</gpxtpx:TrackPointExtension>
	</extensions>
</trkpt>
<trkpt lat="43.6277288" lon="15.7335428">
	<ele>-2.55</ele>
	<time>2026-09-13T11:51:18.888Z</time>
	<hdop>3.79</hdop>
	<extensions>
		<gpxtpx:TrackPointExtension>
			<gpxtpx:course>192.0</gpxtpx:course>
		</gpxtpx:TrackPointExtension>
	</extensions>
</trkpt>
<trkpt lat="43.6274735" lon="15.7334312">
	<ele>-3.89</ele>
	<time>2026-09-13T11:51:28.889Z</time>
	<hdop>3.79</hdop>
	<extensions>
		<gpxtpx:TrackPointExtension>
			<gpxtpx:course>206.0</gpxtpx:course>
		</gpxtpx:TrackPointExtension>
	</extensions>
</trkpt>
<trkpt lat="43.6272194" lon="15.7332933">
	<ele>-18.07</ele>
	<time>2026-09-13T11:51:38.889Z</time>
	<hdop>3.79</hdop>
	<extensions>
		<gpxtpx:TrackPointExtension>
			<gpxtpx:course>200.0</gpxtpx:course>
		</gpxtpx:TrackPointExtension>
	</extensions>
</trkpt>
<trkpt lat="43.6269769" lon="15.7331220">
	<ele>-51.07</ele>
	<time>2026-09-13T11:51:48.890Z</time>
	<hdop>3.79</hdop>
	<extensions>
		<gpxtpx:TrackPointExtension>
			<gpxtpx:course>212.0</gpxtpx:course>
		</gpxtpx:TrackPointExtension>
	</extensions>
</trkpt>
<trkpt lat="43.6267233" lon="15.7329215">
	<ele>-86.49</ele>
	<time>2026-09-13T11:51:59.887Z</time>
	<hdop>3.79</hdop>
	<extensions>
		<gpxtpx:TrackPointExtension>
			<gpxtpx:course>209.0</gpxtpx:course>
		</gpxtpx:TrackPointExtension>
	</extensions>
</trkpt>
<trkpt lat="43.6264984" lon="15.7327301">
	<ele>-97.99</ele>
	<time>2026-09-13T11:52:09.888Z</time>
	<hdop>3.79</hdop>
	<extensions>
		<gpxtpx:TrackPointExtension>
			<gpxtpx:course>209.0</gpxtpx:course>
		</gpxtpx:TrackPointExtension>
	</extensions>
</trkpt>
<trkpt lat="43.6262711" lon="15.7325235">
	<ele>-94.03</ele>
	<time>2026-09-13T11:52:19.889Z</time>
	<hdop>3.79</hdop>
	<extensions>
		<gpxtpx:TrackPointExtension>
			<gpxtpx:course>214.0</gpxtpx:course>
		</gpxtpx:TrackPointExtension>
	</extensions>
</trkpt>
<trkpt lat="43.6260428" lon="15.7323332">
	<ele>-74.48</ele>
	<time>2026-09-13T11:52:29.890Z</time>
	<hdop>3.79</hdop>
	<extensions>
		<gpxtpx:TrackPointExtension>
			<gpxtpx:course>209.0</gpxtpx:course>
		</gpxtpx:TrackPointExtension>
	</extensions>
</trkpt>
<trkpt lat="43.6257887" lon="15.7321372">
	<ele>-69.57</ele>
	<time>2026-09-13T11:52:40.889Z</time>
	<hdop>3.79</hdop>
	<extensions>
		<gpxtpx:TrackPointExtension>
			<gpxtpx:course>207.0</gpxtpx:course>
		</gpxtpx:TrackPointExtension>
	</extensions>
</trkpt>
<trkpt lat="43.6255449" lon="15.7319085">
	<ele>-90.02</ele>
	<time>2026-09-13T11:52:51.890Z</time>
	<hdop>3.79</hdop>
	<extensions>
		<gpxtpx:TrackPointExtension>
			<gpxtpx:course>217.0</gpxtpx:course>
		</gpxtpx:TrackPointExtension>
	</extensions>
</trkpt>
<trkpt lat="43.6253231" lon="15.7316635">
	<ele>-95.68</ele>
	<time>2026-09-13T11:53:02.888Z</time>
	<hdop>3.79</hdop>
	<extensions>
		<gpxtpx:TrackPointExtension>
			<gpxtpx:course>222.0</gpxtpx:course>
		</gpxtpx:TrackPointExtension>
	</extensions>
</trkpt>
<trkpt lat="43.6251309" lon="15.7314075">
	<ele>-88.31</ele>
	<time>2026-09-13T11:53:12.889Z</time>
	<hdop>3.79</hdop>
	<extensions>
		<gpxtpx:TrackPointExtension>
			<gpxtpx:course>225.0</gpxtpx:course>
		</gpxtpx:TrackPointExtension>
	</extensions>
</trkpt>
<trkpt lat="43.6249452" lon="15.7311122">
	<ele>-70.73</ele>
	<time>2026-09-13T11:53:23.889Z</time>
	<hdop>3.79</hdop>
	<extensions>
		<gpxtpx:TrackPointExtension>
			<gpxtpx:course>228.0</gpxtpx:course>
		</gpxtpx:TrackPointExtension>
	</extensions>
</trkpt>
<trkpt lat="43.6247680" lon="15.7308452">
	<ele>-59.77</ele>
	<time>2026-09-13T11:53:33.889Z</time>
	<hdop>3.79</hdop>
	<extensions>
		<gpxtpx:TrackPointExtension>
			<gpxtpx:course>226.0</gpxtpx:course>
		</gpxtpx:TrackPointExtension>
	</extensions>
</trkpt>
<trkpt lat="43.6245998" lon="15.7305859">
	<ele>-59.86</ele>
	<time>2026-09-13T11:53:43.889Z</time>
	<hdop>3.79</hdop>
	<extensions>
		<gpxtpx:TrackPointExtension>
			<gpxtpx:course>228.0</gpxtpx:course>
		</gpxtpx:TrackPointExtension>
	</extensions>
</trkpt>
<trkpt lat="43.6244141" lon="15.7302977">
	<ele>-59.72</ele>
	<time>2026-09-13T11:53:54.888Z</time>
	<hdop>3.79</hdop>
	<extensions>
		<gpxtpx:TrackPointExtension>
			<gpxtpx:course>228.0</gpxtpx:course>
		</gpxtpx:TrackPointExtension>
	</extensions>
</trkpt>
<trkpt lat="43.6242535" lon="15.7300170">
	<ele>-40.63</ele>
	<time>2026-09-13T11:54:04.888Z</time>
	<hdop>3.79</hdop>
	<extensions>
		<gpxtpx:TrackPointExtension>
			<gpxtpx:course>233.0</gpxtpx:course>
		</gpxtpx:TrackPointExtension>
	</extensions>
</trkpt>
<trkpt lat="43.6240975" lon="15.7297407">
	<ele>-21.07</ele>
	<time>2026-09-13T11:54:14.888Z</time>
	<hdop>3.79</hdop>
	<extensions>
		<gpxtpx:TrackPointExtension>
			<gpxtpx:course>234.0</gpxtpx:course>
		</gpxtpx:TrackPointExtension>
	</extensions>
</trkpt>
<trkpt lat="43.6239648" lon="15.7294387">
	<ele>-24.54</ele>
	<time>2026-09-13T11:54:24.888Z</time>
	<hdop>3.79</hdop>
	<extensions>
		<gpxtpx:TrackPointExtension>
			<gpxtpx:course>242.0</gpxtpx:course>
		</gpxtpx:TrackPointExtension>
	</extensions>
</trkpt>
<trkpt lat="43.6238471" lon="15.7291232">
	<ele>-20.82</ele>
	<time>2026-09-13T11:54:34.888Z</time>
	<hdop>3.79</hdop>
	<extensions>
		<gpxtpx:TrackPointExtension>
			<gpxtpx:course>245.0</gpxtpx:course>
		</gpxtpx:TrackPointExtension>
	</extensions>
</trkpt>
<trkpt lat="43.6237360" lon="15.7287951">
	<ele>-8.75</ele>
	<time>2026-09-13T11:54:44.888Z</time>
	<hdop>3.79</hdop>
	<extensions>
		<gpxtpx:TrackPointExtension>
			<gpxtpx:course>243.0</gpxtpx:course>
		</gpxtpx:TrackPointExtension>
	</extensions>
</trkpt>
<trkpt lat="43.6236607" lon="15.7284763">
	<ele>-13.79</ele>
	<time>2026-09-13T11:54:54.888Z</time>
	<hdop>3.79</hdop>
	<extensions>
		<gpxtpx:TrackPointExtension>
			<gpxtpx:course>257.0</gpxtpx:course>
		</gpxtpx:TrackPointExtension>
	</extensions>
</trkpt>
<trkpt lat="43.6236481" lon="15.7281258">
	<ele>-34.96</ele>
	<time>2026-09-13T11:55:04.889Z</time>
	<hdop>3.79</hdop>
	<extensions>
		<gpxtpx:TrackPointExtension>
			<gpxtpx:course>256.0</gpxtpx:course>
		</gpxtpx:TrackPointExtension>
	</extensions>
</trkpt>
<trkpt lat="43.6236028" lon="15.7277504">
	<ele>-30.46</ele>
	<time>2026-09-13T11:55:15.889Z</time>
	<hdop>3.79</hdop>
	<extensions>
		<gpxtpx:TrackPointExtension>
			<gpxtpx:course>255.0</gpxtpx:course>
		</gpxtpx:TrackPointExtension>
	</extensions>
</trkpt>
<trkpt lat="43.6235303" lon="15.7273790">
	<ele>-16.88</ele>
	<time>2026-09-13T11:55:26.888Z</time>
	<hdop>3.79</hdop>
	<extensions>
		<gpxtpx:TrackPointExtension>
			<gpxtpx:course>252.0</gpxtpx:course>
		</gpxtpx:TrackPointExtension>
	</extensions>
</trkpt>
<trkpt lat="43.6234458" lon="15.7270579">
	<ele>-4.49</ele>
	<time>2026-09-13T11:55:36.889Z</time>
	<hdop>3.79</hdop>
	<extensions>
		<gpxtpx:TrackPointExtension>
			<gpxtpx:course>250.0</gpxtpx:course>
		</gpxtpx:TrackPointExtension>
	</extensions>
</trkpt>
<trkpt lat="43.6233609" lon="15.7266862">
	<ele>-3.63</ele>
	<time>2026-09-13T11:55:47.887Z</time>
	<hdop>3.79</hdop>
	<extensions>
		<gpxtpx:TrackPointExtension>
			<gpxtpx:course>253.0</gpxtpx:course>
		</gpxtpx:TrackPointExtension>
	</extensions>
</trkpt>
<trkpt lat="43.6233445" lon="15.7263400">
	<ele>-28.42</ele>
	<time>2026-09-13T11:55:57.887Z</time>
	<hdop>3.79</hdop>
	<extensions>
		<gpxtpx:TrackPointExtension>
			<gpxtpx:course>273.0</gpxtpx:course>
		</gpxtpx:TrackPointExtension>
	</extensions>
</trkpt>
<trkpt lat="43.6233586" lon="15.7260017">
	<ele>-48.79</ele>
	<time>2026-09-13T11:56:07.888Z</time>
	<hdop>3.79</hdop>
	<extensions>
		<gpxtpx:TrackPointExtension>
			<gpxtpx:course>274.0</gpxtpx:course>
		</gpxtpx:TrackPointExtension>
	</extensions>
</trkpt>
<trkpt lat="43.6233672" lon="15.7256605">
	<ele>-56.71</ele>
	<time>2026-09-13T11:56:17.890Z</time>
	<hdop>3.79</hdop>
	<extensions>
		<gpxtpx:TrackPointExtension>
			<gpxtpx:course>268.0</gpxtpx:course>
		</gpxtpx:TrackPointExtension>
	</extensions>
</trkpt>
<trkpt lat="43.6233609" lon="15.7252852">
	<ele>-34.15</ele>
	<time>2026-09-13T11:56:28.889Z</time>
	<hdop>3.79</hdop>
	<extensions>
		<gpxtpx:TrackPointExtension>
			<gpxtpx:course>267.0</gpxtpx:course>
		</gpxtpx:TrackPointExtension>
	</extensions>
</trkpt>
<trkpt lat="43.6233636" lon="15.7249030">
	<ele>-16.05</ele>
	<time>2026-09-13T11:56:39.888Z</time>
	<hdop>3.79</hdop>
	<extensions>
		<gpxtpx:TrackPointExtension>
			<gpxtpx:course>270.0</gpxtpx:course>
		</gpxtpx:TrackPointExtension>
	</extensions>
</trkpt>
<trkpt lat="43.6233775" lon="15.7245636">
	<ele>-3.95</ele>
	<time>2026-09-13T11:56:49.889Z</time>
	<hdop>3.79</hdop>
	<extensions>
		<gpxtpx:TrackPointExtension>
			<gpxtpx:course>270.0</gpxtpx:course>
		</gpxtpx:TrackPointExtension>
	</extensions>
</trkpt>
<trkpt lat="43.6233648" lon="15.7241899">
	<ele>-2.44</ele>
	<time>2026-09-13T11:57:00.887Z</time>
	<hdop>3.79</hdop>
	<extensions>
		<gpxtpx:TrackPointExtension>
			<gpxtpx:course>272.0</gpxtpx:course>
		</gpxtpx:TrackPointExtension>
	</extensions>
</trkpt>
<trkpt lat="43.6233719" lon="15.7238503">
	<ele>0.46</ele>
	<time>2026-09-13T11:57:10.888Z</time>
	<hdop>3.79</hdop>
	<extensions>
		<gpxtpx:TrackPointExtension>
			<gpxtpx:course>274.0</gpxtpx:course>
		</gpxtpx:TrackPointExtension>
	</extensions>
</trkpt>
<trkpt lat="43.6233795" lon="15.7235031">
	<ele>0.20</ele>
	<time>2026-09-13T11:57:20.888Z</time>
	<hdop>3.79</hdop>
	<extensions>
		<gpxtpx:TrackPointExtension>
			<gpxtpx:course>275.0</gpxtpx:course>
		</gpxtpx:TrackPointExtension>
	</extensions>
</trkpt>
<trkpt lat="43.6234009" lon="15.7231707">
	<ele>2.99</ele>
	<time>2026-09-13T11:57:30.889Z</time>
	<hdop>3.79</hdop>
	<extensions>
		<gpxtpx:TrackPointExtension>
			<gpxtpx:course>271.0</gpxtpx:course>
		</gpxtpx:TrackPointExtension>
	</extensions>
</trkpt>
<trkpt lat="43.6234079" lon="15.7227986">
	<ele>0.40</ele>
	<time>2026-09-13T11:57:41.887Z</time>
	<hdop>3.79</hdop>
	<extensions>
		<gpxtpx:TrackPointExtension>
			<gpxtpx:course>272.0</gpxtpx:course>
		</gpxtpx:TrackPointExtension>
	</extensions>
</trkpt>
<trkpt lat="43.6234085" lon="15.7224523">
	<ele>2.09</ele>
	<time>2026-09-13T11:57:51.887Z</time>
	<hdop>3.79</hdop>
	<extensions>
		<gpxtpx:TrackPointExtension>
			<gpxtpx:course>268.0</gpxtpx:course>
		</gpxtpx:TrackPointExtension>
	</extensions>
</trkpt>
<trkpt lat="43.6233973" lon="15.7221077">
	<ele>1.07</ele>
	<time>2026-09-13T11:58:01.887Z</time>
	<hdop>3.79</hdop>
	<extensions>
		<gpxtpx:TrackPointExtension>
			<gpxtpx:course>268.0</gpxtpx:course>
		</gpxtpx:TrackPointExtension>
	</extensions>
</trkpt>
<trkpt lat="43.6233763" lon="15.7217662">
	<ele>0.16</ele>
	<time>2026-09-13T11:58:11.889Z</time>
	<hdop>3.79</hdop>
	<extensions>
		<gpxtpx:TrackPointExtension>
			<gpxtpx:course>263.0</gpxtpx:course>
		</gpxtpx:TrackPointExtension>
	</extensions>
</trkpt>
<trkpt lat="43.6233539" lon="15.7213958">
	<ele>-1.98</ele>
	<time>2026-09-13T11:58:22.889Z</time>
	<hdop>3.79</hdop>
	<extensions>
		<gpxtpx:TrackPointExtension>
			<gpxtpx:course>264.0</gpxtpx:course>
		</gpxtpx:TrackPointExtension>
	</extensions>
</trkpt>
<trkpt lat="43.6233352" lon="15.7210522">
	<ele>-2.89</ele>
	<time>2026-09-13T11:58:32.889Z</time>
	<hdop>3.79</hdop>
	<extensions>
		<gpxtpx:TrackPointExtension>
			<gpxtpx:course>264.0</gpxtpx:course>
		</gpxtpx:TrackPointExtension>
	</extensions>
</trkpt>
<trkpt lat="43.6232949" lon="15.7206777">
	<ele>-4.10</ele>
	<time>2026-09-13T11:58:43.888Z</time>
	<hdop>3.79</hdop>
	<extensions>
		<gpxtpx:TrackPointExtension>
			<gpxtpx:course>255.0</gpxtpx:course>
		</gpxtpx:TrackPointExtension>
	</extensions>
</trkpt>
<trkpt lat="43.6232596" lon="15.7203375">
	<ele>-6.77</ele>
	<time>2026-09-13T11:58:53.889Z</time>
	<hdop>3.79</hdop>
	<extensions>
		<gpxtpx:TrackPointExtension>
			<gpxtpx:course>265.0</gpxtpx:course>
		</gpxtpx:TrackPointExtension>
	</extensions>
</trkpt>
<trkpt lat="43.6232424" lon="15.7200038">
	<ele>-5.90</ele>
	<time>2026-09-13T11:59:03.889Z</time>
	<hdop>3.79</hdop>
	<extensions>
		<gpxtpx:TrackPointExtension>
			<gpxtpx:course>267.0</gpxtpx:course>
		</gpxtpx:TrackPointExtension>
	</extensions>
</trkpt>
<trkpt lat="43.6232432" lon="15.7196278">
	<ele>-1.60</ele>
	<time>2026-09-13T11:59:14.887Z</time>
	<hdop>3.79</hdop>
	<extensions>
		<gpxtpx:TrackPointExtension>
			<gpxtpx:course>271.0</gpxtpx:course>
		</gpxtpx:TrackPointExtension>
	</extensions>
</trkpt>
<trkpt lat="43.6232499" lon="15.7192868">
	<ele>-3.70</ele>
	<time>2026-09-13T11:59:24.887Z</time>
	<hdop>3.79</hdop>
	<extensions>
		<gpxtpx:TrackPointExtension>
			<gpxtpx:course>273.0</gpxtpx:course>
		</gpxtpx:TrackPointExtension>
	</extensions>
</trkpt>
<trkpt lat="43.6232743" lon="15.7189572">
	<ele>-1.59</ele>
	<time>2026-09-13T11:59:34.887Z</time>
	<hdop>3.79</hdop>
	<extensions>
		<gpxtpx:TrackPointExtension>
			<gpxtpx:course>275.0</gpxtpx:course>
		</gpxtpx:TrackPointExtension>
	</extensions>
</trkpt>
<trkpt lat="43.6232766" lon="15.7186185">
	<ele>-2.40</ele>
	<time>2026-09-13T11:59:44.887Z</time>
	<hdop>3.79</hdop>
	<extensions>
		<gpxtpx:TrackPointExtension>
			<gpxtpx:course>264.0</gpxtpx:course>
		</gpxtpx:TrackPointExtension>
	</extensions>
</trkpt>
<trkpt lat="43.6232780" lon="15.7182826">
	<ele>-3.73</ele>
	<time>2026-09-13T11:59:54.887Z</time>
	<hdop>3.79</hdop>
	<extensions>
		<gpxtpx:TrackPointExtension>
			<gpxtpx:course>276.0</gpxtpx:course>
		</gpxtpx:TrackPointExtension>
	</extensions>
</trkpt>
<trkpt lat="43.6233042" lon="15.7179438">
	<ele>-18.00</ele>
	<time>2026-09-13T12:00:04.888Z</time>
	<hdop>3.79</hdop>
	<extensions>
		<gpxtpx:TrackPointExtension>
			<gpxtpx:course>279.0</gpxtpx:course>
		</gpxtpx:TrackPointExtension>
	</extensions>
</trkpt>
<trkpt lat="43.6233548" lon="15.7175846">
	<ele>-37.86</ele>
	<time>2026-09-13T12:00:15.887Z</time>
	<hdop>3.79</hdop>
	<extensions>
		<gpxtpx:TrackPointExtension>
			<gpxtpx:course>286.0</gpxtpx:course>
		</gpxtpx:TrackPointExtension>
	</extensions>
</trkpt>
<trkpt lat="43.6234223" lon="15.7172641">
	<ele>-33.11</ele>
	<time>2026-09-13T12:00:25.887Z</time>
	<hdop>3.79</hdop>
	<extensions>
		<gpxtpx:TrackPointExtension>
			<gpxtpx:course>282.0</gpxtpx:course>
		</gpxtpx:TrackPointExtension>
	</extensions>
</trkpt>
<trkpt lat="43.6234763" lon="15.7169319">
	<ele>-16.41</ele>
	<time>2026-09-13T12:00:35.889Z</time>
	<hdop>3.79</hdop>
	<extensions>
		<gpxtpx:TrackPointExtension>
			<gpxtpx:course>284.0</gpxtpx:course>
		</gpxtpx:TrackPointExtension>
	</extensions>
</trkpt>
<trkpt lat="43.6235422" lon="15.7165759">
	<ele>-4.98</ele>
	<time>2026-09-13T12:00:46.889Z</time>
	<hdop>3.79</hdop>
	<extensions>
		<gpxtpx:TrackPointExtension>
			<gpxtpx:course>278.0</gpxtpx:course>
		</gpxtpx:TrackPointExtension>
	</extensions>
</trkpt>
<trkpt lat="43.6236000" lon="15.7162029">
	<ele>2.46</ele>
	<time>2026-09-13T12:00:57.887Z</time>
	<hdop>3.79</hdop>
	<extensions>
		<gpxtpx:TrackPointExtension>
			<gpxtpx:course>280.0</gpxtpx:course>
		</gpxtpx:TrackPointExtension>
	</extensions>
</trkpt>
<trkpt lat="43.6236583" lon="15.7158426">
	<ele>9.14</ele>
	<time>2026-09-13T12:01:08.889Z</time>
	<hdop>3.79</hdop>
	<extensions>
		<gpxtpx:TrackPointExtension>
			<gpxtpx:course>287.0</gpxtpx:course>
		</gpxtpx:TrackPointExtension>
	</extensions>
</trkpt>
<trkpt lat="43.6237405" lon="15.7154958">
	<ele>8.30</ele>
	<time>2026-09-13T12:01:19.888Z</time>
	<hdop>3.79</hdop>
	<extensions>
		<gpxtpx:TrackPointExtension>
			<gpxtpx:course>288.0</gpxtpx:course>
		</gpxtpx:TrackPointExtension>
	</extensions>
</trkpt>
<trkpt lat="43.6238014" lon="15.7151743">
	<ele>11.35</ele>
	<time>2026-09-13T12:01:29.888Z</time>
	<hdop>3.79</hdop>
	<extensions>
		<gpxtpx:TrackPointExtension>
			<gpxtpx:course>285.0</gpxtpx:course>
		</gpxtpx:TrackPointExtension>
	</extensions>
</trkpt>
<trkpt lat="43.6238630" lon="15.7148212">
	<ele>8.73</ele>
	<time>2026-09-13T12:01:40.888Z</time>
	<hdop>3.79</hdop>
	<extensions>
		<gpxtpx:TrackPointExtension>
			<gpxtpx:course>284.0</gpxtpx:course>
		</gpxtpx:TrackPointExtension>
	</extensions>
</trkpt>
<trkpt lat="43.6239151" lon="15.7144826">
	<ele>-11.45</ele>
	<time>2026-09-13T12:01:50.888Z</time>
	<hdop>8.30</hdop>
	<extensions>
		<gpxtpx:TrackPointExtension>
			<gpxtpx:course>283.0</gpxtpx:course>
		</gpxtpx:TrackPointExtension>
	</extensions>
</trkpt>
<trkpt lat="43.6239812" lon="15.7141444">
	<ele>-53.24</ele>
	<time>2026-09-13T12:02:00.889Z</time>
	<hdop>3.79</hdop>
	<extensions>
		<gpxtpx:TrackPointExtension>
			<gpxtpx:course>279.0</gpxtpx:course>
		</gpxtpx:TrackPointExtension>
	</extensions>
</trkpt>
<trkpt lat="43.6240333" lon="15.7137848">
	<ele>-46.97</ele>
	<time>2026-09-13T12:02:11.886Z</time>
	<hdop>3.79</hdop>
	<extensions>
		<gpxtpx:TrackPointExtension>
			<gpxtpx:course>283.0</gpxtpx:course>
		</gpxtpx:TrackPointExtension>
	</extensions>
</trkpt>
<trkpt lat="43.6241024" lon="15.7134555">
	<ele>-23.55</ele>
	<time>2026-09-13T12:02:21.889Z</time>
	<hdop>3.79</hdop>
	<extensions>
		<gpxtpx:TrackPointExtension>
			<gpxtpx:course>283.0</gpxtpx:course>
		</gpxtpx:TrackPointExtension>
	</extensions>
</trkpt>
<trkpt lat="43.6241823" lon="15.7130964">
	<ele>-3.40</ele>
	<time>2026-09-13T12:02:32.889Z</time>
	<hdop>3.79</hdop>
	<extensions>
		<gpxtpx:TrackPointExtension>
			<gpxtpx:course>292.0</gpxtpx:course>
		</gpxtpx:TrackPointExtension>
	</extensions>
</trkpt>
<trkpt lat="43.6242781" lon="15.7127576">
	<ele>8.47</ele>
	<time>2026-09-13T12:02:43.889Z</time>
	<hdop>3.79</hdop>
	<extensions>
		<gpxtpx:TrackPointExtension>
			<gpxtpx:course>293.0</gpxtpx:course>
		</gpxtpx:TrackPointExtension>
	</extensions>
</trkpt>
<trkpt lat="43.6243756" lon="15.7124138">
	<ele>14.54</ele>
	<time>2026-09-13T12:02:54.888Z</time>
	<hdop>3.79</hdop>
	<extensions>
		<gpxtpx:TrackPointExtension>
			<gpxtpx:course>290.0</gpxtpx:course>
		</gpxtpx:TrackPointExtension>
	</extensions>
</trkpt>
<trkpt lat="43.6244584" lon="15.7121043">
	<ele>20.17</ele>
	<time>2026-09-13T12:03:04.888Z</time>
	<hdop>3.79</hdop>
	<extensions>
		<gpxtpx:TrackPointExtension>
			<gpxtpx:course>285.0</gpxtpx:course>
		</gpxtpx:TrackPointExtension>
	</extensions>
</trkpt>
<trkpt lat="43.6245265" lon="15.7117438">
	<ele>19.41</ele>
	<time>2026-09-13T12:03:15.887Z</time>
	<hdop>3.79</hdop>
	<extensions>
		<gpxtpx:TrackPointExtension>
			<gpxtpx:course>284.0</gpxtpx:course>
		</gpxtpx:TrackPointExtension>
	</extensions>
</trkpt>
<trkpt lat="43.6246092" lon="15.7113808">
	<ele>21.15</ele>
	<time>2026-09-13T12:03:26.886Z</time>
	<hdop>3.79</hdop>
	<extensions>
		<gpxtpx:TrackPointExtension>
			<gpxtpx:course>289.0</gpxtpx:course>
		</gpxtpx:TrackPointExtension>
	</extensions>
</trkpt>
<trkpt lat="43.6246938" lon="15.7110645">
	<ele>23.81</ele>
	<time>2026-09-13T12:03:36.888Z</time>
	<hdop>3.79</hdop>
	<extensions>
		<gpxtpx:TrackPointExtension>
			<gpxtpx:course>293.0</gpxtpx:course>
		</gpxtpx:TrackPointExtension>
	</extensions>
</trkpt>
<trkpt lat="43.6247845" lon="15.7107321">
	<ele>21.08</ele>
	<time>2026-09-13T12:03:47.889Z</time>
	<hdop>3.79</hdop>
	<extensions>
		<gpxtpx:TrackPointExtension>
			<gpxtpx:course>293.0</gpxtpx:course>
		</gpxtpx:TrackPointExtension>
	</extensions>
</trkpt>
<trkpt lat="43.6248679" lon="15.7103858">
	<ele>23.06</ele>
	<time>2026-09-13T12:03:58.886Z</time>
	<hdop>3.79</hdop>
	<extensions>
		<gpxtpx:TrackPointExtension>
			<gpxtpx:course>280.0</gpxtpx:course>
		</gpxtpx:TrackPointExtension>
	</extensions>
</trkpt>
<trkpt lat="43.6248891" lon="15.7100168">
	<ele>20.59</ele>
	<time>2026-09-13T12:04:09.886Z</time>
	<hdop>3.79</hdop>
	<extensions>
		<gpxtpx:TrackPointExtension>
			<gpxtpx:course>275.0</gpxtpx:course>
		</gpxtpx:TrackPointExtension>
	</extensions>
</trkpt>
<trkpt lat="43.6249030" lon="15.7096838">
	<ele>21.79</ele>
	<time>2026-09-13T12:04:19.887Z</time>
	<hdop>3.79</hdop>
	<extensions>
		<gpxtpx:TrackPointExtension>
			<gpxtpx:course>273.0</gpxtpx:course>
		</gpxtpx:TrackPointExtension>
	</extensions>
</trkpt>
<trkpt lat="43.6249185" lon="15.7093095">
	<ele>20.01</ele>
	<time>2026-09-13T12:04:30.886Z</time>
	<hdop>3.79</hdop>
	<extensions>
		<gpxtpx:TrackPointExtension>
			<gpxtpx:course>271.0</gpxtpx:course>
		</gpxtpx:TrackPointExtension>
	</extensions>
</trkpt>
<trkpt lat="43.6249461" lon="15.7089692">
	<ele>17.29</ele>
	<time>2026-09-13T12:04:40.888Z</time>
	<hdop>3.79</hdop>
	<extensions>
		<gpxtpx:TrackPointExtension>
			<gpxtpx:course>278.0</gpxtpx:course>
		</gpxtpx:TrackPointExtension>
	</extensions>
</trkpt>
<trkpt lat="43.6249873" lon="15.7085897">
	<ele>16.34</ele>
	<time>2026-09-13T12:04:51.888Z</time>
	<hdop>3.79</hdop>
	<extensions>
		<gpxtpx:TrackPointExtension>
			<gpxtpx:course>277.0</gpxtpx:course>
		</gpxtpx:TrackPointExtension>
	</extensions>
</trkpt>
<trkpt lat="43.6250438" lon="15.7082636">
	<ele>16.75</ele>
	<time>2026-09-13T12:05:01.888Z</time>
	<hdop>3.79</hdop>
	<extensions>
		<gpxtpx:TrackPointExtension>
			<gpxtpx:course>285.0</gpxtpx:course>
		</gpxtpx:TrackPointExtension>
	</extensions>
</trkpt>
<trkpt lat="43.6251332" lon="15.7079050">
	<ele>14.48</ele>
	<time>2026-09-13T12:05:12.886Z</time>
	<hdop>3.79</hdop>
	<extensions>
		<gpxtpx:TrackPointExtension>
			<gpxtpx:course>288.0</gpxtpx:course>
		</gpxtpx:TrackPointExtension>
	</extensions>
</trkpt>
<trkpt lat="43.6252259" lon="15.7075813">
	<ele>14.26</ele>
	<time>2026-09-13T12:05:22.887Z</time>
	<hdop>3.79</hdop>
	<extensions>
		<gpxtpx:TrackPointExtension>
			<gpxtpx:course>291.0</gpxtpx:course>
		</gpxtpx:TrackPointExtension>
	</extensions>
</trkpt>
<trkpt lat="43.6253126" lon="15.7072614">
	<ele>12.67</ele>
	<time>2026-09-13T12:05:32.887Z</time>
	<hdop>3.79</hdop>
	<extensions>
		<gpxtpx:TrackPointExtension>
			<gpxtpx:course>291.0</gpxtpx:course>
		</gpxtpx:TrackPointExtension>
	</extensions>
</trkpt>
<trkpt lat="43.6253986" lon="15.7069350">
	<ele>10.15</ele>
	<time>2026-09-13T12:05:42.887Z</time>
	<hdop>3.79</hdop>
	<extensions>
		<gpxtpx:TrackPointExtension>
			<gpxtpx:course>291.0</gpxtpx:course>
		</gpxtpx:TrackPointExtension>
	</extensions>
</trkpt>
<trkpt lat="43.6255047" lon="15.7065880">
	<ele>13.17</ele>
	<time>2026-09-13T12:05:53.888Z</time>
	<hdop>3.79</hdop>
	<extensions>
		<gpxtpx:TrackPointExtension>
			<gpxtpx:course>286.0</gpxtpx:course>
		</gpxtpx:TrackPointExtension>
	</extensions>
</trkpt>
<trkpt lat="43.6255871" lon="15.7062611">
	<ele>12.22</ele>
	<time>2026-09-13T12:06:03.888Z</time>
	<hdop>3.79</hdop>
	<extensions>
		<gpxtpx:TrackPointExtension>
			<gpxtpx:course>289.0</gpxtpx:course>
		</gpxtpx:TrackPointExtension>
	</extensions>
</trkpt>
<trkpt lat="43.6256620" lon="15.7059129">
	<ele>12.08</ele>
	<time>2026-09-13T12:06:14.887Z</time>
	<hdop>3.79</hdop>
	<extensions>
		<gpxtpx:TrackPointExtension>
			<gpxtpx:course>288.0</gpxtpx:course>
		</gpxtpx:TrackPointExtension>
	</extensions>
</trkpt>
<trkpt lat="43.6257514" lon="15.7055649">
	<ele>9.65</ele>
	<time>2026-09-13T12:06:25.887Z</time>
	<hdop>3.79</hdop>
	<extensions>
		<gpxtpx:TrackPointExtension>
			<gpxtpx:course>296.0</gpxtpx:course>
		</gpxtpx:TrackPointExtension>
	</extensions>
</trkpt>
<trkpt lat="43.6258249" lon="15.7052417">
	<ele>9.08</ele>
	<time>2026-09-13T12:06:35.889Z</time>
	<hdop>3.79</hdop>
	<extensions>
		<gpxtpx:TrackPointExtension>
			<gpxtpx:course>290.0</gpxtpx:course>
		</gpxtpx:TrackPointExtension>
	</extensions>
</trkpt>
<trkpt lat="43.6259568" lon="15.7049020">
	<ele>10.69</ele>
	<time>2026-09-13T12:06:46.887Z</time>
	<hdop>3.79</hdop>
	<extensions>
		<gpxtpx:TrackPointExtension>
			<gpxtpx:course>299.0</gpxtpx:course>
		</gpxtpx:TrackPointExtension>
	</extensions>
</trkpt>
<trkpt lat="43.6260855" lon="15.7046346">
	<ele>10.51</ele>
	<time>2026-09-13T12:06:56.888Z</time>
	<hdop>3.79</hdop>
	<extensions>
		<gpxtpx:TrackPointExtension>
			<gpxtpx:course>311.0</gpxtpx:course>
		</gpxtpx:TrackPointExtension>
	</extensions>
</trkpt>
<trkpt lat="43.6262521" lon="15.7043438">
	<ele>8.48</ele>
	<time>2026-09-13T12:07:07.886Z</time>
	<hdop>3.79</hdop>
	<extensions>
		<gpxtpx:TrackPointExtension>
			<gpxtpx:course>303.0</gpxtpx:course>
		</gpxtpx:TrackPointExtension>
	</extensions>
</trkpt>
<trkpt lat="43.6263799" lon="15.7040492">
	<ele>10.26</ele>
	<time>2026-09-13T12:07:17.888Z</time>
	<hdop>3.79</hdop>
	<extensions>
		<gpxtpx:TrackPointExtension>
			<gpxtpx:course>298.0</gpxtpx:course>
		</gpxtpx:TrackPointExtension>
	</extensions>
</trkpt>
<trkpt lat="43.6265045" lon="15.7037471">
	<ele>8.73</ele>
	<time>2026-09-13T12:07:27.888Z</time>
	<hdop>3.79</hdop>
	<extensions>
		<gpxtpx:TrackPointExtension>
			<gpxtpx:course>298.0</gpxtpx:course>
		</gpxtpx:TrackPointExtension>
	</extensions>
</trkpt>
<trkpt lat="43.6266136" lon="15.7034043">
	<ele>6.85</ele>
	<time>2026-09-13T12:07:38.887Z</time>
	<hdop>3.79</hdop>
	<extensions>
		<gpxtpx:TrackPointExtension>
			<gpxtpx:course>291.0</gpxtpx:course>
		</gpxtpx:TrackPointExtension>
	</extensions>
</trkpt>
<trkpt lat="43.6266920" lon="15.7030729">
	<ele>10.75</ele>
	<time>2026-09-13T12:07:48.887Z</time>
	<hdop>3.79</hdop>
	<extensions>
		<gpxtpx:TrackPointExtension>
			<gpxtpx:course>289.0</gpxtpx:course>
		</gpxtpx:TrackPointExtension>
	</extensions>
</trkpt>
<trkpt lat="43.6267701" lon="15.7027435">
	<ele>10.35</ele>
	<time>2026-09-13T12:07:58.888Z</time>
	<hdop>3.79</hdop>
	<extensions>
		<gpxtpx:TrackPointExtension>
			<gpxtpx:course>292.0</gpxtpx:course>
		</gpxtpx:TrackPointExtension>
	</extensions>
</trkpt>
<trkpt lat="43.6268778" lon="15.7024028">
	<ele>10.75</ele>
	<time>2026-09-13T12:08:09.888Z</time>
	<hdop>3.79</hdop>
	<extensions>
		<gpxtpx:TrackPointExtension>
			<gpxtpx:course>292.0</gpxtpx:course>
		</gpxtpx:TrackPointExtension>
	</extensions>
</trkpt>
<trkpt lat="43.6269929" lon="15.7020622">
	<ele>7.78</ele>
	<time>2026-09-13T12:08:20.885Z</time>
	<hdop>3.79</hdop>
	<extensions>
		<gpxtpx:TrackPointExtension>
			<gpxtpx:course>292.0</gpxtpx:course>
		</gpxtpx:TrackPointExtension>
	</extensions>
</trkpt>
<trkpt lat="43.6270843" lon="15.7017487">
	<ele>7.75</ele>
	<time>2026-09-13T12:08:30.887Z</time>
	<hdop>3.79</hdop>
	<extensions>
		<gpxtpx:TrackPointExtension>
			<gpxtpx:course>292.0</gpxtpx:course>
		</gpxtpx:TrackPointExtension>
	</extensions>
</trkpt>
<trkpt lat="43.6271917" lon="15.7014344">
	<ele>6.12</ele>
	<time>2026-09-13T12:08:40.887Z</time>
	<hdop>3.79</hdop>
	<extensions>
		<gpxtpx:TrackPointExtension>
			<gpxtpx:course>298.0</gpxtpx:course>
		</gpxtpx:TrackPointExtension>
	</extensions>
</trkpt>
<trkpt lat="43.6273146" lon="15.7011406">
	<ele>2.59</ele>
	<time>2026-09-13T12:08:50.887Z</time>
	<hdop>3.79</hdop>
	<extensions>
		<gpxtpx:TrackPointExtension>
			<gpxtpx:course>301.0</gpxtpx:course>
		</gpxtpx:TrackPointExtension>
	</extensions>
</trkpt>
<trkpt lat="43.6274567" lon="15.7008597">
	<ele>-1.41</ele>
	<time>2026-09-13T12:09:00.887Z</time>
	<hdop>3.79</hdop>
	<extensions>
		<gpxtpx:TrackPointExtension>
			<gpxtpx:course>306.0</gpxtpx:course>
		</gpxtpx:TrackPointExtension>
	</extensions>
</trkpt>
<trkpt lat="43.6275965" lon="15.7005878">
	<ele>1.02</ele>
	<time>2026-09-13T12:09:10.887Z</time>
	<hdop>3.79</hdop>
	<extensions>
		<gpxtpx:TrackPointExtension>
			<gpxtpx:course>299.0</gpxtpx:course>
		</gpxtpx:TrackPointExtension>
	</extensions>
</trkpt>
<trkpt lat="43.6277314" lon="15.7002656">
	<ele>3.30</ele>
	<time>2026-09-13T12:09:21.888Z</time>
	<hdop>3.79</hdop>
	<extensions>
		<gpxtpx:TrackPointExtension>
			<gpxtpx:course>300.0</gpxtpx:course>
		</gpxtpx:TrackPointExtension>
	</extensions>
</trkpt>
<trkpt lat="43.6278759" lon="15.6999572">
	<ele>5.17</ele>
	<time>2026-09-13T12:09:32.888Z</time>
	<hdop>3.79</hdop>
	<extensions>
		<gpxtpx:TrackPointExtension>
			<gpxtpx:course>305.0</gpxtpx:course>
		</gpxtpx:TrackPointExtension>
	</extensions>
</trkpt>
<trkpt lat="43.6280314" lon="15.6996546">
	<ele>6.40</ele>
	<time>2026-09-13T12:09:43.887Z</time>
	<hdop>3.79</hdop>
	<extensions>
		<gpxtpx:TrackPointExtension>
			<gpxtpx:course>302.0</gpxtpx:course>
		</gpxtpx:TrackPointExtension>
	</extensions>
</trkpt>
<trkpt lat="43.6281762" lon="15.6993806">
	<ele>5.51</ele>
	<time>2026-09-13T12:09:53.887Z</time>
	<hdop>3.79</hdop>
	<extensions>
		<gpxtpx:TrackPointExtension>
			<gpxtpx:course>305.0</gpxtpx:course>
		</gpxtpx:TrackPointExtension>
	</extensions>
</trkpt>
<trkpt lat="43.6283223" lon="15.6990657">
	<ele>4.35</ele>
	<time>2026-09-13T12:10:04.886Z</time>
	<hdop>3.79</hdop>
	<extensions>
		<gpxtpx:TrackPointExtension>
			<gpxtpx:course>297.0</gpxtpx:course>
		</gpxtpx:TrackPointExtension>
	</extensions>
</trkpt>
<trkpt lat="43.6284333" lon="15.6987621">
	<ele>5.41</ele>
	<time>2026-09-13T12:10:14.888Z</time>
	<hdop>3.79</hdop>
	<extensions>
		<gpxtpx:TrackPointExtension>
			<gpxtpx:course>295.0</gpxtpx:course>
		</gpxtpx:TrackPointExtension>
	</extensions>
</trkpt>
<trkpt lat="43.6285446" lon="15.6984569">
	<ele>6.21</ele>
	<time>2026-09-13T12:10:24.888Z</time>
	<hdop>3.79</hdop>
	<extensions>
		<gpxtpx:TrackPointExtension>
			<gpxtpx:course>299.0</gpxtpx:course>
		</gpxtpx:TrackPointExtension>
	</extensions>
</trkpt>
<trkpt lat="43.6286823" lon="15.6981361">
	<ele>3.34</ele>
	<time>2026-09-13T12:10:35.885Z</time>
	<hdop>3.79</hdop>
	<extensions>
		<gpxtpx:TrackPointExtension>
			<gpxtpx:course>298.0</gpxtpx:course>
		</gpxtpx:TrackPointExtension>
	</extensions>
</trkpt>
<trkpt lat="43.6288040" lon="15.6978375">
	<ele>3.56</ele>
	<time>2026-09-13T12:10:45.887Z</time>
	<hdop>3.79</hdop>
	<extensions>
		<gpxtpx:TrackPointExtension>
			<gpxtpx:course>300.0</gpxtpx:course>
		</gpxtpx:TrackPointExtension>
	</extensions>
</trkpt>
<trkpt lat="43.6289406" lon="15.6975187">
	<ele>6.26</ele>
	<time>2026-09-13T12:10:56.887Z</time>
	<hdop>3.79</hdop>
	<extensions>
		<gpxtpx:TrackPointExtension>
			<gpxtpx:course>297.0</gpxtpx:course>
		</gpxtpx:TrackPointExtension>
	</extensions>
</trkpt>
<trkpt lat="43.6290707" lon="15.6971854">
	<ele>4.38</ele>
	<time>2026-09-13T12:11:07.887Z</time>
	<hdop>3.79</hdop>
	<extensions>
		<gpxtpx:TrackPointExtension>
			<gpxtpx:course>297.0</gpxtpx:course>
		</gpxtpx:TrackPointExtension>
	</extensions>
</trkpt>
<trkpt lat="43.6291881" lon="15.6968922">
	<ele>7.27</ele>
	<time>2026-09-13T12:11:17.888Z</time>
	<hdop>3.79</hdop>
	<extensions>
		<gpxtpx:TrackPointExtension>
			<gpxtpx:course>305.0</gpxtpx:course>
		</gpxtpx:TrackPointExtension>
	</extensions>
</trkpt>
<trkpt lat="43.6293559" lon="15.6966066">
	<ele>5.40</ele>
	<time>2026-09-13T12:11:28.887Z</time>
	<hdop>3.79</hdop>
	<extensions>
		<gpxtpx:TrackPointExtension>
			<gpxtpx:course>306.0</gpxtpx:course>
		</gpxtpx:TrackPointExtension>
	</extensions>
</trkpt>
<trkpt lat="43.6295209" lon="15.6963072">
	<ele>1.52</ele>
	<time>2026-09-13T12:11:39.885Z</time>
	<hdop>3.79</hdop>
	<extensions>
		<gpxtpx:TrackPointExtension>
			<gpxtpx:course>305.0</gpxtpx:course>
		</gpxtpx:TrackPointExtension>
	</extensions>
</trkpt>
<trkpt lat="43.6296621" lon="15.6960308">
	<ele>2.65</ele>
	<time>2026-09-13T12:11:49.886Z</time>
	<hdop>3.79</hdop>
	<extensions>
		<gpxtpx:TrackPointExtension>
			<gpxtpx:course>305.0</gpxtpx:course>
		</gpxtpx:TrackPointExtension>
	</extensions>
</trkpt>
<trkpt lat="43.6298209" lon="15.6957385">
	<ele>3.19</ele>
	<time>2026-09-13T12:12:00.886Z</time>
	<hdop>3.79</hdop>
	<extensions>
		<gpxtpx:TrackPointExtension>
			<gpxtpx:course>310.0</gpxtpx:course>
		</gpxtpx:TrackPointExtension>
	</extensions>
</trkpt>
<trkpt lat="43.6299597" lon="15.6954772">
	<ele>1.20</ele>
	<time>2026-09-13T12:12:10.886Z</time>
	<hdop>3.79</hdop>
	<extensions>
		<gpxtpx:TrackPointExtension>
			<gpxtpx:course>305.0</gpxtpx:course>
		</gpxtpx:TrackPointExtension>
	</extensions>
</trkpt>
<trkpt lat="43.6300968" lon="15.6951984">
	<ele>3.21</ele>
	<time>2026-09-13T12:12:20.887Z</time>
	<hdop>3.79</hdop>
	<extensions>
		<gpxtpx:TrackPointExtension>
			<gpxtpx:course>303.0</gpxtpx:course>
		</gpxtpx:TrackPointExtension>
	</extensions>
</trkpt>
<trkpt lat="43.6302419" lon="15.6949197">
	<ele>-0.59</ele>
	<time>2026-09-13T12:12:30.887Z</time>
	<hdop>3.79</hdop>
	<extensions>
		<gpxtpx:TrackPointExtension>
			<gpxtpx:course>307.0</gpxtpx:course>
		</gpxtpx:TrackPointExtension>
	</extensions>
</trkpt>
<trkpt lat="43.6304098" lon="15.6946236">
	<ele>-1.47</ele>
	<time>2026-09-13T12:12:41.887Z</time>
	<hdop>3.79</hdop>
	<extensions>
		<gpxtpx:TrackPointExtension>
			<gpxtpx:course>308.0</gpxtpx:course>
		</gpxtpx:TrackPointExtension>
	</extensions>
</trkpt>
<trkpt lat="43.6305628" lon="15.6943776">
	<ele>-1.54</ele>
	<time>2026-09-13T12:12:51.887Z</time>
	<hdop>3.79</hdop>
	<extensions>
		<gpxtpx:TrackPointExtension>
			<gpxtpx:course>302.0</gpxtpx:course>
		</gpxtpx:TrackPointExtension>
	</extensions>
</trkpt>
<trkpt lat="43.6307170" lon="15.6941211">
	<ele>-1.11</ele>
	<time>2026-09-13T12:13:01.887Z</time>
	<hdop>3.79</hdop>
	<extensions>
		<gpxtpx:TrackPointExtension>
			<gpxtpx:course>311.0</gpxtpx:course>
		</gpxtpx:TrackPointExtension>
	</extensions>
</trkpt>
<trkpt lat="43.6309022" lon="15.6938560">
	<ele>-3.89</ele>
	<time>2026-09-13T12:13:12.886Z</time>
	<hdop>3.79</hdop>
	<extensions>
		<gpxtpx:TrackPointExtension>
			<gpxtpx:course>316.0</gpxtpx:course>
		</gpxtpx:TrackPointExtension>
	</extensions>
</trkpt>
<trkpt lat="43.6310988" lon="15.6936538">
	<ele>-2.06</ele>
	<time>2026-09-13T12:13:22.886Z</time>
	<hdop>3.79</hdop>
	<extensions>
		<gpxtpx:TrackPointExtension>
			<gpxtpx:course>327.0</gpxtpx:course>
		</gpxtpx:TrackPointExtension>
	</extensions>
</trkpt>
<trkpt lat="43.6313267" lon="15.6934503">
	<ele>-3.76</ele>
	<time>2026-09-13T12:13:33.886Z</time>
	<hdop>3.79</hdop>
	<extensions>
		<gpxtpx:TrackPointExtension>
			<gpxtpx:course>325.0</gpxtpx:course>
		</gpxtpx:TrackPointExtension>
	</extensions>
</trkpt>
<trkpt lat="43.6315416" lon="15.6932103">
	<ele>-4.92</ele>
	<time>2026-09-13T12:13:44.885Z</time>
	<hdop>3.79</hdop>
	<extensions>
		<gpxtpx:TrackPointExtension>
			<gpxtpx:course>319.0</gpxtpx:course>
		</gpxtpx:TrackPointExtension>
	</extensions>
</trkpt>
<trkpt lat="43.6317467" lon="15.6929984">
	<ele>-2.43</ele>
	<time>2026-09-13T12:13:54.885Z</time>
	<hdop>3.79</hdop>
	<extensions>
		<gpxtpx:TrackPointExtension>
			<gpxtpx:course>322.0</gpxtpx:course>
		</gpxtpx:TrackPointExtension>
	</extensions>
</trkpt>
<trkpt lat="43.6319498" lon="15.6927808">
	<ele>-5.51</ele>
	<time>2026-09-13T12:14:04.888Z</time>
	<hdop>3.79</hdop>
	<extensions>
		<gpxtpx:TrackPointExtension>
			<gpxtpx:course>320.0</gpxtpx:course>
		</gpxtpx:TrackPointExtension>
	</extensions>
</trkpt>
<trkpt lat="43.6321769" lon="15.6925543">
	<ele>-3.55</ele>
	<time>2026-09-13T12:14:15.888Z</time>
	<hdop>3.79</hdop>
	<extensions>
		<gpxtpx:TrackPointExtension>
			<gpxtpx:course>328.0</gpxtpx:course>
		</gpxtpx:TrackPointExtension>
	</extensions>
</trkpt>
<trkpt lat="43.6323990" lon="15.6923403">
	<ele>-5.35</ele>
	<time>2026-09-13T12:14:26.887Z</time>
	<hdop>3.79</hdop>
	<extensions>
		<gpxtpx:TrackPointExtension>
			<gpxtpx:course>320.0</gpxtpx:course>
		</gpxtpx:TrackPointExtension>
	</extensions>
</trkpt>
<trkpt lat="43.6325803" lon="15.6921040">
	<ele>-4.40</ele>
	<time>2026-09-13T12:14:36.887Z</time>
	<hdop>3.79</hdop>
	<extensions>
		<gpxtpx:TrackPointExtension>
			<gpxtpx:course>314.0</gpxtpx:course>
		</gpxtpx:TrackPointExtension>
	</extensions>
</trkpt>
<trkpt lat="43.6327698" lon="15.6918128">
	<ele>-8.09</ele>
	<time>2026-09-13T12:14:47.886Z</time>
	<hdop>3.79</hdop>
	<extensions>
		<gpxtpx:TrackPointExtension>
			<gpxtpx:course>310.0</gpxtpx:course>
		</gpxtpx:TrackPointExtension>
	</extensions>
</trkpt>
<trkpt lat="43.6329349" lon="15.6915282">
	<ele>-8.43</ele>
	<time>2026-09-13T12:14:57.888Z</time>
	<hdop>3.79</hdop>
	<extensions>
		<gpxtpx:TrackPointExtension>
			<gpxtpx:course>304.0</gpxtpx:course>
		</gpxtpx:TrackPointExtension>
	</extensions>
</trkpt>
<trkpt lat="43.6330860" lon="15.6912024">
	<ele>-10.80</ele>
	<time>2026-09-13T12:15:08.885Z</time>
	<hdop>3.79</hdop>
	<extensions>
		<gpxtpx:TrackPointExtension>
			<gpxtpx:course>301.0</gpxtpx:course>
		</gpxtpx:TrackPointExtension>
	</extensions>
</trkpt>
<trkpt lat="43.6332066" lon="15.6909137">
	<ele>-8.58</ele>
	<time>2026-09-13T12:15:18.888Z</time>
	<hdop>3.79</hdop>
	<extensions>
		<gpxtpx:TrackPointExtension>
			<gpxtpx:course>299.0</gpxtpx:course>
		</gpxtpx:TrackPointExtension>
	</extensions>
</trkpt>
<trkpt lat="43.6333414" lon="15.6905981">
	<ele>-9.38</ele>
	<time>2026-09-13T12:15:29.888Z</time>
	<hdop>3.79</hdop>
	<extensions>
		<gpxtpx:TrackPointExtension>
			<gpxtpx:course>299.0</gpxtpx:course>
		</gpxtpx:TrackPointExtension>
	</extensions>
</trkpt>
<trkpt lat="43.6334751" lon="15.6902649">
	<ele>-7.24</ele>
	<time>2026-09-13T12:15:40.888Z</time>
	<hdop>3.79</hdop>
	<extensions>
		<gpxtpx:TrackPointExtension>
			<gpxtpx:course>296.0</gpxtpx:course>
		</gpxtpx:TrackPointExtension>
	</extensions>
</trkpt>
<trkpt lat="43.6335944" lon="15.6899299">
	<ele>-5.89</ele>
	<time>2026-09-13T12:15:51.887Z</time>
	<hdop>3.79</hdop>
	<extensions>
		<gpxtpx:TrackPointExtension>
			<gpxtpx:course>297.0</gpxtpx:course>
		</gpxtpx:TrackPointExtension>
	</extensions>
</trkpt>
<trkpt lat="43.6337121" lon="15.6896234">
	<ele>-5.32</ele>
	<time>2026-09-13T12:16:01.887Z</time>
	<hdop>3.79</hdop>
	<extensions>
		<gpxtpx:TrackPointExtension>
			<gpxtpx:course>296.0</gpxtpx:course>
		</gpxtpx:TrackPointExtension>
	</extensions>
</trkpt>
<trkpt lat="43.6338211" lon="15.6892811">
	<ele>-4.14</ele>
	<time>2026-09-13T12:16:12.885Z</time>
	<hdop>3.79</hdop>
	<extensions>
		<gpxtpx:TrackPointExtension>
			<gpxtpx:course>292.0</gpxtpx:course>
		</gpxtpx:TrackPointExtension>
	</extensions>
</trkpt>
<trkpt lat="43.6339201" lon="15.6889646">
	<ele>-5.06</ele>
	<time>2026-09-13T12:16:22.885Z</time>
	<hdop>3.79</hdop>
	<extensions>
		<gpxtpx:TrackPointExtension>
			<gpxtpx:course>291.0</gpxtpx:course>
		</gpxtpx:TrackPointExtension>
	</extensions>
</trkpt>
<trkpt lat="43.6340099" lon="15.6886656">
	<ele>-3.27</ele>
	<time>2026-09-13T12:16:32.885Z</time>
	<hdop>3.79</hdop>
	<extensions>
		<gpxtpx:TrackPointExtension>
			<gpxtpx:course>291.0</gpxtpx:course>
		</gpxtpx:TrackPointExtension>
	</extensions>
</trkpt>
<trkpt lat="43.6340902" lon="15.6883783">
	<ele>-3.37</ele>
	<time>2026-09-13T12:16:42.887Z</time>
	<hdop>3.79</hdop>
	<extensions>
		<gpxtpx:TrackPointExtension>
			<gpxtpx:course>292.0</gpxtpx:course>
		</gpxtpx:TrackPointExtension>
	</extensions>
</trkpt>
<trkpt lat="43.6341559" lon="15.6880476">
	<ele>-2.07</ele>
	<time>2026-09-13T12:16:53.887Z</time>
	<hdop>3.79</hdop>
	<extensions>
		<gpxtpx:TrackPointExtension>
			<gpxtpx:course>285.0</gpxtpx:course>
		</gpxtpx:TrackPointExtension>
	</extensions>
</trkpt>
<trkpt lat="43.6342439" lon="15.6877361">
	<ele>-2.40</ele>
	<time>2026-09-13T12:17:04.886Z</time>
	<hdop>3.79</hdop>
	<extensions>
		<gpxtpx:TrackPointExtension>
			<gpxtpx:course>291.0</gpxtpx:course>
		</gpxtpx:TrackPointExtension>
	</extensions>
</trkpt>
<trkpt lat="43.6343342" lon="15.6874491">
	<ele>-1.03</ele>
	<time>2026-09-13T12:17:14.888Z</time>
	<hdop>3.79</hdop>
	<extensions>
		<gpxtpx:TrackPointExtension>
			<gpxtpx:course>292.0</gpxtpx:course>
		</gpxtpx:TrackPointExtension>
	</extensions>
</trkpt>
<trkpt lat="43.6344355" lon="15.6871591">
	<ele>-3.98</ele>
	<time>2026-09-13T12:17:25.887Z</time>
	<hdop>3.79</hdop>
	<extensions>
		<gpxtpx:TrackPointExtension>
			<gpxtpx:course>292.0</gpxtpx:course>
		</gpxtpx:TrackPointExtension>
	</extensions>
</trkpt>
<trkpt lat="43.6345166" lon="15.6868823">
	<ele>-2.47</ele>
	<time>2026-09-13T12:17:36.886Z</time>
	<hdop>3.79</hdop>
	<extensions>
		<gpxtpx:TrackPointExtension>
			<gpxtpx:course>293.0</gpxtpx:course>
		</gpxtpx:TrackPointExtension>
	</extensions>
</trkpt>
<trkpt lat="43.6345741" lon="15.6866371">
	<ele>-4.10</ele>
	<time>2026-09-13T12:17:46.888Z</time>
	<hdop>3.79</hdop>
	<extensions>
		<gpxtpx:TrackPointExtension>
			<gpxtpx:course>288.0</gpxtpx:course>
		</gpxtpx:TrackPointExtension>
	</extensions>
</trkpt>
<trkpt lat="43.6346481" lon="15.6863692">
	<ele>-3.27</ele>
	<time>2026-09-13T12:17:57.886Z</time>
	<hdop>3.79</hdop>
	<extensions>
		<gpxtpx:TrackPointExtension>
			<gpxtpx:course>288.0</gpxtpx:course>
		</gpxtpx:TrackPointExtension>
	</extensions>
</trkpt>
<trkpt lat="43.6347162" lon="15.6861208">
	<ele>-6.54</ele>
	<time>2026-09-13T12:18:07.887Z</time>
	<hdop>3.79</hdop>
	<extensions>
		<gpxtpx:TrackPointExtension>
			<gpxtpx:course>288.0</gpxtpx:course>
		</gpxtpx:TrackPointExtension>
	</extensions>
</trkpt>
<trkpt lat="43.6347929" lon="15.6858822">
	<ele>-5.37</ele>
	<time>2026-09-13T12:18:17.888Z</time>
	<hdop>3.79</hdop>
	<extensions>
		<gpxtpx:TrackPointExtension>
			<gpxtpx:course>292.0</gpxtpx:course>
		</gpxtpx:TrackPointExtension>
	</extensions>
</trkpt>
<trkpt lat="43.6348689" lon="15.6856181">
	<ele>-7.47</ele>
	<time>2026-09-13T12:18:28.886Z</time>
	<hdop>3.79</hdop>
	<extensions>
		<gpxtpx:TrackPointExtension>
			<gpxtpx:course>291.0</gpxtpx:course>
		</gpxtpx:TrackPointExtension>
	</extensions>
</trkpt>
<trkpt lat="43.6349290" lon="15.6853946">
	<ele>-5.64</ele>
	<time>2026-09-13T12:18:38.888Z</time>
	<hdop>3.79</hdop>
	<extensions>
		<gpxtpx:TrackPointExtension>
			<gpxtpx:course>290.0</gpxtpx:course>
		</gpxtpx:TrackPointExtension>
	</extensions>
</trkpt>
<trkpt lat="43.6349952" lon="15.6851768">
	<ele>-8.46</ele>
	<time>2026-09-13T12:18:49.886Z</time>
	<hdop>3.79</hdop>
	<extensions>
		<gpxtpx:TrackPointExtension>
			<gpxtpx:course>293.0</gpxtpx:course>
		</gpxtpx:TrackPointExtension>
	</extensions>
</trkpt>
<trkpt lat="43.6350489" lon="15.6850067">
	<ele>-6.65</ele>
	<time>2026-09-13T12:18:59.886Z</time>
	<hdop>3.79</hdop>
	<extensions>
		<gpxtpx:TrackPointExtension>
			<gpxtpx:course>294.0</gpxtpx:course>
		</gpxtpx:TrackPointExtension>
	</extensions>
</trkpt>
<trkpt lat="43.6351266" lon="15.6848598">
	<ele>-8.71</ele>
	<time>2026-09-13T12:19:09.886Z</time>
	<hdop>3.79</hdop>
	<extensions>
		<gpxtpx:TrackPointExtension>
			<gpxtpx:course>312.0</gpxtpx:course>
		</gpxtpx:TrackPointExtension>
	</extensions>
</trkpt>
<trkpt lat="43.6352097" lon="15.6847315">
	<ele>-12.40</ele>
	<time>2026-09-13T12:19:19.887Z</time>
	<hdop>3.79</hdop>
	<extensions>
		<gpxtpx:TrackPointExtension>
			<gpxtpx:course>318.0</gpxtpx:course>
		</gpxtpx:TrackPointExtension>
	</extensions>
</trkpt>
<trkpt lat="43.6352989" lon="15.6846034">
	<ele>-17.13</ele>
	<time>2026-09-13T12:19:30.886Z</time>
	<hdop>3.79</hdop>
	<extensions>
		<gpxtpx:TrackPointExtension>
			<gpxtpx:course>315.0</gpxtpx:course>
		</gpxtpx:TrackPointExtension>
	</extensions>
</trkpt>
<trkpt lat="43.6353936" lon="15.6845037">
	<ele>-19.99</ele>
	<time>2026-09-13T12:19:40.886Z</time>
	<hdop>3.79</hdop>
	<extensions>
		<gpxtpx:TrackPointExtension>
			<gpxtpx:course>322.0</gpxtpx:course>
		</gpxtpx:TrackPointExtension>
	</extensions>
</trkpt>
<trkpt lat="43.6354974" lon="15.6844103">
	<ele>-21.28</ele>
	<time>2026-09-13T12:19:50.887Z</time>
	<hdop>3.79</hdop>
	<extensions>
		<gpxtpx:TrackPointExtension>
			<gpxtpx:course>330.0</gpxtpx:course>
		</gpxtpx:TrackPointExtension>
	</extensions>
</trkpt>
<trkpt lat="43.6356005" lon="15.6843733">
	<ele>-19.12</ele>
	<time>2026-09-13T12:20:01.885Z</time>
	<hdop>3.79</hdop>
	<extensions>
		<gpxtpx:TrackPointExtension>
			<gpxtpx:course>347.0</gpxtpx:course>
		</gpxtpx:TrackPointExtension>
	</extensions>
</trkpt>
<trkpt lat="43.6356932" lon="15.6843866">
	<ele>-14.34</ele>
	<time>2026-09-13T12:20:34.886Z</time>
	<hdop>3.79</hdop>
	<extensions>
		<gpxtpx:TrackPointExtension>
			<gpxtpx:course>353.0</gpxtpx:course>
		</gpxtpx:TrackPointExtension>
	</extensions>
</trkpt>
</trkseg>
</trk>
</gpx>
