<?xml version="1.0" encoding="utf-8" standalone="yes"?>
<gpx version="1.1" creator="Locus Map, Android"
 xmlns="http://www.topografix.com/GPX/1/1"
 xmlns:xsi="http://www.w3.org/2001/XMLSchema-instance"
 xsi:schemaLocation="http://www.topografix.com/GPX/1/1 http://www.topografix.com/GPX/1/1/gpx.xsd"
 xmlns:gpxx="http://www.garmin.com/xmlschemas/GpxExtensions/v3"
 xmlns:gpxtrkx="http://www.garmin.com/xmlschemas/TrackStatsExtension/v1"
 xmlns:gpxtpx="http://www.garmin.com/xmlschemas/TrackPointExtension/v2"
 xmlns:locus="http://www.locusmap.eu">
	<metadata>
		<desc>File with points/tracks from Locus Map Classic/3.70.17</desc>
		<time>2026-08-16T06:42:53.740Z</time>
	</metadata>
<trk>
<name>2. den olib</name>
	<extensions>
		<line xmlns="http://www.topografix.com/GPX/gpx_style/0/2">
			<color>0000FF</color>
			<opacity>0.59</opacity>
			<width>6.0</width>
			<extensions>
				<locus:lsColorBase>#960000FF</locus:lsColorBase>
				<locus:lsWidth>6.0</locus:lsWidth>
				<locus:lsUnits>PIXELS</locus:lsUnits>
			</extensions>
		</line>
		<locus:activity>walking</locus:activity>
	</extensions>
<trkseg>
<trkpt lat="43.8811235" lon="15.2888973">
	<ele>16.59</ele>
	<time>2026-08-09T04:31:56.930Z</time>
	<hdop>3.86</hdop>
	<extensions>
		<gpxtpx:TrackPointExtension>
			<gpxtpx:course>244.21474</gpxtpx:course>
		</gpxtpx:TrackPointExtension>
	</extensions>
</trkpt>
<trkpt lat="43.8810691" lon="15.2887689">
	<ele>-14.60</ele>
	<time>2026-08-09T04:32:11.929Z</time>
	<hdop>3.05</hdop>
	<extensions>
		<gpxtpx:TrackPointExtension>
			<gpxtpx:course>242.22</gpxtpx:course>
		</gpxtpx:TrackPointExtension>
	</extensions>
</trkpt>
<trkpt lat="43.8810324" lon="15.2886478">
	<ele>-5.80</ele>
	<time>2026-08-09T04:32:22.929Z</time>
	<hdop>3.03</hdop>
	<extensions>
		<gpxtpx:TrackPointExtension>
			<gpxtpx:course>272.7569</gpxtpx:course>
		</gpxtpx:TrackPointExtension>
	</extensions>
</trkpt>
<trkpt lat="43.8810677" lon="15.2885326">
	<ele>13.86</ele>
	<time>2026-08-09T04:32:40.825Z</time>
	<hdop>3.03</hdop>
	<extensions>
		<gpxtpx:TrackPointExtension>
			<gpxtpx:course>341.7676</gpxtpx:course>
		</gpxtpx:TrackPointExtension>
	</extensions>
</trkpt>
<trkpt lat="43.8811559" lon="15.2885584">
	<ele>19.35</ele>
	<time>2026-08-09T04:33:21.725Z</time>
	<hdop>3.00</hdop>
	<extensions>
		<gpxtpx:TrackPointExtension>
			<gpxtpx:course>358.70697</gpxtpx:course>
		</gpxtpx:TrackPointExtension>
	</extensions>
</trkpt>
<trkpt lat="43.8811797" lon="15.2886788">
	<ele>31.27</ele>
	<time>2026-08-09T04:33:49.930Z</time>
	<hdop>3.00</hdop>
	<extensions>
		<gpxtpx:TrackPointExtension>
			<gpxtpx:course>358.70697</gpxtpx:course>
		</gpxtpx:TrackPointExtension>
	</extensions>
</trkpt>
<trkpt lat="43.8811825" lon="15.2888225">
	<ele>32.55</ele>
	<time>2026-08-09T04:34:12.930Z</time>
	<hdop>3.00</hdop>
	<extensions>
		<gpxtpx:TrackPointExtension>
			<gpxtpx:course>85.19834</gpxtpx:course>
		</gpxtpx:TrackPointExtension>
	</extensions>
</trkpt>
<trkpt lat="43.8812063" lon="15.2889729">
	<ele>24.85</ele>
	<time>2026-08-09T04:34:23.929Z</time>
	<hdop>3.57</hdop>
	<extensions>
		<gpxtpx:TrackPointExtension>
			<gpxtpx:course>77.508644</gpxtpx:course>
		</gpxtpx:TrackPointExtension>
	</extensions>
</trkpt>
<trkpt lat="43.8812504" lon="15.2892365">
	<ele>32.85</ele>
	<time>2026-08-09T04:34:33.929Z</time>
	<hdop>4.24</hdop>
	<extensions>
		<gpxtpx:TrackPointExtension>
			<gpxtpx:course>76.20432</gpxtpx:course>
		</gpxtpx:TrackPointExtension>
	</extensions>
</trkpt>
<trkpt lat="43.8812993" lon="15.2895758">
	<ele>27.39</ele>
	<time>2026-08-09T04:34:43.930Z</time>
	<hdop>4.39</hdop>
	<extensions>
		<gpxtpx:TrackPointExtension>
			<gpxtpx:course>80.61436</gpxtpx:course>
		</gpxtpx:TrackPointExtension>
	</extensions>
</trkpt>
<trkpt lat="43.8812986" lon="15.2899911">
	<ele>15.40</ele>
	<time>2026-08-09T04:34:54.929Z</time>
	<hdop>4.65</hdop>
	<extensions>
		<gpxtpx:TrackPointExtension>
			<gpxtpx:course>91.47538</gpxtpx:course>
		</gpxtpx:TrackPointExtension>
	</extensions>
</trkpt>
<trkpt lat="43.8812883" lon="15.2903709">
	<ele>23.84</ele>
	<time>2026-08-09T04:35:04.929Z</time>
	<hdop>4.97</hdop>
	<extensions>
		<gpxtpx:TrackPointExtension>
			<gpxtpx:course>93.44942</gpxtpx:course>
		</gpxtpx:TrackPointExtension>
	</extensions>
</trkpt>
<trkpt lat="43.8812801" lon="15.2907650">
	<ele>17.98</ele>
	<time>2026-08-09T04:35:14.929Z</time>
	<hdop>4.83</hdop>
	<extensions>
		<gpxtpx:TrackPointExtension>
			<gpxtpx:course>91.18585</gpxtpx:course>
		</gpxtpx:TrackPointExtension>
	</extensions>
</trkpt>
<trkpt lat="43.8812367" lon="15.2911597">
	<ele>14.77</ele>
	<time>2026-08-09T04:35:24.930Z</time>
	<hdop>4.62</hdop>
	<extensions>
		<gpxtpx:TrackPointExtension>
			<gpxtpx:course>95.72505</gpxtpx:course>
		</gpxtpx:TrackPointExtension>
	</extensions>
</trkpt>
<trkpt lat="43.8812169" lon="15.2915941">
	<ele>13.75</ele>
	<time>2026-08-09T04:35:35.929Z</time>
	<hdop>5.08</hdop>
	<extensions>
		<gpxtpx:TrackPointExtension>
			<gpxtpx:course>90.028275</gpxtpx:course>
		</gpxtpx:TrackPointExtension>
	</extensions>
</trkpt>
<trkpt lat="43.8811752" lon="15.2919940">
	<ele>14.05</ele>
	<time>2026-08-09T04:35:45.929Z</time>
	<hdop>4.62</hdop>
	<extensions>
		<gpxtpx:TrackPointExtension>
			<gpxtpx:course>98.0447</gpxtpx:course>
		</gpxtpx:TrackPointExtension>
	</extensions>
</trkpt>
<trkpt lat="43.8811297" lon="15.2923882">
	<ele>13.40</ele>
	<time>2026-08-09T04:35:55.929Z</time>
	<hdop>5.04</hdop>
	<extensions>
		<gpxtpx:TrackPointExtension>
			<gpxtpx:course>102.92675</gpxtpx:course>
		</gpxtpx:TrackPointExtension>
	</extensions>
</trkpt>
<trkpt lat="43.8810990" lon="15.2927920">
	<ele>12.19</ele>
	<time>2026-08-09T04:36:05.929Z</time>
	<hdop>4.87</hdop>
	<extensions>
		<gpxtpx:TrackPointExtension>
			<gpxtpx:course>95.16916</gpxtpx:course>
		</gpxtpx:TrackPointExtension>
	</extensions>
</trkpt>
<trkpt lat="43.8810626" lon="15.2931870">
	<ele>11.67</ele>
	<time>2026-08-09T04:36:15.929Z</time>
	<hdop>4.61</hdop>
	<extensions>
		<gpxtpx:TrackPointExtension>
			<gpxtpx:course>96.33296</gpxtpx:course>
		</gpxtpx:TrackPointExtension>
	</extensions>
</trkpt>
<trkpt lat="43.8810234" lon="15.2935856">
	<ele>10.96</ele>
	<time>2026-08-09T04:36:25.930Z</time>
	<hdop>4.56</hdop>
	<extensions>
		<gpxtpx:TrackPointExtension>
			<gpxtpx:course>97.39935</gpxtpx:course>
		</gpxtpx:TrackPointExtension>
	</extensions>
</trkpt>
<trkpt lat="43.8809889" lon="15.2940197">
	<ele>9.74</ele>
	<time>2026-08-09T04:36:36.930Z</time>
	<hdop>4.66</hdop>
	<extensions>
		<gpxtpx:TrackPointExtension>
			<gpxtpx:course>101.29188</gpxtpx:course>
		</gpxtpx:TrackPointExtension>
	</extensions>
</trkpt>
<trkpt lat="43.8809533" lon="15.2944388">
	<ele>9.59</ele>
	<time>2026-08-09T04:36:47.930Z</time>
	<hdop>4.73</hdop>
	<extensions>
		<gpxtpx:TrackPointExtension>
			<gpxtpx:course>90.31529</gpxtpx:course>
		</gpxtpx:TrackPointExtension>
	</extensions>
</trkpt>
<trkpt lat="43.8809463" lon="15.2948455">
	<ele>9.30</ele>
	<time>2026-08-09T04:36:57.930Z</time>
	<hdop>4.67</hdop>
	<extensions>
		<gpxtpx:TrackPointExtension>
			<gpxtpx:course>91.3153</gpxtpx:course>
		</gpxtpx:TrackPointExtension>
	</extensions>
</trkpt>
<trkpt lat="43.8809510" lon="15.2952893">
	<ele>8.84</ele>
	<time>2026-08-09T04:37:08.928Z</time>
	<hdop>4.82</hdop>
	<extensions>
		<gpxtpx:TrackPointExtension>
			<gpxtpx:course>89.010796</gpxtpx:course>
		</gpxtpx:TrackPointExtension>
	</extensions>
</trkpt>
<trkpt lat="43.8809606" lon="15.2956742">
	<ele>7.16</ele>
	<time>2026-08-09T04:37:18.928Z</time>
	<hdop>4.90</hdop>
	<extensions>
		<gpxtpx:TrackPointExtension>
			<gpxtpx:course>86.84225</gpxtpx:course>
		</gpxtpx:TrackPointExtension>
	</extensions>
</trkpt>
<trkpt lat="43.8809769" lon="15.2960544">
	<ele>3.84</ele>
	<time>2026-08-09T04:37:28.993Z</time>
	<hdop>5.14</hdop>
	<extensions>
		<gpxtpx:TrackPointExtension>
			<gpxtpx:course>78.11501</gpxtpx:course>
		</gpxtpx:TrackPointExtension>
	</extensions>
</trkpt>
<trkpt lat="43.8810267" lon="15.2964890">
	<ele>-32.60</ele>
	<time>2026-08-09T04:37:39.929Z</time>
	<hdop>3.45</hdop>
	<extensions>
		<gpxtpx:TrackPointExtension>
			<gpxtpx:course>74.57063</gpxtpx:course>
		</gpxtpx:TrackPointExtension>
	</extensions>
</trkpt>
<trkpt lat="43.8810597" lon="15.2969250">
	<ele>-79.14</ele>
	<time>2026-08-09T04:37:50.929Z</time>
	<hdop>3.03</hdop>
	<extensions>
		<gpxtpx:TrackPointExtension>
			<gpxtpx:course>81.64241</gpxtpx:course>
		</gpxtpx:TrackPointExtension>
	</extensions>
</trkpt>
<trkpt lat="43.8810988" lon="15.2973134">
	<ele>-84.82</ele>
	<time>2026-08-09T04:38:00.929Z</time>
	<hdop>3.48</hdop>
	<extensions>
		<gpxtpx:TrackPointExtension>
			<gpxtpx:course>83.664406</gpxtpx:course>
		</gpxtpx:TrackPointExtension>
	</extensions>
</trkpt>
<trkpt lat="43.8811576" lon="15.2977435">
	<ele>-68.71</ele>
	<time>2026-08-09T04:38:11.929Z</time>
	<hdop>4.67</hdop>
	<extensions>
		<gpxtpx:TrackPointExtension>
			<gpxtpx:course>78.36305</gpxtpx:course>
		</gpxtpx:TrackPointExtension>
	</extensions>
</trkpt>
<trkpt lat="43.8812392" lon="15.2981751">
	<ele>-41.14</ele>
	<time>2026-08-09T04:38:22.929Z</time>
	<hdop>4.61</hdop>
	<extensions>
		<gpxtpx:TrackPointExtension>
			<gpxtpx:course>75.19923</gpxtpx:course>
		</gpxtpx:TrackPointExtension>
	</extensions>
</trkpt>
<trkpt lat="43.8813173" lon="15.2985443">
	<ele>-24.14</ele>
	<time>2026-08-09T04:38:32.929Z</time>
	<hdop>4.85</hdop>
	<extensions>
		<gpxtpx:TrackPointExtension>
			<gpxtpx:course>71.12034</gpxtpx:course>
		</gpxtpx:TrackPointExtension>
	</extensions>
</trkpt>
<trkpt lat="43.8814361" lon="15.2989105">
	<ele>-9.78</ele>
	<time>2026-08-09T04:38:42.929Z</time>
	<hdop>4.78</hdop>
	<extensions>
		<gpxtpx:TrackPointExtension>
			<gpxtpx:course>62.42433</gpxtpx:course>
		</gpxtpx:TrackPointExtension>
	</extensions>
</trkpt>
<trkpt lat="43.8815755" lon="15.2992476">
	<ele>-2.98</ele>
	<time>2026-08-09T04:38:52.929Z</time>
	<hdop>5.06</hdop>
	<extensions>
		<gpxtpx:TrackPointExtension>
			<gpxtpx:course>75.54534</gpxtpx:course>
		</gpxtpx:TrackPointExtension>
	</extensions>
</trkpt>
<trkpt lat="43.8817364" lon="15.2995833">
	<ele>4.23</ele>
	<time>2026-08-09T04:39:02.929Z</time>
	<hdop>3.18</hdop>
	<extensions>
		<gpxtpx:TrackPointExtension>
			<gpxtpx:course>56.865322</gpxtpx:course>
		</gpxtpx:TrackPointExtension>
	</extensions>
</trkpt>
<trkpt lat="43.8819468" lon="15.2998992">
	<ele>8.08</ele>
	<time>2026-08-09T04:39:12.930Z</time>
	<hdop>3.44</hdop>
	<extensions>
		<gpxtpx:TrackPointExtension>
			<gpxtpx:course>44.336037</gpxtpx:course>
		</gpxtpx:TrackPointExtension>
	</extensions>
</trkpt>
<trkpt lat="43.8822278" lon="15.3002152">
	<ele>6.96</ele>
	<time>2026-08-09T04:39:23.929Z</time>
	<hdop>4.85</hdop>
	<extensions>
		<gpxtpx:TrackPointExtension>
			<gpxtpx:course>35.71625</gpxtpx:course>
		</gpxtpx:TrackPointExtension>
	</extensions>
</trkpt>
<trkpt lat="43.8824954" lon="15.3004840">
	<ele>7.86</ele>
	<time>2026-08-09T04:39:33.930Z</time>
	<hdop>5.13</hdop>
	<extensions>
		<gpxtpx:TrackPointExtension>
			<gpxtpx:course>32.05663</gpxtpx:course>
		</gpxtpx:TrackPointExtension>
	</extensions>
</trkpt>
<trkpt lat="43.8827902" lon="15.3006964">
	<ele>10.17</ele>
	<time>2026-08-09T04:39:44.778Z</time>
	<hdop>5.20</hdop>
	<extensions>
		<gpxtpx:TrackPointExtension>
			<gpxtpx:course>21.546196</gpxtpx:course>
		</gpxtpx:TrackPointExtension>
	</extensions>
</trkpt>
<trkpt lat="43.8831267" lon="15.3008502">
	<ele>7.15</ele>
	<time>2026-08-09T04:39:54.930Z</time>
	<hdop>4.88</hdop>
	<extensions>
		<gpxtpx:TrackPointExtension>
			<gpxtpx:course>16.116447</gpxtpx:course>
		</gpxtpx:TrackPointExtension>
	</extensions>
</trkpt>
<trkpt lat="43.8834854" lon="15.3008943">
	<ele>8.30</ele>
	<time>2026-08-09T04:40:05.929Z</time>
	<hdop>5.45</hdop>
	<extensions>
		<gpxtpx:TrackPointExtension>
			<gpxtpx:course>4.014129</gpxtpx:course>
		</gpxtpx:TrackPointExtension>
	</extensions>
</trkpt>
<trkpt lat="43.8838030" lon="15.3008907">
	<ele>7.95</ele>
	<time>2026-08-09T04:40:15.929Z</time>
	<hdop>4.81</hdop>
	<extensions>
		<gpxtpx:TrackPointExtension>
			<gpxtpx:course>358.61456</gpxtpx:course>
		</gpxtpx:TrackPointExtension>
	</extensions>
</trkpt>
<trkpt lat="43.8841146" lon="15.3008681">
	<ele>8.85</ele>
	<time>2026-08-09T04:40:25.929Z</time>
	<hdop>4.02</hdop>
	<extensions>
		<gpxtpx:TrackPointExtension>
			<gpxtpx:course>354.0</gpxtpx:course>
		</gpxtpx:TrackPointExtension>
	</extensions>
</trkpt>
<trkpt lat="43.8844411" lon="15.3008010">
	<ele>5.82</ele>
	<time>2026-08-09T04:40:35.929Z</time>
	<hdop>3.79</hdop>
	<extensions>
		<gpxtpx:TrackPointExtension>
			<gpxtpx:course>349.0</gpxtpx:course>
		</gpxtpx:TrackPointExtension>
	</extensions>
</trkpt>
<trkpt lat="43.8847549" lon="15.3006876">
	<ele>8.76</ele>
	<time>2026-08-09T04:40:45.930Z</time>
	<hdop>3.79</hdop>
	<extensions>
		<gpxtpx:TrackPointExtension>
			<gpxtpx:course>340.0</gpxtpx:course>
		</gpxtpx:TrackPointExtension>
	</extensions>
</trkpt>
<trkpt lat="43.8850761" lon="15.3004821">
	<ele>4.59</ele>
	<time>2026-08-09T04:40:56.929Z</time>
	<hdop>3.79</hdop>
	<extensions>
		<gpxtpx:TrackPointExtension>
			<gpxtpx:course>333.0</gpxtpx:course>
		</gpxtpx:TrackPointExtension>
	</extensions>
</trkpt>
<trkpt lat="43.8853606" lon="15.3002563">
	<ele>5.03</ele>
	<time>2026-08-09T04:41:06.929Z</time>
	<hdop>3.79</hdop>
	<extensions>
		<gpxtpx:TrackPointExtension>
			<gpxtpx:course>327.0</gpxtpx:course>
		</gpxtpx:TrackPointExtension>
	</extensions>
</trkpt>
<trkpt lat="43.8856254" lon="15.2999937">
	<ele>2.83</ele>
	<time>2026-08-09T04:41:16.929Z</time>
	<hdop>3.79</hdop>
	<extensions>
		<gpxtpx:TrackPointExtension>
			<gpxtpx:course>321.0</gpxtpx:course>
		</gpxtpx:TrackPointExtension>
	</extensions>
</trkpt>
<trkpt lat="43.8858981" lon="15.2996640">
	<ele>4.69</ele>
	<time>2026-08-09T04:41:27.929Z</time>
	<hdop>3.79</hdop>
	<extensions>
		<gpxtpx:TrackPointExtension>
			<gpxtpx:course>312.0</gpxtpx:course>
		</gpxtpx:TrackPointExtension>
	</extensions>
</trkpt>
<trkpt lat="43.8861302" lon="15.2992816">
	<ele>2.86</ele>
	<time>2026-08-09T04:41:38.930Z</time>
	<hdop>3.79</hdop>
	<extensions>
		<gpxtpx:TrackPointExtension>
			<gpxtpx:course>309.0</gpxtpx:course>
		</gpxtpx:TrackPointExtension>
	</extensions>
</trkpt>
<trkpt lat="43.8863448" lon="15.2988692">
	<ele>3.94</ele>
	<time>2026-08-09T04:41:49.929Z</time>
	<hdop>3.79</hdop>
	<extensions>
		<gpxtpx:TrackPointExtension>
			<gpxtpx:course>302.0</gpxtpx:course>
		</gpxtpx:TrackPointExtension>
	</extensions>
</trkpt>
<trkpt lat="43.8865206" lon="15.2984836">
	<ele>0.86</ele>
	<time>2026-08-09T04:41:59.929Z</time>
	<hdop>3.79</hdop>
	<extensions>
		<gpxtpx:TrackPointExtension>
			<gpxtpx:course>301.0</gpxtpx:course>
		</gpxtpx:TrackPointExtension>
	</extensions>
</trkpt>
<trkpt lat="43.8866772" lon="15.2980752">
	<ele>0.46</ele>
	<time>2026-08-09T04:42:09.930Z</time>
	<hdop>3.79</hdop>
	<extensions>
		<gpxtpx:TrackPointExtension>
			<gpxtpx:course>297.0</gpxtpx:course>
		</gpxtpx:TrackPointExtension>
	</extensions>
</trkpt>
<trkpt lat="43.8868419" lon="15.2976238">
	<ele>-0.04</ele>
	<time>2026-08-09T04:42:20.928Z</time>
	<hdop>3.79</hdop>
	<extensions>
		<gpxtpx:TrackPointExtension>
			<gpxtpx:course>297.0</gpxtpx:course>
		</gpxtpx:TrackPointExtension>
	</extensions>
</trkpt>
<trkpt lat="43.8869945" lon="15.2972068">
	<ele>2.15</ele>
	<time>2026-08-09T04:42:30.928Z</time>
	<hdop>3.79</hdop>
	<extensions>
		<gpxtpx:TrackPointExtension>
			<gpxtpx:course>297.0</gpxtpx:course>
		</gpxtpx:TrackPointExtension>
	</extensions>
</trkpt>
<trkpt lat="43.8871535" lon="15.2968030">
	<ele>0.35</ele>
	<time>2026-08-09T04:42:40.929Z</time>
	<hdop>3.79</hdop>
	<extensions>
		<gpxtpx:TrackPointExtension>
			<gpxtpx:course>297.0</gpxtpx:course>
		</gpxtpx:TrackPointExtension>
	</extensions>
</trkpt>
<trkpt lat="43.8873225" lon="15.2963532">
	<ele>0.99</ele>
	<time>2026-08-09T04:42:51.929Z</time>
	<hdop>3.79</hdop>
	<extensions>
		<gpxtpx:TrackPointExtension>
			<gpxtpx:course>298.0</gpxtpx:course>
		</gpxtpx:TrackPointExtension>
	</extensions>
</trkpt>
<trkpt lat="43.8874850" lon="15.2959577">
	<ele>0.43</ele>
	<time>2026-08-09T04:43:01.929Z</time>
	<hdop>3.79</hdop>
	<extensions>
		<gpxtpx:TrackPointExtension>
			<gpxtpx:course>295.0</gpxtpx:course>
		</gpxtpx:TrackPointExtension>
	</extensions>
</trkpt>
<trkpt lat="43.8876538" lon="15.2955543">
	<ele>0.48</ele>
	<time>2026-08-09T04:43:11.929Z</time>
	<hdop>3.79</hdop>
	<extensions>
		<gpxtpx:TrackPointExtension>
			<gpxtpx:course>301.0</gpxtpx:course>
		</gpxtpx:TrackPointExtension>
	</extensions>
</trkpt>
<trkpt lat="43.8878448" lon="15.2951738">
	<ele>-0.33</ele>
	<time>2026-08-09T04:43:21.929Z</time>
	<hdop>3.79</hdop>
	<extensions>
		<gpxtpx:TrackPointExtension>
			<gpxtpx:course>305.0</gpxtpx:course>
		</gpxtpx:TrackPointExtension>
	</extensions>
</trkpt>
<trkpt lat="43.8880485" lon="15.2947669">
	<ele>-0.87</ele>
	<time>2026-08-09T04:43:32.928Z</time>
	<hdop>3.79</hdop>
	<extensions>
		<gpxtpx:TrackPointExtension>
			<gpxtpx:course>301.0</gpxtpx:course>
		</gpxtpx:TrackPointExtension>
	</extensions>
</trkpt>
<trkpt lat="43.8882396" lon="15.2943838">
	<ele>-2.20</ele>
	<time>2026-08-09T04:43:42.928Z</time>
	<hdop>3.79</hdop>
	<extensions>
		<gpxtpx:TrackPointExtension>
			<gpxtpx:course>308.0</gpxtpx:course>
		</gpxtpx:TrackPointExtension>
	</extensions>
</trkpt>
<trkpt lat="43.8884347" lon="15.2940109">
	<ele>-2.97</ele>
	<time>2026-08-09T04:43:52.929Z</time>
	<hdop>3.79</hdop>
	<extensions>
		<gpxtpx:TrackPointExtension>
			<gpxtpx:course>305.0</gpxtpx:course>
		</gpxtpx:TrackPointExtension>
	</extensions>
</trkpt>
<trkpt lat="43.8885938" lon="15.2936058">
	<ele>-3.68</ele>
	<time>2026-08-09T04:44:02.929Z</time>
	<hdop>3.79</hdop>
	<extensions>
		<gpxtpx:TrackPointExtension>
			<gpxtpx:course>294.0</gpxtpx:course>
		</gpxtpx:TrackPointExtension>
	</extensions>
</trkpt>
<trkpt lat="43.8887277" lon="15.2931872">
	<ele>-1.81</ele>
	<time>2026-08-09T04:44:12.929Z</time>
	<hdop>3.79</hdop>
	<extensions>
		<gpxtpx:TrackPointExtension>
			<gpxtpx:course>291.0</gpxtpx:course>
		</gpxtpx:TrackPointExtension>
	</extensions>
</trkpt>
<trkpt lat="43.8888518" lon="15.2927557">
	<ele>-1.88</ele>
	<time>2026-08-09T04:44:22.929Z</time>
	<hdop>3.79</hdop>
	<extensions>
		<gpxtpx:TrackPointExtension>
			<gpxtpx:course>292.0</gpxtpx:course>
		</gpxtpx:TrackPointExtension>
	</extensions>
</trkpt>
<trkpt lat="43.8889840" lon="15.2922706">
	<ele>-1.05</ele>
	<time>2026-08-09T04:44:33.928Z</time>
	<hdop>3.79</hdop>
	<extensions>
		<gpxtpx:TrackPointExtension>
			<gpxtpx:course>290.0</gpxtpx:course>
		</gpxtpx:TrackPointExtension>
	</extensions>
</trkpt>
<trkpt lat="43.8890912" lon="15.2918310">
	<ele>-0.99</ele>
	<time>2026-08-09T04:44:43.929Z</time>
	<hdop>3.79</hdop>
	<extensions>
		<gpxtpx:TrackPointExtension>
			<gpxtpx:course>291.0</gpxtpx:course>
		</gpxtpx:TrackPointExtension>
	</extensions>
</trkpt>
<trkpt lat="43.8892165" lon="15.2914018">
	<ele>0.20</ele>
	<time>2026-08-09T04:44:53.929Z</time>
	<hdop>3.79</hdop>
	<extensions>
		<gpxtpx:TrackPointExtension>
			<gpxtpx:course>290.0</gpxtpx:course>
		</gpxtpx:TrackPointExtension>
	</extensions>
</trkpt>
<trkpt lat="43.8893581" lon="15.2909340">
	<ele>1.16</ele>
	<time>2026-08-09T04:45:04.929Z</time>
	<hdop>3.79</hdop>
	<extensions>
		<gpxtpx:TrackPointExtension>
			<gpxtpx:course>296.0</gpxtpx:course>
		</gpxtpx:TrackPointExtension>
	</extensions>
</trkpt>
<trkpt lat="43.8895124" lon="15.2904657">
	<ele>-0.35</ele>
	<time>2026-08-09T04:45:15.929Z</time>
	<hdop>3.79</hdop>
	<extensions>
		<gpxtpx:TrackPointExtension>
			<gpxtpx:course>291.0</gpxtpx:course>
		</gpxtpx:TrackPointExtension>
	</extensions>
</trkpt>
<trkpt lat="43.8896461" lon="15.2900021">
	<ele>0.56</ele>
	<time>2026-08-09T04:45:26.928Z</time>
	<hdop>3.79</hdop>
	<extensions>
		<gpxtpx:TrackPointExtension>
			<gpxtpx:course>294.0</gpxtpx:course>
		</gpxtpx:TrackPointExtension>
	</extensions>
</trkpt>
<trkpt lat="43.8897923" lon="15.2895799">
	<ele>-0.62</ele>
	<time>2026-08-09T04:45:36.928Z</time>
	<hdop>3.79</hdop>
	<extensions>
		<gpxtpx:TrackPointExtension>
			<gpxtpx:course>297.0</gpxtpx:course>
		</gpxtpx:TrackPointExtension>
	</extensions>
</trkpt>
<trkpt lat="43.8899492" lon="15.2891697">
	<ele>1.01</ele>
	<time>2026-08-09T04:45:46.929Z</time>
	<hdop>3.79</hdop>
	<extensions>
		<gpxtpx:TrackPointExtension>
			<gpxtpx:course>298.0</gpxtpx:course>
		</gpxtpx:TrackPointExtension>
	</extensions>
</trkpt>
<trkpt lat="43.8901224" lon="15.2887144">
	<ele>-0.12</ele>
	<time>2026-08-09T04:45:57.929Z</time>
	<hdop>3.79</hdop>
	<extensions>
		<gpxtpx:TrackPointExtension>
			<gpxtpx:course>297.0</gpxtpx:course>
		</gpxtpx:TrackPointExtension>
	</extensions>
</trkpt>
<trkpt lat="43.8902837" lon="15.2882578">
	<ele>1.06</ele>
	<time>2026-08-09T04:46:08.928Z</time>
	<hdop>3.79</hdop>
	<extensions>
		<gpxtpx:TrackPointExtension>
			<gpxtpx:course>297.0</gpxtpx:course>
		</gpxtpx:TrackPointExtension>
	</extensions>
</trkpt>
<trkpt lat="43.8904494" lon="15.2878062">
	<ele>-0.29</ele>
	<time>2026-08-09T04:46:19.928Z</time>
	<hdop>3.79</hdop>
	<extensions>
		<gpxtpx:TrackPointExtension>
			<gpxtpx:course>296.0</gpxtpx:course>
		</gpxtpx:TrackPointExtension>
	</extensions>
</trkpt>
<trkpt lat="43.8905867" lon="15.2873906">
	<ele>1.09</ele>
	<time>2026-08-09T04:46:29.928Z</time>
	<hdop>3.79</hdop>
	<extensions>
		<gpxtpx:TrackPointExtension>
			<gpxtpx:course>296.0</gpxtpx:course>
		</gpxtpx:TrackPointExtension>
	</extensions>
</trkpt>
<trkpt lat="43.8907276" lon="15.2869827">
	<ele>-0.55</ele>
	<time>2026-08-09T04:46:39.928Z</time>
	<hdop>3.79</hdop>
	<extensions>
		<gpxtpx:TrackPointExtension>
			<gpxtpx:course>298.0</gpxtpx:course>
		</gpxtpx:TrackPointExtension>
	</extensions>
</trkpt>
<trkpt lat="43.8909221" lon="15.2866227">
	<ele>0.15</ele>
	<time>2026-08-09T04:46:49.929Z</time>
	<hdop>3.79</hdop>
	<extensions>
		<gpxtpx:TrackPointExtension>
			<gpxtpx:course>307.0</gpxtpx:course>
		</gpxtpx:TrackPointExtension>
	</extensions>
</trkpt>
<trkpt lat="43.8911439" lon="15.2862211">
	<ele>-1.50</ele>
	<time>2026-08-09T04:47:00.929Z</time>
	<hdop>3.79</hdop>
	<extensions>
		<gpxtpx:TrackPointExtension>
			<gpxtpx:course>306.0</gpxtpx:course>
		</gpxtpx:TrackPointExtension>
	</extensions>
</trkpt>
<trkpt lat="43.8913438" lon="15.2858640">
	<ele>-4.86</ele>
	<time>2026-08-09T04:47:10.929Z</time>
	<hdop>3.79</hdop>
	<extensions>
		<gpxtpx:TrackPointExtension>
			<gpxtpx:course>309.0</gpxtpx:course>
		</gpxtpx:TrackPointExtension>
	</extensions>
</trkpt>
<trkpt lat="43.8915790" lon="15.2854819">
	<ele>-9.25</ele>
	<time>2026-08-09T04:47:21.928Z</time>
	<hdop>3.79</hdop>
	<extensions>
		<gpxtpx:TrackPointExtension>
			<gpxtpx:course>312.0</gpxtpx:course>
		</gpxtpx:TrackPointExtension>
	</extensions>
</trkpt>
<trkpt lat="43.8918113" lon="15.2851754">
	<ele>-6.19</ele>
	<time>2026-08-09T04:47:31.928Z</time>
	<hdop>3.79</hdop>
	<extensions>
		<gpxtpx:TrackPointExtension>
			<gpxtpx:course>319.0</gpxtpx:course>
		</gpxtpx:TrackPointExtension>
	</extensions>
</trkpt>
<trkpt lat="43.8920464" lon="15.2848530">
	<ele>-4.69</ele>
	<time>2026-08-09T04:47:41.928Z</time>
	<hdop>3.79</hdop>
	<extensions>
		<gpxtpx:TrackPointExtension>
			<gpxtpx:course>313.0</gpxtpx:course>
		</gpxtpx:TrackPointExtension>
	</extensions>
</trkpt>
<trkpt lat="43.8922770" lon="15.2845364">
	<ele>-3.21</ele>
	<time>2026-08-09T04:47:51.928Z</time>
	<hdop>3.79</hdop>
	<extensions>
		<gpxtpx:TrackPointExtension>
			<gpxtpx:course>312.0</gpxtpx:course>
		</gpxtpx:TrackPointExtension>
	</extensions>
</trkpt>
<trkpt lat="43.8925031" lon="15.2842029">
	<ele>-3.97</ele>
	<time>2026-08-09T04:48:01.928Z</time>
	<hdop>3.79</hdop>
	<extensions>
		<gpxtpx:TrackPointExtension>
			<gpxtpx:course>311.0</gpxtpx:course>
		</gpxtpx:TrackPointExtension>
	</extensions>
</trkpt>
<trkpt lat="43.8927168" lon="15.2838699">
	<ele>-2.08</ele>
	<time>2026-08-09T04:48:11.929Z</time>
	<hdop>3.79</hdop>
	<extensions>
		<gpxtpx:TrackPointExtension>
			<gpxtpx:course>310.0</gpxtpx:course>
		</gpxtpx:TrackPointExtension>
	</extensions>
</trkpt>
<trkpt lat="43.8929198" lon="15.2835242">
	<ele>-2.88</ele>
	<time>2026-08-09T04:48:21.929Z</time>
	<hdop>3.79</hdop>
	<extensions>
		<gpxtpx:TrackPointExtension>
			<gpxtpx:course>308.0</gpxtpx:course>
		</gpxtpx:TrackPointExtension>
	</extensions>
</trkpt>
<trkpt lat="43.8931600" lon="15.2831561">
	<ele>-1.79</ele>
	<time>2026-08-09T04:48:32.929Z</time>
	<hdop>3.79</hdop>
	<extensions>
		<gpxtpx:TrackPointExtension>
			<gpxtpx:course>311.0</gpxtpx:course>
		</gpxtpx:TrackPointExtension>
	</extensions>
</trkpt>
<trkpt lat="43.8933670" lon="15.2828143">
	<ele>-3.35</ele>
	<time>2026-08-09T04:48:42.929Z</time>
	<hdop>3.79</hdop>
	<extensions>
		<gpxtpx:TrackPointExtension>
			<gpxtpx:course>309.0</gpxtpx:course>
		</gpxtpx:TrackPointExtension>
	</extensions>
</trkpt>
<trkpt lat="43.8935722" lon="15.2824693">
	<ele>-10.10</ele>
	<time>2026-08-09T04:48:52.929Z</time>
	<hdop>3.79</hdop>
	<extensions>
		<gpxtpx:TrackPointExtension>
			<gpxtpx:course>307.0</gpxtpx:course>
		</gpxtpx:TrackPointExtension>
	</extensions>
</trkpt>
<trkpt lat="43.8937581" lon="15.2821019">
	<ele>-32.24</ele>
	<time>2026-08-09T04:49:02.929Z</time>
	<hdop>3.79</hdop>
	<extensions>
		<gpxtpx:TrackPointExtension>
			<gpxtpx:course>306.0</gpxtpx:course>
		</gpxtpx:TrackPointExtension>
	</extensions>
</trkpt>
<trkpt lat="43.8940234" lon="15.2817689">
	<ele>-36.87</ele>
	<time>2026-08-09T04:49:13.928Z</time>
	<hdop>3.79</hdop>
	<extensions>
		<gpxtpx:TrackPointExtension>
			<gpxtpx:course>314.0</gpxtpx:course>
		</gpxtpx:TrackPointExtension>
	</extensions>
</trkpt>
<trkpt lat="43.8942507" lon="15.2814490">
	<ele>-34.27</ele>
	<time>2026-08-09T04:49:23.928Z</time>
	<hdop>3.79</hdop>
	<extensions>
		<gpxtpx:TrackPointExtension>
			<gpxtpx:course>315.0</gpxtpx:course>
		</gpxtpx:TrackPointExtension>
	</extensions>
</trkpt>
<trkpt lat="43.8944814" lon="15.2811293">
	<ele>-35.41</ele>
	<time>2026-08-09T04:49:33.928Z</time>
	<hdop>3.79</hdop>
	<extensions>
		<gpxtpx:TrackPointExtension>
			<gpxtpx:course>315.0</gpxtpx:course>
		</gpxtpx:TrackPointExtension>
	</extensions>
</trkpt>
<trkpt lat="43.8947145" lon="15.2808152">
	<ele>-53.97</ele>
	<time>2026-08-09T04:49:43.928Z</time>
	<hdop>3.79</hdop>
	<extensions>
		<gpxtpx:TrackPointExtension>
			<gpxtpx:course>311.0</gpxtpx:course>
		</gpxtpx:TrackPointExtension>
	</extensions>
</trkpt>
<trkpt lat="43.8948794" lon="15.2804223">
	<ele>-69.04</ele>
	<time>2026-08-09T04:49:53.929Z</time>
	<hdop>3.79</hdop>
	<extensions>
		<gpxtpx:TrackPointExtension>
			<gpxtpx:course>293.0</gpxtpx:course>
		</gpxtpx:TrackPointExtension>
	</extensions>
</trkpt>
<trkpt lat="43.8949697" lon="15.2799253">
	<ele>-64.15</ele>
	<time>2026-08-09T04:50:04.928Z</time>
	<hdop>3.79</hdop>
	<extensions>
		<gpxtpx:TrackPointExtension>
			<gpxtpx:course>278.0</gpxtpx:course>
		</gpxtpx:TrackPointExtension>
	</extensions>
</trkpt>
<trkpt lat="43.8949740" lon="15.2794637">
	<ele>-44.95</ele>
	<time>2026-08-09T04:50:14.928Z</time>
	<hdop>3.79</hdop>
	<extensions>
		<gpxtpx:TrackPointExtension>
			<gpxtpx:course>268.0</gpxtpx:course>
		</gpxtpx:TrackPointExtension>
	</extensions>
</trkpt>
<trkpt lat="43.8949553" lon="15.2790047">
	<ele>-27.06</ele>
	<time>2026-08-09T04:50:24.928Z</time>
	<hdop>3.79</hdop>
	<extensions>
		<gpxtpx:TrackPointExtension>
			<gpxtpx:course>268.0</gpxtpx:course>
		</gpxtpx:TrackPointExtension>
	</extensions>
</trkpt>
<trkpt lat="43.8949202" lon="15.2785341">
	<ele>-17.49</ele>
	<time>2026-08-09T04:50:34.928Z</time>
	<hdop>3.79</hdop>
	<extensions>
		<gpxtpx:TrackPointExtension>
			<gpxtpx:course>263.0</gpxtpx:course>
		</gpxtpx:TrackPointExtension>
	</extensions>
</trkpt>
<trkpt lat="43.8948929" lon="15.2780761">
	<ele>-13.36</ele>
	<time>2026-08-09T04:50:44.929Z</time>
	<hdop>3.79</hdop>
	<extensions>
		<gpxtpx:TrackPointExtension>
			<gpxtpx:course>264.0</gpxtpx:course>
		</gpxtpx:TrackPointExtension>
	</extensions>
</trkpt>
<trkpt lat="43.8948612" lon="15.2775611">
	<ele>-7.38</ele>
	<time>2026-08-09T04:50:55.928Z</time>
	<hdop>3.79</hdop>
	<extensions>
		<gpxtpx:TrackPointExtension>
			<gpxtpx:course>265.0</gpxtpx:course>
		</gpxtpx:TrackPointExtension>
	</extensions>
</trkpt>
<trkpt lat="43.8948366" lon="15.2771027">
	<ele>-2.59</ele>
	<time>2026-08-09T04:51:05.929Z</time>
	<hdop>3.79</hdop>
	<extensions>
		<gpxtpx:TrackPointExtension>
			<gpxtpx:course>265.0</gpxtpx:course>
		</gpxtpx:TrackPointExtension>
	</extensions>
</trkpt>
<trkpt lat="43.8948201" lon="15.2766406">
	<ele>-2.45</ele>
	<time>2026-08-09T04:51:15.929Z</time>
	<hdop>3.79</hdop>
	<extensions>
		<gpxtpx:TrackPointExtension>
			<gpxtpx:course>268.0</gpxtpx:course>
		</gpxtpx:TrackPointExtension>
	</extensions>
</trkpt>
<trkpt lat="43.8948068" lon="15.2761324">
	<ele>-3.39</ele>
	<time>2026-08-09T04:51:26.928Z</time>
	<hdop>3.79</hdop>
	<extensions>
		<gpxtpx:TrackPointExtension>
			<gpxtpx:course>269.0</gpxtpx:course>
		</gpxtpx:TrackPointExtension>
	</extensions>
</trkpt>
<trkpt lat="43.8948010" lon="15.2756169">
	<ele>1.39</ele>
	<time>2026-08-09T04:51:37.928Z</time>
	<hdop>3.79</hdop>
	<extensions>
		<gpxtpx:TrackPointExtension>
			<gpxtpx:course>268.0</gpxtpx:course>
		</gpxtpx:TrackPointExtension>
	</extensions>
</trkpt>
<trkpt lat="43.8947942" lon="15.2751596">
	<ele>2.82</ele>
	<time>2026-08-09T04:51:47.928Z</time>
	<hdop>3.79</hdop>
	<extensions>
		<gpxtpx:TrackPointExtension>
			<gpxtpx:course>269.0</gpxtpx:course>
		</gpxtpx:TrackPointExtension>
	</extensions>
</trkpt>
<trkpt lat="43.8948048" lon="15.2747039">
	<ele>0.50</ele>
	<time>2026-08-09T04:51:57.928Z</time>
	<hdop>3.79</hdop>
	<extensions>
		<gpxtpx:TrackPointExtension>
			<gpxtpx:course>272.0</gpxtpx:course>
		</gpxtpx:TrackPointExtension>
	</extensions>
</trkpt>
<trkpt lat="43.8948184" lon="15.2742504">
	<ele>2.53</ele>
	<time>2026-08-09T04:52:07.928Z</time>
	<hdop>3.79</hdop>
	<extensions>
		<gpxtpx:TrackPointExtension>
			<gpxtpx:course>273.0</gpxtpx:course>
		</gpxtpx:TrackPointExtension>
	</extensions>
</trkpt>
<trkpt lat="43.8948326" lon="15.2737978">
	<ele>4.28</ele>
	<time>2026-08-09T04:52:17.928Z</time>
	<hdop>3.79</hdop>
	<extensions>
		<gpxtpx:TrackPointExtension>
			<gpxtpx:course>273.0</gpxtpx:course>
		</gpxtpx:TrackPointExtension>
	</extensions>
</trkpt>
<trkpt lat="43.8948630" lon="15.2733381">
	<ele>3.20</ele>
	<time>2026-08-09T04:52:27.928Z</time>
	<hdop>3.79</hdop>
	<extensions>
		<gpxtpx:TrackPointExtension>
			<gpxtpx:course>274.0</gpxtpx:course>
		</gpxtpx:TrackPointExtension>
	</extensions>
</trkpt>
<trkpt lat="43.8948323" lon="15.2728924">
	<ele>4.24</ele>
	<time>2026-08-09T04:52:37.928Z</time>
	<hdop>3.79</hdop>
	<extensions>
		<gpxtpx:TrackPointExtension>
			<gpxtpx:course>260.0</gpxtpx:course>
		</gpxtpx:TrackPointExtension>
	</extensions>
</trkpt>
<trkpt lat="43.8947891" lon="15.2724496">
	<ele>2.72</ele>
	<time>2026-08-09T04:52:47.928Z</time>
	<hdop>3.79</hdop>
	<extensions>
		<gpxtpx:TrackPointExtension>
			<gpxtpx:course>261.0</gpxtpx:course>
		</gpxtpx:TrackPointExtension>
	</extensions>
</trkpt>
<trkpt lat="43.8947494" lon="15.2720159">
	<ele>-7.71</ele>
	<time>2026-08-09T04:52:57.928Z</time>
	<hdop>3.79</hdop>
	<extensions>
		<gpxtpx:TrackPointExtension>
			<gpxtpx:course>263.0</gpxtpx:course>
		</gpxtpx:TrackPointExtension>
	</extensions>
</trkpt>
<trkpt lat="43.8947270" lon="15.2715750">
	<ele>-42.19</ele>
	<time>2026-08-09T04:53:07.928Z</time>
	<hdop>3.79</hdop>
	<extensions>
		<gpxtpx:TrackPointExtension>
			<gpxtpx:course>265.0</gpxtpx:course>
		</gpxtpx:TrackPointExtension>
	</extensions>
</trkpt>
<trkpt lat="43.8947129" lon="15.2711455">
	<ele>-65.07</ele>
	<time>2026-08-09T04:53:17.928Z</time>
	<hdop>3.79</hdop>
	<extensions>
		<gpxtpx:TrackPointExtension>
			<gpxtpx:course>265.0</gpxtpx:course>
		</gpxtpx:TrackPointExtension>
	</extensions>
</trkpt>
<trkpt lat="43.8946937" lon="15.2707095">
	<ele>-73.63</ele>
	<time>2026-08-09T04:53:27.928Z</time>
	<hdop>3.79</hdop>
	<extensions>
		<gpxtpx:TrackPointExtension>
			<gpxtpx:course>266.0</gpxtpx:course>
		</gpxtpx:TrackPointExtension>
	</extensions>
</trkpt>
<trkpt lat="43.8946795" lon="15.2702677">
	<ele>-58.16</ele>
	<time>2026-08-09T04:53:37.928Z</time>
	<hdop>3.79</hdop>
	<extensions>
		<gpxtpx:TrackPointExtension>
			<gpxtpx:course>266.0</gpxtpx:course>
		</gpxtpx:TrackPointExtension>
	</extensions>
</trkpt>
<trkpt lat="43.8946670" lon="15.2697820">
	<ele>-29.49</ele>
	<time>2026-08-09T04:53:48.928Z</time>
	<hdop>3.79</hdop>
	<extensions>
		<gpxtpx:TrackPointExtension>
			<gpxtpx:course>265.0</gpxtpx:course>
		</gpxtpx:TrackPointExtension>
	</extensions>
</trkpt>
<trkpt lat="43.8946458" lon="15.2693401">
	<ele>-9.97</ele>
	<time>2026-08-09T04:53:58.928Z</time>
	<hdop>3.79</hdop>
	<extensions>
		<gpxtpx:TrackPointExtension>
			<gpxtpx:course>265.0</gpxtpx:course>
		</gpxtpx:TrackPointExtension>
	</extensions>
</trkpt>
<trkpt lat="43.8946206" lon="15.2688999">
	<ele>1.82</ele>
	<time>2026-08-09T04:54:08.928Z</time>
	<hdop>3.79</hdop>
	<extensions>
		<gpxtpx:TrackPointExtension>
			<gpxtpx:course>266.0</gpxtpx:course>
		</gpxtpx:TrackPointExtension>
	</extensions>
</trkpt>
<trkpt lat="43.8946005" lon="15.2684580">
	<ele>7.31</ele>
	<time>2026-08-09T04:54:18.928Z</time>
	<hdop>3.79</hdop>
	<extensions>
		<gpxtpx:TrackPointExtension>
			<gpxtpx:course>265.0</gpxtpx:course>
		</gpxtpx:TrackPointExtension>
	</extensions>
</trkpt>
<trkpt lat="43.8945863" lon="15.2680208">
	<ele>8.37</ele>
	<time>2026-08-09T04:54:28.928Z</time>
	<hdop>3.79</hdop>
	<extensions>
		<gpxtpx:TrackPointExtension>
			<gpxtpx:course>271.0</gpxtpx:course>
		</gpxtpx:TrackPointExtension>
	</extensions>
</trkpt>
<trkpt lat="43.8946297" lon="15.2675740">
	<ele>9.62</ele>
	<time>2026-08-09T04:54:38.928Z</time>
	<hdop>3.79</hdop>
	<extensions>
		<gpxtpx:TrackPointExtension>
			<gpxtpx:course>284.0</gpxtpx:course>
		</gpxtpx:TrackPointExtension>
	</extensions>
</trkpt>
<trkpt lat="43.8947408" lon="15.2671559">
	<ele>9.21</ele>
	<time>2026-08-09T04:54:48.928Z</time>
	<hdop>3.79</hdop>
	<extensions>
		<gpxtpx:TrackPointExtension>
			<gpxtpx:course>292.0</gpxtpx:course>
		</gpxtpx:TrackPointExtension>
	</extensions>
</trkpt>
<trkpt lat="43.8948555" lon="15.2667459">
	<ele>-4.37</ele>
	<time>2026-08-09T04:54:58.928Z</time>
	<hdop>3.79</hdop>
	<extensions>
		<gpxtpx:TrackPointExtension>
			<gpxtpx:course>289.0</gpxtpx:course>
		</gpxtpx:TrackPointExtension>
	</extensions>
</trkpt>
<trkpt lat="43.8949459" lon="15.2663215">
	<ele>-36.01</ele>
	<time>2026-08-09T04:55:08.929Z</time>
	<hdop>3.79</hdop>
	<extensions>
		<gpxtpx:TrackPointExtension>
			<gpxtpx:course>282.0</gpxtpx:course>
		</gpxtpx:TrackPointExtension>
	</extensions>
</trkpt>
<trkpt lat="43.8950157" lon="15.2658879">
	<ele>-44.84</ele>
	<time>2026-08-09T04:55:18.929Z</time>
	<hdop>3.79</hdop>
	<extensions>
		<gpxtpx:TrackPointExtension>
			<gpxtpx:course>279.0</gpxtpx:course>
		</gpxtpx:TrackPointExtension>
	</extensions>
</trkpt>
<trkpt lat="43.8950279" lon="15.2654102">
	<ele>-58.64</ele>
	<time>2026-08-09T04:55:29.928Z</time>
	<hdop>3.79</hdop>
	<extensions>
		<gpxtpx:TrackPointExtension>
			<gpxtpx:course>266.0</gpxtpx:course>
		</gpxtpx:TrackPointExtension>
	</extensions>
</trkpt>
<trkpt lat="43.8949702" lon="15.2649697">
	<ele>-56.76</ele>
	<time>2026-08-09T04:55:39.928Z</time>
	<hdop>3.79</hdop>
	<extensions>
		<gpxtpx:TrackPointExtension>
			<gpxtpx:course>254.0</gpxtpx:course>
		</gpxtpx:TrackPointExtension>
	</extensions>
</trkpt>
<trkpt lat="43.8948584" lon="15.2645497">
	<ele>-35.73</ele>
	<time>2026-08-09T04:55:49.928Z</time>
	<hdop>3.79</hdop>
	<extensions>
		<gpxtpx:TrackPointExtension>
			<gpxtpx:course>243.0</gpxtpx:course>
		</gpxtpx:TrackPointExtension>
	</extensions>
</trkpt>
<trkpt lat="43.8946702" lon="15.2641386">
	<ele>-10.78</ele>
	<time>2026-08-09T04:56:00.927Z</time>
	<hdop>3.79</hdop>
	<extensions>
		<gpxtpx:TrackPointExtension>
			<gpxtpx:course>233.0</gpxtpx:course>
		</gpxtpx:TrackPointExtension>
	</extensions>
</trkpt>
<trkpt lat="43.8944893" lon="15.2637694">
	<ele>0.71</ele>
	<time>2026-08-09T04:56:10.928Z</time>
	<hdop>3.79</hdop>
	<extensions>
		<gpxtpx:TrackPointExtension>
			<gpxtpx:course>237.0</gpxtpx:course>
		</gpxtpx:TrackPointExtension>
	</extensions>
</trkpt>
<trkpt lat="43.8943104" lon="15.2633541">
	<ele>8.47</ele>
	<time>2026-08-09T04:56:21.927Z</time>
	<hdop>3.79</hdop>
	<extensions>
		<gpxtpx:TrackPointExtension>
			<gpxtpx:course>240.0</gpxtpx:course>
		</gpxtpx:TrackPointExtension>
	</extensions>
</trkpt>
<trkpt lat="43.8941560" lon="15.2629695">
	<ele>10.17</ele>
	<time>2026-08-09T04:56:31.928Z</time>
	<hdop>3.79</hdop>
	<extensions>
		<gpxtpx:TrackPointExtension>
			<gpxtpx:course>235.0</gpxtpx:course>
		</gpxtpx:TrackPointExtension>
	</extensions>
</trkpt>
<trkpt lat="43.8939772" lon="15.2625576">
	<ele>10.47</ele>
	<time>2026-08-09T04:56:42.928Z</time>
	<hdop>3.79</hdop>
	<extensions>
		<gpxtpx:TrackPointExtension>
			<gpxtpx:course>240.0</gpxtpx:course>
		</gpxtpx:TrackPointExtension>
	</extensions>
</trkpt>
<trkpt lat="43.8938019" lon="15.2621315">
	<ele>8.27</ele>
	<time>2026-08-09T04:56:53.927Z</time>
	<hdop>3.79</hdop>
	<extensions>
		<gpxtpx:TrackPointExtension>
			<gpxtpx:course>240.0</gpxtpx:course>
		</gpxtpx:TrackPointExtension>
	</extensions>
</trkpt>
<trkpt lat="43.8936473" lon="15.2617486">
	<ele>-4.89</ele>
	<time>2026-08-09T04:57:03.927Z</time>
	<hdop>3.79</hdop>
	<extensions>
		<gpxtpx:TrackPointExtension>
			<gpxtpx:course>240.0</gpxtpx:course>
		</gpxtpx:TrackPointExtension>
	</extensions>
</trkpt>
<trkpt lat="43.8934957" lon="15.2613643">
	<ele>-18.31</ele>
	<time>2026-08-09T04:57:13.927Z</time>
	<hdop>3.79</hdop>
	<extensions>
		<gpxtpx:TrackPointExtension>
			<gpxtpx:course>240.0</gpxtpx:course>
		</gpxtpx:TrackPointExtension>
	</extensions>
</trkpt>
<trkpt lat="43.8933167" lon="15.2609460">
	<ele>-46.94</ele>
	<time>2026-08-09T04:57:24.928Z</time>
	<hdop>3.79</hdop>
	<extensions>
		<gpxtpx:TrackPointExtension>
			<gpxtpx:course>239.0</gpxtpx:course>
		</gpxtpx:TrackPointExtension>
	</extensions>
</trkpt>
<trkpt lat="43.8931437" lon="15.2605387">
	<ele>-49.01</ele>
	<time>2026-08-09T04:57:35.928Z</time>
	<hdop>3.79</hdop>
	<extensions>
		<gpxtpx:TrackPointExtension>
			<gpxtpx:course>238.0</gpxtpx:course>
		</gpxtpx:TrackPointExtension>
	</extensions>
</trkpt>
<trkpt lat="43.8929826" lon="15.2601690">
	<ele>-48.90</ele>
	<time>2026-08-09T04:57:45.928Z</time>
	<hdop>3.79</hdop>
	<extensions>
		<gpxtpx:TrackPointExtension>
			<gpxtpx:course>237.0</gpxtpx:course>
		</gpxtpx:TrackPointExtension>
	</extensions>
</trkpt>
<trkpt lat="43.8928068" lon="15.2598042">
	<ele>-49.61</ele>
	<time>2026-08-09T04:57:55.929Z</time>
	<hdop>3.79</hdop>
	<extensions>
		<gpxtpx:TrackPointExtension>
			<gpxtpx:course>236.0</gpxtpx:course>
		</gpxtpx:TrackPointExtension>
	</extensions>
</trkpt>
<trkpt lat="43.8926198" lon="15.2594091">
	<ele>-50.29</ele>
	<time>2026-08-09T04:58:06.927Z</time>
	<hdop>3.79</hdop>
	<extensions>
		<gpxtpx:TrackPointExtension>
			<gpxtpx:course>237.0</gpxtpx:course>
		</gpxtpx:TrackPointExtension>
	</extensions>
</trkpt>
<trkpt lat="43.8924579" lon="15.2590409">
	<ele>-58.45</ele>
	<time>2026-08-09T04:58:16.928Z</time>
	<hdop>3.79</hdop>
	<extensions>
		<gpxtpx:TrackPointExtension>
			<gpxtpx:course>238.0</gpxtpx:course>
		</gpxtpx:TrackPointExtension>
	</extensions>
</trkpt>
<trkpt lat="43.8922944" lon="15.2586208">
	<ele>-50.01</ele>
	<time>2026-08-09T04:58:27.927Z</time>
	<hdop>3.79</hdop>
	<extensions>
		<gpxtpx:TrackPointExtension>
			<gpxtpx:course>242.0</gpxtpx:course>
		</gpxtpx:TrackPointExtension>
	</extensions>
</trkpt>
<trkpt lat="43.8921514" lon="15.2582370">
	<ele>-29.74</ele>
	<time>2026-08-09T04:58:37.928Z</time>
	<hdop>3.79</hdop>
	<extensions>
		<gpxtpx:TrackPointExtension>
			<gpxtpx:course>245.0</gpxtpx:course>
		</gpxtpx:TrackPointExtension>
	</extensions>
</trkpt>
<trkpt lat="43.8920121" lon="15.2578001">
	<ele>-10.52</ele>
	<time>2026-08-09T04:58:48.927Z</time>
	<hdop>3.79</hdop>
	<extensions>
		<gpxtpx:TrackPointExtension>
			<gpxtpx:course>246.0</gpxtpx:course>
		</gpxtpx:TrackPointExtension>
	</extensions>
</trkpt>
<trkpt lat="43.8918897" lon="15.2573812">
	<ele>-0.92</ele>
	<time>2026-08-09T04:58:58.928Z</time>
	<hdop>4.65</hdop>
	<extensions>
		<gpxtpx:TrackPointExtension>
			<gpxtpx:course>249.74886</gpxtpx:course>
		</gpxtpx:TrackPointExtension>
	</extensions>
</trkpt>
<trkpt lat="43.8917817" lon="15.2569828">
	<ele>4.26</ele>
	<time>2026-08-09T04:59:08.928Z</time>
	<hdop>4.87</hdop>
	<extensions>
		<gpxtpx:TrackPointExtension>
			<gpxtpx:course>246.9633</gpxtpx:course>
		</gpxtpx:TrackPointExtension>
	</extensions>
</trkpt>
<trkpt lat="43.8916864" lon="15.2565777">
	<ele>8.77</ele>
	<time>2026-08-09T04:59:18.928Z</time>
	<hdop>4.93</hdop>
	<extensions>
		<gpxtpx:TrackPointExtension>
			<gpxtpx:course>252.49178</gpxtpx:course>
		</gpxtpx:TrackPointExtension>
	</extensions>
</trkpt>
<trkpt lat="43.8915818" lon="15.2561268">
	<ele>11.66</ele>
	<time>2026-08-09T04:59:29.928Z</time>
	<hdop>4.69</hdop>
	<extensions>
		<gpxtpx:TrackPointExtension>
			<gpxtpx:course>250.40038</gpxtpx:course>
		</gpxtpx:TrackPointExtension>
	</extensions>
</trkpt>
<trkpt lat="43.8915102" lon="15.2556990">
	<ele>12.78</ele>
	<time>2026-08-09T04:59:39.928Z</time>
	<hdop>4.53</hdop>
	<extensions>
		<gpxtpx:TrackPointExtension>
			<gpxtpx:course>258.1103</gpxtpx:course>
		</gpxtpx:TrackPointExtension>
	</extensions>
</trkpt>
<trkpt lat="43.8914433" lon="15.2552340">
	<ele>14.59</ele>
	<time>2026-08-09T04:59:50.928Z</time>
	<hdop>4.89</hdop>
	<extensions>
		<gpxtpx:TrackPointExtension>
			<gpxtpx:course>261.30188</gpxtpx:course>
		</gpxtpx:TrackPointExtension>
	</extensions>
</trkpt>
<trkpt lat="43.8913924" lon="15.2547568">
	<ele>12.52</ele>
	<time>2026-08-09T05:00:01.927Z</time>
	<hdop>4.86</hdop>
	<extensions>
		<gpxtpx:TrackPointExtension>
			<gpxtpx:course>267.1679</gpxtpx:course>
		</gpxtpx:TrackPointExtension>
	</extensions>
</trkpt>
<trkpt lat="43.8913968" lon="15.2543250">
	<ele>5.88</ele>
	<time>2026-08-09T05:00:11.929Z</time>
	<hdop>4.88</hdop>
	<extensions>
		<gpxtpx:TrackPointExtension>
			<gpxtpx:course>271.7328</gpxtpx:course>
		</gpxtpx:TrackPointExtension>
	</extensions>
</trkpt>
<trkpt lat="43.8914103" lon="15.2538397">
	<ele>5.95</ele>
	<time>2026-08-09T05:00:22.927Z</time>
	<hdop>4.63</hdop>
	<extensions>
		<gpxtpx:TrackPointExtension>
			<gpxtpx:course>276.90652</gpxtpx:course>
		</gpxtpx:TrackPointExtension>
	</extensions>
</trkpt>
<trkpt lat="43.8914356" lon="15.2533931">
	<ele>9.12</ele>
	<time>2026-08-09T05:00:32.927Z</time>
	<hdop>4.69</hdop>
	<extensions>
		<gpxtpx:TrackPointExtension>
			<gpxtpx:course>279.0793</gpxtpx:course>
		</gpxtpx:TrackPointExtension>
	</extensions>
</trkpt>
<trkpt lat="43.8914906" lon="15.2529473">
	<ele>10.98</ele>
	<time>2026-08-09T05:00:42.927Z</time>
	<hdop>4.69</hdop>
	<extensions>
		<gpxtpx:TrackPointExtension>
			<gpxtpx:course>281.22623</gpxtpx:course>
		</gpxtpx:TrackPointExtension>
	</extensions>
</trkpt>
<trkpt lat="43.8915506" lon="15.2525009">
	<ele>10.61</ele>
	<time>2026-08-09T05:00:52.928Z</time>
	<hdop>5.49</hdop>
	<extensions>
		<gpxtpx:TrackPointExtension>
			<gpxtpx:course>283.81522</gpxtpx:course>
		</gpxtpx:TrackPointExtension>
	</extensions>
</trkpt>
<trkpt lat="43.8916398" lon="15.2520228">
	<ele>9.60</ele>
	<time>2026-08-09T05:01:03.927Z</time>
	<hdop>4.94</hdop>
	<extensions>
		<gpxtpx:TrackPointExtension>
			<gpxtpx:course>288.01654</gpxtpx:course>
		</gpxtpx:TrackPointExtension>
	</extensions>
</trkpt>
<trkpt lat="43.8917269" lon="15.2515881">
	<ele>8.33</ele>
	<time>2026-08-09T05:01:13.927Z</time>
	<hdop>4.74</hdop>
	<extensions>
		<gpxtpx:TrackPointExtension>
			<gpxtpx:course>283.5208</gpxtpx:course>
		</gpxtpx:TrackPointExtension>
	</extensions>
</trkpt>
<trkpt lat="43.8918272" lon="15.2511560">
	<ele>8.12</ele>
	<time>2026-08-09T05:01:23.929Z</time>
	<hdop>5.03</hdop>
	<extensions>
		<gpxtpx:TrackPointExtension>
			<gpxtpx:course>288.60873</gpxtpx:course>
		</gpxtpx:TrackPointExtension>
	</extensions>
</trkpt>
<trkpt lat="43.8918967" lon="15.2506595">
	<ele>8.53</ele>
	<time>2026-08-09T05:01:34.927Z</time>
	<hdop>4.69</hdop>
	<extensions>
		<gpxtpx:TrackPointExtension>
			<gpxtpx:course>247.7625</gpxtpx:course>
		</gpxtpx:TrackPointExtension>
	</extensions>
</trkpt>
<trkpt lat="43.8919879" lon="15.2502192">
	<ele>4.80</ele>
	<time>2026-08-09T05:01:44.927Z</time>
	<hdop>4.96</hdop>
	<extensions>
		<gpxtpx:TrackPointExtension>
			<gpxtpx:course>296.30106</gpxtpx:course>
		</gpxtpx:TrackPointExtension>
	</extensions>
</trkpt>
<trkpt lat="43.8920599" lon="15.2497926">
	<ele>-19.85</ele>
	<time>2026-08-09T05:01:54.927Z</time>
	<hdop>5.01</hdop>
	<extensions>
		<gpxtpx:TrackPointExtension>
			<gpxtpx:course>283.18347</gpxtpx:course>
		</gpxtpx:TrackPointExtension>
	</extensions>
</trkpt>
<trkpt lat="43.8921213" lon="15.2493589">
	<ele>-50.05</ele>
	<time>2026-08-09T05:02:04.927Z</time>
	<hdop>4.90</hdop>
	<extensions>
		<gpxtpx:TrackPointExtension>
			<gpxtpx:course>284.39954</gpxtpx:course>
		</gpxtpx:TrackPointExtension>
	</extensions>
</trkpt>
<trkpt lat="43.8921914" lon="15.2489306">
	<ele>-60.66</ele>
	<time>2026-08-09T05:02:14.927Z</time>
	<hdop>4.81</hdop>
	<extensions>
		<gpxtpx:TrackPointExtension>
			<gpxtpx:course>278.04605</gpxtpx:course>
		</gpxtpx:TrackPointExtension>
	</extensions>
</trkpt>
<trkpt lat="43.8922790" lon="15.2485014">
	<ele>-46.77</ele>
	<time>2026-08-09T05:02:24.928Z</time>
	<hdop>4.88</hdop>
	<extensions>
		<gpxtpx:TrackPointExtension>
			<gpxtpx:course>286.07715</gpxtpx:course>
		</gpxtpx:TrackPointExtension>
	</extensions>
</trkpt>
<trkpt lat="43.8923671" lon="15.2480226">
	<ele>-36.81</ele>
	<time>2026-08-09T05:02:35.926Z</time>
	<hdop>4.93</hdop>
	<extensions>
		<gpxtpx:TrackPointExtension>
			<gpxtpx:course>284.46475</gpxtpx:course>
		</gpxtpx:TrackPointExtension>
	</extensions>
</trkpt>
<trkpt lat="43.8924649" lon="15.2475931">
	<ele>-39.01</ele>
	<time>2026-08-09T05:02:45.928Z</time>
	<hdop>4.72</hdop>
	<extensions>
		<gpxtpx:TrackPointExtension>
			<gpxtpx:course>290.14954</gpxtpx:course>
		</gpxtpx:TrackPointExtension>
	</extensions>
</trkpt>
<trkpt lat="43.8925893" lon="15.2471330">
	<ele>-42.51</ele>
	<time>2026-08-09T05:02:56.927Z</time>
	<hdop>4.87</hdop>
	<extensions>
		<gpxtpx:TrackPointExtension>
			<gpxtpx:course>295.58472</gpxtpx:course>
		</gpxtpx:TrackPointExtension>
	</extensions>
</trkpt>
<trkpt lat="43.8927297" lon="15.2467321">
	<ele>-56.59</ele>
	<time>2026-08-09T05:03:06.927Z</time>
	<hdop>4.97</hdop>
	<extensions>
		<gpxtpx:TrackPointExtension>
			<gpxtpx:course>309.11417</gpxtpx:course>
		</gpxtpx:TrackPointExtension>
	</extensions>
</trkpt>
<trkpt lat="43.8929091" lon="15.2463767">
	<ele>-66.11</ele>
	<time>2026-08-09T05:03:16.927Z</time>
	<hdop>5.24</hdop>
	<extensions>
		<gpxtpx:TrackPointExtension>
			<gpxtpx:course>309.12305</gpxtpx:course>
		</gpxtpx:TrackPointExtension>
	</extensions>
</trkpt>
<trkpt lat="43.8930860" lon="15.2459934">
	<ele>-73.01</ele>
	<time>2026-08-09T05:03:26.927Z</time>
	<hdop>4.89</hdop>
	<extensions>
		<gpxtpx:TrackPointExtension>
			<gpxtpx:course>293.52368</gpxtpx:course>
		</gpxtpx:TrackPointExtension>
	</extensions>
</trkpt>
<trkpt lat="43.8931737" lon="15.2455519">
	<ele>-61.53</ele>
	<time>2026-08-09T05:03:36.927Z</time>
	<hdop>4.68</hdop>
	<extensions>
		<gpxtpx:TrackPointExtension>
			<gpxtpx:course>275.22754</gpxtpx:course>
		</gpxtpx:TrackPointExtension>
	</extensions>
</trkpt>
<trkpt lat="43.8932198" lon="15.2451148">
	<ele>-53.01</ele>
	<time>2026-08-09T05:03:46.927Z</time>
	<hdop>4.95</hdop>
	<extensions>
		<gpxtpx:TrackPointExtension>
			<gpxtpx:course>272.36652</gpxtpx:course>
		</gpxtpx:TrackPointExtension>
	</extensions>
</trkpt>
<trkpt lat="43.8932337" lon="15.2446891">
	<ele>-63.54</ele>
	<time>2026-08-09T05:03:56.927Z</time>
	<hdop>3.13</hdop>
	<extensions>
		<gpxtpx:TrackPointExtension>
			<gpxtpx:course>268.64398</gpxtpx:course>
		</gpxtpx:TrackPointExtension>
	</extensions>
</trkpt>
<trkpt lat="43.8932467" lon="15.2442192">
	<ele>-63.54</ele>
	<time>2026-08-09T05:04:06.927Z</time>
	<hdop>4.46</hdop>
	<extensions>
		<gpxtpx:TrackPointExtension>
			<gpxtpx:course>268.2049</gpxtpx:course>
		</gpxtpx:TrackPointExtension>
	</extensions>
</trkpt>
<trkpt lat="43.8932423" lon="15.2437539">
	<ele>-41.83</ele>
	<time>2026-08-09T05:04:16.927Z</time>
	<hdop>5.32</hdop>
	<extensions>
		<gpxtpx:TrackPointExtension>
			<gpxtpx:course>268.34454</gpxtpx:course>
		</gpxtpx:TrackPointExtension>
	</extensions>
</trkpt>
<trkpt lat="43.8932078" lon="15.2432618">
	<ele>-17.84</ele>
	<time>2026-08-09T05:04:27.927Z</time>
	<hdop>4.78</hdop>
	<extensions>
		<gpxtpx:TrackPointExtension>
			<gpxtpx:course>261.42908</gpxtpx:course>
		</gpxtpx:TrackPointExtension>
	</extensions>
</trkpt>
<trkpt lat="43.8931874" lon="15.2428080">
	<ele>-2.51</ele>
	<time>2026-08-09T05:04:37.927Z</time>
	<hdop>4.55</hdop>
	<extensions>
		<gpxtpx:TrackPointExtension>
			<gpxtpx:course>265.94122</gpxtpx:course>
		</gpxtpx:TrackPointExtension>
	</extensions>
</trkpt>
<trkpt lat="43.8931581" lon="15.2423564">
	<ele>1.70</ele>
	<time>2026-08-09T05:04:47.927Z</time>
	<hdop>4.61</hdop>
	<extensions>
		<gpxtpx:TrackPointExtension>
			<gpxtpx:course>261.91708</gpxtpx:course>
		</gpxtpx:TrackPointExtension>
	</extensions>
</trkpt>
<trkpt lat="43.8931312" lon="15.2419103">
	<ele>6.23</ele>
	<time>2026-08-09T05:04:57.927Z</time>
	<hdop>5.20</hdop>
	<extensions>
		<gpxtpx:TrackPointExtension>
			<gpxtpx:course>267.377</gpxtpx:course>
		</gpxtpx:TrackPointExtension>
	</extensions>
</trkpt>
<trkpt lat="43.8931175" lon="15.2414657">
	<ele>6.76</ele>
	<time>2026-08-09T05:05:07.927Z</time>
	<hdop>4.90</hdop>
	<extensions>
		<gpxtpx:TrackPointExtension>
			<gpxtpx:course>268.53564</gpxtpx:course>
		</gpxtpx:TrackPointExtension>
	</extensions>
</trkpt>
<trkpt lat="43.8931122" lon="15.2410067">
	<ele>7.53</ele>
	<time>2026-08-09T05:05:17.927Z</time>
	<hdop>4.55</hdop>
	<extensions>
		<gpxtpx:TrackPointExtension>
			<gpxtpx:course>269.80164</gpxtpx:course>
		</gpxtpx:TrackPointExtension>
	</extensions>
</trkpt>
<trkpt lat="43.8930954" lon="15.2405438">
	<ele>7.06</ele>
	<time>2026-08-09T05:05:27.927Z</time>
	<hdop>4.69</hdop>
	<extensions>
		<gpxtpx:TrackPointExtension>
			<gpxtpx:course>267.2429</gpxtpx:course>
		</gpxtpx:TrackPointExtension>
	</extensions>
</trkpt>
<trkpt lat="43.8930910" lon="15.2400873">
	<ele>9.76</ele>
	<time>2026-08-09T05:05:37.928Z</time>
	<hdop>4.83</hdop>
	<extensions>
		<gpxtpx:TrackPointExtension>
			<gpxtpx:course>268.755</gpxtpx:course>
		</gpxtpx:TrackPointExtension>
	</extensions>
</trkpt>
<trkpt lat="43.8930814" lon="15.2395850">
	<ele>5.72</ele>
	<time>2026-08-09T05:05:48.927Z</time>
	<hdop>4.99</hdop>
	<extensions>
		<gpxtpx:TrackPointExtension>
			<gpxtpx:course>270.06284</gpxtpx:course>
		</gpxtpx:TrackPointExtension>
	</extensions>
</trkpt>
<trkpt lat="43.8930749" lon="15.2391391">
	<ele>4.22</ele>
	<time>2026-08-09T05:05:58.927Z</time>
	<hdop>4.83</hdop>
	<extensions>
		<gpxtpx:TrackPointExtension>
			<gpxtpx:course>270.62512</gpxtpx:course>
		</gpxtpx:TrackPointExtension>
	</extensions>
</trkpt>
<trkpt lat="43.8930917" lon="15.2386880">
	<ele>5.09</ele>
	<time>2026-08-09T05:06:08.928Z</time>
	<hdop>4.70</hdop>
	<extensions>
		<gpxtpx:TrackPointExtension>
			<gpxtpx:course>270.59937</gpxtpx:course>
		</gpxtpx:TrackPointExtension>
	</extensions>
</trkpt>
<trkpt lat="43.8930910" lon="15.2382352">
	<ele>7.79</ele>
	<time>2026-08-09T05:06:18.928Z</time>
	<hdop>5.08</hdop>
	<extensions>
		<gpxtpx:TrackPointExtension>
			<gpxtpx:course>268.6767</gpxtpx:course>
		</gpxtpx:TrackPointExtension>
	</extensions>
</trkpt>
<trkpt lat="43.8930614" lon="15.2377452">
	<ele>10.05</ele>
	<time>2026-08-09T05:06:29.927Z</time>
	<hdop>4.81</hdop>
	<extensions>
		<gpxtpx:TrackPointExtension>
			<gpxtpx:course>265.17337</gpxtpx:course>
		</gpxtpx:TrackPointExtension>
	</extensions>
</trkpt>
<trkpt lat="43.8930202" lon="15.2372589">
	<ele>10.48</ele>
	<time>2026-08-09T05:06:40.926Z</time>
	<hdop>4.66</hdop>
	<extensions>
		<gpxtpx:TrackPointExtension>
			<gpxtpx:course>263.17416</gpxtpx:course>
		</gpxtpx:TrackPointExtension>
	</extensions>
</trkpt>
<trkpt lat="43.8929889" lon="15.2368304">
	<ele>9.85</ele>
	<time>2026-08-09T05:06:50.926Z</time>
	<hdop>3.66</hdop>
	<extensions>
		<gpxtpx:TrackPointExtension>
			<gpxtpx:course>271.70886</gpxtpx:course>
		</gpxtpx:TrackPointExtension>
	</extensions>
</trkpt>
<trkpt lat="43.8929473" lon="15.2363811">
	<ele>-7.20</ele>
	<time>2026-08-09T05:07:00.927Z</time>
	<hdop>3.00</hdop>
	<extensions>
		<gpxtpx:TrackPointExtension>
			<gpxtpx:course>263.97397</gpxtpx:course>
		</gpxtpx:TrackPointExtension>
	</extensions>
</trkpt>
<trkpt lat="43.8929044" lon="15.2359213">
	<ele>-33.09</ele>
	<time>2026-08-09T05:07:10.927Z</time>
	<hdop>4.56</hdop>
	<extensions>
		<gpxtpx:TrackPointExtension>
			<gpxtpx:course>267.52625</gpxtpx:course>
		</gpxtpx:TrackPointExtension>
	</extensions>
</trkpt>
<trkpt lat="43.8928695" lon="15.2354551">
	<ele>-27.98</ele>
	<time>2026-08-09T05:07:20.927Z</time>
	<hdop>4.95</hdop>
	<extensions>
		<gpxtpx:TrackPointExtension>
			<gpxtpx:course>266.21997</gpxtpx:course>
		</gpxtpx:TrackPointExtension>
	</extensions>
</trkpt>
<trkpt lat="43.8928540" lon="15.2349580">
	<ele>-16.06</ele>
	<time>2026-08-09T05:07:31.927Z</time>
	<hdop>4.74</hdop>
	<extensions>
		<gpxtpx:TrackPointExtension>
			<gpxtpx:course>268.801</gpxtpx:course>
		</gpxtpx:TrackPointExtension>
	</extensions>
</trkpt>
<trkpt lat="43.8928264" lon="15.2344979">
	<ele>-7.73</ele>
	<time>2026-08-09T05:07:41.927Z</time>
	<hdop>4.67</hdop>
	<extensions>
		<gpxtpx:TrackPointExtension>
			<gpxtpx:course>265.74283</gpxtpx:course>
		</gpxtpx:TrackPointExtension>
	</extensions>
</trkpt>
<trkpt lat="43.8928073" lon="15.2339996">
	<ele>-1.46</ele>
	<time>2026-08-09T05:07:52.927Z</time>
	<hdop>4.83</hdop>
	<extensions>
		<gpxtpx:TrackPointExtension>
			<gpxtpx:course>265.35034</gpxtpx:course>
		</gpxtpx:TrackPointExtension>
	</extensions>
</trkpt>
<trkpt lat="43.8927830" lon="15.2335436">
	<ele>1.07</ele>
	<time>2026-08-09T05:08:02.927Z</time>
	<hdop>5.38</hdop>
	<extensions>
		<gpxtpx:TrackPointExtension>
			<gpxtpx:course>265.30322</gpxtpx:course>
		</gpxtpx:TrackPointExtension>
	</extensions>
</trkpt>
<trkpt lat="43.8927473" lon="15.2330925">
	<ele>1.01</ele>
	<time>2026-08-09T05:08:12.927Z</time>
	<hdop>4.77</hdop>
	<extensions>
		<gpxtpx:TrackPointExtension>
			<gpxtpx:course>266.2288</gpxtpx:course>
		</gpxtpx:TrackPointExtension>
	</extensions>
</trkpt>
<trkpt lat="43.8927267" lon="15.2326350">
	<ele>3.35</ele>
	<time>2026-08-09T05:08:22.927Z</time>
	<hdop>5.49</hdop>
	<extensions>
		<gpxtpx:TrackPointExtension>
			<gpxtpx:course>265.98724</gpxtpx:course>
		</gpxtpx:TrackPointExtension>
	</extensions>
</trkpt>
<trkpt lat="43.8927079" lon="15.2321740">
	<ele>7.07</ele>
	<time>2026-08-09T05:08:33.378Z</time>
	<hdop>4.98</hdop>
	<extensions>
		<gpxtpx:TrackPointExtension>
			<gpxtpx:course>265.84842</gpxtpx:course>
		</gpxtpx:TrackPointExtension>
	</extensions>
</trkpt>
<trkpt lat="43.8927119" lon="15.2316872">
	<ele>3.88</ele>
	<time>2026-08-09T05:08:43.926Z</time>
	<hdop>4.65</hdop>
	<extensions>
		<gpxtpx:TrackPointExtension>
			<gpxtpx:course>272.56915</gpxtpx:course>
		</gpxtpx:TrackPointExtension>
	</extensions>
</trkpt>
<trkpt lat="43.8927234" lon="15.2312238">
	<ele>3.09</ele>
	<time>2026-08-09T05:08:53.926Z</time>
	<hdop>5.17</hdop>
	<extensions>
		<gpxtpx:TrackPointExtension>
			<gpxtpx:course>272.50012</gpxtpx:course>
		</gpxtpx:TrackPointExtension>
	</extensions>
</trkpt>
<trkpt lat="43.8927151" lon="15.2307574">
	<ele>1.52</ele>
	<time>2026-08-09T05:09:03.927Z</time>
	<hdop>5.46</hdop>
	<extensions>
		<gpxtpx:TrackPointExtension>
			<gpxtpx:course>271.07608</gpxtpx:course>
		</gpxtpx:TrackPointExtension>
	</extensions>
</trkpt>
<trkpt lat="43.8927027" lon="15.2302896">
	<ele>3.52</ele>
	<time>2026-08-09T05:09:13.927Z</time>
	<hdop>5.02</hdop>
	<extensions>
		<gpxtpx:TrackPointExtension>
			<gpxtpx:course>266.15317</gpxtpx:course>
		</gpxtpx:TrackPointExtension>
	</extensions>
</trkpt>
<trkpt lat="43.8926976" lon="15.2297954">
	<ele>6.72</ele>
	<time>2026-08-09T05:09:24.927Z</time>
	<hdop>4.98</hdop>
	<extensions>
		<gpxtpx:TrackPointExtension>
			<gpxtpx:course>266.89584</gpxtpx:course>
		</gpxtpx:TrackPointExtension>
	</extensions>
</trkpt>
<trkpt lat="43.8926775" lon="15.2293336">
	<ele>9.68</ele>
	<time>2026-08-09T05:09:34.927Z</time>
	<hdop>5.01</hdop>
	<extensions>
		<gpxtpx:TrackPointExtension>
			<gpxtpx:course>265.44946</gpxtpx:course>
		</gpxtpx:TrackPointExtension>
	</extensions>
</trkpt>
<trkpt lat="43.8926050" lon="15.2288283">
	<ele>8.45</ele>
	<time>2026-08-09T05:09:45.927Z</time>
	<hdop>4.97</hdop>
	<extensions>
		<gpxtpx:TrackPointExtension>
			<gpxtpx:course>258.4501</gpxtpx:course>
		</gpxtpx:TrackPointExtension>
	</extensions>
</trkpt>
<trkpt lat="43.8924981" lon="15.2283302">
	<ele>12.15</ele>
	<time>2026-08-09T05:09:56.926Z</time>
	<hdop>4.86</hdop>
	<extensions>
		<gpxtpx:TrackPointExtension>
			<gpxtpx:course>254.54396</gpxtpx:course>
		</gpxtpx:TrackPointExtension>
	</extensions>
</trkpt>
<trkpt lat="43.8923684" lon="15.2279050">
	<ele>10.58</ele>
	<time>2026-08-09T05:10:06.927Z</time>
	<hdop>4.92</hdop>
	<extensions>
		<gpxtpx:TrackPointExtension>
			<gpxtpx:course>242.92188</gpxtpx:course>
		</gpxtpx:TrackPointExtension>
	</extensions>
</trkpt>
<trkpt lat="43.8922131" lon="15.2274369">
	<ele>11.15</ele>
	<time>2026-08-09T05:10:17.926Z</time>
	<hdop>5.25</hdop>
	<extensions>
		<gpxtpx:TrackPointExtension>
			<gpxtpx:course>242.31595</gpxtpx:course>
		</gpxtpx:TrackPointExtension>
	</extensions>
</trkpt>
<trkpt lat="43.8920872" lon="15.2270032">
	<ele>8.99</ele>
	<time>2026-08-09T05:10:27.926Z</time>
	<hdop>4.99</hdop>
	<extensions>
		<gpxtpx:TrackPointExtension>
			<gpxtpx:course>250.47693</gpxtpx:course>
		</gpxtpx:TrackPointExtension>
	</extensions>
</trkpt>
<trkpt lat="43.8919953" lon="15.2265626">
	<ele>9.12</ele>
	<time>2026-08-09T05:10:37.927Z</time>
	<hdop>5.02</hdop>
	<extensions>
		<gpxtpx:TrackPointExtension>
			<gpxtpx:course>251.08757</gpxtpx:course>
		</gpxtpx:TrackPointExtension>
	</extensions>
</trkpt>
<trkpt lat="43.8919083" lon="15.2260871">
	<ele>7.61</ele>
	<time>2026-08-09T05:10:48.925Z</time>
	<hdop>5.11</hdop>
	<extensions>
		<gpxtpx:TrackPointExtension>
			<gpxtpx:course>260.4576</gpxtpx:course>
		</gpxtpx:TrackPointExtension>
	</extensions>
</trkpt>
<trkpt lat="43.8918343" lon="15.2256506">
	<ele>6.78</ele>
	<time>2026-08-09T05:10:58.928Z</time>
	<hdop>4.94</hdop>
	<extensions>
		<gpxtpx:TrackPointExtension>
			<gpxtpx:course>253.86227</gpxtpx:course>
		</gpxtpx:TrackPointExtension>
	</extensions>
</trkpt>
<trkpt lat="43.8917329" lon="15.2251746">
	<ele>8.28</ele>
	<time>2026-08-09T05:11:09.927Z</time>
	<hdop>5.05</hdop>
	<extensions>
		<gpxtpx:TrackPointExtension>
			<gpxtpx:course>249.77423</gpxtpx:course>
		</gpxtpx:TrackPointExtension>
	</extensions>
</trkpt>
<trkpt lat="43.8916312" lon="15.2247509">
	<ele>11.40</ele>
	<time>2026-08-09T05:11:19.927Z</time>
	<hdop>5.16</hdop>
	<extensions>
		<gpxtpx:TrackPointExtension>
			<gpxtpx:course>247.25397</gpxtpx:course>
		</gpxtpx:TrackPointExtension>
	</extensions>
</trkpt>
<trkpt lat="43.8915479" lon="15.2243090">
	<ele>10.10</ele>
	<time>2026-08-09T05:11:29.927Z</time>
	<hdop>4.98</hdop>
	<extensions>
		<gpxtpx:TrackPointExtension>
			<gpxtpx:course>257.13135</gpxtpx:course>
		</gpxtpx:TrackPointExtension>
	</extensions>
</trkpt>
<trkpt lat="43.8914890" lon="15.2238181">
	<ele>7.69</ele>
	<time>2026-08-09T05:11:40.927Z</time>
	<hdop>5.18</hdop>
	<extensions>
		<gpxtpx:TrackPointExtension>
			<gpxtpx:course>262.60513</gpxtpx:course>
		</gpxtpx:TrackPointExtension>
	</extensions>
</trkpt>
<trkpt lat="43.8914580" lon="15.2233733">
	<ele>8.15</ele>
	<time>2026-08-09T05:11:50.927Z</time>
	<hdop>5.18</hdop>
	<extensions>
		<gpxtpx:TrackPointExtension>
			<gpxtpx:course>266.90634</gpxtpx:course>
		</gpxtpx:TrackPointExtension>
	</extensions>
</trkpt>
<trkpt lat="43.8914453" lon="15.2228868">
	<ele>4.91</ele>
	<time>2026-08-09T05:12:01.926Z</time>
	<hdop>4.83</hdop>
	<extensions>
		<gpxtpx:TrackPointExtension>
			<gpxtpx:course>264.08804</gpxtpx:course>
		</gpxtpx:TrackPointExtension>
	</extensions>
</trkpt>
<trkpt lat="43.8914267" lon="15.2224671">
	<ele>5.56</ele>
	<time>2026-08-09T05:12:11.926Z</time>
	<hdop>5.04</hdop>
	<extensions>
		<gpxtpx:TrackPointExtension>
			<gpxtpx:course>250.24368</gpxtpx:course>
		</gpxtpx:TrackPointExtension>
	</extensions>
</trkpt>
<trkpt lat="43.8912721" lon="15.2221336">
	<ele>4.99</ele>
	<time>2026-08-09T05:12:21.927Z</time>
	<hdop>5.17</hdop>
	<extensions>
		<gpxtpx:TrackPointExtension>
			<gpxtpx:course>227.0403</gpxtpx:course>
		</gpxtpx:TrackPointExtension>
	</extensions>
</trkpt>
<trkpt lat="43.8910481" lon="15.2218144">
	<ele>4.51</ele>
	<time>2026-08-09T05:12:32.926Z</time>
	<hdop>3.79</hdop>
	<extensions>
		<gpxtpx:TrackPointExtension>
			<gpxtpx:course>226.0</gpxtpx:course>
		</gpxtpx:TrackPointExtension>
	</extensions>
</trkpt>
<trkpt lat="43.8908479" lon="15.2215303">
	<ele>2.71</ele>
	<time>2026-08-09T05:12:42.926Z</time>
	<hdop>3.79</hdop>
	<extensions>
		<gpxtpx:TrackPointExtension>
			<gpxtpx:course>224.0</gpxtpx:course>
		</gpxtpx:TrackPointExtension>
	</extensions>
</trkpt>
<trkpt lat="43.8906586" lon="15.2212692">
	<ele>2.83</ele>
	<time>2026-08-09T05:12:52.926Z</time>
	<hdop>3.79</hdop>
	<extensions>
		<gpxtpx:TrackPointExtension>
			<gpxtpx:course>224.0</gpxtpx:course>
		</gpxtpx:TrackPointExtension>
	</extensions>
</trkpt>
<trkpt lat="43.8904811" lon="15.2210322">
	<ele>-0.06</ele>
	<time>2026-08-09T05:13:02.927Z</time>
	<hdop>3.79</hdop>
	<extensions>
		<gpxtpx:TrackPointExtension>
			<gpxtpx:course>224.0</gpxtpx:course>
		</gpxtpx:TrackPointExtension>
	</extensions>
</trkpt>
<trkpt lat="43.8903012" lon="15.2207857">
	<ele>0.59</ele>
	<time>2026-08-09T05:13:13.926Z</time>
	<hdop>3.79</hdop>
	<extensions>
		<gpxtpx:TrackPointExtension>
			<gpxtpx:course>224.0</gpxtpx:course>
		</gpxtpx:TrackPointExtension>
	</extensions>
</trkpt>
<trkpt lat="43.8901514" lon="15.2205750">
	<ele>1.75</ele>
	<time>2026-08-09T05:13:23.926Z</time>
	<hdop>3.79</hdop>
	<extensions>
		<gpxtpx:TrackPointExtension>
			<gpxtpx:course>227.0</gpxtpx:course>
		</gpxtpx:TrackPointExtension>
	</extensions>
</trkpt>
<trkpt lat="43.8899975" lon="15.2203431">
	<ele>-3.00</ele>
	<time>2026-08-09T05:13:33.926Z</time>
	<hdop>3.79</hdop>
	<extensions>
		<gpxtpx:TrackPointExtension>
			<gpxtpx:course>228.0</gpxtpx:course>
		</gpxtpx:TrackPointExtension>
	</extensions>
</trkpt>
<trkpt lat="43.8898589" lon="15.2201026">
	<ele>-32.61</ele>
	<time>2026-08-09T05:13:43.928Z</time>
	<hdop>3.79</hdop>
	<extensions>
		<gpxtpx:TrackPointExtension>
			<gpxtpx:course>233.0</gpxtpx:course>
		</gpxtpx:TrackPointExtension>
	</extensions>
</trkpt>
<trkpt lat="43.8897345" lon="15.2198095">
	<ele>-54.65</ele>
	<time>2026-08-09T05:13:54.926Z</time>
	<hdop>3.79</hdop>
	<extensions>
		<gpxtpx:TrackPointExtension>
			<gpxtpx:course>241.0</gpxtpx:course>
		</gpxtpx:TrackPointExtension>
	</extensions>
</trkpt>
<trkpt lat="43.8896357" lon="15.2195352">
	<ele>-54.29</ele>
	<time>2026-08-09T05:14:04.927Z</time>
	<hdop>3.79</hdop>
	<extensions>
		<gpxtpx:TrackPointExtension>
			<gpxtpx:course>245.0</gpxtpx:course>
		</gpxtpx:TrackPointExtension>
	</extensions>
</trkpt>
<trkpt lat="43.8895417" lon="15.2192199">
	<ele>-48.08</ele>
	<time>2026-08-09T05:14:15.926Z</time>
	<hdop>3.79</hdop>
	<extensions>
		<gpxtpx:TrackPointExtension>
			<gpxtpx:course>257.0</gpxtpx:course>
		</gpxtpx:TrackPointExtension>
	</extensions>
</trkpt>
<trkpt lat="43.8894476" lon="15.2189352">
	<ele>-42.81</ele>
	<time>2026-08-09T05:14:25.926Z</time>
	<hdop>3.79</hdop>
	<extensions>
		<gpxtpx:TrackPointExtension>
			<gpxtpx:course>254.0</gpxtpx:course>
		</gpxtpx:TrackPointExtension>
	</extensions>
</trkpt>
<trkpt lat="43.8894084" lon="15.2186425">
	<ele>-51.88</ele>
	<time>2026-08-09T05:14:35.926Z</time>
	<hdop>3.79</hdop>
	<extensions>
		<gpxtpx:TrackPointExtension>
			<gpxtpx:course>261.0</gpxtpx:course>
		</gpxtpx:TrackPointExtension>
	</extensions>
</trkpt>
<trkpt lat="43.8893653" lon="15.2183508">
	<ele>-55.72</ele>
	<time>2026-08-09T05:14:45.927Z</time>
	<hdop>3.79</hdop>
	<extensions>
		<gpxtpx:TrackPointExtension>
			<gpxtpx:course>259.0</gpxtpx:course>
		</gpxtpx:TrackPointExtension>
	</extensions>
</trkpt>
<trkpt lat="43.8893319" lon="15.2180095">
	<ele>-56.13</ele>
	<time>2026-08-09T05:14:56.927Z</time>
	<hdop>3.79</hdop>
	<extensions>
		<gpxtpx:TrackPointExtension>
			<gpxtpx:course>263.0</gpxtpx:course>
		</gpxtpx:TrackPointExtension>
	</extensions>
</trkpt>
<trkpt lat="43.8893013" lon="15.2176543">
	<ele>-41.31</ele>
	<time>2026-08-09T05:15:07.926Z</time>
	<hdop>3.79</hdop>
	<extensions>
		<gpxtpx:TrackPointExtension>
			<gpxtpx:course>262.0</gpxtpx:course>
		</gpxtpx:TrackPointExtension>
	</extensions>
</trkpt>
<trkpt lat="43.8892616" lon="15.2172883">
	<ele>-30.31</ele>
	<time>2026-08-09T05:15:18.926Z</time>
	<hdop>3.79</hdop>
	<extensions>
		<gpxtpx:TrackPointExtension>
			<gpxtpx:course>267.0</gpxtpx:course>
		</gpxtpx:TrackPointExtension>
	</extensions>
</trkpt>
<trkpt lat="43.8892403" lon="15.2169346">
	<ele>-28.48</ele>
	<time>2026-08-09T05:15:28.926Z</time>
	<hdop>3.79</hdop>
	<extensions>
		<gpxtpx:TrackPointExtension>
			<gpxtpx:course>262.0</gpxtpx:course>
		</gpxtpx:TrackPointExtension>
	</extensions>
</trkpt>
<trkpt lat="43.8892041" lon="15.2166017">
	<ele>-50.43</ele>
	<time>2026-08-09T05:15:38.926Z</time>
	<hdop>3.79</hdop>
	<extensions>
		<gpxtpx:TrackPointExtension>
			<gpxtpx:course>264.0</gpxtpx:course>
		</gpxtpx:TrackPointExtension>
	</extensions>
</trkpt>
<trkpt lat="43.8891710" lon="15.2162677">
	<ele>-50.88</ele>
	<time>2026-08-09T05:15:48.926Z</time>
	<hdop>3.79</hdop>
	<extensions>
		<gpxtpx:TrackPointExtension>
			<gpxtpx:course>262.0</gpxtpx:course>
		</gpxtpx:TrackPointExtension>
	</extensions>
</trkpt>
<trkpt lat="43.8891459" lon="15.2159481">
	<ele>-39.59</ele>
	<time>2026-08-09T05:15:58.926Z</time>
	<hdop>3.79</hdop>
	<extensions>
		<gpxtpx:TrackPointExtension>
			<gpxtpx:course>265.0</gpxtpx:course>
		</gpxtpx:TrackPointExtension>
	</extensions>
</trkpt>
<trkpt lat="43.8891378" lon="15.2156456">
	<ele>-19.14</ele>
	<time>2026-08-09T05:16:08.926Z</time>
	<hdop>3.79</hdop>
	<extensions>
		<gpxtpx:TrackPointExtension>
			<gpxtpx:course>264.0</gpxtpx:course>
		</gpxtpx:TrackPointExtension>
	</extensions>
</trkpt>
<trkpt lat="43.8891149" lon="15.2153380">
	<ele>-12.60</ele>
	<time>2026-08-09T05:16:18.926Z</time>
	<hdop>3.79</hdop>
	<extensions>
		<gpxtpx:TrackPointExtension>
			<gpxtpx:course>266.0</gpxtpx:course>
		</gpxtpx:TrackPointExtension>
	</extensions>
</trkpt>
<trkpt lat="43.8890827" lon="15.2150322">
	<ele>-10.60</ele>
	<time>2026-08-09T05:16:28.926Z</time>
	<hdop>3.79</hdop>
	<extensions>
		<gpxtpx:TrackPointExtension>
			<gpxtpx:course>261.0</gpxtpx:course>
		</gpxtpx:TrackPointExtension>
	</extensions>
</trkpt>
<trkpt lat="43.8890513" lon="15.2147393">
	<ele>-0.61</ele>
	<time>2026-08-09T05:16:38.926Z</time>
	<hdop>3.79</hdop>
	<extensions>
		<gpxtpx:TrackPointExtension>
			<gpxtpx:course>258.0</gpxtpx:course>
		</gpxtpx:TrackPointExtension>
	</extensions>
</trkpt>
<trkpt lat="43.8889895" lon="15.2144556">
	<ele>-27.85</ele>
	<time>2026-08-09T05:16:48.926Z</time>
	<hdop>3.79</hdop>
	<extensions>
		<gpxtpx:TrackPointExtension>
			<gpxtpx:course>250.0</gpxtpx:course>
		</gpxtpx:TrackPointExtension>
	</extensions>
</trkpt>
<trkpt lat="43.8888912" lon="15.2141852">
	<ele>-59.28</ele>
	<time>2026-08-09T05:16:58.926Z</time>
	<hdop>3.79</hdop>
	<extensions>
		<gpxtpx:TrackPointExtension>
			<gpxtpx:course>239.0</gpxtpx:course>
		</gpxtpx:TrackPointExtension>
	</extensions>
</trkpt>
<trkpt lat="43.8887763" lon="15.2139332">
	<ele>-62.86</ele>
	<time>2026-08-09T05:17:08.926Z</time>
	<hdop>3.79</hdop>
	<extensions>
		<gpxtpx:TrackPointExtension>
			<gpxtpx:course>236.0</gpxtpx:course>
		</gpxtpx:TrackPointExtension>
	</extensions>
</trkpt>
<trkpt lat="43.8886549" lon="15.2136821">
	<ele>-56.88</ele>
	<time>2026-08-09T05:17:18.926Z</time>
	<hdop>3.79</hdop>
	<extensions>
		<gpxtpx:TrackPointExtension>
			<gpxtpx:course>234.0</gpxtpx:course>
		</gpxtpx:TrackPointExtension>
	</extensions>
</trkpt>
<trkpt lat="43.8885092" lon="15.2134493">
	<ele>-43.73</ele>
	<time>2026-08-09T05:17:28.927Z</time>
	<hdop>3.79</hdop>
	<extensions>
		<gpxtpx:TrackPointExtension>
			<gpxtpx:course>230.0</gpxtpx:course>
		</gpxtpx:TrackPointExtension>
	</extensions>
</trkpt>
<trkpt lat="43.8883410" lon="15.2131842">
	<ele>-20.48</ele>
	<time>2026-08-09T05:17:39.925Z</time>
	<hdop>3.79</hdop>
	<extensions>
		<gpxtpx:TrackPointExtension>
			<gpxtpx:course>228.0</gpxtpx:course>
		</gpxtpx:TrackPointExtension>
	</extensions>
</trkpt>
<trkpt lat="43.8881651" lon="15.2129230">
	<ele>-27.42</ele>
	<time>2026-08-09T05:17:49.925Z</time>
	<hdop>3.79</hdop>
	<extensions>
		<gpxtpx:TrackPointExtension>
			<gpxtpx:course>226.0</gpxtpx:course>
		</gpxtpx:TrackPointExtension>
	</extensions>
</trkpt>
<trkpt lat="43.8879581" lon="15.2126412">
	<ele>-27.07</ele>
	<time>2026-08-09T05:17:59.926Z</time>
	<hdop>3.79</hdop>
	<extensions>
		<gpxtpx:TrackPointExtension>
			<gpxtpx:course>223.0</gpxtpx:course>
		</gpxtpx:TrackPointExtension>
	</extensions>
</trkpt>
<trkpt lat="43.8877322" lon="15.2123566">
	<ele>-4.38</ele>
	<time>2026-08-09T05:18:09.926Z</time>
	<hdop>3.79</hdop>
	<extensions>
		<gpxtpx:TrackPointExtension>
			<gpxtpx:course>221.0</gpxtpx:course>
		</gpxtpx:TrackPointExtension>
	</extensions>
</trkpt>
<trkpt lat="43.8875085" lon="15.2120831">
	<ele>-14.37</ele>
	<time>2026-08-09T05:18:19.926Z</time>
	<hdop>3.79</hdop>
	<extensions>
		<gpxtpx:TrackPointExtension>
			<gpxtpx:course>220.0</gpxtpx:course>
		</gpxtpx:TrackPointExtension>
	</extensions>
</trkpt>
<trkpt lat="43.8872773" lon="15.2118232">
	<ele>-9.37</ele>
	<time>2026-08-09T05:18:29.926Z</time>
	<hdop>3.79</hdop>
	<extensions>
		<gpxtpx:TrackPointExtension>
			<gpxtpx:course>218.0</gpxtpx:course>
		</gpxtpx:TrackPointExtension>
	</extensions>
</trkpt>
<trkpt lat="43.8870084" lon="15.2115224">
	<ele>6.51</ele>
	<time>2026-08-09T05:18:40.925Z</time>
	<hdop>3.79</hdop>
	<extensions>
		<gpxtpx:TrackPointExtension>
			<gpxtpx:course>219.0</gpxtpx:course>
		</gpxtpx:TrackPointExtension>
	</extensions>
</trkpt>
<trkpt lat="43.8867697" lon="15.2112514">
	<ele>-0.49</ele>
	<time>2026-08-09T05:18:50.925Z</time>
	<hdop>3.79</hdop>
	<extensions>
		<gpxtpx:TrackPointExtension>
			<gpxtpx:course>220.0</gpxtpx:course>
		</gpxtpx:TrackPointExtension>
	</extensions>
</trkpt>
<trkpt lat="43.8865316" lon="15.2109788">
	<ele>-0.45</ele>
	<time>2026-08-09T05:19:00.926Z</time>
	<hdop>3.79</hdop>
	<extensions>
		<gpxtpx:TrackPointExtension>
			<gpxtpx:course>219.0</gpxtpx:course>
		</gpxtpx:TrackPointExtension>
	</extensions>
</trkpt>
<trkpt lat="43.8862958" lon="15.2106960">
	<ele>14.18</ele>
	<time>2026-08-09T05:19:10.926Z</time>
	<hdop>3.79</hdop>
	<extensions>
		<gpxtpx:TrackPointExtension>
			<gpxtpx:course>220.0</gpxtpx:course>
		</gpxtpx:TrackPointExtension>
	</extensions>
</trkpt>
<trkpt lat="43.8860373" lon="15.2104039">
	<ele>-0.45</ele>
	<time>2026-08-09T05:19:21.925Z</time>
	<hdop>3.79</hdop>
	<extensions>
		<gpxtpx:TrackPointExtension>
			<gpxtpx:course>218.0</gpxtpx:course>
		</gpxtpx:TrackPointExtension>
	</extensions>
</trkpt>
<trkpt lat="43.8857990" lon="15.2101454">
	<ele>1.83</ele>
	<time>2026-08-09T05:19:31.926Z</time>
	<hdop>3.79</hdop>
	<extensions>
		<gpxtpx:TrackPointExtension>
			<gpxtpx:course>217.0</gpxtpx:course>
		</gpxtpx:TrackPointExtension>
	</extensions>
</trkpt>
<trkpt lat="43.8855452" lon="15.2098827">
	<ele>5.16</ele>
	<time>2026-08-09T05:19:41.927Z</time>
	<hdop>3.79</hdop>
	<extensions>
		<gpxtpx:TrackPointExtension>
			<gpxtpx:course>216.0</gpxtpx:course>
		</gpxtpx:TrackPointExtension>
	</extensions>
</trkpt>
<trkpt lat="43.8852557" lon="15.2095895">
	<ele>2.32</ele>
	<time>2026-08-09T05:19:52.925Z</time>
	<hdop>3.79</hdop>
	<extensions>
		<gpxtpx:TrackPointExtension>
			<gpxtpx:course>215.0</gpxtpx:course>
		</gpxtpx:TrackPointExtension>
	</extensions>
</trkpt>
<trkpt lat="43.8849902" lon="15.2093210">
	<ele>13.40</ele>
	<time>2026-08-09T05:20:02.925Z</time>
	<hdop>3.79</hdop>
	<extensions>
		<gpxtpx:TrackPointExtension>
			<gpxtpx:course>215.0</gpxtpx:course>
		</gpxtpx:TrackPointExtension>
	</extensions>
</trkpt>
<trkpt lat="43.8847231" lon="15.2090523">
	<ele>2.73</ele>
	<time>2026-08-09T05:20:12.925Z</time>
	<hdop>3.79</hdop>
	<extensions>
		<gpxtpx:TrackPointExtension>
			<gpxtpx:course>215.0</gpxtpx:course>
		</gpxtpx:TrackPointExtension>
	</extensions>
</trkpt>
<trkpt lat="43.8844525" lon="15.2087784">
	<ele>3.93</ele>
	<time>2026-08-09T05:20:22.926Z</time>
	<hdop>3.79</hdop>
	<extensions>
		<gpxtpx:TrackPointExtension>
			<gpxtpx:course>215.0</gpxtpx:course>
		</gpxtpx:TrackPointExtension>
	</extensions>
</trkpt>
<trkpt lat="43.8841485" lon="15.2084776">
	<ele>19.23</ele>
	<time>2026-08-09T05:20:33.925Z</time>
	<hdop>3.79</hdop>
	<extensions>
		<gpxtpx:TrackPointExtension>
			<gpxtpx:course>216.0</gpxtpx:course>
		</gpxtpx:TrackPointExtension>
	</extensions>
</trkpt>
<trkpt lat="43.8838748" lon="15.2082106">
	<ele>3.75</ele>
	<time>2026-08-09T05:20:43.925Z</time>
	<hdop>3.79</hdop>
	<extensions>
		<gpxtpx:TrackPointExtension>
			<gpxtpx:course>216.0</gpxtpx:course>
		</gpxtpx:TrackPointExtension>
	</extensions>
</trkpt>
<trkpt lat="43.8836072" lon="15.2079380">
	<ele>4.97</ele>
	<time>2026-08-09T05:20:53.925Z</time>
	<hdop>3.79</hdop>
	<extensions>
		<gpxtpx:TrackPointExtension>
			<gpxtpx:course>217.0</gpxtpx:course>
		</gpxtpx:TrackPointExtension>
	</extensions>
</trkpt>
<trkpt lat="43.8833451" lon="15.2076610">
	<ele>8.72</ele>
	<time>2026-08-09T05:21:03.927Z</time>
	<hdop>3.79</hdop>
	<extensions>
		<gpxtpx:TrackPointExtension>
			<gpxtpx:course>217.0</gpxtpx:course>
		</gpxtpx:TrackPointExtension>
	</extensions>
</trkpt>
<trkpt lat="43.8830596" lon="15.2073570">
	<ele>6.14</ele>
	<time>2026-08-09T05:21:14.925Z</time>
	<hdop>3.79</hdop>
	<extensions>
		<gpxtpx:TrackPointExtension>
			<gpxtpx:course>215.0</gpxtpx:course>
		</gpxtpx:TrackPointExtension>
	</extensions>
</trkpt>
<trkpt lat="43.8827814" lon="15.2071091">
	<ele>7.32</ele>
	<time>2026-08-09T05:21:24.925Z</time>
	<hdop>3.79</hdop>
	<extensions>
		<gpxtpx:TrackPointExtension>
			<gpxtpx:course>210.0</gpxtpx:course>
		</gpxtpx:TrackPointExtension>
	</extensions>
</trkpt>
<trkpt lat="43.8824911" lon="15.2068790">
	<ele>5.90</ele>
	<time>2026-08-09T05:21:34.926Z</time>
	<hdop>3.79</hdop>
	<extensions>
		<gpxtpx:TrackPointExtension>
			<gpxtpx:course>208.0</gpxtpx:course>
		</gpxtpx:TrackPointExtension>
	</extensions>
</trkpt>
<trkpt lat="43.8821665" lon="15.2066534">
	<ele>6.78</ele>
	<time>2026-08-09T05:21:45.925Z</time>
	<hdop>3.79</hdop>
	<extensions>
		<gpxtpx:TrackPointExtension>
			<gpxtpx:course>205.0</gpxtpx:course>
		</gpxtpx:TrackPointExtension>
	</extensions>
</trkpt>
<trkpt lat="43.8818589" lon="15.2064605">
	<ele>0.73</ele>
	<time>2026-08-09T05:21:55.925Z</time>
	<hdop>3.79</hdop>
	<extensions>
		<gpxtpx:TrackPointExtension>
			<gpxtpx:course>203.0</gpxtpx:course>
		</gpxtpx:TrackPointExtension>
	</extensions>
</trkpt>
<trkpt lat="43.8815523" lon="15.2062779">
	<ele>4.60</ele>
	<time>2026-08-09T05:22:05.926Z</time>
	<hdop>3.79</hdop>
	<extensions>
		<gpxtpx:TrackPointExtension>
			<gpxtpx:course>202.0</gpxtpx:course>
		</gpxtpx:TrackPointExtension>
	</extensions>
</trkpt>
<trkpt lat="43.8812376" lon="15.2061252">
	<ele>3.62</ele>
	<time>2026-08-09T05:22:15.926Z</time>
	<hdop>3.79</hdop>
	<extensions>
		<gpxtpx:TrackPointExtension>
			<gpxtpx:course>199.0</gpxtpx:course>
		</gpxtpx:TrackPointExtension>
	</extensions>
</trkpt>
<trkpt lat="43.8808818" lon="15.2059725">
	<ele>1.19</ele>
	<time>2026-08-09T05:22:26.925Z</time>
	<hdop>3.79</hdop>
	<extensions>
		<gpxtpx:TrackPointExtension>
			<gpxtpx:course>196.0</gpxtpx:course>
		</gpxtpx:TrackPointExtension>
	</extensions>
</trkpt>
<trkpt lat="43.8805553" lon="15.2058458">
	<ele>1.59</ele>
	<time>2026-08-09T05:22:36.925Z</time>
	<hdop>3.79</hdop>
	<extensions>
		<gpxtpx:TrackPointExtension>
			<gpxtpx:course>195.0</gpxtpx:course>
		</gpxtpx:TrackPointExtension>
	</extensions>
</trkpt>
<trkpt lat="43.8802311" lon="15.2057193">
	<ele>2.60</ele>
	<time>2026-08-09T05:22:46.925Z</time>
	<hdop>3.79</hdop>
	<extensions>
		<gpxtpx:TrackPointExtension>
			<gpxtpx:course>194.0</gpxtpx:course>
		</gpxtpx:TrackPointExtension>
	</extensions>
</trkpt>
<trkpt lat="43.8799128" lon="15.2055766">
	<ele>0.13</ele>
	<time>2026-08-09T05:22:56.925Z</time>
	<hdop>3.79</hdop>
	<extensions>
		<gpxtpx:TrackPointExtension>
			<gpxtpx:course>197.0</gpxtpx:course>
		</gpxtpx:TrackPointExtension>
	</extensions>
</trkpt>
<trkpt lat="43.8795926" lon="15.2054380">
	<ele>1.21</ele>
	<time>2026-08-09T05:23:06.925Z</time>
	<hdop>3.79</hdop>
	<extensions>
		<gpxtpx:TrackPointExtension>
			<gpxtpx:course>195.0</gpxtpx:course>
		</gpxtpx:TrackPointExtension>
	</extensions>
</trkpt>
<trkpt lat="43.8792700" lon="15.2053243">
	<ele>2.09</ele>
	<time>2026-08-09T05:23:16.925Z</time>
	<hdop>3.79</hdop>
	<extensions>
		<gpxtpx:TrackPointExtension>
			<gpxtpx:course>196.0</gpxtpx:course>
		</gpxtpx:TrackPointExtension>
	</extensions>
</trkpt>
<trkpt lat="43.8789398" lon="15.2052104">
	<ele>0.71</ele>
	<time>2026-08-09T05:23:26.925Z</time>
	<hdop>3.79</hdop>
	<extensions>
		<gpxtpx:TrackPointExtension>
			<gpxtpx:course>194.0</gpxtpx:course>
		</gpxtpx:TrackPointExtension>
	</extensions>
</trkpt>
<trkpt lat="43.8786151" lon="15.2050877">
	<ele>-2.04</ele>
	<time>2026-08-09T05:23:36.925Z</time>
	<hdop>3.79</hdop>
	<extensions>
		<gpxtpx:TrackPointExtension>
			<gpxtpx:course>196.0</gpxtpx:course>
		</gpxtpx:TrackPointExtension>
	</extensions>
</trkpt>
<trkpt lat="43.8782626" lon="15.2049646">
	<ele>-1.58</ele>
	<time>2026-08-09T05:23:47.925Z</time>
	<hdop>3.79</hdop>
	<extensions>
		<gpxtpx:TrackPointExtension>
			<gpxtpx:course>191.0</gpxtpx:course>
		</gpxtpx:TrackPointExtension>
	</extensions>
</trkpt>
<trkpt lat="43.8779336" lon="15.2048624">
	<ele>-1.85</ele>
	<time>2026-08-09T05:23:57.925Z</time>
	<hdop>3.79</hdop>
	<extensions>
		<gpxtpx:TrackPointExtension>
			<gpxtpx:course>191.0</gpxtpx:course>
		</gpxtpx:TrackPointExtension>
	</extensions>
</trkpt>
<trkpt lat="43.8776073" lon="15.2047760">
	<ele>-4.36</ele>
	<time>2026-08-09T05:24:07.925Z</time>
	<hdop>3.79</hdop>
	<extensions>
		<gpxtpx:TrackPointExtension>
			<gpxtpx:course>190.0</gpxtpx:course>
		</gpxtpx:TrackPointExtension>
	</extensions>
</trkpt>
<trkpt lat="43.8772750" lon="15.2047052">
	<ele>-2.58</ele>
	<time>2026-08-09T05:24:17.925Z</time>
	<hdop>3.79</hdop>
	<extensions>
		<gpxtpx:TrackPointExtension>
			<gpxtpx:course>189.0</gpxtpx:course>
		</gpxtpx:TrackPointExtension>
	</extensions>
</trkpt>
<trkpt lat="43.8769423" lon="15.2046196">
	<ele>-2.95</ele>
	<time>2026-08-09T05:24:27.925Z</time>
	<hdop>3.79</hdop>
	<extensions>
		<gpxtpx:TrackPointExtension>
			<gpxtpx:course>190.0</gpxtpx:course>
		</gpxtpx:TrackPointExtension>
	</extensions>
</trkpt>
<trkpt lat="43.8766168" lon="15.2045170">
	<ele>-4.16</ele>
	<time>2026-08-09T05:24:37.925Z</time>
	<hdop>3.79</hdop>
	<extensions>
		<gpxtpx:TrackPointExtension>
			<gpxtpx:course>194.0</gpxtpx:course>
		</gpxtpx:TrackPointExtension>
	</extensions>
</trkpt>
<trkpt lat="43.8762875" lon="15.2044032">
	<ele>-5.75</ele>
	<time>2026-08-09T05:24:47.925Z</time>
	<hdop>3.79</hdop>
	<extensions>
		<gpxtpx:TrackPointExtension>
			<gpxtpx:course>193.0</gpxtpx:course>
		</gpxtpx:TrackPointExtension>
	</extensions>
</trkpt>
<trkpt lat="43.8759612" lon="15.2042928">
	<ele>-2.77</ele>
	<time>2026-08-09T05:24:57.926Z</time>
	<hdop>3.79</hdop>
	<extensions>
		<gpxtpx:TrackPointExtension>
			<gpxtpx:course>194.0</gpxtpx:course>
		</gpxtpx:TrackPointExtension>
	</extensions>
</trkpt>
<trkpt lat="43.8756031" lon="15.2041579">
	<ele>-5.81</ele>
	<time>2026-08-09T05:25:08.925Z</time>
	<hdop>3.79</hdop>
	<extensions>
		<gpxtpx:TrackPointExtension>
			<gpxtpx:course>194.0</gpxtpx:course>
		</gpxtpx:TrackPointExtension>
	</extensions>
</trkpt>
<trkpt lat="43.8752769" lon="15.2040449">
	<ele>-4.61</ele>
	<time>2026-08-09T05:25:18.926Z</time>
	<hdop>3.79</hdop>
	<extensions>
		<gpxtpx:TrackPointExtension>
			<gpxtpx:course>192.0</gpxtpx:course>
		</gpxtpx:TrackPointExtension>
	</extensions>
</trkpt>
<trkpt lat="43.8749041" lon="15.2039256">
	<ele>-4.57</ele>
	<time>2026-08-09T05:25:29.924Z</time>
	<hdop>3.79</hdop>
	<extensions>
		<gpxtpx:TrackPointExtension>
			<gpxtpx:course>191.0</gpxtpx:course>
		</gpxtpx:TrackPointExtension>
	</extensions>
</trkpt>
<trkpt lat="43.8745779" lon="15.2038405">
	<ele>-3.43</ele>
	<time>2026-08-09T05:25:39.926Z</time>
	<hdop>3.79</hdop>
	<extensions>
		<gpxtpx:TrackPointExtension>
			<gpxtpx:course>190.0</gpxtpx:course>
		</gpxtpx:TrackPointExtension>
	</extensions>
</trkpt>
<trkpt lat="43.8742155" lon="15.2037521">
	<ele>-4.33</ele>
	<time>2026-08-09T05:25:50.924Z</time>
	<hdop>3.79</hdop>
	<extensions>
		<gpxtpx:TrackPointExtension>
			<gpxtpx:course>190.0</gpxtpx:course>
		</gpxtpx:TrackPointExtension>
	</extensions>
</trkpt>
<trkpt lat="43.8738791" lon="15.2036617">
	<ele>-2.25</ele>
	<time>2026-08-09T05:26:00.925Z</time>
	<hdop>3.79</hdop>
	<extensions>
		<gpxtpx:TrackPointExtension>
			<gpxtpx:course>192.0</gpxtpx:course>
		</gpxtpx:TrackPointExtension>
	</extensions>
</trkpt>
<trkpt lat="43.8735493" lon="15.2035604">
	<ele>-3.84</ele>
	<time>2026-08-09T05:26:10.925Z</time>
	<hdop>3.79</hdop>
	<extensions>
		<gpxtpx:TrackPointExtension>
			<gpxtpx:course>192.0</gpxtpx:course>
		</gpxtpx:TrackPointExtension>
	</extensions>
</trkpt>
<trkpt lat="43.8731736" lon="15.2034534">
	<ele>-16.75</ele>
	<time>2026-08-09T05:26:21.924Z</time>
	<hdop>3.79</hdop>
	<extensions>
		<gpxtpx:TrackPointExtension>
			<gpxtpx:course>190.0</gpxtpx:course>
		</gpxtpx:TrackPointExtension>
	</extensions>
</trkpt>
<trkpt lat="43.8728290" lon="15.2033693">
	<ele>-51.41</ele>
	<time>2026-08-09T05:26:31.924Z</time>
	<hdop>3.79</hdop>
	<extensions>
		<gpxtpx:TrackPointExtension>
			<gpxtpx:course>188.0</gpxtpx:course>
		</gpxtpx:TrackPointExtension>
	</extensions>
</trkpt>
<trkpt lat="43.8724974" lon="15.2033058">
	<ele>-48.83</ele>
	<time>2026-08-09T05:26:41.924Z</time>
	<hdop>3.79</hdop>
	<extensions>
		<gpxtpx:TrackPointExtension>
			<gpxtpx:course>189.0</gpxtpx:course>
		</gpxtpx:TrackPointExtension>
	</extensions>
</trkpt>
<trkpt lat="43.8721693" lon="15.2032441">
	<ele>-41.59</ele>
	<time>2026-08-09T05:26:51.924Z</time>
	<hdop>3.79</hdop>
	<extensions>
		<gpxtpx:TrackPointExtension>
			<gpxtpx:course>187.0</gpxtpx:course>
		</gpxtpx:TrackPointExtension>
	</extensions>
</trkpt>
<trkpt lat="43.8718350" lon="15.2031836">
	<ele>-29.25</ele>
	<time>2026-08-09T05:27:01.924Z</time>
	<hdop>3.79</hdop>
	<extensions>
		<gpxtpx:TrackPointExtension>
			<gpxtpx:course>187.0</gpxtpx:course>
		</gpxtpx:TrackPointExtension>
	</extensions>
</trkpt>
<trkpt lat="43.8714946" lon="15.2031142">
	<ele>-22.31</ele>
	<time>2026-08-09T05:27:11.924Z</time>
	<hdop>3.79</hdop>
	<extensions>
		<gpxtpx:TrackPointExtension>
			<gpxtpx:course>187.0</gpxtpx:course>
		</gpxtpx:TrackPointExtension>
	</extensions>
</trkpt>
<trkpt lat="43.8711629" lon="15.2030534">
	<ele>-17.08</ele>
	<time>2026-08-09T05:27:21.924Z</time>
	<hdop>3.79</hdop>
	<extensions>
		<gpxtpx:TrackPointExtension>
			<gpxtpx:course>187.0</gpxtpx:course>
		</gpxtpx:TrackPointExtension>
	</extensions>
</trkpt>
<trkpt lat="43.8708254" lon="15.2030074">
	<ele>-19.13</ele>
	<time>2026-08-09T05:27:31.925Z</time>
	<hdop>3.79</hdop>
	<extensions>
		<gpxtpx:TrackPointExtension>
			<gpxtpx:course>185.0</gpxtpx:course>
		</gpxtpx:TrackPointExtension>
	</extensions>
</trkpt>
<trkpt lat="43.8704856" lon="15.2029463">
	<ele>-18.50</ele>
	<time>2026-08-09T05:27:41.925Z</time>
	<hdop>3.79</hdop>
	<extensions>
		<gpxtpx:TrackPointExtension>
			<gpxtpx:course>187.0</gpxtpx:course>
		</gpxtpx:TrackPointExtension>
	</extensions>
</trkpt>
<trkpt lat="43.8701471" lon="15.2029005">
	<ele>-14.23</ele>
	<time>2026-08-09T05:27:51.925Z</time>
	<hdop>3.79</hdop>
	<extensions>
		<gpxtpx:TrackPointExtension>
			<gpxtpx:course>186.0</gpxtpx:course>
		</gpxtpx:TrackPointExtension>
	</extensions>
</trkpt>
<trkpt lat="43.8698077" lon="15.2028457">
	<ele>-12.72</ele>
	<time>2026-08-09T05:28:01.925Z</time>
	<hdop>3.79</hdop>
	<extensions>
		<gpxtpx:TrackPointExtension>
			<gpxtpx:course>187.0</gpxtpx:course>
		</gpxtpx:TrackPointExtension>
	</extensions>
</trkpt>
<trkpt lat="43.8694268" lon="15.2027768">
	<ele>-11.09</ele>
	<time>2026-08-09T05:28:12.924Z</time>
	<hdop>3.79</hdop>
	<extensions>
		<gpxtpx:TrackPointExtension>
			<gpxtpx:course>188.0</gpxtpx:course>
		</gpxtpx:TrackPointExtension>
	</extensions>
</trkpt>
<trkpt lat="43.8690919" lon="15.2026960">
	<ele>-6.98</ele>
	<time>2026-08-09T05:28:22.924Z</time>
	<hdop>3.79</hdop>
	<extensions>
		<gpxtpx:TrackPointExtension>
			<gpxtpx:course>189.0</gpxtpx:course>
		</gpxtpx:TrackPointExtension>
	</extensions>
</trkpt>
<trkpt lat="43.8687606" lon="15.2026239">
	<ele>-10.64</ele>
	<time>2026-08-09T05:28:32.925Z</time>
	<hdop>3.79</hdop>
	<extensions>
		<gpxtpx:TrackPointExtension>
			<gpxtpx:course>186.0</gpxtpx:course>
		</gpxtpx:TrackPointExtension>
	</extensions>
</trkpt>
<trkpt lat="43.8684209" lon="15.2025867">
	<ele>-5.89</ele>
	<time>2026-08-09T05:28:42.925Z</time>
	<hdop>3.79</hdop>
	<extensions>
		<gpxtpx:TrackPointExtension>
			<gpxtpx:course>181.0</gpxtpx:course>
		</gpxtpx:TrackPointExtension>
	</extensions>
</trkpt>
<trkpt lat="43.8680489" lon="15.2026060">
	<ele>-6.08</ele>
	<time>2026-08-09T05:28:53.924Z</time>
	<hdop>3.79</hdop>
	<extensions>
		<gpxtpx:TrackPointExtension>
			<gpxtpx:course>178.0</gpxtpx:course>
		</gpxtpx:TrackPointExtension>
	</extensions>
</trkpt>
<trkpt lat="43.8677137" lon="15.2026277">
	<ele>-2.77</ele>
	<time>2026-08-09T05:29:03.925Z</time>
	<hdop>3.79</hdop>
	<extensions>
		<gpxtpx:TrackPointExtension>
			<gpxtpx:course>175.0</gpxtpx:course>
		</gpxtpx:TrackPointExtension>
	</extensions>
</trkpt>
<trkpt lat="43.8673797" lon="15.2026647">
	<ele>-6.54</ele>
	<time>2026-08-09T05:29:13.925Z</time>
	<hdop>3.79</hdop>
	<extensions>
		<gpxtpx:TrackPointExtension>
			<gpxtpx:course>176.0</gpxtpx:course>
		</gpxtpx:TrackPointExtension>
	</extensions>
</trkpt>
<trkpt lat="43.8670322" lon="15.2027101">
	<ele>-9.64</ele>
	<time>2026-08-09T05:29:23.925Z</time>
	<hdop>3.79</hdop>
	<extensions>
		<gpxtpx:TrackPointExtension>
			<gpxtpx:course>173.0</gpxtpx:course>
		</gpxtpx:TrackPointExtension>
	</extensions>
</trkpt>
<trkpt lat="43.8666991" lon="15.2027356">
	<ele>-7.34</ele>
	<time>2026-08-09T05:29:33.925Z</time>
	<hdop>3.79</hdop>
	<extensions>
		<gpxtpx:TrackPointExtension>
			<gpxtpx:course>183.0</gpxtpx:course>
		</gpxtpx:TrackPointExtension>
	</extensions>
</trkpt>
<trkpt lat="43.8663278" lon="15.2026567">
	<ele>-2.49</ele>
	<time>2026-08-09T05:29:44.925Z</time>
	<hdop>3.79</hdop>
	<extensions>
		<gpxtpx:TrackPointExtension>
			<gpxtpx:course>190.0</gpxtpx:course>
		</gpxtpx:TrackPointExtension>
	</extensions>
</trkpt>
<trkpt lat="43.8659592" lon="15.2025311">
	<ele>-9.49</ele>
	<time>2026-08-09T05:29:55.926Z</time>
	<hdop>3.79</hdop>
	<extensions>
		<gpxtpx:TrackPointExtension>
			<gpxtpx:course>193.0</gpxtpx:course>
		</gpxtpx:TrackPointExtension>
	</extensions>
</trkpt>
<trkpt lat="43.8655862" lon="15.2024759">
	<ele>-12.36</ele>
	<time>2026-08-09T05:30:06.926Z</time>
	<hdop>3.79</hdop>
	<extensions>
		<gpxtpx:TrackPointExtension>
			<gpxtpx:course>187.0</gpxtpx:course>
		</gpxtpx:TrackPointExtension>
	</extensions>
</trkpt>
<trkpt lat="43.8652642" lon="15.2023544">
	<ele>-3.70</ele>
	<time>2026-08-09T05:30:16.926Z</time>
	<hdop>3.79</hdop>
	<extensions>
		<gpxtpx:TrackPointExtension>
			<gpxtpx:course>200.0</gpxtpx:course>
		</gpxtpx:TrackPointExtension>
	</extensions>
</trkpt>
<trkpt lat="43.8649111" lon="15.2021658">
	<ele>-15.76</ele>
	<time>2026-08-09T05:30:27.926Z</time>
	<hdop>3.79</hdop>
	<extensions>
		<gpxtpx:TrackPointExtension>
			<gpxtpx:course>204.0</gpxtpx:course>
		</gpxtpx:TrackPointExtension>
	</extensions>
</trkpt>
<trkpt lat="43.8645918" lon="15.2018982">
	<ele>-12.01</ele>
	<time>2026-08-09T05:30:38.924Z</time>
	<hdop>3.79</hdop>
	<extensions>
		<gpxtpx:TrackPointExtension>
			<gpxtpx:course>214.0</gpxtpx:course>
		</gpxtpx:TrackPointExtension>
	</extensions>
</trkpt>
<trkpt lat="43.8643243" lon="15.2016149">
	<ele>-3.06</ele>
	<time>2026-08-09T05:30:48.925Z</time>
	<hdop>3.79</hdop>
	<extensions>
		<gpxtpx:TrackPointExtension>
			<gpxtpx:course>217.0</gpxtpx:course>
		</gpxtpx:TrackPointExtension>
	</extensions>
</trkpt>
<trkpt lat="43.8640410" lon="15.2012790">
	<ele>-8.85</ele>
	<time>2026-08-09T05:30:59.924Z</time>
	<hdop>3.79</hdop>
	<extensions>
		<gpxtpx:TrackPointExtension>
			<gpxtpx:course>222.0</gpxtpx:course>
		</gpxtpx:TrackPointExtension>
	</extensions>
</trkpt>
<trkpt lat="43.8637944" lon="15.2009668">
	<ele>-22.65</ele>
	<time>2026-08-09T05:31:09.926Z</time>
	<hdop>3.79</hdop>
	<extensions>
		<gpxtpx:TrackPointExtension>
			<gpxtpx:course>224.0</gpxtpx:course>
		</gpxtpx:TrackPointExtension>
	</extensions>
</trkpt>
<trkpt lat="43.8635297" lon="15.2006138">
	<ele>-56.79</ele>
	<time>2026-08-09T05:31:20.924Z</time>
	<hdop>3.79</hdop>
	<extensions>
		<gpxtpx:TrackPointExtension>
			<gpxtpx:course>226.0</gpxtpx:course>
		</gpxtpx:TrackPointExtension>
	</extensions>
</trkpt>
<trkpt lat="43.8633129" lon="15.2002573">
	<ele>-69.34</ele>
	<time>2026-08-09T05:31:30.924Z</time>
	<hdop>3.79</hdop>
	<extensions>
		<gpxtpx:TrackPointExtension>
			<gpxtpx:course>236.0</gpxtpx:course>
		</gpxtpx:TrackPointExtension>
	</extensions>
</trkpt>
<trkpt lat="43.8631466" lon="15.1998648">
	<ele>-55.90</ele>
	<time>2026-08-09T05:31:40.924Z</time>
	<hdop>3.79</hdop>
	<extensions>
		<gpxtpx:TrackPointExtension>
			<gpxtpx:course>239.0</gpxtpx:course>
		</gpxtpx:TrackPointExtension>
	</extensions>
</trkpt>
<trkpt lat="43.8629876" lon="15.1994673">
	<ele>-44.69</ele>
	<time>2026-08-09T05:31:50.924Z</time>
	<hdop>3.79</hdop>
	<extensions>
		<gpxtpx:TrackPointExtension>
			<gpxtpx:course>240.0</gpxtpx:course>
		</gpxtpx:TrackPointExtension>
	</extensions>
</trkpt>
<trkpt lat="43.8628282" lon="15.1990525">
	<ele>-19.78</ele>
	<time>2026-08-09T05:32:00.925Z</time>
	<hdop>3.79</hdop>
	<extensions>
		<gpxtpx:TrackPointExtension>
			<gpxtpx:course>242.0</gpxtpx:course>
		</gpxtpx:TrackPointExtension>
	</extensions>
</trkpt>
<trkpt lat="43.8626797" lon="15.1986426">
	<ele>-2.38</ele>
	<time>2026-08-09T05:32:10.925Z</time>
	<hdop>3.79</hdop>
	<extensions>
		<gpxtpx:TrackPointExtension>
			<gpxtpx:course>246.0</gpxtpx:course>
		</gpxtpx:TrackPointExtension>
	</extensions>
</trkpt>
<trkpt lat="43.8625196" lon="15.1981827">
	<ele>-3.40</ele>
	<time>2026-08-09T05:32:21.924Z</time>
	<hdop>3.79</hdop>
	<extensions>
		<gpxtpx:TrackPointExtension>
			<gpxtpx:course>245.0</gpxtpx:course>
		</gpxtpx:TrackPointExtension>
	</extensions>
</trkpt>
<trkpt lat="43.8623970" lon="15.1977517">
	<ele>8.24</ele>
	<time>2026-08-09T05:32:31.924Z</time>
	<hdop>3.79</hdop>
	<extensions>
		<gpxtpx:TrackPointExtension>
			<gpxtpx:course>249.0</gpxtpx:course>
		</gpxtpx:TrackPointExtension>
	</extensions>
</trkpt>
<trkpt lat="43.8622744" lon="15.1973193">
	<ele>16.19</ele>
	<time>2026-08-09T05:32:41.924Z</time>
	<hdop>3.79</hdop>
	<extensions>
		<gpxtpx:TrackPointExtension>
			<gpxtpx:course>247.0</gpxtpx:course>
		</gpxtpx:TrackPointExtension>
	</extensions>
</trkpt>
<trkpt lat="43.8621417" lon="15.1968932">
	<ele>8.83</ele>
	<time>2026-08-09T05:32:51.924Z</time>
	<hdop>3.79</hdop>
	<extensions>
		<gpxtpx:TrackPointExtension>
			<gpxtpx:course>245.0</gpxtpx:course>
		</gpxtpx:TrackPointExtension>
	</extensions>
</trkpt>
<trkpt lat="43.8619962" lon="15.1964789">
	<ele>11.72</ele>
	<time>2026-08-09T05:33:01.925Z</time>
	<hdop>3.79</hdop>
	<extensions>
		<gpxtpx:TrackPointExtension>
			<gpxtpx:course>244.0</gpxtpx:course>
		</gpxtpx:TrackPointExtension>
	</extensions>
</trkpt>
<trkpt lat="43.8618378" lon="15.1960243">
	<ele>20.83</ele>
	<time>2026-08-09T05:33:12.924Z</time>
	<hdop>3.79</hdop>
	<extensions>
		<gpxtpx:TrackPointExtension>
			<gpxtpx:course>244.0</gpxtpx:course>
		</gpxtpx:TrackPointExtension>
	</extensions>
</trkpt>
<trkpt lat="43.8616939" lon="15.1956079">
	<ele>10.75</ele>
	<time>2026-08-09T05:33:22.924Z</time>
	<hdop>3.79</hdop>
	<extensions>
		<gpxtpx:TrackPointExtension>
			<gpxtpx:course>242.0</gpxtpx:course>
		</gpxtpx:TrackPointExtension>
	</extensions>
</trkpt>
<trkpt lat="43.8615002" lon="15.1952194">
	<ele>13.13</ele>
	<time>2026-08-09T05:33:32.924Z</time>
	<hdop>3.79</hdop>
	<extensions>
		<gpxtpx:TrackPointExtension>
			<gpxtpx:course>228.0</gpxtpx:course>
		</gpxtpx:TrackPointExtension>
	</extensions>
</trkpt>
<trkpt lat="43.8613030" lon="15.1948473">
	<ele>20.29</ele>
	<time>2026-08-09T05:33:42.925Z</time>
	<hdop>3.79</hdop>
	<extensions>
		<gpxtpx:TrackPointExtension>
			<gpxtpx:course>239.0</gpxtpx:course>
		</gpxtpx:TrackPointExtension>
	</extensions>
</trkpt>
<trkpt lat="43.8611921" lon="15.1944195">
	<ele>15.23</ele>
	<time>2026-08-09T05:33:52.925Z</time>
	<hdop>3.79</hdop>
	<extensions>
		<gpxtpx:TrackPointExtension>
			<gpxtpx:course>252.0</gpxtpx:course>
		</gpxtpx:TrackPointExtension>
	</extensions>
</trkpt>
<trkpt lat="43.8611194" lon="15.1939238">
	<ele>10.82</ele>
	<time>2026-08-09T05:34:03.923Z</time>
	<hdop>3.79</hdop>
	<extensions>
		<gpxtpx:TrackPointExtension>
			<gpxtpx:course>261.0</gpxtpx:course>
		</gpxtpx:TrackPointExtension>
	</extensions>
</trkpt>
<trkpt lat="43.8610731" lon="15.1934647">
	<ele>13.48</ele>
	<time>2026-08-09T05:34:13.925Z</time>
	<hdop>3.79</hdop>
	<extensions>
		<gpxtpx:TrackPointExtension>
			<gpxtpx:course>265.0</gpxtpx:course>
		</gpxtpx:TrackPointExtension>
	</extensions>
</trkpt>
<trkpt lat="43.8610380" lon="15.1929593">
	<ele>20.46</ele>
	<time>2026-08-09T05:34:24.924Z</time>
	<hdop>3.79</hdop>
	<extensions>
		<gpxtpx:TrackPointExtension>
			<gpxtpx:course>265.0</gpxtpx:course>
		</gpxtpx:TrackPointExtension>
	</extensions>
</trkpt>
<trkpt lat="43.8610121" lon="15.1925017">
	<ele>26.33</ele>
	<time>2026-08-09T05:34:34.924Z</time>
	<hdop>3.79</hdop>
	<extensions>
		<gpxtpx:TrackPointExtension>
			<gpxtpx:course>264.0</gpxtpx:course>
		</gpxtpx:TrackPointExtension>
	</extensions>
</trkpt>
<trkpt lat="43.8609817" lon="15.1920448">
	<ele>20.20</ele>
	<time>2026-08-09T05:34:44.924Z</time>
	<hdop>3.79</hdop>
	<extensions>
		<gpxtpx:TrackPointExtension>
			<gpxtpx:course>264.0</gpxtpx:course>
		</gpxtpx:TrackPointExtension>
	</extensions>
</trkpt>
<trkpt lat="43.8609645" lon="15.1915927">
	<ele>30.18</ele>
	<time>2026-08-09T05:34:54.925Z</time>
	<hdop>3.79</hdop>
	<extensions>
		<gpxtpx:TrackPointExtension>
			<gpxtpx:course>264.0</gpxtpx:course>
		</gpxtpx:TrackPointExtension>
	</extensions>
</trkpt>
<trkpt lat="43.8609269" lon="15.1911025">
	<ele>36.51</ele>
	<time>2026-08-09T05:35:05.924Z</time>
	<hdop>3.79</hdop>
	<extensions>
		<gpxtpx:TrackPointExtension>
			<gpxtpx:course>263.0</gpxtpx:course>
		</gpxtpx:TrackPointExtension>
	</extensions>
</trkpt>
<trkpt lat="43.8608931" lon="15.1906527">
	<ele>28.28</ele>
	<time>2026-08-09T05:35:15.924Z</time>
	<hdop>3.79</hdop>
	<extensions>
		<gpxtpx:TrackPointExtension>
			<gpxtpx:course>263.0</gpxtpx:course>
		</gpxtpx:TrackPointExtension>
	</extensions>
</trkpt>
<trkpt lat="43.8608578" lon="15.1902009">
	<ele>33.68</ele>
	<time>2026-08-09T05:35:25.924Z</time>
	<hdop>3.79</hdop>
	<extensions>
		<gpxtpx:TrackPointExtension>
			<gpxtpx:course>263.0</gpxtpx:course>
		</gpxtpx:TrackPointExtension>
	</extensions>
</trkpt>
<trkpt lat="43.8608232" lon="15.1897394">
	<ele>37.90</ele>
	<time>2026-08-09T05:35:35.925Z</time>
	<hdop>3.79</hdop>
	<extensions>
		<gpxtpx:TrackPointExtension>
			<gpxtpx:course>265.0</gpxtpx:course>
		</gpxtpx:TrackPointExtension>
	</extensions>
</trkpt>
<trkpt lat="43.8607835" lon="15.1892314">
	<ele>27.01</ele>
	<time>2026-08-09T05:35:46.924Z</time>
	<hdop>3.79</hdop>
	<extensions>
		<gpxtpx:TrackPointExtension>
			<gpxtpx:course>265.0</gpxtpx:course>
		</gpxtpx:TrackPointExtension>
	</extensions>
</trkpt>
<trkpt lat="43.8607644" lon="15.1887685">
	<ele>20.87</ele>
	<time>2026-08-09T05:35:56.924Z</time>
	<hdop>3.79</hdop>
	<extensions>
		<gpxtpx:TrackPointExtension>
			<gpxtpx:course>268.0</gpxtpx:course>
		</gpxtpx:TrackPointExtension>
	</extensions>
</trkpt>
<trkpt lat="43.8607668" lon="15.1883084">
	<ele>-2.96</ele>
	<time>2026-08-09T05:36:06.924Z</time>
	<hdop>3.79</hdop>
	<extensions>
		<gpxtpx:TrackPointExtension>
			<gpxtpx:course>273.0</gpxtpx:course>
		</gpxtpx:TrackPointExtension>
	</extensions>
</trkpt>
<trkpt lat="43.8607952" lon="15.1877971">
	<ele>-32.08</ele>
	<time>2026-08-09T05:36:17.924Z</time>
	<hdop>3.79</hdop>
	<extensions>
		<gpxtpx:TrackPointExtension>
			<gpxtpx:course>273.0</gpxtpx:course>
		</gpxtpx:TrackPointExtension>
	</extensions>
</trkpt>
<trkpt lat="43.8608244" lon="15.1873374">
	<ele>-27.09</ele>
	<time>2026-08-09T05:36:27.925Z</time>
	<hdop>3.79</hdop>
	<extensions>
		<gpxtpx:TrackPointExtension>
			<gpxtpx:course>275.0</gpxtpx:course>
		</gpxtpx:TrackPointExtension>
	</extensions>
</trkpt>
<trkpt lat="43.8608699" lon="15.1868358">
	<ele>-9.37</ele>
	<time>2026-08-09T05:36:38.923Z</time>
	<hdop>3.79</hdop>
	<extensions>
		<gpxtpx:TrackPointExtension>
			<gpxtpx:course>277.0</gpxtpx:course>
		</gpxtpx:TrackPointExtension>
	</extensions>
</trkpt>
<trkpt lat="43.8609120" lon="15.1863682">
	<ele>8.28</ele>
	<time>2026-08-09T05:36:48.923Z</time>
	<hdop>3.79</hdop>
	<extensions>
		<gpxtpx:TrackPointExtension>
			<gpxtpx:course>278.0</gpxtpx:course>
		</gpxtpx:TrackPointExtension>
	</extensions>
</trkpt>
<trkpt lat="43.8609549" lon="15.1859133">
	<ele>12.96</ele>
	<time>2026-08-09T05:36:58.925Z</time>
	<hdop>3.79</hdop>
	<extensions>
		<gpxtpx:TrackPointExtension>
			<gpxtpx:course>276.0</gpxtpx:course>
		</gpxtpx:TrackPointExtension>
	</extensions>
</trkpt>
<trkpt lat="43.8610081" lon="15.1854183">
	<ele>9.24</ele>
	<time>2026-08-09T05:37:09.924Z</time>
	<hdop>3.79</hdop>
	<extensions>
		<gpxtpx:TrackPointExtension>
			<gpxtpx:course>281.0</gpxtpx:course>
		</gpxtpx:TrackPointExtension>
	</extensions>
</trkpt>
<trkpt lat="43.8611028" lon="15.1849717">
	<ele>11.49</ele>
	<time>2026-08-09T05:37:19.924Z</time>
	<hdop>3.79</hdop>
	<extensions>
		<gpxtpx:TrackPointExtension>
			<gpxtpx:course>290.0</gpxtpx:course>
		</gpxtpx:TrackPointExtension>
	</extensions>
</trkpt>
<trkpt lat="43.8612563" lon="15.1844969">
	<ele>2.25</ele>
	<time>2026-08-09T05:37:30.924Z</time>
	<hdop>3.79</hdop>
	<extensions>
		<gpxtpx:TrackPointExtension>
			<gpxtpx:course>295.0</gpxtpx:course>
		</gpxtpx:TrackPointExtension>
	</extensions>
</trkpt>
<trkpt lat="43.8614152" lon="15.1840427">
	<ele>-14.15</ele>
	<time>2026-08-09T05:37:41.924Z</time>
	<hdop>3.79</hdop>
	<extensions>
		<gpxtpx:TrackPointExtension>
			<gpxtpx:course>299.0</gpxtpx:course>
		</gpxtpx:TrackPointExtension>
	</extensions>
</trkpt>
<trkpt lat="43.8616084" lon="15.1836129">
	<ele>-20.71</ele>
	<time>2026-08-09T05:37:52.923Z</time>
	<hdop>3.79</hdop>
	<extensions>
		<gpxtpx:TrackPointExtension>
			<gpxtpx:course>304.0</gpxtpx:course>
		</gpxtpx:TrackPointExtension>
	</extensions>
</trkpt>
<trkpt lat="43.8618081" lon="15.1832351">
	<ele>-16.38</ele>
	<time>2026-08-09T05:38:02.923Z</time>
	<hdop>3.79</hdop>
	<extensions>
		<gpxtpx:TrackPointExtension>
			<gpxtpx:course>307.0</gpxtpx:course>
		</gpxtpx:TrackPointExtension>
	</extensions>
</trkpt>
<trkpt lat="43.8620004" lon="15.1828719">
	<ele>-26.95</ele>
	<time>2026-08-09T05:38:12.924Z</time>
	<hdop>3.79</hdop>
	<extensions>
		<gpxtpx:TrackPointExtension>
			<gpxtpx:course>307.0</gpxtpx:course>
		</gpxtpx:TrackPointExtension>
	</extensions>
</trkpt>
<trkpt lat="43.8622168" lon="15.1824671">
	<ele>-22.66</ele>
	<time>2026-08-09T05:38:23.924Z</time>
	<hdop>3.79</hdop>
	<extensions>
		<gpxtpx:TrackPointExtension>
			<gpxtpx:course>305.0</gpxtpx:course>
		</gpxtpx:TrackPointExtension>
	</extensions>
</trkpt>
<trkpt lat="43.8624375" lon="15.1820651">
	<ele>-10.29</ele>
	<time>2026-08-09T05:38:34.924Z</time>
	<hdop>3.79</hdop>
	<extensions>
		<gpxtpx:TrackPointExtension>
			<gpxtpx:course>308.0</gpxtpx:course>
		</gpxtpx:TrackPointExtension>
	</extensions>
</trkpt>
<trkpt lat="43.8626534" lon="15.1816540">
	<ele>-1.95</ele>
	<time>2026-08-09T05:38:45.923Z</time>
	<hdop>3.79</hdop>
	<extensions>
		<gpxtpx:TrackPointExtension>
			<gpxtpx:course>307.0</gpxtpx:course>
		</gpxtpx:TrackPointExtension>
	</extensions>
</trkpt>
<trkpt lat="43.8628515" lon="15.1812904">
	<ele>11.55</ele>
	<time>2026-08-09T05:38:55.924Z</time>
	<hdop>3.79</hdop>
	<extensions>
		<gpxtpx:TrackPointExtension>
			<gpxtpx:course>306.0</gpxtpx:course>
		</gpxtpx:TrackPointExtension>
	</extensions>
</trkpt>
<trkpt lat="43.8630745" lon="15.1808950">
	<ele>9.31</ele>
	<time>2026-08-09T05:39:06.923Z</time>
	<hdop>3.79</hdop>
	<extensions>
		<gpxtpx:TrackPointExtension>
			<gpxtpx:course>306.0</gpxtpx:course>
		</gpxtpx:TrackPointExtension>
	</extensions>
</trkpt>
<trkpt lat="43.8632783" lon="15.1805417">
	<ele>9.85</ele>
	<time>2026-08-09T05:39:16.923Z</time>
	<hdop>3.79</hdop>
	<extensions>
		<gpxtpx:TrackPointExtension>
			<gpxtpx:course>310.0</gpxtpx:course>
		</gpxtpx:TrackPointExtension>
	</extensions>
</trkpt>
<trkpt lat="43.8634846" lon="15.1801893">
	<ele>10.35</ele>
	<time>2026-08-09T05:39:26.923Z</time>
	<hdop>3.79</hdop>
	<extensions>
		<gpxtpx:TrackPointExtension>
			<gpxtpx:course>308.0</gpxtpx:course>
		</gpxtpx:TrackPointExtension>
	</extensions>
</trkpt>
<trkpt lat="43.8636949" lon="15.1798285">
	<ele>9.85</ele>
	<time>2026-08-09T05:39:36.923Z</time>
	<hdop>3.79</hdop>
	<extensions>
		<gpxtpx:TrackPointExtension>
			<gpxtpx:course>311.0</gpxtpx:course>
		</gpxtpx:TrackPointExtension>
	</extensions>
</trkpt>
<trkpt lat="43.8639097" lon="15.1794690">
	<ele>8.81</ele>
	<time>2026-08-09T05:39:46.923Z</time>
	<hdop>3.79</hdop>
	<extensions>
		<gpxtpx:TrackPointExtension>
			<gpxtpx:course>310.0</gpxtpx:course>
		</gpxtpx:TrackPointExtension>
	</extensions>
</trkpt>
<trkpt lat="43.8641211" lon="15.1791203">
	<ele>-0.06</ele>
	<time>2026-08-09T05:39:56.923Z</time>
	<hdop>7.22</hdop>
	<extensions>
		<gpxtpx:TrackPointExtension>
			<gpxtpx:course>311.0</gpxtpx:course>
		</gpxtpx:TrackPointExtension>
	</extensions>
</trkpt>
<trkpt lat="43.8643307" lon="15.1787714">
	<ele>-20.33</ele>
	<time>2026-08-09T05:40:06.923Z</time>
	<hdop>3.79</hdop>
	<extensions>
		<gpxtpx:TrackPointExtension>
			<gpxtpx:course>308.0</gpxtpx:course>
		</gpxtpx:TrackPointExtension>
	</extensions>
</trkpt>
<trkpt lat="43.8645505" lon="15.1784332">
	<ele>-22.89</ele>
	<time>2026-08-09T05:40:16.923Z</time>
	<hdop>7.98</hdop>
	<extensions>
		<gpxtpx:TrackPointExtension>
			<gpxtpx:course>310.0</gpxtpx:course>
		</gpxtpx:TrackPointExtension>
	</extensions>
</trkpt>
<trkpt lat="43.8647536" lon="15.1780892">
	<ele>-14.32</ele>
	<time>2026-08-09T05:40:26.923Z</time>
	<hdop>3.79</hdop>
	<extensions>
		<gpxtpx:TrackPointExtension>
			<gpxtpx:course>311.0</gpxtpx:course>
		</gpxtpx:TrackPointExtension>
	</extensions>
</trkpt>
<trkpt lat="43.8649626" lon="15.1777306">
	<ele>-3.34</ele>
	<time>2026-08-09T05:40:36.923Z</time>
	<hdop>3.79</hdop>
	<extensions>
		<gpxtpx:TrackPointExtension>
			<gpxtpx:course>306.0</gpxtpx:course>
		</gpxtpx:TrackPointExtension>
	</extensions>
</trkpt>
<trkpt lat="43.8651826" lon="15.1773289">
	<ele>-0.02</ele>
	<time>2026-08-09T05:40:47.923Z</time>
	<hdop>3.79</hdop>
	<extensions>
		<gpxtpx:TrackPointExtension>
			<gpxtpx:course>307.0</gpxtpx:course>
		</gpxtpx:TrackPointExtension>
	</extensions>
</trkpt>
<trkpt lat="43.8653801" lon="15.1769823">
	<ele>2.82</ele>
	<time>2026-08-09T05:40:57.923Z</time>
	<hdop>7.70</hdop>
	<extensions>
		<gpxtpx:TrackPointExtension>
			<gpxtpx:course>308.0</gpxtpx:course>
		</gpxtpx:TrackPointExtension>
	</extensions>
</trkpt>
<trkpt lat="43.8655826" lon="15.1766402">
	<ele>0.01</ele>
	<time>2026-08-09T05:41:07.923Z</time>
	<hdop>3.79</hdop>
	<extensions>
		<gpxtpx:TrackPointExtension>
			<gpxtpx:course>308.0</gpxtpx:course>
		</gpxtpx:TrackPointExtension>
	</extensions>
</trkpt>
<trkpt lat="43.8657860" lon="15.1762971">
	<ele>2.73</ele>
	<time>2026-08-09T05:41:17.924Z</time>
	<hdop>3.79</hdop>
	<extensions>
		<gpxtpx:TrackPointExtension>
			<gpxtpx:course>309.0</gpxtpx:course>
		</gpxtpx:TrackPointExtension>
	</extensions>
</trkpt>
<trkpt lat="43.8660106" lon="15.1759157">
	<ele>3.34</ele>
	<time>2026-08-09T05:41:28.923Z</time>
	<hdop>3.79</hdop>
	<extensions>
		<gpxtpx:TrackPointExtension>
			<gpxtpx:course>308.0</gpxtpx:course>
		</gpxtpx:TrackPointExtension>
	</extensions>
</trkpt>
<trkpt lat="43.8662125" lon="15.1755663">
	<ele>2.10</ele>
	<time>2026-08-09T05:41:38.924Z</time>
	<hdop>3.79</hdop>
	<extensions>
		<gpxtpx:TrackPointExtension>
			<gpxtpx:course>309.0</gpxtpx:course>
		</gpxtpx:TrackPointExtension>
	</extensions>
</trkpt>
<trkpt lat="43.8664319" lon="15.1751846">
	<ele>1.14</ele>
	<time>2026-08-09T05:41:49.923Z</time>
	<hdop>3.79</hdop>
	<extensions>
		<gpxtpx:TrackPointExtension>
			<gpxtpx:course>308.0</gpxtpx:course>
		</gpxtpx:TrackPointExtension>
	</extensions>
</trkpt>
<trkpt lat="43.8666329" lon="15.1748395">
	<ele>2.27</ele>
	<time>2026-08-09T05:41:59.923Z</time>
	<hdop>3.79</hdop>
	<extensions>
		<gpxtpx:TrackPointExtension>
			<gpxtpx:course>309.0</gpxtpx:course>
		</gpxtpx:TrackPointExtension>
	</extensions>
</trkpt>
<trkpt lat="43.8668306" lon="15.1744894">
	<ele>1.27</ele>
	<time>2026-08-09T05:42:09.923Z</time>
	<hdop>3.79</hdop>
	<extensions>
		<gpxtpx:TrackPointExtension>
			<gpxtpx:course>308.0</gpxtpx:course>
		</gpxtpx:TrackPointExtension>
	</extensions>
</trkpt>
<trkpt lat="43.8670426" lon="15.1741396">
	<ele>6.18</ele>
	<time>2026-08-09T05:42:19.923Z</time>
	<hdop>3.79</hdop>
	<extensions>
		<gpxtpx:TrackPointExtension>
			<gpxtpx:course>308.0</gpxtpx:course>
		</gpxtpx:TrackPointExtension>
	</extensions>
</trkpt>
<trkpt lat="43.8672564" lon="15.1737871">
	<ele>6.29</ele>
	<time>2026-08-09T05:42:29.924Z</time>
	<hdop>3.79</hdop>
	<extensions>
		<gpxtpx:TrackPointExtension>
			<gpxtpx:course>311.0</gpxtpx:course>
		</gpxtpx:TrackPointExtension>
	</extensions>
</trkpt>
<trkpt lat="43.8674914" lon="15.1734078">
	<ele>-11.85</ele>
	<time>2026-08-09T05:42:40.923Z</time>
	<hdop>3.79</hdop>
	<extensions>
		<gpxtpx:TrackPointExtension>
			<gpxtpx:course>310.0</gpxtpx:course>
		</gpxtpx:TrackPointExtension>
	</extensions>
</trkpt>
<trkpt lat="43.8677073" lon="15.1730665">
	<ele>-23.19</ele>
	<time>2026-08-09T05:42:50.924Z</time>
	<hdop>3.79</hdop>
	<extensions>
		<gpxtpx:TrackPointExtension>
			<gpxtpx:course>310.0</gpxtpx:course>
		</gpxtpx:TrackPointExtension>
	</extensions>
</trkpt>
<trkpt lat="43.8679410" lon="15.1726844">
	<ele>-22.68</ele>
	<time>2026-08-09T05:43:01.922Z</time>
	<hdop>3.79</hdop>
	<extensions>
		<gpxtpx:TrackPointExtension>
			<gpxtpx:course>310.0</gpxtpx:course>
		</gpxtpx:TrackPointExtension>
	</extensions>
</trkpt>
<trkpt lat="43.8681534" lon="15.1723370">
	<ele>-11.90</ele>
	<time>2026-08-09T05:43:11.923Z</time>
	<hdop>3.79</hdop>
	<extensions>
		<gpxtpx:TrackPointExtension>
			<gpxtpx:course>310.0</gpxtpx:course>
		</gpxtpx:TrackPointExtension>
	</extensions>
</trkpt>
<trkpt lat="43.8683968" lon="15.1719634">
	<ele>-5.74</ele>
	<time>2026-08-09T05:43:22.924Z</time>
	<hdop>3.79</hdop>
	<extensions>
		<gpxtpx:TrackPointExtension>
			<gpxtpx:course>311.0</gpxtpx:course>
		</gpxtpx:TrackPointExtension>
	</extensions>
</trkpt>
<trkpt lat="43.8686387" lon="15.1715791">
	<ele>-4.29</ele>
	<time>2026-08-09T05:43:33.923Z</time>
	<hdop>3.79</hdop>
	<extensions>
		<gpxtpx:TrackPointExtension>
			<gpxtpx:course>311.0</gpxtpx:course>
		</gpxtpx:TrackPointExtension>
	</extensions>
</trkpt>
<trkpt lat="43.8688628" lon="15.1712326">
	<ele>-5.47</ele>
	<time>2026-08-09T05:43:43.923Z</time>
	<hdop>3.79</hdop>
	<extensions>
		<gpxtpx:TrackPointExtension>
			<gpxtpx:course>311.0</gpxtpx:course>
		</gpxtpx:TrackPointExtension>
	</extensions>
</trkpt>
<trkpt lat="43.8690827" lon="15.1708930">
	<ele>-6.77</ele>
	<time>2026-08-09T05:43:53.923Z</time>
	<hdop>3.79</hdop>
	<extensions>
		<gpxtpx:TrackPointExtension>
			<gpxtpx:course>313.0</gpxtpx:course>
		</gpxtpx:TrackPointExtension>
	</extensions>
</trkpt>
<trkpt lat="43.8693300" lon="15.1705002">
	<ele>-9.96</ele>
	<time>2026-08-09T05:44:04.923Z</time>
	<hdop>3.79</hdop>
	<extensions>
		<gpxtpx:TrackPointExtension>
			<gpxtpx:course>310.0</gpxtpx:course>
		</gpxtpx:TrackPointExtension>
	</extensions>
</trkpt>
<trkpt lat="43.8695441" lon="15.1701612">
	<ele>-7.03</ele>
	<time>2026-08-09T05:44:14.923Z</time>
	<hdop>3.79</hdop>
	<extensions>
		<gpxtpx:TrackPointExtension>
			<gpxtpx:course>311.0</gpxtpx:course>
		</gpxtpx:TrackPointExtension>
	</extensions>
</trkpt>
<trkpt lat="43.8697853" lon="15.1697958">
	<ele>-12.24</ele>
	<time>2026-08-09T05:44:25.922Z</time>
	<hdop>3.79</hdop>
	<extensions>
		<gpxtpx:TrackPointExtension>
			<gpxtpx:course>312.0</gpxtpx:course>
		</gpxtpx:TrackPointExtension>
	</extensions>
</trkpt>
<trkpt lat="43.8699823" lon="15.1694874">
	<ele>-12.39</ele>
	<time>2026-08-09T05:44:35.922Z</time>
	<hdop>3.79</hdop>
	<extensions>
		<gpxtpx:TrackPointExtension>
			<gpxtpx:course>310.0</gpxtpx:course>
		</gpxtpx:TrackPointExtension>
	</extensions>
</trkpt>
<trkpt lat="43.8701779" lon="15.1691964">
	<ele>-9.65</ele>
	<time>2026-08-09T05:44:45.923Z</time>
	<hdop>3.79</hdop>
	<extensions>
		<gpxtpx:TrackPointExtension>
			<gpxtpx:course>311.0</gpxtpx:course>
		</gpxtpx:TrackPointExtension>
	</extensions>
</trkpt>
<trkpt lat="43.8703618" lon="15.1689007">
	<ele>-9.21</ele>
	<time>2026-08-09T05:44:55.923Z</time>
	<hdop>3.79</hdop>
	<extensions>
		<gpxtpx:TrackPointExtension>
			<gpxtpx:course>309.0</gpxtpx:course>
		</gpxtpx:TrackPointExtension>
	</extensions>
</trkpt>
<trkpt lat="43.8705430" lon="15.1686087">
	<ele>-9.44</ele>
	<time>2026-08-09T05:45:05.924Z</time>
	<hdop>3.79</hdop>
	<extensions>
		<gpxtpx:TrackPointExtension>
			<gpxtpx:course>308.0</gpxtpx:course>
		</gpxtpx:TrackPointExtension>
	</extensions>
</trkpt>
<trkpt lat="43.8707390" lon="15.1682920">
	<ele>-2.76</ele>
	<time>2026-08-09T05:45:16.922Z</time>
	<hdop>3.79</hdop>
	<extensions>
		<gpxtpx:TrackPointExtension>
			<gpxtpx:course>311.0</gpxtpx:course>
		</gpxtpx:TrackPointExtension>
	</extensions>
</trkpt>
<trkpt lat="43.8709234" lon="15.1680019">
	<ele>-7.23</ele>
	<time>2026-08-09T05:45:26.922Z</time>
	<hdop>3.79</hdop>
	<extensions>
		<gpxtpx:TrackPointExtension>
			<gpxtpx:course>313.0</gpxtpx:course>
		</gpxtpx:TrackPointExtension>
	</extensions>
</trkpt>
<trkpt lat="43.8711074" lon="15.1677087">
	<ele>-3.63</ele>
	<time>2026-08-09T05:45:36.922Z</time>
	<hdop>3.79</hdop>
	<extensions>
		<gpxtpx:TrackPointExtension>
			<gpxtpx:course>311.0</gpxtpx:course>
		</gpxtpx:TrackPointExtension>
	</extensions>
</trkpt>
<trkpt lat="43.8713100" lon="15.1674171">
	<ele>-5.08</ele>
	<time>2026-08-09T05:45:46.927Z</time>
	<hdop>4.38</hdop>
	<extensions>
		<gpxtpx:TrackPointExtension>
			<gpxtpx:course>311.94003</gpxtpx:course>
		</gpxtpx:TrackPointExtension>
	</extensions>
</trkpt>
<trkpt lat="43.8715092" lon="15.1671017">
	<ele>-11.07</ele>
	<time>2026-08-09T05:45:57.922Z</time>
	<hdop>4.30</hdop>
	<extensions>
		<gpxtpx:TrackPointExtension>
			<gpxtpx:course>311.2862</gpxtpx:course>
		</gpxtpx:TrackPointExtension>
	</extensions>
</trkpt>
<trkpt lat="43.8716648" lon="15.1668649">
	<ele>-7.50</ele>
	<time>2026-08-09T05:46:07.922Z</time>
	<hdop>4.37</hdop>
	<extensions>
		<gpxtpx:TrackPointExtension>
			<gpxtpx:course>311.0</gpxtpx:course>
		</gpxtpx:TrackPointExtension>
	</extensions>
</trkpt>
<trkpt lat="43.8718280" lon="15.1666092">
	<ele>-12.09</ele>
	<time>2026-08-09T05:46:17.923Z</time>
	<hdop>3.79</hdop>
	<extensions>
		<gpxtpx:TrackPointExtension>
			<gpxtpx:course>311.0</gpxtpx:course>
		</gpxtpx:TrackPointExtension>
	</extensions>
</trkpt>
<trkpt lat="43.8719811" lon="15.1663603">
	<ele>-16.94</ele>
	<time>2026-08-09T05:46:27.923Z</time>
	<hdop>3.79</hdop>
	<extensions>
		<gpxtpx:TrackPointExtension>
			<gpxtpx:course>313.0</gpxtpx:course>
		</gpxtpx:TrackPointExtension>
	</extensions>
</trkpt>
<trkpt lat="43.8721329" lon="15.1661171">
	<ele>-18.58</ele>
	<time>2026-08-09T05:46:37.923Z</time>
	<hdop>3.79</hdop>
	<extensions>
		<gpxtpx:TrackPointExtension>
			<gpxtpx:course>310.0</gpxtpx:course>
		</gpxtpx:TrackPointExtension>
	</extensions>
</trkpt>
<trkpt lat="43.8723020" lon="15.1658430">
	<ele>-22.70</ele>
	<time>2026-08-09T05:46:48.922Z</time>
	<hdop>3.79</hdop>
	<extensions>
		<gpxtpx:TrackPointExtension>
			<gpxtpx:course>312.0</gpxtpx:course>
		</gpxtpx:TrackPointExtension>
	</extensions>
</trkpt>
<trkpt lat="43.8724557" lon="15.1656075">
	<ele>-21.22</ele>
	<time>2026-08-09T05:46:58.922Z</time>
	<hdop>3.79</hdop>
	<extensions>
		<gpxtpx:TrackPointExtension>
			<gpxtpx:course>312.0</gpxtpx:course>
		</gpxtpx:TrackPointExtension>
	</extensions>
</trkpt>
<trkpt lat="43.8726104" lon="15.1653643">
	<ele>-20.55</ele>
	<time>2026-08-09T05:47:08.922Z</time>
	<hdop>3.79</hdop>
	<extensions>
		<gpxtpx:TrackPointExtension>
			<gpxtpx:course>312.0</gpxtpx:course>
		</gpxtpx:TrackPointExtension>
	</extensions>
</trkpt>
<trkpt lat="43.8727657" lon="15.1651230">
	<ele>-22.11</ele>
	<time>2026-08-09T05:47:18.922Z</time>
	<hdop>3.79</hdop>
	<extensions>
		<gpxtpx:TrackPointExtension>
			<gpxtpx:course>311.0</gpxtpx:course>
		</gpxtpx:TrackPointExtension>
	</extensions>
</trkpt>
<trkpt lat="43.8729118" lon="15.1648840">
	<ele>-21.24</ele>
	<time>2026-08-09T05:47:28.923Z</time>
	<hdop>3.79</hdop>
	<extensions>
		<gpxtpx:TrackPointExtension>
			<gpxtpx:course>310.0</gpxtpx:course>
		</gpxtpx:TrackPointExtension>
	</extensions>
</trkpt>
<trkpt lat="43.8730876" lon="15.1646171">
	<ele>-20.64</ele>
	<time>2026-08-09T05:47:39.922Z</time>
	<hdop>3.79</hdop>
	<extensions>
		<gpxtpx:TrackPointExtension>
			<gpxtpx:course>311.0</gpxtpx:course>
		</gpxtpx:TrackPointExtension>
	</extensions>
</trkpt>
<trkpt lat="43.8732437" lon="15.1643751">
	<ele>-22.44</ele>
	<time>2026-08-09T05:47:49.922Z</time>
	<hdop>3.79</hdop>
	<extensions>
		<gpxtpx:TrackPointExtension>
			<gpxtpx:course>311.0</gpxtpx:course>
		</gpxtpx:TrackPointExtension>
	</extensions>
</trkpt>
<trkpt lat="43.8733981" lon="15.1641351">
	<ele>-22.50</ele>
	<time>2026-08-09T05:47:59.922Z</time>
	<hdop>3.79</hdop>
	<extensions>
		<gpxtpx:TrackPointExtension>
			<gpxtpx:course>310.0</gpxtpx:course>
		</gpxtpx:TrackPointExtension>
	</extensions>
</trkpt>
<trkpt lat="43.8735532" lon="15.1638994">
	<ele>-21.57</ele>
	<time>2026-08-09T05:48:09.922Z</time>
	<hdop>3.79</hdop>
	<extensions>
		<gpxtpx:TrackPointExtension>
			<gpxtpx:course>313.0</gpxtpx:course>
		</gpxtpx:TrackPointExtension>
	</extensions>
</trkpt>
<trkpt lat="43.8737119" lon="15.1636608">
	<ele>-22.28</ele>
	<time>2026-08-09T05:48:19.922Z</time>
	<hdop>3.79</hdop>
	<extensions>
		<gpxtpx:TrackPointExtension>
			<gpxtpx:course>309.0</gpxtpx:course>
		</gpxtpx:TrackPointExtension>
	</extensions>
</trkpt>
<trkpt lat="43.8738652" lon="15.1634123">
	<ele>-20.60</ele>
	<time>2026-08-09T05:48:29.923Z</time>
	<hdop>3.79</hdop>
	<extensions>
		<gpxtpx:TrackPointExtension>
			<gpxtpx:course>309.0</gpxtpx:course>
		</gpxtpx:TrackPointExtension>
	</extensions>
</trkpt>
<trkpt lat="43.8740551" lon="15.1631083">
	<ele>-20.16</ele>
	<time>2026-08-09T05:48:40.921Z</time>
	<hdop>3.79</hdop>
	<extensions>
		<gpxtpx:TrackPointExtension>
			<gpxtpx:course>310.0</gpxtpx:course>
		</gpxtpx:TrackPointExtension>
	</extensions>
</trkpt>
<trkpt lat="43.8742263" lon="15.1628315">
	<ele>-20.24</ele>
	<time>2026-08-09T05:48:50.922Z</time>
	<hdop>3.79</hdop>
	<extensions>
		<gpxtpx:TrackPointExtension>
			<gpxtpx:course>311.0</gpxtpx:course>
		</gpxtpx:TrackPointExtension>
	</extensions>
</trkpt>
<trkpt lat="43.8744071" lon="15.1625378">
	<ele>-20.83</ele>
	<time>2026-08-09T05:49:00.922Z</time>
	<hdop>3.79</hdop>
	<extensions>
		<gpxtpx:TrackPointExtension>
			<gpxtpx:course>311.0</gpxtpx:course>
		</gpxtpx:TrackPointExtension>
	</extensions>
</trkpt>
<trkpt lat="43.8746112" lon="15.1622355">
	<ele>-20.48</ele>
	<time>2026-08-09T05:49:10.922Z</time>
	<hdop>3.79</hdop>
	<extensions>
		<gpxtpx:TrackPointExtension>
			<gpxtpx:course>311.0</gpxtpx:course>
		</gpxtpx:TrackPointExtension>
	</extensions>
</trkpt>
<trkpt lat="43.8748094" lon="15.1619182">
	<ele>-20.11</ele>
	<time>2026-08-09T05:49:20.922Z</time>
	<hdop>3.79</hdop>
	<extensions>
		<gpxtpx:TrackPointExtension>
			<gpxtpx:course>310.0</gpxtpx:course>
		</gpxtpx:TrackPointExtension>
	</extensions>
</trkpt>
<trkpt lat="43.8750222" lon="15.1615983">
	<ele>-20.83</ele>
	<time>2026-08-09T05:49:30.922Z</time>
	<hdop>3.79</hdop>
	<extensions>
		<gpxtpx:TrackPointExtension>
			<gpxtpx:course>311.0</gpxtpx:course>
		</gpxtpx:TrackPointExtension>
	</extensions>
</trkpt>
<trkpt lat="43.8752321" lon="15.1612693">
	<ele>-19.42</ele>
	<time>2026-08-09T05:49:40.922Z</time>
	<hdop>3.79</hdop>
	<extensions>
		<gpxtpx:TrackPointExtension>
			<gpxtpx:course>311.0</gpxtpx:course>
		</gpxtpx:TrackPointExtension>
	</extensions>
</trkpt>
<trkpt lat="43.8754387" lon="15.1609423">
	<ele>-17.80</ele>
	<time>2026-08-09T05:49:50.922Z</time>
	<hdop>3.79</hdop>
	<extensions>
		<gpxtpx:TrackPointExtension>
			<gpxtpx:course>311.0</gpxtpx:course>
		</gpxtpx:TrackPointExtension>
	</extensions>
</trkpt>
<trkpt lat="43.8756375" lon="15.1606184">
	<ele>-17.12</ele>
	<time>2026-08-09T05:50:00.922Z</time>
	<hdop>3.79</hdop>
	<extensions>
		<gpxtpx:TrackPointExtension>
			<gpxtpx:course>311.0</gpxtpx:course>
		</gpxtpx:TrackPointExtension>
	</extensions>
</trkpt>
<trkpt lat="43.8758322" lon="15.1602979">
	<ele>-15.46</ele>
	<time>2026-08-09T05:50:10.922Z</time>
	<hdop>3.79</hdop>
	<extensions>
		<gpxtpx:TrackPointExtension>
			<gpxtpx:course>310.0</gpxtpx:course>
		</gpxtpx:TrackPointExtension>
	</extensions>
</trkpt>
<trkpt lat="43.8760406" lon="15.1599757">
	<ele>-13.95</ele>
	<time>2026-08-09T05:50:20.922Z</time>
	<hdop>3.79</hdop>
	<extensions>
		<gpxtpx:TrackPointExtension>
			<gpxtpx:course>312.0</gpxtpx:course>
		</gpxtpx:TrackPointExtension>
	</extensions>
</trkpt>
<trkpt lat="43.8762554" lon="15.1596419">
	<ele>-13.79</ele>
	<time>2026-08-09T05:50:30.922Z</time>
	<hdop>3.79</hdop>
	<extensions>
		<gpxtpx:TrackPointExtension>
			<gpxtpx:course>310.0</gpxtpx:course>
		</gpxtpx:TrackPointExtension>
	</extensions>
</trkpt>
<trkpt lat="43.8764498" lon="15.1593127">
	<ele>-13.93</ele>
	<time>2026-08-09T05:50:40.922Z</time>
	<hdop>3.79</hdop>
	<extensions>
		<gpxtpx:TrackPointExtension>
			<gpxtpx:course>310.0</gpxtpx:course>
		</gpxtpx:TrackPointExtension>
	</extensions>
</trkpt>
<trkpt lat="43.8766606" lon="15.1589704">
	<ele>-13.05</ele>
	<time>2026-08-09T05:50:50.922Z</time>
	<hdop>3.79</hdop>
	<extensions>
		<gpxtpx:TrackPointExtension>
			<gpxtpx:course>309.0</gpxtpx:course>
		</gpxtpx:TrackPointExtension>
	</extensions>
</trkpt>
<trkpt lat="43.8768826" lon="15.1585970">
	<ele>-9.08</ele>
	<time>2026-08-09T05:51:01.921Z</time>
	<hdop>3.79</hdop>
	<extensions>
		<gpxtpx:TrackPointExtension>
			<gpxtpx:course>309.0</gpxtpx:course>
		</gpxtpx:TrackPointExtension>
	</extensions>
</trkpt>
<trkpt lat="43.8770880" lon="15.1582633">
	<ele>-7.60</ele>
	<time>2026-08-09T05:51:11.921Z</time>
	<hdop>3.79</hdop>
	<extensions>
		<gpxtpx:TrackPointExtension>
			<gpxtpx:course>308.0</gpxtpx:course>
		</gpxtpx:TrackPointExtension>
	</extensions>
</trkpt>
<trkpt lat="43.8772615" lon="15.1579421">
	<ele>-9.92</ele>
	<time>2026-08-09T05:51:21.922Z</time>
	<hdop>3.79</hdop>
	<extensions>
		<gpxtpx:TrackPointExtension>
			<gpxtpx:course>308.0</gpxtpx:course>
		</gpxtpx:TrackPointExtension>
	</extensions>
</trkpt>
<trkpt lat="43.8774377" lon="15.1576000">
	<ele>-12.86</ele>
	<time>2026-08-09T05:51:31.923Z</time>
	<hdop>3.79</hdop>
	<extensions>
		<gpxtpx:TrackPointExtension>
			<gpxtpx:course>303.0</gpxtpx:course>
		</gpxtpx:TrackPointExtension>
	</extensions>
</trkpt>
<trkpt lat="43.8776284" lon="15.1572143">
	<ele>-12.68</ele>
	<time>2026-08-09T05:51:42.923Z</time>
	<hdop>3.79</hdop>
	<extensions>
		<gpxtpx:TrackPointExtension>
			<gpxtpx:course>301.0</gpxtpx:course>
		</gpxtpx:TrackPointExtension>
	</extensions>
</trkpt>
<trkpt lat="43.8778160" lon="15.1568331">
	<ele>-11.54</ele>
	<time>2026-08-09T05:51:53.922Z</time>
	<hdop>3.79</hdop>
	<extensions>
		<gpxtpx:TrackPointExtension>
			<gpxtpx:course>302.0</gpxtpx:course>
		</gpxtpx:TrackPointExtension>
	</extensions>
</trkpt>
<trkpt lat="43.8779714" lon="15.1564852">
	<ele>-12.03</ele>
	<time>2026-08-09T05:52:03.922Z</time>
	<hdop>3.79</hdop>
	<extensions>
		<gpxtpx:TrackPointExtension>
			<gpxtpx:course>302.0</gpxtpx:course>
		</gpxtpx:TrackPointExtension>
	</extensions>
</trkpt>
<trkpt lat="43.8781538" lon="15.1561031">
	<ele>-12.99</ele>
	<time>2026-08-09T05:52:14.921Z</time>
	<hdop>3.79</hdop>
	<extensions>
		<gpxtpx:TrackPointExtension>
			<gpxtpx:course>302.0</gpxtpx:course>
		</gpxtpx:TrackPointExtension>
	</extensions>
</trkpt>
<trkpt lat="43.8783330" lon="15.1557666">
	<ele>-13.70</ele>
	<time>2026-08-09T05:52:24.922Z</time>
	<hdop>3.79</hdop>
	<extensions>
		<gpxtpx:TrackPointExtension>
			<gpxtpx:course>305.0</gpxtpx:course>
		</gpxtpx:TrackPointExtension>
	</extensions>
</trkpt>
<trkpt lat="43.8785310" lon="15.1553764">
	<ele>-14.91</ele>
	<time>2026-08-09T05:52:35.922Z</time>
	<hdop>3.79</hdop>
	<extensions>
		<gpxtpx:TrackPointExtension>
			<gpxtpx:course>303.0</gpxtpx:course>
		</gpxtpx:TrackPointExtension>
	</extensions>
</trkpt>
<trkpt lat="43.8787059" lon="15.1550298">
	<ele>-12.26</ele>
	<time>2026-08-09T05:52:45.922Z</time>
	<hdop>3.79</hdop>
	<extensions>
		<gpxtpx:TrackPointExtension>
			<gpxtpx:course>305.0</gpxtpx:course>
		</gpxtpx:TrackPointExtension>
	</extensions>
</trkpt>
<trkpt lat="43.8789042" lon="15.1546719">
	<ele>-12.38</ele>
	<time>2026-08-09T05:52:55.922Z</time>
	<hdop>3.79</hdop>
	<extensions>
		<gpxtpx:TrackPointExtension>
			<gpxtpx:course>306.0</gpxtpx:course>
		</gpxtpx:TrackPointExtension>
	</extensions>
</trkpt>
<trkpt lat="43.8791023" lon="15.1542897">
	<ele>-11.20</ele>
	<time>2026-08-09T05:53:06.922Z</time>
	<hdop>3.79</hdop>
	<extensions>
		<gpxtpx:TrackPointExtension>
			<gpxtpx:course>308.0</gpxtpx:course>
		</gpxtpx:TrackPointExtension>
	</extensions>
</trkpt>
<trkpt lat="43.8792892" lon="15.1539404">
	<ele>-32.57</ele>
	<time>2026-08-09T05:53:16.922Z</time>
	<hdop>3.79</hdop>
	<extensions>
		<gpxtpx:TrackPointExtension>
			<gpxtpx:course>304.0</gpxtpx:course>
		</gpxtpx:TrackPointExtension>
	</extensions>
</trkpt>
<trkpt lat="43.8794824" lon="15.1535921">
	<ele>-94.41</ele>
	<time>2026-08-09T05:53:26.922Z</time>
	<hdop>3.79</hdop>
	<extensions>
		<gpxtpx:TrackPointExtension>
			<gpxtpx:course>301.0</gpxtpx:course>
		</gpxtpx:TrackPointExtension>
	</extensions>
</trkpt>
<trkpt lat="43.8796758" lon="15.1532478">
	<ele>-104.65</ele>
	<time>2026-08-09T05:53:36.922Z</time>
	<hdop>3.79</hdop>
	<extensions>
		<gpxtpx:TrackPointExtension>
			<gpxtpx:course>305.0</gpxtpx:course>
		</gpxtpx:TrackPointExtension>
	</extensions>
</trkpt>
<trkpt lat="43.8798760" lon="15.1528603">
	<ele>-104.58</ele>
	<time>2026-08-09T05:53:47.922Z</time>
	<hdop>3.79</hdop>
	<extensions>
		<gpxtpx:TrackPointExtension>
			<gpxtpx:course>309.0</gpxtpx:course>
		</gpxtpx:TrackPointExtension>
	</extensions>
</trkpt>
<trkpt lat="43.8800732" lon="15.1524959">
	<ele>-108.17</ele>
	<time>2026-08-09T05:53:57.922Z</time>
	<hdop>3.79</hdop>
	<extensions>
		<gpxtpx:TrackPointExtension>
			<gpxtpx:course>309.0</gpxtpx:course>
		</gpxtpx:TrackPointExtension>
	</extensions>
</trkpt>
<trkpt lat="43.8802921" lon="15.1521282">
	<ele>-61.75</ele>
	<time>2026-08-09T05:54:08.921Z</time>
	<hdop>3.79</hdop>
	<extensions>
		<gpxtpx:TrackPointExtension>
			<gpxtpx:course>307.0</gpxtpx:course>
		</gpxtpx:TrackPointExtension>
	</extensions>
</trkpt>
<trkpt lat="43.8804864" lon="15.1517735">
	<ele>-20.36</ele>
	<time>2026-08-09T05:54:18.921Z</time>
	<hdop>3.79</hdop>
	<extensions>
		<gpxtpx:TrackPointExtension>
			<gpxtpx:course>305.0</gpxtpx:course>
		</gpxtpx:TrackPointExtension>
	</extensions>
</trkpt>
<trkpt lat="43.8806733" lon="15.1514174">
	<ele>4.87</ele>
	<time>2026-08-09T05:54:28.921Z</time>
	<hdop>3.79</hdop>
	<extensions>
		<gpxtpx:TrackPointExtension>
			<gpxtpx:course>306.0</gpxtpx:course>
		</gpxtpx:TrackPointExtension>
	</extensions>
</trkpt>
<trkpt lat="43.8808638" lon="15.1510692">
	<ele>22.62</ele>
	<time>2026-08-09T05:54:38.921Z</time>
	<hdop>3.79</hdop>
	<extensions>
		<gpxtpx:TrackPointExtension>
			<gpxtpx:course>306.0</gpxtpx:course>
		</gpxtpx:TrackPointExtension>
	</extensions>
</trkpt>
<trkpt lat="43.8810524" lon="15.1507192">
	<ele>22.02</ele>
	<time>2026-08-09T05:54:48.922Z</time>
	<hdop>3.79</hdop>
	<extensions>
		<gpxtpx:TrackPointExtension>
			<gpxtpx:course>305.0</gpxtpx:course>
		</gpxtpx:TrackPointExtension>
	</extensions>
</trkpt>
<trkpt lat="43.8812609" lon="15.1503224">
	<ele>24.36</ele>
	<time>2026-08-09T05:54:59.922Z</time>
	<hdop>3.79</hdop>
	<extensions>
		<gpxtpx:TrackPointExtension>
			<gpxtpx:course>305.0</gpxtpx:course>
		</gpxtpx:TrackPointExtension>
	</extensions>
</trkpt>
<trkpt lat="43.8814564" lon="15.1499286">
	<ele>20.13</ele>
	<time>2026-08-09T05:55:10.921Z</time>
	<hdop>3.79</hdop>
	<extensions>
		<gpxtpx:TrackPointExtension>
			<gpxtpx:course>306.0</gpxtpx:course>
		</gpxtpx:TrackPointExtension>
	</extensions>
</trkpt>
<trkpt lat="43.8816400" lon="15.1495785">
	<ele>20.31</ele>
	<time>2026-08-09T05:55:20.921Z</time>
	<hdop>3.79</hdop>
	<extensions>
		<gpxtpx:TrackPointExtension>
			<gpxtpx:course>304.0</gpxtpx:course>
		</gpxtpx:TrackPointExtension>
	</extensions>
</trkpt>
<trkpt lat="43.8818325" lon="15.1492215">
	<ele>14.93</ele>
	<time>2026-08-09T05:55:30.921Z</time>
	<hdop>3.79</hdop>
	<extensions>
		<gpxtpx:TrackPointExtension>
			<gpxtpx:course>306.0</gpxtpx:course>
		</gpxtpx:TrackPointExtension>
	</extensions>
</trkpt>
<trkpt lat="43.8820122" lon="15.1488746">
	<ele>11.70</ele>
	<time>2026-08-09T05:55:40.921Z</time>
	<hdop>3.79</hdop>
	<extensions>
		<gpxtpx:TrackPointExtension>
			<gpxtpx:course>307.0</gpxtpx:course>
		</gpxtpx:TrackPointExtension>
	</extensions>
</trkpt>
<trkpt lat="43.8822094" lon="15.1485241">
	<ele>6.71</ele>
	<time>2026-08-09T05:55:50.922Z</time>
	<hdop>3.79</hdop>
	<extensions>
		<gpxtpx:TrackPointExtension>
			<gpxtpx:course>306.0</gpxtpx:course>
		</gpxtpx:TrackPointExtension>
	</extensions>
</trkpt>
<trkpt lat="43.8824190" lon="15.1481323">
	<ele>5.83</ele>
	<time>2026-08-09T05:56:01.921Z</time>
	<hdop>3.79</hdop>
	<extensions>
		<gpxtpx:TrackPointExtension>
			<gpxtpx:course>307.0</gpxtpx:course>
		</gpxtpx:TrackPointExtension>
	</extensions>
</trkpt>
<trkpt lat="43.8825956" lon="15.1477811">
	<ele>2.76</ele>
	<time>2026-08-09T05:56:11.921Z</time>
	<hdop>3.79</hdop>
	<extensions>
		<gpxtpx:TrackPointExtension>
			<gpxtpx:course>305.0</gpxtpx:course>
		</gpxtpx:TrackPointExtension>
	</extensions>
</trkpt>
<trkpt lat="43.8827935" lon="15.1473928">
	<ele>1.42</ele>
	<time>2026-08-09T05:56:22.920Z</time>
	<hdop>3.79</hdop>
	<extensions>
		<gpxtpx:TrackPointExtension>
			<gpxtpx:course>304.0</gpxtpx:course>
		</gpxtpx:TrackPointExtension>
	</extensions>
</trkpt>
<trkpt lat="43.8829870" lon="15.1470469">
	<ele>0.98</ele>
	<time>2026-08-09T05:56:32.921Z</time>
	<hdop>3.79</hdop>
	<extensions>
		<gpxtpx:TrackPointExtension>
			<gpxtpx:course>306.0</gpxtpx:course>
		</gpxtpx:TrackPointExtension>
	</extensions>
</trkpt>
<trkpt lat="43.8831725" lon="15.1466884">
	<ele>2.79</ele>
	<time>2026-08-09T05:56:42.921Z</time>
	<hdop>3.79</hdop>
	<extensions>
		<gpxtpx:TrackPointExtension>
			<gpxtpx:course>305.0</gpxtpx:course>
		</gpxtpx:TrackPointExtension>
	</extensions>
</trkpt>
<trkpt lat="43.8833604" lon="15.1463333">
	<ele>-5.38</ele>
	<time>2026-08-09T05:56:52.921Z</time>
	<hdop>3.79</hdop>
	<extensions>
		<gpxtpx:TrackPointExtension>
			<gpxtpx:course>308.0</gpxtpx:course>
		</gpxtpx:TrackPointExtension>
	</extensions>
</trkpt>
<trkpt lat="43.8835421" lon="15.1459873">
	<ele>-1.36</ele>
	<time>2026-08-09T05:57:02.921Z</time>
	<hdop>3.79</hdop>
	<extensions>
		<gpxtpx:TrackPointExtension>
			<gpxtpx:course>305.0</gpxtpx:course>
		</gpxtpx:TrackPointExtension>
	</extensions>
</trkpt>
<trkpt lat="43.8837374" lon="15.1456433">
	<ele>-0.66</ele>
	<time>2026-08-09T05:57:12.921Z</time>
	<hdop>3.79</hdop>
	<extensions>
		<gpxtpx:TrackPointExtension>
			<gpxtpx:course>305.0</gpxtpx:course>
		</gpxtpx:TrackPointExtension>
	</extensions>
</trkpt>
<trkpt lat="43.8839271" lon="15.1452889">
	<ele>-3.25</ele>
	<time>2026-08-09T05:57:22.921Z</time>
	<hdop>3.79</hdop>
	<extensions>
		<gpxtpx:TrackPointExtension>
			<gpxtpx:course>306.0</gpxtpx:course>
		</gpxtpx:TrackPointExtension>
	</extensions>
</trkpt>
<trkpt lat="43.8841347" lon="15.1449059">
	<ele>-1.36</ele>
	<time>2026-08-09T05:57:33.921Z</time>
	<hdop>3.79</hdop>
	<extensions>
		<gpxtpx:TrackPointExtension>
			<gpxtpx:course>309.0</gpxtpx:course>
		</gpxtpx:TrackPointExtension>
	</extensions>
</trkpt>
<trkpt lat="43.8843342" lon="15.1445236">
	<ele>1.85</ele>
	<time>2026-08-09T05:57:44.921Z</time>
	<hdop>3.79</hdop>
	<extensions>
		<gpxtpx:TrackPointExtension>
			<gpxtpx:course>306.0</gpxtpx:course>
		</gpxtpx:TrackPointExtension>
	</extensions>
</trkpt>
<trkpt lat="43.8845195" lon="15.1441716">
	<ele>2.07</ele>
	<time>2026-08-09T05:57:54.921Z</time>
	<hdop>3.79</hdop>
	<extensions>
		<gpxtpx:TrackPointExtension>
			<gpxtpx:course>304.0</gpxtpx:course>
		</gpxtpx:TrackPointExtension>
	</extensions>
</trkpt>
<trkpt lat="43.8847031" lon="15.1438231">
	<ele>3.95</ele>
	<time>2026-08-09T05:58:04.921Z</time>
	<hdop>3.79</hdop>
	<extensions>
		<gpxtpx:TrackPointExtension>
			<gpxtpx:course>304.0</gpxtpx:course>
		</gpxtpx:TrackPointExtension>
	</extensions>
</trkpt>
<trkpt lat="43.8848979" lon="15.1434752">
	<ele>0.17</ele>
	<time>2026-08-09T05:58:14.921Z</time>
	<hdop>3.79</hdop>
	<extensions>
		<gpxtpx:TrackPointExtension>
			<gpxtpx:course>309.0</gpxtpx:course>
		</gpxtpx:TrackPointExtension>
	</extensions>
</trkpt>
<trkpt lat="43.8851106" lon="15.1430953">
	<ele>1.70</ele>
	<time>2026-08-09T05:58:25.921Z</time>
	<hdop>3.79</hdop>
	<extensions>
		<gpxtpx:TrackPointExtension>
			<gpxtpx:course>305.0</gpxtpx:course>
		</gpxtpx:TrackPointExtension>
	</extensions>
</trkpt>
<trkpt lat="43.8852960" lon="15.1427597">
	<ele>1.03</ele>
	<time>2026-08-09T05:58:35.921Z</time>
	<hdop>3.79</hdop>
	<extensions>
		<gpxtpx:TrackPointExtension>
			<gpxtpx:course>308.0</gpxtpx:course>
		</gpxtpx:TrackPointExtension>
	</extensions>
</trkpt>
<trkpt lat="43.8855055" lon="15.1423767">
	<ele>0.92</ele>
	<time>2026-08-09T05:58:46.920Z</time>
	<hdop>3.79</hdop>
	<extensions>
		<gpxtpx:TrackPointExtension>
			<gpxtpx:course>307.0</gpxtpx:course>
		</gpxtpx:TrackPointExtension>
	</extensions>
</trkpt>
<trkpt lat="43.8856934" lon="15.1420303">
	<ele>1.63</ele>
	<time>2026-08-09T05:58:56.921Z</time>
	<hdop>3.79</hdop>
	<extensions>
		<gpxtpx:TrackPointExtension>
			<gpxtpx:course>306.0</gpxtpx:course>
		</gpxtpx:TrackPointExtension>
	</extensions>
</trkpt>
<trkpt lat="43.8859038" lon="15.1416528">
	<ele>1.16</ele>
	<time>2026-08-09T05:59:07.920Z</time>
	<hdop>3.79</hdop>
	<extensions>
		<gpxtpx:TrackPointExtension>
			<gpxtpx:course>307.0</gpxtpx:course>
		</gpxtpx:TrackPointExtension>
	</extensions>
</trkpt>
<trkpt lat="43.8860987" lon="15.1413042">
	<ele>-0.91</ele>
	<time>2026-08-09T05:59:17.921Z</time>
	<hdop>3.79</hdop>
	<extensions>
		<gpxtpx:TrackPointExtension>
			<gpxtpx:course>307.0</gpxtpx:course>
		</gpxtpx:TrackPointExtension>
	</extensions>
</trkpt>
<trkpt lat="43.8863143" lon="15.1409159">
	<ele>2.94</ele>
	<time>2026-08-09T05:59:28.920Z</time>
	<hdop>3.79</hdop>
	<extensions>
		<gpxtpx:TrackPointExtension>
			<gpxtpx:course>307.0</gpxtpx:course>
		</gpxtpx:TrackPointExtension>
	</extensions>
</trkpt>
<trkpt lat="43.8865069" lon="15.1405551">
	<ele>8.17</ele>
	<time>2026-08-09T05:59:38.921Z</time>
	<hdop>3.79</hdop>
	<extensions>
		<gpxtpx:TrackPointExtension>
			<gpxtpx:course>307.0</gpxtpx:course>
		</gpxtpx:TrackPointExtension>
	</extensions>
</trkpt>
<trkpt lat="43.8866914" lon="15.1402100">
	<ele>17.82</ele>
	<time>2026-08-09T05:59:48.921Z</time>
	<hdop>3.79</hdop>
	<extensions>
		<gpxtpx:TrackPointExtension>
			<gpxtpx:course>304.0</gpxtpx:course>
		</gpxtpx:TrackPointExtension>
	</extensions>
</trkpt>
<trkpt lat="43.8868963" lon="15.1398274">
	<ele>29.13</ele>
	<time>2026-08-09T05:59:59.920Z</time>
	<hdop>3.79</hdop>
	<extensions>
		<gpxtpx:TrackPointExtension>
			<gpxtpx:course>307.0</gpxtpx:course>
		</gpxtpx:TrackPointExtension>
	</extensions>
</trkpt>
<trkpt lat="43.8870852" lon="15.1394718">
	<ele>34.54</ele>
	<time>2026-08-09T06:00:09.920Z</time>
	<hdop>3.79</hdop>
	<extensions>
		<gpxtpx:TrackPointExtension>
			<gpxtpx:course>306.0</gpxtpx:course>
		</gpxtpx:TrackPointExtension>
	</extensions>
</trkpt>
<trkpt lat="43.8872708" lon="15.1391329">
	<ele>41.04</ele>
	<time>2026-08-09T06:00:19.920Z</time>
	<hdop>3.79</hdop>
	<extensions>
		<gpxtpx:TrackPointExtension>
			<gpxtpx:course>308.0</gpxtpx:course>
		</gpxtpx:TrackPointExtension>
	</extensions>
</trkpt>
<trkpt lat="43.8874632" lon="15.1387826">
	<ele>46.48</ele>
	<time>2026-08-09T06:00:29.920Z</time>
	<hdop>3.79</hdop>
	<extensions>
		<gpxtpx:TrackPointExtension>
			<gpxtpx:course>306.0</gpxtpx:course>
		</gpxtpx:TrackPointExtension>
	</extensions>
</trkpt>
<trkpt lat="43.8876550" lon="15.1384336">
	<ele>49.15</ele>
	<time>2026-08-09T06:00:39.920Z</time>
	<hdop>3.79</hdop>
	<extensions>
		<gpxtpx:TrackPointExtension>
			<gpxtpx:course>305.0</gpxtpx:course>
		</gpxtpx:TrackPointExtension>
	</extensions>
</trkpt>
<trkpt lat="43.8878379" lon="15.1380949">
	<ele>51.16</ele>
	<time>2026-08-09T06:00:49.920Z</time>
	<hdop>3.79</hdop>
	<extensions>
		<gpxtpx:TrackPointExtension>
			<gpxtpx:course>307.0</gpxtpx:course>
		</gpxtpx:TrackPointExtension>
	</extensions>
</trkpt>
<trkpt lat="43.8880280" lon="15.1377401">
	<ele>51.92</ele>
	<time>2026-08-09T06:00:59.920Z</time>
	<hdop>3.79</hdop>
	<extensions>
		<gpxtpx:TrackPointExtension>
			<gpxtpx:course>307.0</gpxtpx:course>
		</gpxtpx:TrackPointExtension>
	</extensions>
</trkpt>
<trkpt lat="43.8882174" lon="15.1373906">
	<ele>50.52</ele>
	<time>2026-08-09T06:01:09.920Z</time>
	<hdop>3.79</hdop>
	<extensions>
		<gpxtpx:TrackPointExtension>
			<gpxtpx:course>305.0</gpxtpx:course>
		</gpxtpx:TrackPointExtension>
	</extensions>
</trkpt>
<trkpt lat="43.8884075" lon="15.1370404">
	<ele>52.17</ele>
	<time>2026-08-09T06:01:19.920Z</time>
	<hdop>3.79</hdop>
	<extensions>
		<gpxtpx:TrackPointExtension>
			<gpxtpx:course>306.0</gpxtpx:course>
		</gpxtpx:TrackPointExtension>
	</extensions>
</trkpt>
<trkpt lat="43.8885910" lon="15.1366999">
	<ele>51.74</ele>
	<time>2026-08-09T06:01:29.920Z</time>
	<hdop>3.79</hdop>
	<extensions>
		<gpxtpx:TrackPointExtension>
			<gpxtpx:course>307.0</gpxtpx:course>
		</gpxtpx:TrackPointExtension>
	</extensions>
</trkpt>
<trkpt lat="43.8887724" lon="15.1363423">
	<ele>51.83</ele>
	<time>2026-08-09T06:01:39.921Z</time>
	<hdop>3.79</hdop>
	<extensions>
		<gpxtpx:TrackPointExtension>
			<gpxtpx:course>307.0</gpxtpx:course>
		</gpxtpx:TrackPointExtension>
	</extensions>
</trkpt>
<trkpt lat="43.8889777" lon="15.1359616">
	<ele>50.18</ele>
	<time>2026-08-09T06:01:50.920Z</time>
	<hdop>3.79</hdop>
	<extensions>
		<gpxtpx:TrackPointExtension>
			<gpxtpx:course>305.0</gpxtpx:course>
		</gpxtpx:TrackPointExtension>
	</extensions>
</trkpt>
<trkpt lat="43.8891678" lon="15.1356117">
	<ele>49.84</ele>
	<time>2026-08-09T06:02:00.920Z</time>
	<hdop>3.79</hdop>
	<extensions>
		<gpxtpx:TrackPointExtension>
			<gpxtpx:course>305.0</gpxtpx:course>
		</gpxtpx:TrackPointExtension>
	</extensions>
</trkpt>
<trkpt lat="43.8893542" lon="15.1352626">
	<ele>47.22</ele>
	<time>2026-08-09T06:02:10.920Z</time>
	<hdop>3.79</hdop>
	<extensions>
		<gpxtpx:TrackPointExtension>
			<gpxtpx:course>307.0</gpxtpx:course>
		</gpxtpx:TrackPointExtension>
	</extensions>
</trkpt>
<trkpt lat="43.8895486" lon="15.1349149">
	<ele>42.46</ele>
	<time>2026-08-09T06:02:20.920Z</time>
	<hdop>3.79</hdop>
	<extensions>
		<gpxtpx:TrackPointExtension>
			<gpxtpx:course>307.0</gpxtpx:course>
		</gpxtpx:TrackPointExtension>
	</extensions>
</trkpt>
<trkpt lat="43.8897406" lon="15.1345668">
	<ele>40.30</ele>
	<time>2026-08-09T06:02:30.920Z</time>
	<hdop>3.79</hdop>
	<extensions>
		<gpxtpx:TrackPointExtension>
			<gpxtpx:course>307.0</gpxtpx:course>
		</gpxtpx:TrackPointExtension>
	</extensions>
</trkpt>
<trkpt lat="43.8899499" lon="15.1341774">
	<ele>39.18</ele>
	<time>2026-08-09T06:02:41.920Z</time>
	<hdop>3.79</hdop>
	<extensions>
		<gpxtpx:TrackPointExtension>
			<gpxtpx:course>305.0</gpxtpx:course>
		</gpxtpx:TrackPointExtension>
	</extensions>
</trkpt>
<trkpt lat="43.8901355" lon="15.1338305">
	<ele>34.03</ele>
	<time>2026-08-09T06:02:51.920Z</time>
	<hdop>3.79</hdop>
	<extensions>
		<gpxtpx:TrackPointExtension>
			<gpxtpx:course>307.0</gpxtpx:course>
		</gpxtpx:TrackPointExtension>
	</extensions>
</trkpt>
<trkpt lat="43.8903309" lon="15.1334784">
	<ele>30.92</ele>
	<time>2026-08-09T06:03:01.920Z</time>
	<hdop>3.79</hdop>
	<extensions>
		<gpxtpx:TrackPointExtension>
			<gpxtpx:course>307.0</gpxtpx:course>
		</gpxtpx:TrackPointExtension>
	</extensions>
</trkpt>
<trkpt lat="43.8905188" lon="15.1331225">
	<ele>24.48</ele>
	<time>2026-08-09T06:03:11.920Z</time>
	<hdop>3.79</hdop>
	<extensions>
		<gpxtpx:TrackPointExtension>
			<gpxtpx:course>307.0</gpxtpx:course>
		</gpxtpx:TrackPointExtension>
	</extensions>
</trkpt>
<trkpt lat="43.8907156" lon="15.1327630">
	<ele>21.26</ele>
	<time>2026-08-09T06:03:21.920Z</time>
	<hdop>3.79</hdop>
	<extensions>
		<gpxtpx:TrackPointExtension>
			<gpxtpx:course>305.0</gpxtpx:course>
		</gpxtpx:TrackPointExtension>
	</extensions>
</trkpt>
<trkpt lat="43.8909099" lon="15.1324052">
	<ele>17.76</ele>
	<time>2026-08-09T06:03:31.920Z</time>
	<hdop>3.79</hdop>
	<extensions>
		<gpxtpx:TrackPointExtension>
			<gpxtpx:course>307.0</gpxtpx:course>
		</gpxtpx:TrackPointExtension>
	</extensions>
</trkpt>
<trkpt lat="43.8910920" lon="15.1320526">
	<ele>15.39</ele>
	<time>2026-08-09T06:03:41.920Z</time>
	<hdop>3.79</hdop>
	<extensions>
		<gpxtpx:TrackPointExtension>
			<gpxtpx:course>309.0</gpxtpx:course>
		</gpxtpx:TrackPointExtension>
	</extensions>
</trkpt>
<trkpt lat="43.8912976" lon="15.1316653">
	<ele>11.19</ele>
	<time>2026-08-09T06:03:52.920Z</time>
	<hdop>3.79</hdop>
	<extensions>
		<gpxtpx:TrackPointExtension>
			<gpxtpx:course>306.0</gpxtpx:course>
		</gpxtpx:TrackPointExtension>
	</extensions>
</trkpt>
<trkpt lat="43.8914908" lon="15.1313127">
	<ele>12.00</ele>
	<time>2026-08-09T06:04:02.920Z</time>
	<hdop>3.79</hdop>
	<extensions>
		<gpxtpx:TrackPointExtension>
			<gpxtpx:course>308.0</gpxtpx:course>
		</gpxtpx:TrackPointExtension>
	</extensions>
</trkpt>
<trkpt lat="43.8916825" lon="15.1309611">
	<ele>9.66</ele>
	<time>2026-08-09T06:04:12.920Z</time>
	<hdop>3.79</hdop>
	<extensions>
		<gpxtpx:TrackPointExtension>
			<gpxtpx:course>307.0</gpxtpx:course>
		</gpxtpx:TrackPointExtension>
	</extensions>
</trkpt>
<trkpt lat="43.8918670" lon="15.1306123">
	<ele>10.71</ele>
	<time>2026-08-09T06:04:22.921Z</time>
	<hdop>3.79</hdop>
	<extensions>
		<gpxtpx:TrackPointExtension>
			<gpxtpx:course>305.0</gpxtpx:course>
		</gpxtpx:TrackPointExtension>
	</extensions>
</trkpt>
<trkpt lat="43.8920752" lon="15.1302319">
	<ele>7.47</ele>
	<time>2026-08-09T06:04:33.920Z</time>
	<hdop>3.79</hdop>
	<extensions>
		<gpxtpx:TrackPointExtension>
			<gpxtpx:course>307.0</gpxtpx:course>
		</gpxtpx:TrackPointExtension>
	</extensions>
</trkpt>
<trkpt lat="43.8922803" lon="15.1298380">
	<ele>7.73</ele>
	<time>2026-08-09T06:04:44.920Z</time>
	<hdop>3.79</hdop>
	<extensions>
		<gpxtpx:TrackPointExtension>
			<gpxtpx:course>305.0</gpxtpx:course>
		</gpxtpx:TrackPointExtension>
	</extensions>
</trkpt>
<trkpt lat="43.8924882" lon="15.1294514">
	<ele>6.05</ele>
	<time>2026-08-09T06:04:55.919Z</time>
	<hdop>3.79</hdop>
	<extensions>
		<gpxtpx:TrackPointExtension>
			<gpxtpx:course>304.0</gpxtpx:course>
		</gpxtpx:TrackPointExtension>
	</extensions>
</trkpt>
<trkpt lat="43.8926749" lon="15.1291051">
	<ele>8.08</ele>
	<time>2026-08-09T06:05:05.919Z</time>
	<hdop>3.79</hdop>
	<extensions>
		<gpxtpx:TrackPointExtension>
			<gpxtpx:course>307.0</gpxtpx:course>
		</gpxtpx:TrackPointExtension>
	</extensions>
</trkpt>
<trkpt lat="43.8928591" lon="15.1287535">
	<ele>5.89</ele>
	<time>2026-08-09T06:05:15.920Z</time>
	<hdop>3.79</hdop>
	<extensions>
		<gpxtpx:TrackPointExtension>
			<gpxtpx:course>307.0</gpxtpx:course>
		</gpxtpx:TrackPointExtension>
	</extensions>
</trkpt>
<trkpt lat="43.8930474" lon="15.1284091">
	<ele>7.20</ele>
	<time>2026-08-09T06:05:25.920Z</time>
	<hdop>3.79</hdop>
	<extensions>
		<gpxtpx:TrackPointExtension>
			<gpxtpx:course>304.0</gpxtpx:course>
		</gpxtpx:TrackPointExtension>
	</extensions>
</trkpt>
<trkpt lat="43.8932526" lon="15.1280287">
	<ele>6.63</ele>
	<time>2026-08-09T06:05:36.919Z</time>
	<hdop>3.79</hdop>
	<extensions>
		<gpxtpx:TrackPointExtension>
			<gpxtpx:course>307.0</gpxtpx:course>
		</gpxtpx:TrackPointExtension>
	</extensions>
</trkpt>
<trkpt lat="43.8934393" lon="15.1276844">
	<ele>7.68</ele>
	<time>2026-08-09T06:05:46.919Z</time>
	<hdop>3.79</hdop>
	<extensions>
		<gpxtpx:TrackPointExtension>
			<gpxtpx:course>306.0</gpxtpx:course>
		</gpxtpx:TrackPointExtension>
	</extensions>
</trkpt>
<trkpt lat="43.8936246" lon="15.1273357">
	<ele>5.37</ele>
	<time>2026-08-09T06:05:56.920Z</time>
	<hdop>3.79</hdop>
	<extensions>
		<gpxtpx:TrackPointExtension>
			<gpxtpx:course>307.0</gpxtpx:course>
		</gpxtpx:TrackPointExtension>
	</extensions>
</trkpt>
<trkpt lat="43.8938138" lon="15.1269850">
	<ele>5.49</ele>
	<time>2026-08-09T06:06:06.920Z</time>
	<hdop>3.79</hdop>
	<extensions>
		<gpxtpx:TrackPointExtension>
			<gpxtpx:course>304.0</gpxtpx:course>
		</gpxtpx:TrackPointExtension>
	</extensions>
</trkpt>
<trkpt lat="43.8940052" lon="15.1266386">
	<ele>4.11</ele>
	<time>2026-08-09T06:06:16.921Z</time>
	<hdop>3.79</hdop>
	<extensions>
		<gpxtpx:TrackPointExtension>
			<gpxtpx:course>308.0</gpxtpx:course>
		</gpxtpx:TrackPointExtension>
	</extensions>
</trkpt>
<trkpt lat="43.8942097" lon="15.1262530">
	<ele>2.21</ele>
	<time>2026-08-09T06:06:27.918Z</time>
	<hdop>3.79</hdop>
	<extensions>
		<gpxtpx:TrackPointExtension>
			<gpxtpx:course>306.0</gpxtpx:course>
		</gpxtpx:TrackPointExtension>
	</extensions>
</trkpt>
<trkpt lat="43.8943977" lon="15.1259021">
	<ele>2.57</ele>
	<time>2026-08-09T06:06:37.920Z</time>
	<hdop>3.79</hdop>
	<extensions>
		<gpxtpx:TrackPointExtension>
			<gpxtpx:course>305.0</gpxtpx:course>
		</gpxtpx:TrackPointExtension>
	</extensions>
</trkpt>
<trkpt lat="43.8945872" lon="15.1255569">
	<ele>2.99</ele>
	<time>2026-08-09T06:06:47.920Z</time>
	<hdop>3.79</hdop>
	<extensions>
		<gpxtpx:TrackPointExtension>
			<gpxtpx:course>307.0</gpxtpx:course>
		</gpxtpx:TrackPointExtension>
	</extensions>
</trkpt>
<trkpt lat="43.8947701" lon="15.1252074">
	<ele>0.67</ele>
	<time>2026-08-09T06:06:57.920Z</time>
	<hdop>3.79</hdop>
	<extensions>
		<gpxtpx:TrackPointExtension>
			<gpxtpx:course>307.0</gpxtpx:course>
		</gpxtpx:TrackPointExtension>
	</extensions>
</trkpt>
<trkpt lat="43.8949746" lon="15.1248223">
	<ele>1.20</ele>
	<time>2026-08-09T06:07:08.920Z</time>
	<hdop>3.79</hdop>
	<extensions>
		<gpxtpx:TrackPointExtension>
			<gpxtpx:course>305.0</gpxtpx:course>
		</gpxtpx:TrackPointExtension>
	</extensions>
</trkpt>
<trkpt lat="43.8951784" lon="15.1244386">
	<ele>1.62</ele>
	<time>2026-08-09T06:07:19.920Z</time>
	<hdop>3.79</hdop>
	<extensions>
		<gpxtpx:TrackPointExtension>
			<gpxtpx:course>307.0</gpxtpx:course>
		</gpxtpx:TrackPointExtension>
	</extensions>
</trkpt>
<trkpt lat="43.8953677" lon="15.1240881">
	<ele>0.37</ele>
	<time>2026-08-09T06:07:29.920Z</time>
	<hdop>3.79</hdop>
	<extensions>
		<gpxtpx:TrackPointExtension>
			<gpxtpx:course>307.0</gpxtpx:course>
		</gpxtpx:TrackPointExtension>
	</extensions>
</trkpt>
<trkpt lat="43.8955615" lon="15.1237016">
	<ele>1.09</ele>
	<time>2026-08-09T06:07:40.920Z</time>
	<hdop>3.79</hdop>
	<extensions>
		<gpxtpx:TrackPointExtension>
			<gpxtpx:course>308.0</gpxtpx:course>
		</gpxtpx:TrackPointExtension>
	</extensions>
</trkpt>
<trkpt lat="43.8957694" lon="15.1233227">
	<ele>3.99</ele>
	<time>2026-08-09T06:07:51.918Z</time>
	<hdop>3.79</hdop>
	<extensions>
		<gpxtpx:TrackPointExtension>
			<gpxtpx:course>306.0</gpxtpx:course>
		</gpxtpx:TrackPointExtension>
	</extensions>
</trkpt>
<trkpt lat="43.8959552" lon="15.1229742">
	<ele>8.67</ele>
	<time>2026-08-09T06:08:01.920Z</time>
	<hdop>3.79</hdop>
	<extensions>
		<gpxtpx:TrackPointExtension>
			<gpxtpx:course>304.0</gpxtpx:course>
		</gpxtpx:TrackPointExtension>
	</extensions>
</trkpt>
<trkpt lat="43.8961697" lon="15.1225773">
	<ele>13.48</ele>
	<time>2026-08-09T06:08:12.919Z</time>
	<hdop>3.79</hdop>
	<extensions>
		<gpxtpx:TrackPointExtension>
			<gpxtpx:course>306.0</gpxtpx:course>
		</gpxtpx:TrackPointExtension>
	</extensions>
</trkpt>
<trkpt lat="43.8963419" lon="15.1222259">
	<ele>15.48</ele>
	<time>2026-08-09T06:08:22.919Z</time>
	<hdop>3.79</hdop>
	<extensions>
		<gpxtpx:TrackPointExtension>
			<gpxtpx:course>307.0</gpxtpx:course>
		</gpxtpx:TrackPointExtension>
	</extensions>
</trkpt>
<trkpt lat="43.8965279" lon="15.1218784">
	<ele>20.12</ele>
	<time>2026-08-09T06:08:32.919Z</time>
	<hdop>3.79</hdop>
	<extensions>
		<gpxtpx:TrackPointExtension>
			<gpxtpx:course>305.0</gpxtpx:course>
		</gpxtpx:TrackPointExtension>
	</extensions>
</trkpt>
<trkpt lat="43.8967088" lon="15.1215175">
	<ele>24.89</ele>
	<time>2026-08-09T06:08:42.920Z</time>
	<hdop>3.79</hdop>
	<extensions>
		<gpxtpx:TrackPointExtension>
			<gpxtpx:course>305.0</gpxtpx:course>
		</gpxtpx:TrackPointExtension>
	</extensions>
</trkpt>
<trkpt lat="43.8969142" lon="15.1211191">
	<ele>29.48</ele>
	<time>2026-08-09T06:08:53.919Z</time>
	<hdop>3.79</hdop>
	<extensions>
		<gpxtpx:TrackPointExtension>
			<gpxtpx:course>304.0</gpxtpx:course>
		</gpxtpx:TrackPointExtension>
	</extensions>
</trkpt>
<trkpt lat="43.8971026" lon="15.1207640">
	<ele>29.59</ele>
	<time>2026-08-09T06:09:03.919Z</time>
	<hdop>3.79</hdop>
	<extensions>
		<gpxtpx:TrackPointExtension>
			<gpxtpx:course>307.0</gpxtpx:course>
		</gpxtpx:TrackPointExtension>
	</extensions>
</trkpt>
<trkpt lat="43.8972907" lon="15.1204170">
	<ele>30.69</ele>
	<time>2026-08-09T06:09:13.919Z</time>
	<hdop>3.79</hdop>
	<extensions>
		<gpxtpx:TrackPointExtension>
			<gpxtpx:course>306.0</gpxtpx:course>
		</gpxtpx:TrackPointExtension>
	</extensions>
</trkpt>
<trkpt lat="43.8974864" lon="15.1200722">
	<ele>29.41</ele>
	<time>2026-08-09T06:09:23.919Z</time>
	<hdop>3.79</hdop>
	<extensions>
		<gpxtpx:TrackPointExtension>
			<gpxtpx:course>306.0</gpxtpx:course>
		</gpxtpx:TrackPointExtension>
	</extensions>
</trkpt>
<trkpt lat="43.8976756" lon="15.1197210">
	<ele>31.03</ele>
	<time>2026-08-09T06:09:33.919Z</time>
	<hdop>3.79</hdop>
	<extensions>
		<gpxtpx:TrackPointExtension>
			<gpxtpx:course>308.0</gpxtpx:course>
		</gpxtpx:TrackPointExtension>
	</extensions>
</trkpt>
<trkpt lat="43.8978597" lon="15.1193620">
	<ele>30.54</ele>
	<time>2026-08-09T06:09:43.919Z</time>
	<hdop>3.79</hdop>
	<extensions>
		<gpxtpx:TrackPointExtension>
			<gpxtpx:course>306.0</gpxtpx:course>
		</gpxtpx:TrackPointExtension>
	</extensions>
</trkpt>
<trkpt lat="43.8980509" lon="15.1190063">
	<ele>29.65</ele>
	<time>2026-08-09T06:09:53.919Z</time>
	<hdop>3.79</hdop>
	<extensions>
		<gpxtpx:TrackPointExtension>
			<gpxtpx:course>305.0</gpxtpx:course>
		</gpxtpx:TrackPointExtension>
	</extensions>
</trkpt>
<trkpt lat="43.8982399" lon="15.1186645">
	<ele>31.51</ele>
	<time>2026-08-09T06:10:03.919Z</time>
	<hdop>3.79</hdop>
	<extensions>
		<gpxtpx:TrackPointExtension>
			<gpxtpx:course>307.0</gpxtpx:course>
		</gpxtpx:TrackPointExtension>
	</extensions>
</trkpt>
<trkpt lat="43.8984279" lon="15.1183162">
	<ele>29.69</ele>
	<time>2026-08-09T06:10:13.919Z</time>
	<hdop>3.79</hdop>
	<extensions>
		<gpxtpx:TrackPointExtension>
			<gpxtpx:course>305.0</gpxtpx:course>
		</gpxtpx:TrackPointExtension>
	</extensions>
</trkpt>
<trkpt lat="43.8986094" lon="15.1179700">
	<ele>29.85</ele>
	<time>2026-08-09T06:10:23.919Z</time>
	<hdop>3.79</hdop>
	<extensions>
		<gpxtpx:TrackPointExtension>
			<gpxtpx:course>305.0</gpxtpx:course>
		</gpxtpx:TrackPointExtension>
	</extensions>
</trkpt>
<trkpt lat="43.8987886" lon="15.1176147">
	<ele>30.40</ele>
	<time>2026-08-09T06:10:33.919Z</time>
	<hdop>3.79</hdop>
	<extensions>
		<gpxtpx:TrackPointExtension>
			<gpxtpx:course>306.0</gpxtpx:course>
		</gpxtpx:TrackPointExtension>
	</extensions>
</trkpt>
<trkpt lat="43.8989909" lon="15.1172341">
	<ele>26.18</ele>
	<time>2026-08-09T06:10:44.919Z</time>
	<hdop>3.79</hdop>
	<extensions>
		<gpxtpx:TrackPointExtension>
			<gpxtpx:course>306.0</gpxtpx:course>
		</gpxtpx:TrackPointExtension>
	</extensions>
</trkpt>
<trkpt lat="43.8991780" lon="15.1168809">
	<ele>26.17</ele>
	<time>2026-08-09T06:10:54.919Z</time>
	<hdop>3.79</hdop>
	<extensions>
		<gpxtpx:TrackPointExtension>
			<gpxtpx:course>307.0</gpxtpx:course>
		</gpxtpx:TrackPointExtension>
	</extensions>
</trkpt>
<trkpt lat="43.8993859" lon="15.1164961">
	<ele>24.49</ele>
	<time>2026-08-09T06:11:05.919Z</time>
	<hdop>3.79</hdop>
	<extensions>
		<gpxtpx:TrackPointExtension>
			<gpxtpx:course>306.0</gpxtpx:course>
		</gpxtpx:TrackPointExtension>
	</extensions>
</trkpt>
<trkpt lat="43.8995721" lon="15.1161465">
	<ele>24.61</ele>
	<time>2026-08-09T06:11:15.919Z</time>
	<hdop>3.79</hdop>
	<extensions>
		<gpxtpx:TrackPointExtension>
			<gpxtpx:course>307.0</gpxtpx:course>
		</gpxtpx:TrackPointExtension>
	</extensions>
</trkpt>
<trkpt lat="43.8997632" lon="15.1157969">
	<ele>22.60</ele>
	<time>2026-08-09T06:11:25.919Z</time>
	<hdop>3.79</hdop>
	<extensions>
		<gpxtpx:TrackPointExtension>
			<gpxtpx:course>305.0</gpxtpx:course>
		</gpxtpx:TrackPointExtension>
	</extensions>
</trkpt>
<trkpt lat="43.8999665" lon="15.1154078">
	<ele>24.17</ele>
	<time>2026-08-09T06:11:36.919Z</time>
	<hdop>3.79</hdop>
	<extensions>
		<gpxtpx:TrackPointExtension>
			<gpxtpx:course>305.0</gpxtpx:course>
		</gpxtpx:TrackPointExtension>
	</extensions>
</trkpt>
<trkpt lat="43.9001642" lon="15.1150536">
	<ele>22.27</ele>
	<time>2026-08-09T06:11:46.919Z</time>
	<hdop>3.79</hdop>
	<extensions>
		<gpxtpx:TrackPointExtension>
			<gpxtpx:course>306.0</gpxtpx:course>
		</gpxtpx:TrackPointExtension>
	</extensions>
</trkpt>
<trkpt lat="43.9003493" lon="15.1146934">
	<ele>23.26</ele>
	<time>2026-08-09T06:11:56.919Z</time>
	<hdop>3.79</hdop>
	<extensions>
		<gpxtpx:TrackPointExtension>
			<gpxtpx:course>305.0</gpxtpx:course>
		</gpxtpx:TrackPointExtension>
	</extensions>
</trkpt>
<trkpt lat="43.9005399" lon="15.1143457">
	<ele>23.49</ele>
	<time>2026-08-09T06:12:06.919Z</time>
	<hdop>3.79</hdop>
	<extensions>
		<gpxtpx:TrackPointExtension>
			<gpxtpx:course>306.0</gpxtpx:course>
		</gpxtpx:TrackPointExtension>
	</extensions>
</trkpt>
<trkpt lat="43.9007498" lon="15.1139601">
	<ele>21.87</ele>
	<time>2026-08-09T06:12:17.918Z</time>
	<hdop>3.79</hdop>
	<extensions>
		<gpxtpx:TrackPointExtension>
			<gpxtpx:course>307.0</gpxtpx:course>
		</gpxtpx:TrackPointExtension>
	</extensions>
</trkpt>
<trkpt lat="43.9009411" lon="15.1136038">
	<ele>20.32</ele>
	<time>2026-08-09T06:12:27.919Z</time>
	<hdop>3.79</hdop>
	<extensions>
		<gpxtpx:TrackPointExtension>
			<gpxtpx:course>306.0</gpxtpx:course>
		</gpxtpx:TrackPointExtension>
	</extensions>
</trkpt>
<trkpt lat="43.9011337" lon="15.1132539">
	<ele>21.73</ele>
	<time>2026-08-09T06:12:37.919Z</time>
	<hdop>3.79</hdop>
	<extensions>
		<gpxtpx:TrackPointExtension>
			<gpxtpx:course>308.0</gpxtpx:course>
		</gpxtpx:TrackPointExtension>
	</extensions>
</trkpt>
<trkpt lat="43.9013262" lon="15.1129086">
	<ele>18.73</ele>
	<time>2026-08-09T06:12:47.919Z</time>
	<hdop>3.79</hdop>
	<extensions>
		<gpxtpx:TrackPointExtension>
			<gpxtpx:course>307.0</gpxtpx:course>
		</gpxtpx:TrackPointExtension>
	</extensions>
</trkpt>
<trkpt lat="43.9015157" lon="15.1125527">
	<ele>22.35</ele>
	<time>2026-08-09T06:12:57.919Z</time>
	<hdop>3.79</hdop>
	<extensions>
		<gpxtpx:TrackPointExtension>
			<gpxtpx:course>307.0</gpxtpx:course>
		</gpxtpx:TrackPointExtension>
	</extensions>
</trkpt>
<trkpt lat="43.9017072" lon="15.1121996">
	<ele>15.79</ele>
	<time>2026-08-09T06:13:07.919Z</time>
	<hdop>3.79</hdop>
	<extensions>
		<gpxtpx:TrackPointExtension>
			<gpxtpx:course>307.0</gpxtpx:course>
		</gpxtpx:TrackPointExtension>
	</extensions>
</trkpt>
<trkpt lat="43.9018952" lon="15.1118538">
	<ele>13.93</ele>
	<time>2026-08-09T06:13:17.919Z</time>
	<hdop>3.79</hdop>
	<extensions>
		<gpxtpx:TrackPointExtension>
			<gpxtpx:course>307.0</gpxtpx:course>
		</gpxtpx:TrackPointExtension>
	</extensions>
</trkpt>
<trkpt lat="43.9020866" lon="15.1115082">
	<ele>14.09</ele>
	<time>2026-08-09T06:13:27.919Z</time>
	<hdop>3.79</hdop>
	<extensions>
		<gpxtpx:TrackPointExtension>
			<gpxtpx:course>306.0</gpxtpx:course>
		</gpxtpx:TrackPointExtension>
	</extensions>
</trkpt>
<trkpt lat="43.9022969" lon="15.1111229">
	<ele>17.13</ele>
	<time>2026-08-09T06:13:38.919Z</time>
	<hdop>3.79</hdop>
	<extensions>
		<gpxtpx:TrackPointExtension>
			<gpxtpx:course>306.0</gpxtpx:course>
		</gpxtpx:TrackPointExtension>
	</extensions>
</trkpt>
<trkpt lat="43.9024865" lon="15.1107706">
	<ele>17.10</ele>
	<time>2026-08-09T06:13:48.919Z</time>
	<hdop>3.79</hdop>
	<extensions>
		<gpxtpx:TrackPointExtension>
			<gpxtpx:course>306.0</gpxtpx:course>
		</gpxtpx:TrackPointExtension>
	</extensions>
</trkpt>
<trkpt lat="43.9026775" lon="15.1104202">
	<ele>16.92</ele>
	<time>2026-08-09T06:13:58.920Z</time>
	<hdop>3.79</hdop>
	<extensions>
		<gpxtpx:TrackPointExtension>
			<gpxtpx:course>305.0</gpxtpx:course>
		</gpxtpx:TrackPointExtension>
	</extensions>
</trkpt>
<trkpt lat="43.9028640" lon="15.1100678">
	<ele>14.87</ele>
	<time>2026-08-09T06:14:08.920Z</time>
	<hdop>3.79</hdop>
	<extensions>
		<gpxtpx:TrackPointExtension>
			<gpxtpx:course>310.0</gpxtpx:course>
		</gpxtpx:TrackPointExtension>
	</extensions>
</trkpt>
<trkpt lat="43.9030724" lon="15.1096841">
	<ele>12.95</ele>
	<time>2026-08-09T06:14:19.919Z</time>
	<hdop>3.79</hdop>
	<extensions>
		<gpxtpx:TrackPointExtension>
			<gpxtpx:course>308.0</gpxtpx:course>
		</gpxtpx:TrackPointExtension>
	</extensions>
</trkpt>
<trkpt lat="43.9032810" lon="15.1093046">
	<ele>13.30</ele>
	<time>2026-08-09T06:14:30.918Z</time>
	<hdop>3.79</hdop>
	<extensions>
		<gpxtpx:TrackPointExtension>
			<gpxtpx:course>305.0</gpxtpx:course>
		</gpxtpx:TrackPointExtension>
	</extensions>
</trkpt>
<trkpt lat="43.9034704" lon="15.1089588">
	<ele>11.56</ele>
	<time>2026-08-09T06:14:40.918Z</time>
	<hdop>3.79</hdop>
	<extensions>
		<gpxtpx:TrackPointExtension>
			<gpxtpx:course>307.0</gpxtpx:course>
		</gpxtpx:TrackPointExtension>
	</extensions>
</trkpt>
<trkpt lat="43.9036668" lon="15.1086140">
	<ele>3.51</ele>
	<time>2026-08-09T06:14:50.918Z</time>
	<hdop>3.79</hdop>
	<extensions>
		<gpxtpx:TrackPointExtension>
			<gpxtpx:course>307.0</gpxtpx:course>
		</gpxtpx:TrackPointExtension>
	</extensions>
</trkpt>
<trkpt lat="43.9038559" lon="15.1082631">
	<ele>7.29</ele>
	<time>2026-08-09T06:15:00.918Z</time>
	<hdop>3.79</hdop>
	<extensions>
		<gpxtpx:TrackPointExtension>
			<gpxtpx:course>307.0</gpxtpx:course>
		</gpxtpx:TrackPointExtension>
	</extensions>
</trkpt>
<trkpt lat="43.9040480" lon="15.1079153">
	<ele>9.64</ele>
	<time>2026-08-09T06:15:10.919Z</time>
	<hdop>3.79</hdop>
	<extensions>
		<gpxtpx:TrackPointExtension>
			<gpxtpx:course>307.0</gpxtpx:course>
		</gpxtpx:TrackPointExtension>
	</extensions>
</trkpt>
<trkpt lat="43.9042546" lon="15.1075400">
	<ele>6.27</ele>
	<time>2026-08-09T06:15:21.919Z</time>
	<hdop>3.79</hdop>
	<extensions>
		<gpxtpx:TrackPointExtension>
			<gpxtpx:course>306.0</gpxtpx:course>
		</gpxtpx:TrackPointExtension>
	</extensions>
</trkpt>
<trkpt lat="43.9044408" lon="15.1071920">
	<ele>3.30</ele>
	<time>2026-08-09T06:15:31.919Z</time>
	<hdop>3.79</hdop>
	<extensions>
		<gpxtpx:TrackPointExtension>
			<gpxtpx:course>306.0</gpxtpx:course>
		</gpxtpx:TrackPointExtension>
	</extensions>
</trkpt>
<trkpt lat="43.9046271" lon="15.1068422">
	<ele>7.16</ele>
	<time>2026-08-09T06:15:41.919Z</time>
	<hdop>3.79</hdop>
	<extensions>
		<gpxtpx:TrackPointExtension>
			<gpxtpx:course>306.0</gpxtpx:course>
		</gpxtpx:TrackPointExtension>
	</extensions>
</trkpt>
<trkpt lat="43.9048386" lon="15.1064691">
	<ele>4.20</ele>
	<time>2026-08-09T06:15:52.919Z</time>
	<hdop>3.79</hdop>
	<extensions>
		<gpxtpx:TrackPointExtension>
			<gpxtpx:course>305.0</gpxtpx:course>
		</gpxtpx:TrackPointExtension>
	</extensions>
</trkpt>
<trkpt lat="43.9050378" lon="15.1060891">
	<ele>4.09</ele>
	<time>2026-08-09T06:16:03.919Z</time>
	<hdop>3.79</hdop>
	<extensions>
		<gpxtpx:TrackPointExtension>
			<gpxtpx:course>307.0</gpxtpx:course>
		</gpxtpx:TrackPointExtension>
	</extensions>
</trkpt>
<trkpt lat="43.9052281" lon="15.1057480">
	<ele>4.34</ele>
	<time>2026-08-09T06:16:13.919Z</time>
	<hdop>3.79</hdop>
	<extensions>
		<gpxtpx:TrackPointExtension>
			<gpxtpx:course>307.0</gpxtpx:course>
		</gpxtpx:TrackPointExtension>
	</extensions>
</trkpt>
<trkpt lat="43.9054336" lon="15.1053694">
	<ele>2.68</ele>
	<time>2026-08-09T06:16:24.919Z</time>
	<hdop>3.79</hdop>
	<extensions>
		<gpxtpx:TrackPointExtension>
			<gpxtpx:course>307.0</gpxtpx:course>
		</gpxtpx:TrackPointExtension>
	</extensions>
</trkpt>
<trkpt lat="43.9056444" lon="15.1049906">
	<ele>3.79</ele>
	<time>2026-08-09T06:16:35.919Z</time>
	<hdop>3.79</hdop>
	<extensions>
		<gpxtpx:TrackPointExtension>
			<gpxtpx:course>306.0</gpxtpx:course>
		</gpxtpx:TrackPointExtension>
	</extensions>
</trkpt>
<trkpt lat="43.9058516" lon="15.1046105">
	<ele>2.27</ele>
	<time>2026-08-09T06:16:46.919Z</time>
	<hdop>3.79</hdop>
	<extensions>
		<gpxtpx:TrackPointExtension>
			<gpxtpx:course>305.0</gpxtpx:course>
		</gpxtpx:TrackPointExtension>
	</extensions>
</trkpt>
<trkpt lat="43.9060338" lon="15.1042609">
	<ele>4.37</ele>
	<time>2026-08-09T06:16:56.919Z</time>
	<hdop>3.79</hdop>
	<extensions>
		<gpxtpx:TrackPointExtension>
			<gpxtpx:course>308.0</gpxtpx:course>
		</gpxtpx:TrackPointExtension>
	</extensions>
</trkpt>
<trkpt lat="43.9062219" lon="15.1039221">
	<ele>4.28</ele>
	<time>2026-08-09T06:17:06.920Z</time>
	<hdop>3.79</hdop>
	<extensions>
		<gpxtpx:TrackPointExtension>
			<gpxtpx:course>306.0</gpxtpx:course>
		</gpxtpx:TrackPointExtension>
	</extensions>
</trkpt>
<trkpt lat="43.9064217" lon="15.1035419">
	<ele>5.71</ele>
	<time>2026-08-09T06:17:17.919Z</time>
	<hdop>3.79</hdop>
	<extensions>
		<gpxtpx:TrackPointExtension>
			<gpxtpx:course>305.0</gpxtpx:course>
		</gpxtpx:TrackPointExtension>
	</extensions>
</trkpt>
<trkpt lat="43.9066032" lon="15.1031943">
	<ele>2.76</ele>
	<time>2026-08-09T06:17:27.919Z</time>
	<hdop>3.79</hdop>
	<extensions>
		<gpxtpx:TrackPointExtension>
			<gpxtpx:course>307.0</gpxtpx:course>
		</gpxtpx:TrackPointExtension>
	</extensions>
</trkpt>
<trkpt lat="43.9067923" lon="15.1028501">
	<ele>3.96</ele>
	<time>2026-08-09T06:17:37.919Z</time>
	<hdop>3.79</hdop>
	<extensions>
		<gpxtpx:TrackPointExtension>
			<gpxtpx:course>309.0</gpxtpx:course>
		</gpxtpx:TrackPointExtension>
	</extensions>
</trkpt>
<trkpt lat="43.9069968" lon="15.1024672">
	<ele>3.30</ele>
	<time>2026-08-09T06:17:48.919Z</time>
	<hdop>3.79</hdop>
	<extensions>
		<gpxtpx:TrackPointExtension>
			<gpxtpx:course>307.0</gpxtpx:course>
		</gpxtpx:TrackPointExtension>
	</extensions>
</trkpt>
<trkpt lat="43.9072009" lon="15.1020903">
	<ele>6.49</ele>
	<time>2026-08-09T06:17:59.918Z</time>
	<hdop>3.79</hdop>
	<extensions>
		<gpxtpx:TrackPointExtension>
			<gpxtpx:course>306.0</gpxtpx:course>
		</gpxtpx:TrackPointExtension>
	</extensions>
</trkpt>
<trkpt lat="43.9073917" lon="15.1017388">
	<ele>5.00</ele>
	<time>2026-08-09T06:18:09.918Z</time>
	<hdop>3.79</hdop>
	<extensions>
		<gpxtpx:TrackPointExtension>
			<gpxtpx:course>306.0</gpxtpx:course>
		</gpxtpx:TrackPointExtension>
	</extensions>
</trkpt>
<trkpt lat="43.9075733" lon="15.1013959">
	<ele>3.88</ele>
	<time>2026-08-09T06:18:19.918Z</time>
	<hdop>3.79</hdop>
	<extensions>
		<gpxtpx:TrackPointExtension>
			<gpxtpx:course>307.0</gpxtpx:course>
		</gpxtpx:TrackPointExtension>
	</extensions>
</trkpt>
<trkpt lat="43.9077697" lon="15.1010557">
	<ele>3.75</ele>
	<time>2026-08-09T06:18:29.919Z</time>
	<hdop>3.79</hdop>
	<extensions>
		<gpxtpx:TrackPointExtension>
			<gpxtpx:course>307.0</gpxtpx:course>
		</gpxtpx:TrackPointExtension>
	</extensions>
</trkpt>
<trkpt lat="43.9079724" lon="15.1006702">
	<ele>3.99</ele>
	<time>2026-08-09T06:18:40.919Z</time>
	<hdop>3.79</hdop>
	<extensions>
		<gpxtpx:TrackPointExtension>
			<gpxtpx:course>306.0</gpxtpx:course>
		</gpxtpx:TrackPointExtension>
	</extensions>
</trkpt>
<trkpt lat="43.9081718" lon="15.1002948">
	<ele>4.32</ele>
	<time>2026-08-09T06:18:51.919Z</time>
	<hdop>3.79</hdop>
	<extensions>
		<gpxtpx:TrackPointExtension>
			<gpxtpx:course>308.0</gpxtpx:course>
		</gpxtpx:TrackPointExtension>
	</extensions>
</trkpt>
<trkpt lat="43.9083659" lon="15.0999145">
	<ele>3.78</ele>
	<time>2026-08-09T06:19:02.918Z</time>
	<hdop>3.79</hdop>
	<extensions>
		<gpxtpx:TrackPointExtension>
			<gpxtpx:course>308.0</gpxtpx:course>
		</gpxtpx:TrackPointExtension>
	</extensions>
</trkpt>
<trkpt lat="43.9085524" lon="15.0995713">
	<ele>4.37</ele>
	<time>2026-08-09T06:19:12.919Z</time>
	<hdop>3.79</hdop>
	<extensions>
		<gpxtpx:TrackPointExtension>
			<gpxtpx:course>304.0</gpxtpx:course>
		</gpxtpx:TrackPointExtension>
	</extensions>
</trkpt>
<trkpt lat="43.9087530" lon="15.0991879">
	<ele>3.67</ele>
	<time>2026-08-09T06:19:23.918Z</time>
	<hdop>3.79</hdop>
	<extensions>
		<gpxtpx:TrackPointExtension>
			<gpxtpx:course>308.0</gpxtpx:course>
		</gpxtpx:TrackPointExtension>
	</extensions>
</trkpt>
<trkpt lat="43.9089405" lon="15.0988435">
	<ele>2.24</ele>
	<time>2026-08-09T06:19:33.918Z</time>
	<hdop>3.79</hdop>
	<extensions>
		<gpxtpx:TrackPointExtension>
			<gpxtpx:course>306.0</gpxtpx:course>
		</gpxtpx:TrackPointExtension>
	</extensions>
</trkpt>
<trkpt lat="43.9091304" lon="15.0984968">
	<ele>1.99</ele>
	<time>2026-08-09T06:19:43.918Z</time>
	<hdop>3.79</hdop>
	<extensions>
		<gpxtpx:TrackPointExtension>
			<gpxtpx:course>306.0</gpxtpx:course>
		</gpxtpx:TrackPointExtension>
	</extensions>
</trkpt>
<trkpt lat="43.9093210" lon="15.0981500">
	<ele>3.46</ele>
	<time>2026-08-09T06:19:53.918Z</time>
	<hdop>3.79</hdop>
	<extensions>
		<gpxtpx:TrackPointExtension>
			<gpxtpx:course>307.0</gpxtpx:course>
		</gpxtpx:TrackPointExtension>
	</extensions>
</trkpt>
<trkpt lat="43.9095127" lon="15.0978101">
	<ele>4.14</ele>
	<time>2026-08-09T06:20:03.918Z</time>
	<hdop>3.79</hdop>
	<extensions>
		<gpxtpx:TrackPointExtension>
			<gpxtpx:course>309.0</gpxtpx:course>
		</gpxtpx:TrackPointExtension>
	</extensions>
</trkpt>
<trkpt lat="43.9096987" lon="15.0974603">
	<ele>3.46</ele>
	<time>2026-08-09T06:20:13.918Z</time>
	<hdop>3.79</hdop>
	<extensions>
		<gpxtpx:TrackPointExtension>
			<gpxtpx:course>304.0</gpxtpx:course>
		</gpxtpx:TrackPointExtension>
	</extensions>
</trkpt>
<trkpt lat="43.9098846" lon="15.0971102">
	<ele>0.60</ele>
	<time>2026-08-09T06:20:23.918Z</time>
	<hdop>3.79</hdop>
	<extensions>
		<gpxtpx:TrackPointExtension>
			<gpxtpx:course>306.0</gpxtpx:course>
		</gpxtpx:TrackPointExtension>
	</extensions>
</trkpt>
<trkpt lat="43.9100748" lon="15.0967626">
	<ele>-1.08</ele>
	<time>2026-08-09T06:20:33.918Z</time>
	<hdop>3.79</hdop>
	<extensions>
		<gpxtpx:TrackPointExtension>
			<gpxtpx:course>305.0</gpxtpx:course>
		</gpxtpx:TrackPointExtension>
	</extensions>
</trkpt>
<trkpt lat="43.9102622" lon="15.0964097">
	<ele>-1.55</ele>
	<time>2026-08-09T06:20:43.918Z</time>
	<hdop>3.79</hdop>
	<extensions>
		<gpxtpx:TrackPointExtension>
			<gpxtpx:course>305.0</gpxtpx:course>
		</gpxtpx:TrackPointExtension>
	</extensions>
</trkpt>
<trkpt lat="43.9104512" lon="15.0960575">
	<ele>-6.28</ele>
	<time>2026-08-09T06:20:53.918Z</time>
	<hdop>3.79</hdop>
	<extensions>
		<gpxtpx:TrackPointExtension>
			<gpxtpx:course>308.0</gpxtpx:course>
		</gpxtpx:TrackPointExtension>
	</extensions>
</trkpt>
<trkpt lat="43.9106324" lon="15.0957137">
	<ele>-4.04</ele>
	<time>2026-08-09T06:21:03.918Z</time>
	<hdop>3.79</hdop>
	<extensions>
		<gpxtpx:TrackPointExtension>
			<gpxtpx:course>306.0</gpxtpx:course>
		</gpxtpx:TrackPointExtension>
	</extensions>
</trkpt>
<trkpt lat="43.9108416" lon="15.0953301">
	<ele>-0.11</ele>
	<time>2026-08-09T06:21:14.918Z</time>
	<hdop>3.79</hdop>
	<extensions>
		<gpxtpx:TrackPointExtension>
			<gpxtpx:course>305.0</gpxtpx:course>
		</gpxtpx:TrackPointExtension>
	</extensions>
</trkpt>
<trkpt lat="43.9110256" lon="15.0949769">
	<ele>1.06</ele>
	<time>2026-08-09T06:21:24.918Z</time>
	<hdop>3.79</hdop>
	<extensions>
		<gpxtpx:TrackPointExtension>
			<gpxtpx:course>305.0</gpxtpx:course>
		</gpxtpx:TrackPointExtension>
	</extensions>
</trkpt>
<trkpt lat="43.9112104" lon="15.0946363">
	<ele>0.27</ele>
	<time>2026-08-09T06:21:34.918Z</time>
	<hdop>3.79</hdop>
	<extensions>
		<gpxtpx:TrackPointExtension>
			<gpxtpx:course>308.0</gpxtpx:course>
		</gpxtpx:TrackPointExtension>
	</extensions>
</trkpt>
<trkpt lat="43.9114127" lon="15.0942901">
	<ele>0.86</ele>
	<time>2026-08-09T06:21:44.918Z</time>
	<hdop>3.79</hdop>
	<extensions>
		<gpxtpx:TrackPointExtension>
			<gpxtpx:course>313.0</gpxtpx:course>
		</gpxtpx:TrackPointExtension>
	</extensions>
</trkpt>
<trkpt lat="43.9116442" lon="15.0939889">
	<ele>2.20</ele>
	<time>2026-08-09T06:21:54.918Z</time>
	<hdop>3.79</hdop>
	<extensions>
		<gpxtpx:TrackPointExtension>
			<gpxtpx:course>324.0</gpxtpx:course>
		</gpxtpx:TrackPointExtension>
	</extensions>
</trkpt>
<trkpt lat="43.9119263" lon="15.0937646">
	<ele>3.22</ele>
	<time>2026-08-09T06:22:04.918Z</time>
	<hdop>3.79</hdop>
	<extensions>
		<gpxtpx:TrackPointExtension>
			<gpxtpx:course>335.0</gpxtpx:course>
		</gpxtpx:TrackPointExtension>
	</extensions>
</trkpt>
<trkpt lat="43.9122222" lon="15.0936219">
	<ele>3.02</ele>
	<time>2026-08-09T06:22:14.918Z</time>
	<hdop>3.79</hdop>
	<extensions>
		<gpxtpx:TrackPointExtension>
			<gpxtpx:course>348.0</gpxtpx:course>
		</gpxtpx:TrackPointExtension>
	</extensions>
</trkpt>
<trkpt lat="43.9125722" lon="15.0935216">
	<ele>-15.85</ele>
	<time>2026-08-09T06:22:25.918Z</time>
	<hdop>3.79</hdop>
	<extensions>
		<gpxtpx:TrackPointExtension>
			<gpxtpx:course>347.0</gpxtpx:course>
		</gpxtpx:TrackPointExtension>
	</extensions>
</trkpt>
<trkpt lat="43.9128751" lon="15.0934325">
	<ele>-41.64</ele>
	<time>2026-08-09T06:22:35.918Z</time>
	<hdop>3.79</hdop>
	<extensions>
		<gpxtpx:TrackPointExtension>
			<gpxtpx:course>348.0</gpxtpx:course>
		</gpxtpx:TrackPointExtension>
	</extensions>
</trkpt>
<trkpt lat="43.9132156" lon="15.0933322">
	<ele>-59.66</ele>
	<time>2026-08-09T06:22:46.917Z</time>
	<hdop>3.79</hdop>
	<extensions>
		<gpxtpx:TrackPointExtension>
			<gpxtpx:course>347.0</gpxtpx:course>
		</gpxtpx:TrackPointExtension>
	</extensions>
</trkpt>
<trkpt lat="43.9135286" lon="15.0932576">
	<ele>-54.04</ele>
	<time>2026-08-09T06:22:56.918Z</time>
	<hdop>3.79</hdop>
	<extensions>
		<gpxtpx:TrackPointExtension>
			<gpxtpx:course>346.0</gpxtpx:course>
		</gpxtpx:TrackPointExtension>
	</extensions>
</trkpt>
<trkpt lat="43.9138329" lon="15.0931745">
	<ele>-38.50</ele>
	<time>2026-08-09T06:23:06.918Z</time>
	<hdop>3.79</hdop>
	<extensions>
		<gpxtpx:TrackPointExtension>
			<gpxtpx:course>352.0</gpxtpx:course>
		</gpxtpx:TrackPointExtension>
	</extensions>
</trkpt>
<trkpt lat="43.9141427" lon="15.0930954">
	<ele>-19.30</ele>
	<time>2026-08-09T06:23:16.918Z</time>
	<hdop>3.79</hdop>
	<extensions>
		<gpxtpx:TrackPointExtension>
			<gpxtpx:course>351.0</gpxtpx:course>
		</gpxtpx:TrackPointExtension>
	</extensions>
</trkpt>
<trkpt lat="43.9144531" lon="15.0930137">
	<ele>-14.49</ele>
	<time>2026-08-09T06:23:26.918Z</time>
	<hdop>3.79</hdop>
	<extensions>
		<gpxtpx:TrackPointExtension>
			<gpxtpx:course>347.0</gpxtpx:course>
		</gpxtpx:TrackPointExtension>
	</extensions>
</trkpt>
<trkpt lat="43.9147553" lon="15.0929311">
	<ele>-14.25</ele>
	<time>2026-08-09T06:23:36.918Z</time>
	<hdop>3.79</hdop>
	<extensions>
		<gpxtpx:TrackPointExtension>
			<gpxtpx:course>348.0</gpxtpx:course>
		</gpxtpx:TrackPointExtension>
	</extensions>
</trkpt>
<trkpt lat="43.9150618" lon="15.0928469">
	<ele>-12.44</ele>
	<time>2026-08-09T06:23:46.919Z</time>
	<hdop>3.79</hdop>
	<extensions>
		<gpxtpx:TrackPointExtension>
			<gpxtpx:course>348.0</gpxtpx:course>
		</gpxtpx:TrackPointExtension>
	</extensions>
</trkpt>
<trkpt lat="43.9154072" lon="15.0927588">
	<ele>-9.26</ele>
	<time>2026-08-09T06:23:57.918Z</time>
	<hdop>3.79</hdop>
	<extensions>
		<gpxtpx:TrackPointExtension>
			<gpxtpx:course>348.0</gpxtpx:course>
		</gpxtpx:TrackPointExtension>
	</extensions>
</trkpt>
<trkpt lat="43.9157463" lon="15.0926760">
	<ele>-8.34</ele>
	<time>2026-08-09T06:24:08.919Z</time>
	<hdop>3.79</hdop>
	<extensions>
		<gpxtpx:TrackPointExtension>
			<gpxtpx:course>351.0</gpxtpx:course>
		</gpxtpx:TrackPointExtension>
	</extensions>
</trkpt>
<trkpt lat="43.9160918" lon="15.0925920">
	<ele>-6.54</ele>
	<time>2026-08-09T06:24:19.917Z</time>
	<hdop>3.79</hdop>
	<extensions>
		<gpxtpx:TrackPointExtension>
			<gpxtpx:course>349.0</gpxtpx:course>
		</gpxtpx:TrackPointExtension>
	</extensions>
</trkpt>
<trkpt lat="43.9164025" lon="15.0925105">
	<ele>-5.08</ele>
	<time>2026-08-09T06:24:29.918Z</time>
	<hdop>3.79</hdop>
	<extensions>
		<gpxtpx:TrackPointExtension>
			<gpxtpx:course>347.0</gpxtpx:course>
		</gpxtpx:TrackPointExtension>
	</extensions>
</trkpt>
<trkpt lat="43.9167456" lon="15.0924149">
	<ele>-1.35</ele>
	<time>2026-08-09T06:24:40.918Z</time>
	<hdop>3.79</hdop>
	<extensions>
		<gpxtpx:TrackPointExtension>
			<gpxtpx:course>349.0</gpxtpx:course>
		</gpxtpx:TrackPointExtension>
	</extensions>
</trkpt>
<trkpt lat="43.9170532" lon="15.0923284">
	<ele>0.60</ele>
	<time>2026-08-09T06:24:50.918Z</time>
	<hdop>8.34</hdop>
	<extensions>
		<gpxtpx:TrackPointExtension>
			<gpxtpx:course>349.0</gpxtpx:course>
		</gpxtpx:TrackPointExtension>
	</extensions>
</trkpt>
<trkpt lat="43.9173608" lon="15.0922381">
	<ele>-7.66</ele>
	<time>2026-08-09T06:25:00.918Z</time>
	<hdop>3.79</hdop>
	<extensions>
		<gpxtpx:TrackPointExtension>
			<gpxtpx:course>348.0</gpxtpx:course>
		</gpxtpx:TrackPointExtension>
	</extensions>
</trkpt>
<trkpt lat="43.9177010" lon="15.0921466">
	<ele>-21.06</ele>
	<time>2026-08-09T06:25:11.918Z</time>
	<hdop>3.79</hdop>
	<extensions>
		<gpxtpx:TrackPointExtension>
			<gpxtpx:course>350.0</gpxtpx:course>
		</gpxtpx:TrackPointExtension>
	</extensions>
</trkpt>
<trkpt lat="43.9180096" lon="15.0920690">
	<ele>-16.78</ele>
	<time>2026-08-09T06:25:21.918Z</time>
	<hdop>3.79</hdop>
	<extensions>
		<gpxtpx:TrackPointExtension>
			<gpxtpx:course>347.0</gpxtpx:course>
		</gpxtpx:TrackPointExtension>
	</extensions>
</trkpt>
<trkpt lat="43.9183222" lon="15.0919790">
	<ele>-6.83</ele>
	<time>2026-08-09T06:25:31.918Z</time>
	<hdop>3.79</hdop>
	<extensions>
		<gpxtpx:TrackPointExtension>
			<gpxtpx:course>349.0</gpxtpx:course>
		</gpxtpx:TrackPointExtension>
	</extensions>
</trkpt>
<trkpt lat="43.9186405" lon="15.0918965">
	<ele>-2.07</ele>
	<time>2026-08-09T06:25:41.918Z</time>
	<hdop>3.79</hdop>
	<extensions>
		<gpxtpx:TrackPointExtension>
			<gpxtpx:course>348.0</gpxtpx:course>
		</gpxtpx:TrackPointExtension>
	</extensions>
</trkpt>
<trkpt lat="43.9189483" lon="15.0918022">
	<ele>1.96</ele>
	<time>2026-08-09T06:25:51.918Z</time>
	<hdop>3.79</hdop>
	<extensions>
		<gpxtpx:TrackPointExtension>
			<gpxtpx:course>346.0</gpxtpx:course>
		</gpxtpx:TrackPointExtension>
	</extensions>
</trkpt>
<trkpt lat="43.9192909" lon="15.0917091">
	<ele>4.80</ele>
	<time>2026-08-09T06:26:02.917Z</time>
	<hdop>3.79</hdop>
	<extensions>
		<gpxtpx:TrackPointExtension>
			<gpxtpx:course>350.0</gpxtpx:course>
		</gpxtpx:TrackPointExtension>
	</extensions>
</trkpt>
<trkpt lat="43.9196038" lon="15.0916227">
	<ele>6.77</ele>
	<time>2026-08-09T06:26:12.918Z</time>
	<hdop>3.79</hdop>
	<extensions>
		<gpxtpx:TrackPointExtension>
			<gpxtpx:course>349.0</gpxtpx:course>
		</gpxtpx:TrackPointExtension>
	</extensions>
</trkpt>
<trkpt lat="43.9199439" lon="15.0915177">
	<ele>-7.05</ele>
	<time>2026-08-09T06:26:23.917Z</time>
	<hdop>3.79</hdop>
	<extensions>
		<gpxtpx:TrackPointExtension>
			<gpxtpx:course>347.0</gpxtpx:course>
		</gpxtpx:TrackPointExtension>
	</extensions>
</trkpt>
<trkpt lat="43.9202628" lon="15.0914278">
	<ele>-14.89</ele>
	<time>2026-08-09T06:26:33.917Z</time>
	<hdop>3.79</hdop>
	<extensions>
		<gpxtpx:TrackPointExtension>
			<gpxtpx:course>347.0</gpxtpx:course>
		</gpxtpx:TrackPointExtension>
	</extensions>
</trkpt>
<trkpt lat="43.9205775" lon="15.0913423">
	<ele>-12.40</ele>
	<time>2026-08-09T06:26:43.918Z</time>
	<hdop>3.79</hdop>
	<extensions>
		<gpxtpx:TrackPointExtension>
			<gpxtpx:course>349.0</gpxtpx:course>
		</gpxtpx:TrackPointExtension>
	</extensions>
</trkpt>
<trkpt lat="43.9208890" lon="15.0912484">
	<ele>-4.71</ele>
	<time>2026-08-09T06:26:53.918Z</time>
	<hdop>3.79</hdop>
	<extensions>
		<gpxtpx:TrackPointExtension>
			<gpxtpx:course>345.0</gpxtpx:course>
		</gpxtpx:TrackPointExtension>
	</extensions>
</trkpt>
<trkpt lat="43.9212406" lon="15.0911545">
	<ele>-1.42</ele>
	<time>2026-08-09T06:27:04.917Z</time>
	<hdop>3.79</hdop>
	<extensions>
		<gpxtpx:TrackPointExtension>
			<gpxtpx:course>349.0</gpxtpx:course>
		</gpxtpx:TrackPointExtension>
	</extensions>
</trkpt>
<trkpt lat="43.9215552" lon="15.0910677">
	<ele>1.11</ele>
	<time>2026-08-09T06:27:14.918Z</time>
	<hdop>3.79</hdop>
	<extensions>
		<gpxtpx:TrackPointExtension>
			<gpxtpx:course>348.0</gpxtpx:course>
		</gpxtpx:TrackPointExtension>
	</extensions>
</trkpt>
<trkpt lat="43.9218944" lon="15.0909702">
	<ele>0.19</ele>
	<time>2026-08-09T06:27:25.917Z</time>
	<hdop>3.79</hdop>
	<extensions>
		<gpxtpx:TrackPointExtension>
			<gpxtpx:course>349.0</gpxtpx:course>
		</gpxtpx:TrackPointExtension>
	</extensions>
</trkpt>
<trkpt lat="43.9222085" lon="15.0908794">
	<ele>1.62</ele>
	<time>2026-08-09T06:27:35.917Z</time>
	<hdop>3.79</hdop>
	<extensions>
		<gpxtpx:TrackPointExtension>
			<gpxtpx:course>346.0</gpxtpx:course>
		</gpxtpx:TrackPointExtension>
	</extensions>
</trkpt>
<trkpt lat="43.9225199" lon="15.0907920">
	<ele>-1.20</ele>
	<time>2026-08-09T06:27:45.917Z</time>
	<hdop>3.79</hdop>
	<extensions>
		<gpxtpx:TrackPointExtension>
			<gpxtpx:course>348.0</gpxtpx:course>
		</gpxtpx:TrackPointExtension>
	</extensions>
</trkpt>
<trkpt lat="43.9228339" lon="15.0907006">
	<ele>-1.48</ele>
	<time>2026-08-09T06:27:55.918Z</time>
	<hdop>3.79</hdop>
	<extensions>
		<gpxtpx:TrackPointExtension>
			<gpxtpx:course>349.0</gpxtpx:course>
		</gpxtpx:TrackPointExtension>
	</extensions>
</trkpt>
<trkpt lat="43.9231880" lon="15.0906074">
	<ele>-4.78</ele>
	<time>2026-08-09T06:28:06.918Z</time>
	<hdop>3.79</hdop>
	<extensions>
		<gpxtpx:TrackPointExtension>
			<gpxtpx:course>349.0</gpxtpx:course>
		</gpxtpx:TrackPointExtension>
	</extensions>
</trkpt>
<trkpt lat="43.9235315" lon="15.0905119">
	<ele>-2.81</ele>
	<time>2026-08-09T06:28:17.917Z</time>
	<hdop>3.79</hdop>
	<extensions>
		<gpxtpx:TrackPointExtension>
			<gpxtpx:course>348.0</gpxtpx:course>
		</gpxtpx:TrackPointExtension>
	</extensions>
</trkpt>
<trkpt lat="43.9238448" lon="15.0904205">
	<ele>-2.44</ele>
	<time>2026-08-09T06:28:27.917Z</time>
	<hdop>3.79</hdop>
	<extensions>
		<gpxtpx:TrackPointExtension>
			<gpxtpx:course>347.0</gpxtpx:course>
		</gpxtpx:TrackPointExtension>
	</extensions>
</trkpt>
<trkpt lat="43.9241640" lon="15.0903359">
	<ele>-0.68</ele>
	<time>2026-08-09T06:28:37.917Z</time>
	<hdop>3.79</hdop>
	<extensions>
		<gpxtpx:TrackPointExtension>
			<gpxtpx:course>346.0</gpxtpx:course>
		</gpxtpx:TrackPointExtension>
	</extensions>
</trkpt>
<trkpt lat="43.9244795" lon="15.0902480">
	<ele>-0.71</ele>
	<time>2026-08-09T06:28:47.918Z</time>
	<hdop>3.79</hdop>
	<extensions>
		<gpxtpx:TrackPointExtension>
			<gpxtpx:course>351.0</gpxtpx:course>
		</gpxtpx:TrackPointExtension>
	</extensions>
</trkpt>
<trkpt lat="43.9248290" lon="15.0901496">
	<ele>0.21</ele>
	<time>2026-08-09T06:28:58.917Z</time>
	<hdop>3.79</hdop>
	<extensions>
		<gpxtpx:TrackPointExtension>
			<gpxtpx:course>347.0</gpxtpx:course>
		</gpxtpx:TrackPointExtension>
	</extensions>
</trkpt>
<trkpt lat="43.9251445" lon="15.0900528">
	<ele>0.76</ele>
	<time>2026-08-09T06:29:08.918Z</time>
	<hdop>3.79</hdop>
	<extensions>
		<gpxtpx:TrackPointExtension>
			<gpxtpx:course>348.0</gpxtpx:course>
		</gpxtpx:TrackPointExtension>
	</extensions>
</trkpt>
<trkpt lat="43.9254921" lon="15.0899485">
	<ele>-1.73</ele>
	<time>2026-08-09T06:29:19.917Z</time>
	<hdop>3.79</hdop>
	<extensions>
		<gpxtpx:TrackPointExtension>
			<gpxtpx:course>348.0</gpxtpx:course>
		</gpxtpx:TrackPointExtension>
	</extensions>
</trkpt>
<trkpt lat="43.9258013" lon="15.0898621">
	<ele>-1.95</ele>
	<time>2026-08-09T06:29:29.918Z</time>
	<hdop>3.79</hdop>
	<extensions>
		<gpxtpx:TrackPointExtension>
			<gpxtpx:course>346.0</gpxtpx:course>
		</gpxtpx:TrackPointExtension>
	</extensions>
</trkpt>
<trkpt lat="43.9261510" lon="15.0897546">
	<ele>-1.87</ele>
	<time>2026-08-09T06:29:40.917Z</time>
	<hdop>3.79</hdop>
	<extensions>
		<gpxtpx:TrackPointExtension>
			<gpxtpx:course>347.0</gpxtpx:course>
		</gpxtpx:TrackPointExtension>
	</extensions>
</trkpt>
<trkpt lat="43.9264616" lon="15.0896630">
	<ele>-1.42</ele>
	<time>2026-08-09T06:29:50.917Z</time>
	<hdop>3.79</hdop>
	<extensions>
		<gpxtpx:TrackPointExtension>
			<gpxtpx:course>347.0</gpxtpx:course>
		</gpxtpx:TrackPointExtension>
	</extensions>
</trkpt>
<trkpt lat="43.9267825" lon="15.0895762">
	<ele>-4.99</ele>
	<time>2026-08-09T06:30:00.917Z</time>
	<hdop>3.79</hdop>
	<extensions>
		<gpxtpx:TrackPointExtension>
			<gpxtpx:course>350.0</gpxtpx:course>
		</gpxtpx:TrackPointExtension>
	</extensions>
</trkpt>
<trkpt lat="43.9270978" lon="15.0894855">
	<ele>-2.89</ele>
	<time>2026-08-09T06:30:10.918Z</time>
	<hdop>3.79</hdop>
	<extensions>
		<gpxtpx:TrackPointExtension>
			<gpxtpx:course>348.0</gpxtpx:course>
		</gpxtpx:TrackPointExtension>
	</extensions>
</trkpt>
<trkpt lat="43.9274430" lon="15.0894008">
	<ele>-1.61</ele>
	<time>2026-08-09T06:30:21.917Z</time>
	<hdop>3.79</hdop>
	<extensions>
		<gpxtpx:TrackPointExtension>
			<gpxtpx:course>346.0</gpxtpx:course>
		</gpxtpx:TrackPointExtension>
	</extensions>
</trkpt>
<trkpt lat="43.9277604" lon="15.0893106">
	<ele>0.10</ele>
	<time>2026-08-09T06:30:31.917Z</time>
	<hdop>3.79</hdop>
	<extensions>
		<gpxtpx:TrackPointExtension>
			<gpxtpx:course>347.0</gpxtpx:course>
		</gpxtpx:TrackPointExtension>
	</extensions>
</trkpt>
<trkpt lat="43.9280804" lon="15.0892236">
	<ele>-0.24</ele>
	<time>2026-08-09T06:30:41.918Z</time>
	<hdop>3.79</hdop>
	<extensions>
		<gpxtpx:TrackPointExtension>
			<gpxtpx:course>347.0</gpxtpx:course>
		</gpxtpx:TrackPointExtension>
	</extensions>
</trkpt>
<trkpt lat="43.9284279" lon="15.0891217">
	<ele>1.37</ele>
	<time>2026-08-09T06:30:52.917Z</time>
	<hdop>3.79</hdop>
	<extensions>
		<gpxtpx:TrackPointExtension>
			<gpxtpx:course>348.0</gpxtpx:course>
		</gpxtpx:TrackPointExtension>
	</extensions>
</trkpt>
<trkpt lat="43.9287422" lon="15.0890263">
	<ele>-0.33</ele>
	<time>2026-08-09T06:31:02.917Z</time>
	<hdop>3.79</hdop>
	<extensions>
		<gpxtpx:TrackPointExtension>
			<gpxtpx:course>350.0</gpxtpx:course>
		</gpxtpx:TrackPointExtension>
	</extensions>
</trkpt>
<trkpt lat="43.9290593" lon="15.0889341">
	<ele>-1.11</ele>
	<time>2026-08-09T06:31:12.917Z</time>
	<hdop>3.79</hdop>
	<extensions>
		<gpxtpx:TrackPointExtension>
			<gpxtpx:course>348.0</gpxtpx:course>
		</gpxtpx:TrackPointExtension>
	</extensions>
</trkpt>
<trkpt lat="43.9293755" lon="15.0888465">
	<ele>-3.56</ele>
	<time>2026-08-09T06:31:22.917Z</time>
	<hdop>3.79</hdop>
	<extensions>
		<gpxtpx:TrackPointExtension>
			<gpxtpx:course>345.0</gpxtpx:course>
		</gpxtpx:TrackPointExtension>
	</extensions>
</trkpt>
<trkpt lat="43.9296887" lon="15.0887480">
	<ele>-3.43</ele>
	<time>2026-08-09T06:31:32.917Z</time>
	<hdop>3.79</hdop>
	<extensions>
		<gpxtpx:TrackPointExtension>
			<gpxtpx:course>348.0</gpxtpx:course>
		</gpxtpx:TrackPointExtension>
	</extensions>
</trkpt>
<trkpt lat="43.9300031" lon="15.0886524">
	<ele>-5.54</ele>
	<time>2026-08-09T06:31:42.917Z</time>
	<hdop>3.79</hdop>
	<extensions>
		<gpxtpx:TrackPointExtension>
			<gpxtpx:course>347.0</gpxtpx:course>
		</gpxtpx:TrackPointExtension>
	</extensions>
</trkpt>
<trkpt lat="43.9303178" lon="15.0885627">
	<ele>-2.80</ele>
	<time>2026-08-09T06:31:52.917Z</time>
	<hdop>3.79</hdop>
	<extensions>
		<gpxtpx:TrackPointExtension>
			<gpxtpx:course>349.0</gpxtpx:course>
		</gpxtpx:TrackPointExtension>
	</extensions>
</trkpt>
<trkpt lat="43.9306314" lon="15.0884669">
	<ele>-2.39</ele>
	<time>2026-08-09T06:32:02.917Z</time>
	<hdop>3.79</hdop>
	<extensions>
		<gpxtpx:TrackPointExtension>
			<gpxtpx:course>345.0</gpxtpx:course>
		</gpxtpx:TrackPointExtension>
	</extensions>
</trkpt>
<trkpt lat="43.9309500" lon="15.0883769">
	<ele>0.46</ele>
	<time>2026-08-09T06:32:12.917Z</time>
	<hdop>3.79</hdop>
	<extensions>
		<gpxtpx:TrackPointExtension>
			<gpxtpx:course>347.0</gpxtpx:course>
		</gpxtpx:TrackPointExtension>
	</extensions>
</trkpt>
<trkpt lat="43.9312675" lon="15.0882783">
	<ele>1.19</ele>
	<time>2026-08-09T06:32:22.918Z</time>
	<hdop>3.79</hdop>
	<extensions>
		<gpxtpx:TrackPointExtension>
			<gpxtpx:course>343.0</gpxtpx:course>
		</gpxtpx:TrackPointExtension>
	</extensions>
</trkpt>
<trkpt lat="43.9316176" lon="15.0881736">
	<ele>0.01</ele>
	<time>2026-08-09T06:32:33.917Z</time>
	<hdop>3.79</hdop>
	<extensions>
		<gpxtpx:TrackPointExtension>
			<gpxtpx:course>348.0</gpxtpx:course>
		</gpxtpx:TrackPointExtension>
	</extensions>
</trkpt>
<trkpt lat="43.9319347" lon="15.0880793">
	<ele>-24.18</ele>
	<time>2026-08-09T06:32:43.917Z</time>
	<hdop>3.79</hdop>
	<extensions>
		<gpxtpx:TrackPointExtension>
			<gpxtpx:course>348.0</gpxtpx:course>
		</gpxtpx:TrackPointExtension>
	</extensions>
</trkpt>
<trkpt lat="43.9322557" lon="15.0879885">
	<ele>-27.59</ele>
	<time>2026-08-09T06:32:53.917Z</time>
	<hdop>3.79</hdop>
	<extensions>
		<gpxtpx:TrackPointExtension>
			<gpxtpx:course>348.0</gpxtpx:course>
		</gpxtpx:TrackPointExtension>
	</extensions>
</trkpt>
<trkpt lat="43.9325613" lon="15.0878974">
	<ele>-18.64</ele>
	<time>2026-08-09T06:33:03.917Z</time>
	<hdop>3.79</hdop>
	<extensions>
		<gpxtpx:TrackPointExtension>
			<gpxtpx:course>349.0</gpxtpx:course>
		</gpxtpx:TrackPointExtension>
	</extensions>
</trkpt>
<trkpt lat="43.9328745" lon="15.0878086">
	<ele>-10.66</ele>
	<time>2026-08-09T06:33:13.917Z</time>
	<hdop>3.79</hdop>
	<extensions>
		<gpxtpx:TrackPointExtension>
			<gpxtpx:course>347.0</gpxtpx:course>
		</gpxtpx:TrackPointExtension>
	</extensions>
</trkpt>
<trkpt lat="43.9331917" lon="15.0877066">
	<ele>-6.75</ele>
	<time>2026-08-09T06:33:23.917Z</time>
	<hdop>3.79</hdop>
	<extensions>
		<gpxtpx:TrackPointExtension>
			<gpxtpx:course>349.0</gpxtpx:course>
		</gpxtpx:TrackPointExtension>
	</extensions>
</trkpt>
<trkpt lat="43.9335025" lon="15.0875999">
	<ele>-2.99</ele>
	<time>2026-08-09T06:33:33.918Z</time>
	<hdop>3.79</hdop>
	<extensions>
		<gpxtpx:TrackPointExtension>
			<gpxtpx:course>341.0</gpxtpx:course>
		</gpxtpx:TrackPointExtension>
	</extensions>
</trkpt>
<trkpt lat="43.9338199" lon="15.0874128">
	<ele>-3.25</ele>
	<time>2026-08-09T06:33:44.917Z</time>
	<hdop>3.79</hdop>
	<extensions>
		<gpxtpx:TrackPointExtension>
			<gpxtpx:course>336.0</gpxtpx:course>
		</gpxtpx:TrackPointExtension>
	</extensions>
</trkpt>
<trkpt lat="43.9341577" lon="15.0872243">
	<ele>-22.46</ele>
	<time>2026-08-09T06:33:55.917Z</time>
	<hdop>3.79</hdop>
	<extensions>
		<gpxtpx:TrackPointExtension>
			<gpxtpx:course>338.0</gpxtpx:course>
		</gpxtpx:TrackPointExtension>
	</extensions>
</trkpt>
<trkpt lat="43.9344843" lon="15.0870262">
	<ele>-52.34</ele>
	<time>2026-08-09T06:34:06.916Z</time>
	<hdop>9.35</hdop>
	<extensions>
		<gpxtpx:TrackPointExtension>
			<gpxtpx:course>337.0</gpxtpx:course>
		</gpxtpx:TrackPointExtension>
	</extensions>
</trkpt>
<trkpt lat="43.9347775" lon="15.0868504">
	<ele>-77.66</ele>
	<time>2026-08-09T06:34:16.917Z</time>
	<hdop>3.79</hdop>
	<extensions>
		<gpxtpx:TrackPointExtension>
			<gpxtpx:course>338.0</gpxtpx:course>
		</gpxtpx:TrackPointExtension>
	</extensions>
</trkpt>
<trkpt lat="43.9350817" lon="15.0866707">
	<ele>-77.47</ele>
	<time>2026-08-09T06:34:26.917Z</time>
	<hdop>3.79</hdop>
	<extensions>
		<gpxtpx:TrackPointExtension>
			<gpxtpx:course>336.0</gpxtpx:course>
		</gpxtpx:TrackPointExtension>
	</extensions>
</trkpt>
<trkpt lat="43.9353862" lon="15.0865072">
	<ele>-65.46</ele>
	<time>2026-08-09T06:34:36.917Z</time>
	<hdop>3.79</hdop>
	<extensions>
		<gpxtpx:TrackPointExtension>
			<gpxtpx:course>335.0</gpxtpx:course>
		</gpxtpx:TrackPointExtension>
	</extensions>
</trkpt>
<trkpt lat="43.9356902" lon="15.0863295">
	<ele>-55.64</ele>
	<time>2026-08-09T06:34:46.918Z</time>
	<hdop>3.79</hdop>
	<extensions>
		<gpxtpx:TrackPointExtension>
			<gpxtpx:course>337.0</gpxtpx:course>
		</gpxtpx:TrackPointExtension>
	</extensions>
</trkpt>
<trkpt lat="43.9360173" lon="15.0861384">
	<ele>-50.04</ele>
	<time>2026-08-09T06:34:57.917Z</time>
	<hdop>3.79</hdop>
	<extensions>
		<gpxtpx:TrackPointExtension>
			<gpxtpx:course>334.0</gpxtpx:course>
		</gpxtpx:TrackPointExtension>
	</extensions>
</trkpt>
<trkpt lat="43.9363481" lon="15.0859466">
	<ele>-44.61</ele>
	<time>2026-08-09T06:35:08.918Z</time>
	<hdop>3.79</hdop>
	<extensions>
		<gpxtpx:TrackPointExtension>
			<gpxtpx:course>337.0</gpxtpx:course>
		</gpxtpx:TrackPointExtension>
	</extensions>
</trkpt>
<trkpt lat="43.9366840" lon="15.0857588">
	<ele>-40.60</ele>
	<time>2026-08-09T06:35:19.916Z</time>
	<hdop>3.79</hdop>
	<extensions>
		<gpxtpx:TrackPointExtension>
			<gpxtpx:course>338.0</gpxtpx:course>
		</gpxtpx:TrackPointExtension>
	</extensions>
</trkpt>
<trkpt lat="43.9369833" lon="15.0855846">
	<ele>-36.43</ele>
	<time>2026-08-09T06:35:29.917Z</time>
	<hdop>3.79</hdop>
	<extensions>
		<gpxtpx:TrackPointExtension>
			<gpxtpx:course>338.0</gpxtpx:course>
		</gpxtpx:TrackPointExtension>
	</extensions>
</trkpt>
<trkpt lat="43.9373149" lon="15.0853906">
	<ele>-33.35</ele>
	<time>2026-08-09T06:35:40.917Z</time>
	<hdop>3.79</hdop>
	<extensions>
		<gpxtpx:TrackPointExtension>
			<gpxtpx:course>338.0</gpxtpx:course>
		</gpxtpx:TrackPointExtension>
	</extensions>
</trkpt>
<trkpt lat="43.9376160" lon="15.0852222">
	<ele>-34.03</ele>
	<time>2026-08-09T06:35:50.918Z</time>
	<hdop>3.79</hdop>
	<extensions>
		<gpxtpx:TrackPointExtension>
			<gpxtpx:course>337.0</gpxtpx:course>
		</gpxtpx:TrackPointExtension>
	</extensions>
</trkpt>
<trkpt lat="43.9379492" lon="15.0850351">
	<ele>-30.38</ele>
	<time>2026-08-09T06:36:01.916Z</time>
	<hdop>3.79</hdop>
	<extensions>
		<gpxtpx:TrackPointExtension>
			<gpxtpx:course>338.0</gpxtpx:course>
		</gpxtpx:TrackPointExtension>
	</extensions>
</trkpt>
<trkpt lat="43.9382504" lon="15.0848632">
	<ele>-34.56</ele>
	<time>2026-08-09T06:36:11.917Z</time>
	<hdop>3.79</hdop>
	<extensions>
		<gpxtpx:TrackPointExtension>
			<gpxtpx:course>341.0</gpxtpx:course>
		</gpxtpx:TrackPointExtension>
	</extensions>
</trkpt>
<trkpt lat="43.9385530" lon="15.0846890">
	<ele>-32.72</ele>
	<time>2026-08-09T06:36:21.917Z</time>
	<hdop>3.79</hdop>
	<extensions>
		<gpxtpx:TrackPointExtension>
			<gpxtpx:course>337.0</gpxtpx:course>
		</gpxtpx:TrackPointExtension>
	</extensions>
</trkpt>
<trkpt lat="43.9388926" lon="15.0844970">
	<ele>-31.90</ele>
	<time>2026-08-09T06:36:32.915Z</time>
	<hdop>3.79</hdop>
	<extensions>
		<gpxtpx:TrackPointExtension>
			<gpxtpx:course>338.0</gpxtpx:course>
		</gpxtpx:TrackPointExtension>
	</extensions>
</trkpt>
<trkpt lat="43.9391896" lon="15.0843374">
	<ele>-34.20</ele>
	<time>2026-08-09T06:36:42.917Z</time>
	<hdop>3.79</hdop>
	<extensions>
		<gpxtpx:TrackPointExtension>
			<gpxtpx:course>337.0</gpxtpx:course>
		</gpxtpx:TrackPointExtension>
	</extensions>
</trkpt>
<trkpt lat="43.9395135" lon="15.0841324">
	<ele>-32.80</ele>
	<time>2026-08-09T06:36:53.916Z</time>
	<hdop>3.79</hdop>
	<extensions>
		<gpxtpx:TrackPointExtension>
			<gpxtpx:course>329.0</gpxtpx:course>
		</gpxtpx:TrackPointExtension>
	</extensions>
</trkpt>
<trkpt lat="43.9397819" lon="15.0838823">
	<ele>-28.57</ele>
	<time>2026-08-09T06:37:03.917Z</time>
	<hdop>3.79</hdop>
	<extensions>
		<gpxtpx:TrackPointExtension>
			<gpxtpx:course>327.0</gpxtpx:course>
		</gpxtpx:TrackPointExtension>
	</extensions>
</trkpt>
<trkpt lat="43.9400847" lon="15.0836083">
	<ele>-27.72</ele>
	<time>2026-08-09T06:37:14.917Z</time>
	<hdop>3.79</hdop>
	<extensions>
		<gpxtpx:TrackPointExtension>
			<gpxtpx:course>324.0</gpxtpx:course>
		</gpxtpx:TrackPointExtension>
	</extensions>
</trkpt>
<trkpt lat="43.9403805" lon="15.0833381">
	<ele>-20.17</ele>
	<time>2026-08-09T06:37:25.918Z</time>
	<hdop>3.79</hdop>
	<extensions>
		<gpxtpx:TrackPointExtension>
			<gpxtpx:course>328.0</gpxtpx:course>
		</gpxtpx:TrackPointExtension>
	</extensions>
</trkpt>
<trkpt lat="43.9406803" lon="15.0830648">
	<ele>-17.20</ele>
	<time>2026-08-09T06:37:36.916Z</time>
	<hdop>3.79</hdop>
	<extensions>
		<gpxtpx:TrackPointExtension>
			<gpxtpx:course>327.0</gpxtpx:course>
		</gpxtpx:TrackPointExtension>
	</extensions>
</trkpt>
<trkpt lat="43.9409539" lon="15.0828179">
	<ele>-15.28</ele>
	<time>2026-08-09T06:37:46.916Z</time>
	<hdop>3.79</hdop>
	<extensions>
		<gpxtpx:TrackPointExtension>
			<gpxtpx:course>327.0</gpxtpx:course>
		</gpxtpx:TrackPointExtension>
	</extensions>
</trkpt>
<trkpt lat="43.9412319" lon="15.0825770">
	<ele>-10.69</ele>
	<time>2026-08-09T06:37:56.916Z</time>
	<hdop>3.79</hdop>
	<extensions>
		<gpxtpx:TrackPointExtension>
			<gpxtpx:course>328.0</gpxtpx:course>
		</gpxtpx:TrackPointExtension>
	</extensions>
</trkpt>
<trkpt lat="43.9414962" lon="15.0823401">
	<ele>-10.96</ele>
	<time>2026-08-09T06:38:06.916Z</time>
	<hdop>3.79</hdop>
	<extensions>
		<gpxtpx:TrackPointExtension>
			<gpxtpx:course>325.0</gpxtpx:course>
		</gpxtpx:TrackPointExtension>
	</extensions>
</trkpt>
<trkpt lat="43.9417752" lon="15.0820989">
	<ele>-11.89</ele>
	<time>2026-08-09T06:38:16.916Z</time>
	<hdop>3.79</hdop>
	<extensions>
		<gpxtpx:TrackPointExtension>
			<gpxtpx:course>327.0</gpxtpx:course>
		</gpxtpx:TrackPointExtension>
	</extensions>
</trkpt>
<trkpt lat="43.9420528" lon="15.0818499">
	<ele>-12.09</ele>
	<time>2026-08-09T06:38:26.916Z</time>
	<hdop>3.79</hdop>
	<extensions>
		<gpxtpx:TrackPointExtension>
			<gpxtpx:course>326.0</gpxtpx:course>
		</gpxtpx:TrackPointExtension>
	</extensions>
</trkpt>
<trkpt lat="43.9423241" lon="15.0816040">
	<ele>-13.93</ele>
	<time>2026-08-09T06:38:36.916Z</time>
	<hdop>3.79</hdop>
	<extensions>
		<gpxtpx:TrackPointExtension>
			<gpxtpx:course>326.0</gpxtpx:course>
		</gpxtpx:TrackPointExtension>
	</extensions>
</trkpt>
<trkpt lat="43.9426009" lon="15.0813595">
	<ele>-13.69</ele>
	<time>2026-08-09T06:38:46.916Z</time>
	<hdop>3.79</hdop>
	<extensions>
		<gpxtpx:TrackPointExtension>
			<gpxtpx:course>328.0</gpxtpx:course>
		</gpxtpx:TrackPointExtension>
	</extensions>
</trkpt>
<trkpt lat="43.9428795" lon="15.0811217">
	<ele>-12.49</ele>
	<time>2026-08-09T06:38:56.916Z</time>
	<hdop>3.79</hdop>
	<extensions>
		<gpxtpx:TrackPointExtension>
			<gpxtpx:course>329.0</gpxtpx:course>
		</gpxtpx:TrackPointExtension>
	</extensions>
</trkpt>
<trkpt lat="43.9431565" lon="15.0808806">
	<ele>-13.30</ele>
	<time>2026-08-09T06:39:06.916Z</time>
	<hdop>3.79</hdop>
	<extensions>
		<gpxtpx:TrackPointExtension>
			<gpxtpx:course>325.0</gpxtpx:course>
		</gpxtpx:TrackPointExtension>
	</extensions>
</trkpt>
<trkpt lat="43.9434286" lon="15.0806302">
	<ele>-13.50</ele>
	<time>2026-08-09T06:39:16.917Z</time>
	<hdop>3.79</hdop>
	<extensions>
		<gpxtpx:TrackPointExtension>
			<gpxtpx:course>328.0</gpxtpx:course>
		</gpxtpx:TrackPointExtension>
	</extensions>
</trkpt>
<trkpt lat="43.9437317" lon="15.0803581">
	<ele>-16.26</ele>
	<time>2026-08-09T06:39:27.916Z</time>
	<hdop>3.79</hdop>
	<extensions>
		<gpxtpx:TrackPointExtension>
			<gpxtpx:course>325.0</gpxtpx:course>
		</gpxtpx:TrackPointExtension>
	</extensions>
</trkpt>
<trkpt lat="43.9440173" lon="15.0801139">
	<ele>-20.98</ele>
	<time>2026-08-09T06:39:37.916Z</time>
	<hdop>3.79</hdop>
	<extensions>
		<gpxtpx:TrackPointExtension>
			<gpxtpx:course>327.0</gpxtpx:course>
		</gpxtpx:TrackPointExtension>
	</extensions>
</trkpt>
<trkpt lat="43.9442864" lon="15.0798639">
	<ele>-32.03</ele>
	<time>2026-08-09T06:39:47.917Z</time>
	<hdop>3.79</hdop>
	<extensions>
		<gpxtpx:TrackPointExtension>
			<gpxtpx:course>331.0</gpxtpx:course>
		</gpxtpx:TrackPointExtension>
	</extensions>
</trkpt>
<trkpt lat="43.9446007" lon="15.0796009">
	<ele>-41.22</ele>
	<time>2026-08-09T06:39:58.917Z</time>
	<hdop>3.79</hdop>
	<extensions>
		<gpxtpx:TrackPointExtension>
			<gpxtpx:course>329.0</gpxtpx:course>
		</gpxtpx:TrackPointExtension>
	</extensions>
</trkpt>
<trkpt lat="43.9448961" lon="15.0793191">
	<ele>-24.70</ele>
	<time>2026-08-09T06:40:09.916Z</time>
	<hdop>3.79</hdop>
	<extensions>
		<gpxtpx:TrackPointExtension>
			<gpxtpx:course>322.0</gpxtpx:course>
		</gpxtpx:TrackPointExtension>
	</extensions>
</trkpt>
<trkpt lat="43.9451651" lon="15.0790746">
	<ele>-17.64</ele>
	<time>2026-08-09T06:40:19.916Z</time>
	<hdop>3.79</hdop>
	<extensions>
		<gpxtpx:TrackPointExtension>
			<gpxtpx:course>334.0</gpxtpx:course>
		</gpxtpx:TrackPointExtension>
	</extensions>
</trkpt>
<trkpt lat="43.9454645" lon="15.0788101">
	<ele>-25.67</ele>
	<time>2026-08-09T06:40:30.915Z</time>
	<hdop>3.79</hdop>
	<extensions>
		<gpxtpx:TrackPointExtension>
			<gpxtpx:course>328.0</gpxtpx:course>
		</gpxtpx:TrackPointExtension>
	</extensions>
</trkpt>
<trkpt lat="43.9457364" lon="15.0785609">
	<ele>-18.08</ele>
	<time>2026-08-09T06:40:40.916Z</time>
	<hdop>3.79</hdop>
	<extensions>
		<gpxtpx:TrackPointExtension>
			<gpxtpx:course>325.0</gpxtpx:course>
		</gpxtpx:TrackPointExtension>
	</extensions>
</trkpt>
<trkpt lat="43.9460003" lon="15.0782938">
	<ele>-2.44</ele>
	<time>2026-08-09T06:40:50.916Z</time>
	<hdop>3.79</hdop>
	<extensions>
		<gpxtpx:TrackPointExtension>
			<gpxtpx:course>321.0</gpxtpx:course>
		</gpxtpx:TrackPointExtension>
	</extensions>
</trkpt>
<trkpt lat="43.9462592" lon="15.0780093">
	<ele>-4.64</ele>
	<time>2026-08-09T06:41:00.916Z</time>
	<hdop>3.79</hdop>
	<extensions>
		<gpxtpx:TrackPointExtension>
			<gpxtpx:course>321.0</gpxtpx:course>
		</gpxtpx:TrackPointExtension>
	</extensions>
</trkpt>
<trkpt lat="43.9465196" lon="15.0777347">
	<ele>-22.89</ele>
	<time>2026-08-09T06:41:10.916Z</time>
	<hdop>3.79</hdop>
	<extensions>
		<gpxtpx:TrackPointExtension>
			<gpxtpx:course>322.0</gpxtpx:course>
		</gpxtpx:TrackPointExtension>
	</extensions>
</trkpt>
<trkpt lat="43.9467791" lon="15.0774684">
	<ele>-24.26</ele>
	<time>2026-08-09T06:41:20.917Z</time>
	<hdop>3.79</hdop>
	<extensions>
		<gpxtpx:TrackPointExtension>
			<gpxtpx:course>322.0</gpxtpx:course>
		</gpxtpx:TrackPointExtension>
	</extensions>
</trkpt>
<trkpt lat="43.9470613" lon="15.0771583">
	<ele>-20.24</ele>
	<time>2026-08-09T06:41:31.916Z</time>
	<hdop>3.79</hdop>
	<extensions>
		<gpxtpx:TrackPointExtension>
			<gpxtpx:course>322.0</gpxtpx:course>
		</gpxtpx:TrackPointExtension>
	</extensions>
</trkpt>
<trkpt lat="43.9473460" lon="15.0768504">
	<ele>-16.31</ele>
	<time>2026-08-09T06:41:42.916Z</time>
	<hdop>3.79</hdop>
	<extensions>
		<gpxtpx:TrackPointExtension>
			<gpxtpx:course>324.0</gpxtpx:course>
		</gpxtpx:TrackPointExtension>
	</extensions>
</trkpt>
<trkpt lat="43.9475993" lon="15.0765811">
	<ele>-15.98</ele>
	<time>2026-08-09T06:41:52.916Z</time>
	<hdop>3.79</hdop>
	<extensions>
		<gpxtpx:TrackPointExtension>
			<gpxtpx:course>323.0</gpxtpx:course>
		</gpxtpx:TrackPointExtension>
	</extensions>
</trkpt>
<trkpt lat="43.9478618" lon="15.0763117">
	<ele>-12.39</ele>
	<time>2026-08-09T06:42:02.916Z</time>
	<hdop>3.79</hdop>
	<extensions>
		<gpxtpx:TrackPointExtension>
			<gpxtpx:course>322.0</gpxtpx:course>
		</gpxtpx:TrackPointExtension>
	</extensions>
</trkpt>
<trkpt lat="43.9481230" lon="15.0760381">
	<ele>-5.45</ele>
	<time>2026-08-09T06:42:12.916Z</time>
	<hdop>3.79</hdop>
	<extensions>
		<gpxtpx:TrackPointExtension>
			<gpxtpx:course>323.0</gpxtpx:course>
		</gpxtpx:TrackPointExtension>
	</extensions>
</trkpt>
<trkpt lat="43.9484092" lon="15.0757384">
	<ele>6.20</ele>
	<time>2026-08-09T06:42:23.915Z</time>
	<hdop>3.79</hdop>
	<extensions>
		<gpxtpx:TrackPointExtension>
			<gpxtpx:course>322.0</gpxtpx:course>
		</gpxtpx:TrackPointExtension>
	</extensions>
</trkpt>
<trkpt lat="43.9486688" lon="15.0754667">
	<ele>4.30</ele>
	<time>2026-08-09T06:42:33.917Z</time>
	<hdop>3.79</hdop>
	<extensions>
		<gpxtpx:TrackPointExtension>
			<gpxtpx:course>322.0</gpxtpx:course>
		</gpxtpx:TrackPointExtension>
	</extensions>
</trkpt>
<trkpt lat="43.9489517" lon="15.0751584">
	<ele>-0.45</ele>
	<time>2026-08-09T06:42:44.916Z</time>
	<hdop>3.79</hdop>
	<extensions>
		<gpxtpx:TrackPointExtension>
			<gpxtpx:course>322.0</gpxtpx:course>
		</gpxtpx:TrackPointExtension>
	</extensions>
</trkpt>
<trkpt lat="43.9492083" lon="15.0748850">
	<ele>-12.25</ele>
	<time>2026-08-09T06:42:54.916Z</time>
	<hdop>3.79</hdop>
	<extensions>
		<gpxtpx:TrackPointExtension>
			<gpxtpx:course>322.0</gpxtpx:course>
		</gpxtpx:TrackPointExtension>
	</extensions>
</trkpt>
<trkpt lat="43.9494643" lon="15.0746049">
	<ele>2.67</ele>
	<time>2026-08-09T06:43:04.916Z</time>
	<hdop>3.79</hdop>
	<extensions>
		<gpxtpx:TrackPointExtension>
			<gpxtpx:course>322.0</gpxtpx:course>
		</gpxtpx:TrackPointExtension>
	</extensions>
</trkpt>
<trkpt lat="43.9497528" lon="15.0743037">
	<ele>10.58</ele>
	<time>2026-08-09T06:43:15.915Z</time>
	<hdop>3.79</hdop>
	<extensions>
		<gpxtpx:TrackPointExtension>
			<gpxtpx:course>321.0</gpxtpx:course>
		</gpxtpx:TrackPointExtension>
	</extensions>
</trkpt>
<trkpt lat="43.9500103" lon="15.0740255">
	<ele>-34.07</ele>
	<time>2026-08-09T06:43:25.916Z</time>
	<hdop>3.79</hdop>
	<extensions>
		<gpxtpx:TrackPointExtension>
			<gpxtpx:course>321.0</gpxtpx:course>
		</gpxtpx:TrackPointExtension>
	</extensions>
</trkpt>
<trkpt lat="43.9502745" lon="15.0737592">
	<ele>-0.51</ele>
	<time>2026-08-09T06:43:35.916Z</time>
	<hdop>3.79</hdop>
	<extensions>
		<gpxtpx:TrackPointExtension>
			<gpxtpx:course>324.0</gpxtpx:course>
		</gpxtpx:TrackPointExtension>
	</extensions>
</trkpt>
<trkpt lat="43.9505614" lon="15.0734740">
	<ele>12.37</ele>
	<time>2026-08-09T06:43:46.915Z</time>
	<hdop>3.79</hdop>
	<extensions>
		<gpxtpx:TrackPointExtension>
			<gpxtpx:course>324.0</gpxtpx:course>
		</gpxtpx:TrackPointExtension>
	</extensions>
</trkpt>
<trkpt lat="43.9508142" lon="15.0732149">
	<ele>12.18</ele>
	<time>2026-08-09T06:43:56.915Z</time>
	<hdop>3.79</hdop>
	<extensions>
		<gpxtpx:TrackPointExtension>
			<gpxtpx:course>324.0</gpxtpx:course>
		</gpxtpx:TrackPointExtension>
	</extensions>
</trkpt>
<trkpt lat="43.9510715" lon="15.0729610">
	<ele>-40.90</ele>
	<time>2026-08-09T06:44:06.915Z</time>
	<hdop>3.79</hdop>
	<extensions>
		<gpxtpx:TrackPointExtension>
			<gpxtpx:course>324.0</gpxtpx:course>
		</gpxtpx:TrackPointExtension>
	</extensions>
</trkpt>
<trkpt lat="43.9513277" lon="15.0726990">
	<ele>-2.31</ele>
	<time>2026-08-09T06:44:16.916Z</time>
	<hdop>3.79</hdop>
	<extensions>
		<gpxtpx:TrackPointExtension>
			<gpxtpx:course>322.0</gpxtpx:course>
		</gpxtpx:TrackPointExtension>
	</extensions>
</trkpt>
<trkpt lat="43.9516098" lon="15.0724079">
	<ele>23.66</ele>
	<time>2026-08-09T06:44:27.915Z</time>
	<hdop>3.79</hdop>
	<extensions>
		<gpxtpx:TrackPointExtension>
			<gpxtpx:course>324.0</gpxtpx:course>
		</gpxtpx:TrackPointExtension>
	</extensions>
</trkpt>
<trkpt lat="43.9518593" lon="15.0721476">
	<ele>12.78</ele>
	<time>2026-08-09T06:44:37.915Z</time>
	<hdop>3.79</hdop>
	<extensions>
		<gpxtpx:TrackPointExtension>
			<gpxtpx:course>323.0</gpxtpx:course>
		</gpxtpx:TrackPointExtension>
	</extensions>
</trkpt>
<trkpt lat="43.9521123" lon="15.0718903">
	<ele>19.07</ele>
	<time>2026-08-09T06:44:47.915Z</time>
	<hdop>3.79</hdop>
	<extensions>
		<gpxtpx:TrackPointExtension>
			<gpxtpx:course>324.0</gpxtpx:course>
		</gpxtpx:TrackPointExtension>
	</extensions>
</trkpt>
<trkpt lat="43.9523646" lon="15.0716456">
	<ele>26.93</ele>
	<time>2026-08-09T06:44:57.916Z</time>
	<hdop>3.79</hdop>
	<extensions>
		<gpxtpx:TrackPointExtension>
			<gpxtpx:course>323.0</gpxtpx:course>
		</gpxtpx:TrackPointExtension>
	</extensions>
</trkpt>
<trkpt lat="43.9526357" lon="15.0713637">
	<ele>25.54</ele>
	<time>2026-08-09T06:45:08.916Z</time>
	<hdop>3.79</hdop>
	<extensions>
		<gpxtpx:TrackPointExtension>
			<gpxtpx:course>324.0</gpxtpx:course>
		</gpxtpx:TrackPointExtension>
	</extensions>
</trkpt>
<trkpt lat="43.9529138" lon="15.0710905">
	<ele>-67.68</ele>
	<time>2026-08-09T06:45:19.916Z</time>
	<hdop>3.79</hdop>
	<extensions>
		<gpxtpx:TrackPointExtension>
			<gpxtpx:course>324.0</gpxtpx:course>
		</gpxtpx:TrackPointExtension>
	</extensions>
</trkpt>
<trkpt lat="43.9531917" lon="15.0708059">
	<ele>-131.60</ele>
	<time>2026-08-09T06:45:30.915Z</time>
	<hdop>3.79</hdop>
	<extensions>
		<gpxtpx:TrackPointExtension>
			<gpxtpx:course>322.0</gpxtpx:course>
		</gpxtpx:TrackPointExtension>
	</extensions>
</trkpt>
<trkpt lat="43.9534428" lon="15.0705532">
	<ele>-24.91</ele>
	<time>2026-08-09T06:45:40.915Z</time>
	<hdop>3.79</hdop>
	<extensions>
		<gpxtpx:TrackPointExtension>
			<gpxtpx:course>325.0</gpxtpx:course>
		</gpxtpx:TrackPointExtension>
	</extensions>
</trkpt>
<trkpt lat="43.9536937" lon="15.0702991">
	<ele>26.73</ele>
	<time>2026-08-09T06:45:50.915Z</time>
	<hdop>3.79</hdop>
	<extensions>
		<gpxtpx:TrackPointExtension>
			<gpxtpx:course>322.0</gpxtpx:course>
		</gpxtpx:TrackPointExtension>
	</extensions>
</trkpt>
<trkpt lat="43.9539469" lon="15.0700512">
	<ele>33.11</ele>
	<time>2026-08-09T06:46:00.915Z</time>
	<hdop>3.79</hdop>
	<extensions>
		<gpxtpx:TrackPointExtension>
			<gpxtpx:course>323.0</gpxtpx:course>
		</gpxtpx:TrackPointExtension>
	</extensions>
</trkpt>
<trkpt lat="43.9542282" lon="15.0697850">
	<ele>35.59</ele>
	<time>2026-08-09T06:46:11.915Z</time>
	<hdop>3.79</hdop>
	<extensions>
		<gpxtpx:TrackPointExtension>
			<gpxtpx:course>328.0</gpxtpx:course>
		</gpxtpx:TrackPointExtension>
	</extensions>
</trkpt>
<trkpt lat="43.9544815" lon="15.0695352">
	<ele>29.90</ele>
	<time>2026-08-09T06:46:21.916Z</time>
	<hdop>3.79</hdop>
	<extensions>
		<gpxtpx:TrackPointExtension>
			<gpxtpx:course>323.0</gpxtpx:course>
		</gpxtpx:TrackPointExtension>
	</extensions>
</trkpt>
<trkpt lat="43.9547513" lon="15.0692539">
	<ele>21.11</ele>
	<time>2026-08-09T06:46:32.915Z</time>
	<hdop>3.79</hdop>
	<extensions>
		<gpxtpx:TrackPointExtension>
			<gpxtpx:course>323.0</gpxtpx:course>
		</gpxtpx:TrackPointExtension>
	</extensions>
</trkpt>
<trkpt lat="43.9550065" lon="15.0690103">
	<ele>13.95</ele>
	<time>2026-08-09T06:46:42.915Z</time>
	<hdop>3.79</hdop>
	<extensions>
		<gpxtpx:TrackPointExtension>
			<gpxtpx:course>327.0</gpxtpx:course>
		</gpxtpx:TrackPointExtension>
	</extensions>
</trkpt>
<trkpt lat="43.9552657" lon="15.0687774">
	<ele>5.99</ele>
	<time>2026-08-09T06:46:52.915Z</time>
	<hdop>3.79</hdop>
	<extensions>
		<gpxtpx:TrackPointExtension>
			<gpxtpx:course>328.0</gpxtpx:course>
		</gpxtpx:TrackPointExtension>
	</extensions>
</trkpt>
<trkpt lat="43.9555352" lon="15.0685460">
	<ele>-1.29</ele>
	<time>2026-08-09T06:47:02.915Z</time>
	<hdop>3.79</hdop>
	<extensions>
		<gpxtpx:TrackPointExtension>
			<gpxtpx:course>327.0</gpxtpx:course>
		</gpxtpx:TrackPointExtension>
	</extensions>
</trkpt>
<trkpt lat="43.9558103" lon="15.0683416">
	<ele>-3.16</ele>
	<time>2026-08-09T06:47:12.915Z</time>
	<hdop>3.79</hdop>
	<extensions>
		<gpxtpx:TrackPointExtension>
			<gpxtpx:course>332.0</gpxtpx:course>
		</gpxtpx:TrackPointExtension>
	</extensions>
</trkpt>
<trkpt lat="43.9560994" lon="15.0681534">
	<ele>-7.75</ele>
	<time>2026-08-09T06:47:22.915Z</time>
	<hdop>3.79</hdop>
	<extensions>
		<gpxtpx:TrackPointExtension>
			<gpxtpx:course>336.0</gpxtpx:course>
		</gpxtpx:TrackPointExtension>
	</extensions>
</trkpt>
<trkpt lat="43.9563908" lon="15.0679814">
	<ele>-18.10</ele>
	<time>2026-08-09T06:47:32.915Z</time>
	<hdop>3.79</hdop>
	<extensions>
		<gpxtpx:TrackPointExtension>
			<gpxtpx:course>336.0</gpxtpx:course>
		</gpxtpx:TrackPointExtension>
	</extensions>
</trkpt>
<trkpt lat="43.9566835" lon="15.0678253">
	<ele>-19.98</ele>
	<time>2026-08-09T06:47:42.915Z</time>
	<hdop>3.79</hdop>
	<extensions>
		<gpxtpx:TrackPointExtension>
			<gpxtpx:course>334.0</gpxtpx:course>
		</gpxtpx:TrackPointExtension>
	</extensions>
</trkpt>
<trkpt lat="43.9570026" lon="15.0676162">
	<ele>-29.60</ele>
	<time>2026-08-09T06:47:53.915Z</time>
	<hdop>3.79</hdop>
	<extensions>
		<gpxtpx:TrackPointExtension>
			<gpxtpx:course>332.0</gpxtpx:course>
		</gpxtpx:TrackPointExtension>
	</extensions>
</trkpt>
<trkpt lat="43.9572765" lon="15.0674035">
	<ele>-28.00</ele>
	<time>2026-08-09T06:48:03.915Z</time>
	<hdop>3.79</hdop>
	<extensions>
		<gpxtpx:TrackPointExtension>
			<gpxtpx:course>329.0</gpxtpx:course>
		</gpxtpx:TrackPointExtension>
	</extensions>
</trkpt>
<trkpt lat="43.9575702" lon="15.0671570">
	<ele>-30.24</ele>
	<time>2026-08-09T06:48:14.915Z</time>
	<hdop>3.79</hdop>
	<extensions>
		<gpxtpx:TrackPointExtension>
			<gpxtpx:course>328.0</gpxtpx:course>
		</gpxtpx:TrackPointExtension>
	</extensions>
</trkpt>
<trkpt lat="43.9578128" lon="15.0668931">
	<ele>-34.78</ele>
	<time>2026-08-09T06:48:24.915Z</time>
	<hdop>3.79</hdop>
	<extensions>
		<gpxtpx:TrackPointExtension>
			<gpxtpx:course>315.0</gpxtpx:course>
		</gpxtpx:TrackPointExtension>
	</extensions>
</trkpt>
<trkpt lat="43.9580553" lon="15.0665451">
	<ele>-31.33</ele>
	<time>2026-08-09T06:48:35.915Z</time>
	<hdop>3.79</hdop>
	<extensions>
		<gpxtpx:TrackPointExtension>
			<gpxtpx:course>310.0</gpxtpx:course>
		</gpxtpx:TrackPointExtension>
	</extensions>
</trkpt>
<trkpt lat="43.9582601" lon="15.0661523">
	<ele>-25.75</ele>
	<time>2026-08-09T06:48:46.915Z</time>
	<hdop>3.79</hdop>
	<extensions>
		<gpxtpx:TrackPointExtension>
			<gpxtpx:course>307.0</gpxtpx:course>
		</gpxtpx:TrackPointExtension>
	</extensions>
</trkpt>
<trkpt lat="43.9584898" lon="15.0658199">
	<ele>-27.93</ele>
	<time>2026-08-09T06:48:57.915Z</time>
	<hdop>3.79</hdop>
	<extensions>
		<gpxtpx:TrackPointExtension>
			<gpxtpx:course>314.0</gpxtpx:course>
		</gpxtpx:TrackPointExtension>
	</extensions>
</trkpt>
<trkpt lat="43.9587235" lon="15.0654723">
	<ele>-24.56</ele>
	<time>2026-08-09T06:49:08.915Z</time>
	<hdop>3.79</hdop>
	<extensions>
		<gpxtpx:TrackPointExtension>
			<gpxtpx:course>314.0</gpxtpx:course>
		</gpxtpx:TrackPointExtension>
	</extensions>
</trkpt>
<trkpt lat="43.9589460" lon="15.0651552">
	<ele>-16.25</ele>
	<time>2026-08-09T06:49:18.915Z</time>
	<hdop>3.79</hdop>
	<extensions>
		<gpxtpx:TrackPointExtension>
			<gpxtpx:course>314.0</gpxtpx:course>
		</gpxtpx:TrackPointExtension>
	</extensions>
</trkpt>
<trkpt lat="43.9591870" lon="15.0648132">
	<ele>-16.03</ele>
	<time>2026-08-09T06:49:29.914Z</time>
	<hdop>3.79</hdop>
	<extensions>
		<gpxtpx:TrackPointExtension>
			<gpxtpx:course>314.0</gpxtpx:course>
		</gpxtpx:TrackPointExtension>
	</extensions>
</trkpt>
<trkpt lat="43.9593983" lon="15.0645023">
	<ele>-15.38</ele>
	<time>2026-08-09T06:49:39.915Z</time>
	<hdop>3.79</hdop>
	<extensions>
		<gpxtpx:TrackPointExtension>
			<gpxtpx:course>315.0</gpxtpx:course>
		</gpxtpx:TrackPointExtension>
	</extensions>
</trkpt>
<trkpt lat="43.9596430" lon="15.0641639">
	<ele>-6.07</ele>
	<time>2026-08-09T06:49:50.914Z</time>
	<hdop>3.79</hdop>
	<extensions>
		<gpxtpx:TrackPointExtension>
			<gpxtpx:course>314.0</gpxtpx:course>
		</gpxtpx:TrackPointExtension>
	</extensions>
</trkpt>
<trkpt lat="43.9598652" lon="15.0638694">
	<ele>-0.34</ele>
	<time>2026-08-09T06:50:00.915Z</time>
	<hdop>3.79</hdop>
	<extensions>
		<gpxtpx:TrackPointExtension>
			<gpxtpx:course>316.0</gpxtpx:course>
		</gpxtpx:TrackPointExtension>
	</extensions>
</trkpt>
<trkpt lat="43.9601147" lon="15.0635345">
	<ele>1.51</ele>
	<time>2026-08-09T06:50:11.914Z</time>
	<hdop>3.79</hdop>
	<extensions>
		<gpxtpx:TrackPointExtension>
			<gpxtpx:course>315.0</gpxtpx:course>
		</gpxtpx:TrackPointExtension>
	</extensions>
</trkpt>
<trkpt lat="43.9603403" lon="15.0632278">
	<ele>2.45</ele>
	<time>2026-08-09T06:50:21.914Z</time>
	<hdop>3.79</hdop>
	<extensions>
		<gpxtpx:TrackPointExtension>
			<gpxtpx:course>314.0</gpxtpx:course>
		</gpxtpx:TrackPointExtension>
	</extensions>
</trkpt>
<trkpt lat="43.9605647" lon="15.0629246">
	<ele>11.08</ele>
	<time>2026-08-09T06:50:31.914Z</time>
	<hdop>3.79</hdop>
	<extensions>
		<gpxtpx:TrackPointExtension>
			<gpxtpx:course>317.0</gpxtpx:course>
		</gpxtpx:TrackPointExtension>
	</extensions>
</trkpt>
<trkpt lat="43.9607867" lon="15.0626197">
	<ele>25.80</ele>
	<time>2026-08-09T06:50:41.914Z</time>
	<hdop>3.79</hdop>
	<extensions>
		<gpxtpx:TrackPointExtension>
			<gpxtpx:course>314.0</gpxtpx:course>
		</gpxtpx:TrackPointExtension>
	</extensions>
</trkpt>
<trkpt lat="43.9610136" lon="15.0623133">
	<ele>33.37</ele>
	<time>2026-08-09T06:50:51.914Z</time>
	<hdop>3.79</hdop>
	<extensions>
		<gpxtpx:TrackPointExtension>
			<gpxtpx:course>317.0</gpxtpx:course>
		</gpxtpx:TrackPointExtension>
	</extensions>
</trkpt>
<trkpt lat="43.9612417" lon="15.0620103">
	<ele>34.30</ele>
	<time>2026-08-09T06:51:01.914Z</time>
	<hdop>3.79</hdop>
	<extensions>
		<gpxtpx:TrackPointExtension>
			<gpxtpx:course>312.0</gpxtpx:course>
		</gpxtpx:TrackPointExtension>
	</extensions>
</trkpt>
<trkpt lat="43.9614657" lon="15.0617036">
	<ele>36.20</ele>
	<time>2026-08-09T06:51:11.914Z</time>
	<hdop>3.79</hdop>
	<extensions>
		<gpxtpx:TrackPointExtension>
			<gpxtpx:course>317.0</gpxtpx:course>
		</gpxtpx:TrackPointExtension>
	</extensions>
</trkpt>
<trkpt lat="43.9616856" lon="15.0614001">
	<ele>33.20</ele>
	<time>2026-08-09T06:51:21.914Z</time>
	<hdop>3.79</hdop>
	<extensions>
		<gpxtpx:TrackPointExtension>
			<gpxtpx:course>315.0</gpxtpx:course>
		</gpxtpx:TrackPointExtension>
	</extensions>
</trkpt>
<trkpt lat="43.9619041" lon="15.0610930">
	<ele>38.23</ele>
	<time>2026-08-09T06:51:31.914Z</time>
	<hdop>3.79</hdop>
	<extensions>
		<gpxtpx:TrackPointExtension>
			<gpxtpx:course>315.0</gpxtpx:course>
		</gpxtpx:TrackPointExtension>
	</extensions>
</trkpt>
<trkpt lat="43.9621309" lon="15.0607817">
	<ele>43.86</ele>
	<time>2026-08-09T06:51:41.915Z</time>
	<hdop>3.79</hdop>
	<extensions>
		<gpxtpx:TrackPointExtension>
			<gpxtpx:course>315.0</gpxtpx:course>
		</gpxtpx:TrackPointExtension>
	</extensions>
</trkpt>
<trkpt lat="43.9623529" lon="15.0604775">
	<ele>43.58</ele>
	<time>2026-08-09T06:51:51.915Z</time>
	<hdop>9.92</hdop>
	<extensions>
		<gpxtpx:TrackPointExtension>
			<gpxtpx:course>314.0</gpxtpx:course>
		</gpxtpx:TrackPointExtension>
	</extensions>
</trkpt>
<trkpt lat="43.9625994" lon="15.0601429">
	<ele>44.23</ele>
	<time>2026-08-09T06:52:02.914Z</time>
	<hdop>3.79</hdop>
	<extensions>
		<gpxtpx:TrackPointExtension>
			<gpxtpx:course>316.0</gpxtpx:course>
		</gpxtpx:TrackPointExtension>
	</extensions>
</trkpt>
<trkpt lat="43.9628263" lon="15.0598359">
	<ele>47.30</ele>
	<time>2026-08-09T06:52:12.915Z</time>
	<hdop>3.79</hdop>
	<extensions>
		<gpxtpx:TrackPointExtension>
			<gpxtpx:course>313.0</gpxtpx:course>
		</gpxtpx:TrackPointExtension>
	</extensions>
</trkpt>
<trkpt lat="43.9630769" lon="15.0595063">
	<ele>44.53</ele>
	<time>2026-08-09T06:52:23.914Z</time>
	<hdop>3.79</hdop>
	<extensions>
		<gpxtpx:TrackPointExtension>
			<gpxtpx:course>317.0</gpxtpx:course>
		</gpxtpx:TrackPointExtension>
	</extensions>
</trkpt>
<trkpt lat="43.9632982" lon="15.0592011">
	<ele>46.04</ele>
	<time>2026-08-09T06:52:33.914Z</time>
	<hdop>3.79</hdop>
	<extensions>
		<gpxtpx:TrackPointExtension>
			<gpxtpx:course>315.0</gpxtpx:course>
		</gpxtpx:TrackPointExtension>
	</extensions>
</trkpt>
<trkpt lat="43.9635227" lon="15.0588973">
	<ele>43.01</ele>
	<time>2026-08-09T06:52:43.914Z</time>
	<hdop>3.79</hdop>
	<extensions>
		<gpxtpx:TrackPointExtension>
			<gpxtpx:course>315.0</gpxtpx:course>
		</gpxtpx:TrackPointExtension>
	</extensions>
</trkpt>
<trkpt lat="43.9637598" lon="15.0585980">
	<ele>42.00</ele>
	<time>2026-08-09T06:52:53.914Z</time>
	<hdop>3.79</hdop>
	<extensions>
		<gpxtpx:TrackPointExtension>
			<gpxtpx:course>317.0</gpxtpx:course>
		</gpxtpx:TrackPointExtension>
	</extensions>
</trkpt>
<trkpt lat="43.9639863" lon="15.0582888">
	<ele>40.55</ele>
	<time>2026-08-09T06:53:03.914Z</time>
	<hdop>3.79</hdop>
	<extensions>
		<gpxtpx:TrackPointExtension>
			<gpxtpx:course>315.0</gpxtpx:course>
		</gpxtpx:TrackPointExtension>
	</extensions>
</trkpt>
<trkpt lat="43.9642149" lon="15.0579876">
	<ele>28.75</ele>
	<time>2026-08-09T06:53:13.914Z</time>
	<hdop>3.79</hdop>
	<extensions>
		<gpxtpx:TrackPointExtension>
			<gpxtpx:course>314.0</gpxtpx:course>
		</gpxtpx:TrackPointExtension>
	</extensions>
</trkpt>
<trkpt lat="43.9644328" lon="15.0576905">
	<ele>19.76</ele>
	<time>2026-08-09T06:53:23.914Z</time>
	<hdop>3.79</hdop>
	<extensions>
		<gpxtpx:TrackPointExtension>
			<gpxtpx:course>312.0</gpxtpx:course>
		</gpxtpx:TrackPointExtension>
	</extensions>
</trkpt>
<trkpt lat="43.9646588" lon="15.0573910">
	<ele>26.06</ele>
	<time>2026-08-09T06:53:33.914Z</time>
	<hdop>3.79</hdop>
	<extensions>
		<gpxtpx:TrackPointExtension>
			<gpxtpx:course>316.0</gpxtpx:course>
		</gpxtpx:TrackPointExtension>
	</extensions>
</trkpt>
<trkpt lat="43.9648870" lon="15.0570857">
	<ele>21.33</ele>
	<time>2026-08-09T06:53:43.914Z</time>
	<hdop>3.79</hdop>
	<extensions>
		<gpxtpx:TrackPointExtension>
			<gpxtpx:course>315.0</gpxtpx:course>
		</gpxtpx:TrackPointExtension>
	</extensions>
</trkpt>
<trkpt lat="43.9651008" lon="15.0567814">
	<ele>20.56</ele>
	<time>2026-08-09T06:53:53.914Z</time>
	<hdop>3.79</hdop>
	<extensions>
		<gpxtpx:TrackPointExtension>
			<gpxtpx:course>313.0</gpxtpx:course>
		</gpxtpx:TrackPointExtension>
	</extensions>
</trkpt>
<trkpt lat="43.9653216" lon="15.0564719">
	<ele>23.51</ele>
	<time>2026-08-09T06:54:03.914Z</time>
	<hdop>3.79</hdop>
	<extensions>
		<gpxtpx:TrackPointExtension>
			<gpxtpx:course>316.0</gpxtpx:course>
		</gpxtpx:TrackPointExtension>
	</extensions>
</trkpt>
<trkpt lat="43.9655468" lon="15.0561690">
	<ele>23.47</ele>
	<time>2026-08-09T06:54:13.915Z</time>
	<hdop>3.79</hdop>
	<extensions>
		<gpxtpx:TrackPointExtension>
			<gpxtpx:course>317.0</gpxtpx:course>
		</gpxtpx:TrackPointExtension>
	</extensions>
</trkpt>
<trkpt lat="43.9657825" lon="15.0558392">
	<ele>10.52</ele>
	<time>2026-08-09T06:54:24.914Z</time>
	<hdop>3.79</hdop>
	<extensions>
		<gpxtpx:TrackPointExtension>
			<gpxtpx:course>315.0</gpxtpx:course>
		</gpxtpx:TrackPointExtension>
	</extensions>
</trkpt>
<trkpt lat="43.9660082" lon="15.0555431">
	<ele>13.17</ele>
	<time>2026-08-09T06:54:34.914Z</time>
	<hdop>3.79</hdop>
	<extensions>
		<gpxtpx:TrackPointExtension>
			<gpxtpx:course>316.0</gpxtpx:course>
		</gpxtpx:TrackPointExtension>
	</extensions>
</trkpt>
<trkpt lat="43.9662564" lon="15.0552070">
	<ele>14.22</ele>
	<time>2026-08-09T06:54:45.914Z</time>
	<hdop>3.79</hdop>
	<extensions>
		<gpxtpx:TrackPointExtension>
			<gpxtpx:course>314.0</gpxtpx:course>
		</gpxtpx:TrackPointExtension>
	</extensions>
</trkpt>
<trkpt lat="43.9664756" lon="15.0548969">
	<ele>24.14</ele>
	<time>2026-08-09T06:54:55.914Z</time>
	<hdop>3.79</hdop>
	<extensions>
		<gpxtpx:TrackPointExtension>
			<gpxtpx:course>315.0</gpxtpx:course>
		</gpxtpx:TrackPointExtension>
	</extensions>
</trkpt>
<trkpt lat="43.9667027" lon="15.0545933">
	<ele>30.76</ele>
	<time>2026-08-09T06:55:05.914Z</time>
	<hdop>3.79</hdop>
	<extensions>
		<gpxtpx:TrackPointExtension>
			<gpxtpx:course>314.0</gpxtpx:course>
		</gpxtpx:TrackPointExtension>
	</extensions>
</trkpt>
<trkpt lat="43.9669551" lon="15.0542703">
	<ele>33.92</ele>
	<time>2026-08-09T06:55:16.914Z</time>
	<hdop>3.79</hdop>
	<extensions>
		<gpxtpx:TrackPointExtension>
			<gpxtpx:course>314.0</gpxtpx:course>
		</gpxtpx:TrackPointExtension>
	</extensions>
</trkpt>
<trkpt lat="43.9671771" lon="15.0539594">
	<ele>37.76</ele>
	<time>2026-08-09T06:55:26.914Z</time>
	<hdop>3.79</hdop>
	<extensions>
		<gpxtpx:TrackPointExtension>
			<gpxtpx:course>314.0</gpxtpx:course>
		</gpxtpx:TrackPointExtension>
	</extensions>
</trkpt>
<trkpt lat="43.9674280" lon="15.0536295">
	<ele>39.21</ele>
	<time>2026-08-09T06:55:37.913Z</time>
	<hdop>3.79</hdop>
	<extensions>
		<gpxtpx:TrackPointExtension>
			<gpxtpx:course>316.0</gpxtpx:course>
		</gpxtpx:TrackPointExtension>
	</extensions>
</trkpt>
<trkpt lat="43.9676426" lon="15.0533195">
	<ele>36.36</ele>
	<time>2026-08-09T06:55:47.913Z</time>
	<hdop>3.79</hdop>
	<extensions>
		<gpxtpx:TrackPointExtension>
			<gpxtpx:course>315.0</gpxtpx:course>
		</gpxtpx:TrackPointExtension>
	</extensions>
</trkpt>
<trkpt lat="43.9678634" lon="15.0530221">
	<ele>38.43</ele>
	<time>2026-08-09T06:55:57.915Z</time>
	<hdop>3.79</hdop>
	<extensions>
		<gpxtpx:TrackPointExtension>
			<gpxtpx:course>317.0</gpxtpx:course>
		</gpxtpx:TrackPointExtension>
	</extensions>
</trkpt>
<trkpt lat="43.9681088" lon="15.0526894">
	<ele>36.77</ele>
	<time>2026-08-09T06:56:08.913Z</time>
	<hdop>3.79</hdop>
	<extensions>
		<gpxtpx:TrackPointExtension>
			<gpxtpx:course>315.0</gpxtpx:course>
		</gpxtpx:TrackPointExtension>
	</extensions>
</trkpt>
<trkpt lat="43.9683436" lon="15.0523787">
	<ele>35.13</ele>
	<time>2026-08-09T06:56:18.913Z</time>
	<hdop>3.79</hdop>
	<extensions>
		<gpxtpx:TrackPointExtension>
			<gpxtpx:course>315.0</gpxtpx:course>
		</gpxtpx:TrackPointExtension>
	</extensions>
</trkpt>
<trkpt lat="43.9685603" lon="15.0520718">
	<ele>38.53</ele>
	<time>2026-08-09T06:56:28.914Z</time>
	<hdop>3.79</hdop>
	<extensions>
		<gpxtpx:TrackPointExtension>
			<gpxtpx:course>315.0</gpxtpx:course>
		</gpxtpx:TrackPointExtension>
	</extensions>
</trkpt>
<trkpt lat="43.9687801" lon="15.0517812">
	<ele>35.30</ele>
	<time>2026-08-09T06:56:38.914Z</time>
	<hdop>3.79</hdop>
	<extensions>
		<gpxtpx:TrackPointExtension>
			<gpxtpx:course>314.0</gpxtpx:course>
		</gpxtpx:TrackPointExtension>
	</extensions>
</trkpt>
<trkpt lat="43.9690252" lon="15.0514363">
	<ele>35.86</ele>
	<time>2026-08-09T06:56:49.914Z</time>
	<hdop>3.79</hdop>
	<extensions>
		<gpxtpx:TrackPointExtension>
			<gpxtpx:course>316.0</gpxtpx:course>
		</gpxtpx:TrackPointExtension>
	</extensions>
</trkpt>
<trkpt lat="43.9692796" lon="15.0511038">
	<ele>38.41</ele>
	<time>2026-08-09T06:57:00.914Z</time>
	<hdop>3.79</hdop>
	<extensions>
		<gpxtpx:TrackPointExtension>
			<gpxtpx:course>316.0</gpxtpx:course>
		</gpxtpx:TrackPointExtension>
	</extensions>
</trkpt>
<trkpt lat="43.9695309" lon="15.0507645">
	<ele>32.28</ele>
	<time>2026-08-09T06:57:11.913Z</time>
	<hdop>3.79</hdop>
	<extensions>
		<gpxtpx:TrackPointExtension>
			<gpxtpx:course>317.0</gpxtpx:course>
		</gpxtpx:TrackPointExtension>
	</extensions>
</trkpt>
<trkpt lat="43.9697557" lon="15.0504670">
	<ele>32.05</ele>
	<time>2026-08-09T06:57:21.914Z</time>
	<hdop>3.79</hdop>
	<extensions>
		<gpxtpx:TrackPointExtension>
			<gpxtpx:course>316.0</gpxtpx:course>
		</gpxtpx:TrackPointExtension>
	</extensions>
</trkpt>
<trkpt lat="43.9699780" lon="15.0501603">
	<ele>32.97</ele>
	<time>2026-08-09T06:57:31.914Z</time>
	<hdop>3.79</hdop>
	<extensions>
		<gpxtpx:TrackPointExtension>
			<gpxtpx:course>315.0</gpxtpx:course>
		</gpxtpx:TrackPointExtension>
	</extensions>
</trkpt>
<trkpt lat="43.9702070" lon="15.0498606">
	<ele>26.98</ele>
	<time>2026-08-09T06:57:41.914Z</time>
	<hdop>3.79</hdop>
	<extensions>
		<gpxtpx:TrackPointExtension>
			<gpxtpx:course>315.0</gpxtpx:course>
		</gpxtpx:TrackPointExtension>
	</extensions>
</trkpt>
<trkpt lat="43.9704491" lon="15.0495261">
	<ele>29.62</ele>
	<time>2026-08-09T06:57:52.913Z</time>
	<hdop>3.79</hdop>
	<extensions>
		<gpxtpx:TrackPointExtension>
			<gpxtpx:course>316.0</gpxtpx:course>
		</gpxtpx:TrackPointExtension>
	</extensions>
</trkpt>
<trkpt lat="43.9706720" lon="15.0492220">
	<ele>27.01</ele>
	<time>2026-08-09T06:58:02.914Z</time>
	<hdop>3.79</hdop>
	<extensions>
		<gpxtpx:TrackPointExtension>
			<gpxtpx:course>315.0</gpxtpx:course>
		</gpxtpx:TrackPointExtension>
	</extensions>
</trkpt>
<trkpt lat="43.9709175" lon="15.0488958">
	<ele>24.78</ele>
	<time>2026-08-09T06:58:13.913Z</time>
	<hdop>3.79</hdop>
	<extensions>
		<gpxtpx:TrackPointExtension>
			<gpxtpx:course>316.0</gpxtpx:course>
		</gpxtpx:TrackPointExtension>
	</extensions>
</trkpt>
<trkpt lat="43.9711497" lon="15.0485939">
	<ele>21.87</ele>
	<time>2026-08-09T06:58:23.913Z</time>
	<hdop>3.79</hdop>
	<extensions>
		<gpxtpx:TrackPointExtension>
			<gpxtpx:course>316.0</gpxtpx:course>
		</gpxtpx:TrackPointExtension>
	</extensions>
</trkpt>
<trkpt lat="43.9713749" lon="15.0482831">
	<ele>20.25</ele>
	<time>2026-08-09T06:58:33.914Z</time>
	<hdop>3.79</hdop>
	<extensions>
		<gpxtpx:TrackPointExtension>
			<gpxtpx:course>315.0</gpxtpx:course>
		</gpxtpx:TrackPointExtension>
	</extensions>
</trkpt>
<trkpt lat="43.9716306" lon="15.0479450">
	<ele>22.52</ele>
	<time>2026-08-09T06:58:44.913Z</time>
	<hdop>3.79</hdop>
	<extensions>
		<gpxtpx:TrackPointExtension>
			<gpxtpx:course>318.0</gpxtpx:course>
		</gpxtpx:TrackPointExtension>
	</extensions>
</trkpt>
<trkpt lat="43.9718551" lon="15.0476417">
	<ele>23.85</ele>
	<time>2026-08-09T06:58:54.914Z</time>
	<hdop>3.79</hdop>
	<extensions>
		<gpxtpx:TrackPointExtension>
			<gpxtpx:course>314.0</gpxtpx:course>
		</gpxtpx:TrackPointExtension>
	</extensions>
</trkpt>
<trkpt lat="43.9721081" lon="15.0473098">
	<ele>16.52</ele>
	<time>2026-08-09T06:59:05.914Z</time>
	<hdop>3.79</hdop>
	<extensions>
		<gpxtpx:TrackPointExtension>
			<gpxtpx:course>315.0</gpxtpx:course>
		</gpxtpx:TrackPointExtension>
	</extensions>
</trkpt>
<trkpt lat="43.9723558" lon="15.0469704">
	<ele>9.65</ele>
	<time>2026-08-09T06:59:16.913Z</time>
	<hdop>3.79</hdop>
	<extensions>
		<gpxtpx:TrackPointExtension>
			<gpxtpx:course>315.0</gpxtpx:course>
		</gpxtpx:TrackPointExtension>
	</extensions>
</trkpt>
<trkpt lat="43.9725900" lon="15.0466596">
	<ele>15.18</ele>
	<time>2026-08-09T06:59:26.914Z</time>
	<hdop>3.79</hdop>
	<extensions>
		<gpxtpx:TrackPointExtension>
			<gpxtpx:course>314.0</gpxtpx:course>
		</gpxtpx:TrackPointExtension>
	</extensions>
</trkpt>
<trkpt lat="43.9728351" lon="15.0463272">
	<ele>13.27</ele>
	<time>2026-08-09T06:59:37.914Z</time>
	<hdop>3.79</hdop>
	<extensions>
		<gpxtpx:TrackPointExtension>
			<gpxtpx:course>313.0</gpxtpx:course>
		</gpxtpx:TrackPointExtension>
	</extensions>
</trkpt>
<trkpt lat="43.9730861" lon="15.0459897">
	<ele>8.34</ele>
	<time>2026-08-09T06:59:48.913Z</time>
	<hdop>3.79</hdop>
	<extensions>
		<gpxtpx:TrackPointExtension>
			<gpxtpx:course>315.0</gpxtpx:course>
		</gpxtpx:TrackPointExtension>
	</extensions>
</trkpt>
<trkpt lat="43.9733105" lon="15.0456907">
	<ele>-0.78</ele>
	<time>2026-08-09T06:59:58.914Z</time>
	<hdop>3.79</hdop>
	<extensions>
		<gpxtpx:TrackPointExtension>
			<gpxtpx:course>314.0</gpxtpx:course>
		</gpxtpx:TrackPointExtension>
	</extensions>
</trkpt>
<trkpt lat="43.9735597" lon="15.0453557">
	<ele>-23.99</ele>
	<time>2026-08-09T07:00:09.914Z</time>
	<hdop>3.79</hdop>
	<extensions>
		<gpxtpx:TrackPointExtension>
			<gpxtpx:course>315.0</gpxtpx:course>
		</gpxtpx:TrackPointExtension>
	</extensions>
</trkpt>
<trkpt lat="43.9737929" lon="15.0450616">
	<ele>-31.41</ele>
	<time>2026-08-09T07:00:19.914Z</time>
	<hdop>3.79</hdop>
	<extensions>
		<gpxtpx:TrackPointExtension>
			<gpxtpx:course>318.0</gpxtpx:course>
		</gpxtpx:TrackPointExtension>
	</extensions>
</trkpt>
<trkpt lat="43.9740606" lon="15.0447442">
	<ele>-30.94</ele>
	<time>2026-08-09T07:00:30.913Z</time>
	<hdop>3.79</hdop>
	<extensions>
		<gpxtpx:TrackPointExtension>
			<gpxtpx:course>321.0</gpxtpx:course>
		</gpxtpx:TrackPointExtension>
	</extensions>
</trkpt>
<trkpt lat="43.9742980" lon="15.0444719">
	<ele>-42.61</ele>
	<time>2026-08-09T07:00:40.913Z</time>
	<hdop>3.79</hdop>
	<extensions>
		<gpxtpx:TrackPointExtension>
			<gpxtpx:course>322.0</gpxtpx:course>
		</gpxtpx:TrackPointExtension>
	</extensions>
</trkpt>
<trkpt lat="43.9745523" lon="15.0442178">
	<ele>-34.64</ele>
	<time>2026-08-09T07:00:50.913Z</time>
	<hdop>3.79</hdop>
	<extensions>
		<gpxtpx:TrackPointExtension>
			<gpxtpx:course>324.0</gpxtpx:course>
		</gpxtpx:TrackPointExtension>
	</extensions>
</trkpt>
<trkpt lat="43.9748124" lon="15.0439634">
	<ele>-35.83</ele>
	<time>2026-08-09T07:01:00.915Z</time>
	<hdop>3.79</hdop>
	<extensions>
		<gpxtpx:TrackPointExtension>
			<gpxtpx:course>324.0</gpxtpx:course>
		</gpxtpx:TrackPointExtension>
	</extensions>
</trkpt>
<trkpt lat="43.9751017" lon="15.0436839">
	<ele>-31.58</ele>
	<time>2026-08-09T07:01:11.913Z</time>
	<hdop>3.79</hdop>
	<extensions>
		<gpxtpx:TrackPointExtension>
			<gpxtpx:course>324.0</gpxtpx:course>
		</gpxtpx:TrackPointExtension>
	</extensions>
</trkpt>
<trkpt lat="43.9753581" lon="15.0434322">
	<ele>-18.64</ele>
	<time>2026-08-09T07:01:21.913Z</time>
	<hdop>3.79</hdop>
	<extensions>
		<gpxtpx:TrackPointExtension>
			<gpxtpx:course>324.0</gpxtpx:course>
		</gpxtpx:TrackPointExtension>
	</extensions>
</trkpt>
<trkpt lat="43.9756168" lon="15.0431908">
	<ele>-16.95</ele>
	<time>2026-08-09T07:01:31.913Z</time>
	<hdop>3.79</hdop>
	<extensions>
		<gpxtpx:TrackPointExtension>
			<gpxtpx:course>324.0</gpxtpx:course>
		</gpxtpx:TrackPointExtension>
	</extensions>
</trkpt>
<trkpt lat="43.9758732" lon="15.0429357">
	<ele>-14.34</ele>
	<time>2026-08-09T07:01:41.913Z</time>
	<hdop>3.79</hdop>
	<extensions>
		<gpxtpx:TrackPointExtension>
			<gpxtpx:course>324.0</gpxtpx:course>
		</gpxtpx:TrackPointExtension>
	</extensions>
</trkpt>
<trkpt lat="43.9761330" lon="15.0426753">
	<ele>2.09</ele>
	<time>2026-08-09T07:01:51.914Z</time>
	<hdop>3.79</hdop>
	<extensions>
		<gpxtpx:TrackPointExtension>
			<gpxtpx:course>325.0</gpxtpx:course>
		</gpxtpx:TrackPointExtension>
	</extensions>
</trkpt>
<trkpt lat="43.9764139" lon="15.0423967">
	<ele>10.45</ele>
	<time>2026-08-09T07:02:02.914Z</time>
	<hdop>3.79</hdop>
	<extensions>
		<gpxtpx:TrackPointExtension>
			<gpxtpx:course>323.0</gpxtpx:course>
		</gpxtpx:TrackPointExtension>
	</extensions>
</trkpt>
<trkpt lat="43.9767059" lon="15.0421243">
	<ele>14.55</ele>
	<time>2026-08-09T07:02:13.913Z</time>
	<hdop>3.79</hdop>
	<extensions>
		<gpxtpx:TrackPointExtension>
			<gpxtpx:course>324.0</gpxtpx:course>
		</gpxtpx:TrackPointExtension>
	</extensions>
</trkpt>
<trkpt lat="43.9769493" lon="15.0418758">
	<ele>17.59</ele>
	<time>2026-08-09T07:02:23.913Z</time>
	<hdop>3.79</hdop>
	<extensions>
		<gpxtpx:TrackPointExtension>
			<gpxtpx:course>325.0</gpxtpx:course>
		</gpxtpx:TrackPointExtension>
	</extensions>
</trkpt>
<trkpt lat="43.9772097" lon="15.0416189">
	<ele>19.94</ele>
	<time>2026-08-09T07:02:33.913Z</time>
	<hdop>3.79</hdop>
	<extensions>
		<gpxtpx:TrackPointExtension>
			<gpxtpx:course>324.0</gpxtpx:course>
		</gpxtpx:TrackPointExtension>
	</extensions>
</trkpt>
<trkpt lat="43.9774629" lon="15.0413599">
	<ele>20.87</ele>
	<time>2026-08-09T07:02:43.914Z</time>
	<hdop>3.79</hdop>
	<extensions>
		<gpxtpx:TrackPointExtension>
			<gpxtpx:course>325.0</gpxtpx:course>
		</gpxtpx:TrackPointExtension>
	</extensions>
</trkpt>
<trkpt lat="43.9777213" lon="15.0411038">
	<ele>19.38</ele>
	<time>2026-08-09T07:02:53.914Z</time>
	<hdop>3.79</hdop>
	<extensions>
		<gpxtpx:TrackPointExtension>
			<gpxtpx:course>324.0</gpxtpx:course>
		</gpxtpx:TrackPointExtension>
	</extensions>
</trkpt>
<trkpt lat="43.9780063" lon="15.0408270">
	<ele>22.03</ele>
	<time>2026-08-09T07:03:04.913Z</time>
	<hdop>3.79</hdop>
	<extensions>
		<gpxtpx:TrackPointExtension>
			<gpxtpx:course>323.0</gpxtpx:course>
		</gpxtpx:TrackPointExtension>
	</extensions>
</trkpt>
<trkpt lat="43.9782632" lon="15.0405747">
	<ele>20.21</ele>
	<time>2026-08-09T07:03:14.913Z</time>
	<hdop>3.79</hdop>
	<extensions>
		<gpxtpx:TrackPointExtension>
			<gpxtpx:course>324.0</gpxtpx:course>
		</gpxtpx:TrackPointExtension>
	</extensions>
</trkpt>
<trkpt lat="43.9785299" lon="15.0403208">
	<ele>21.38</ele>
	<time>2026-08-09T07:03:24.913Z</time>
	<hdop>3.79</hdop>
	<extensions>
		<gpxtpx:TrackPointExtension>
			<gpxtpx:course>323.0</gpxtpx:course>
		</gpxtpx:TrackPointExtension>
	</extensions>
</trkpt>
<trkpt lat="43.9787878" lon="15.0400662">
	<ele>17.05</ele>
	<time>2026-08-09T07:03:34.913Z</time>
	<hdop>3.79</hdop>
	<extensions>
		<gpxtpx:TrackPointExtension>
			<gpxtpx:course>323.0</gpxtpx:course>
		</gpxtpx:TrackPointExtension>
	</extensions>
</trkpt>
<trkpt lat="43.9790466" lon="15.0398149">
	<ele>17.38</ele>
	<time>2026-08-09T07:03:44.914Z</time>
	<hdop>3.79</hdop>
	<extensions>
		<gpxtpx:TrackPointExtension>
			<gpxtpx:course>324.0</gpxtpx:course>
		</gpxtpx:TrackPointExtension>
	</extensions>
</trkpt>
<trkpt lat="43.9793280" lon="15.0395249">
	<ele>16.62</ele>
	<time>2026-08-09T07:03:55.913Z</time>
	<hdop>3.79</hdop>
	<extensions>
		<gpxtpx:TrackPointExtension>
			<gpxtpx:course>323.0</gpxtpx:course>
		</gpxtpx:TrackPointExtension>
	</extensions>
</trkpt>
<trkpt lat="43.9796113" lon="15.0392365">
	<ele>16.62</ele>
	<time>2026-08-09T07:04:06.913Z</time>
	<hdop>3.79</hdop>
	<extensions>
		<gpxtpx:TrackPointExtension>
			<gpxtpx:course>325.0</gpxtpx:course>
		</gpxtpx:TrackPointExtension>
	</extensions>
</trkpt>
<trkpt lat="43.9798647" lon="15.0389847">
	<ele>15.51</ele>
	<time>2026-08-09T07:04:16.913Z</time>
	<hdop>3.79</hdop>
	<extensions>
		<gpxtpx:TrackPointExtension>
			<gpxtpx:course>324.0</gpxtpx:course>
		</gpxtpx:TrackPointExtension>
	</extensions>
</trkpt>
<trkpt lat="43.9801217" lon="15.0387331">
	<ele>13.11</ele>
	<time>2026-08-09T07:04:26.913Z</time>
	<hdop>3.79</hdop>
	<extensions>
		<gpxtpx:TrackPointExtension>
			<gpxtpx:course>325.0</gpxtpx:course>
		</gpxtpx:TrackPointExtension>
	</extensions>
</trkpt>
<trkpt lat="43.9803794" lon="15.0384719">
	<ele>13.68</ele>
	<time>2026-08-09T07:04:36.913Z</time>
	<hdop>3.79</hdop>
	<extensions>
		<gpxtpx:TrackPointExtension>
			<gpxtpx:course>324.0</gpxtpx:course>
		</gpxtpx:TrackPointExtension>
	</extensions>
</trkpt>
<trkpt lat="43.9806370" lon="15.0382266">
	<ele>8.02</ele>
	<time>2026-08-09T07:04:46.913Z</time>
	<hdop>3.79</hdop>
	<extensions>
		<gpxtpx:TrackPointExtension>
			<gpxtpx:course>323.0</gpxtpx:course>
		</gpxtpx:TrackPointExtension>
	</extensions>
</trkpt>
<trkpt lat="43.9808891" lon="15.0379783">
	<ele>9.48</ele>
	<time>2026-08-09T07:04:56.914Z</time>
	<hdop>3.79</hdop>
	<extensions>
		<gpxtpx:TrackPointExtension>
			<gpxtpx:course>324.0</gpxtpx:course>
		</gpxtpx:TrackPointExtension>
	</extensions>
</trkpt>
<trkpt lat="43.9811689" lon="15.0377065">
	<ele>5.06</ele>
	<time>2026-08-09T07:05:07.912Z</time>
	<hdop>3.79</hdop>
	<extensions>
		<gpxtpx:TrackPointExtension>
			<gpxtpx:course>327.0</gpxtpx:course>
		</gpxtpx:TrackPointExtension>
	</extensions>
</trkpt>
<trkpt lat="43.9814303" lon="15.0374491">
	<ele>5.62</ele>
	<time>2026-08-09T07:05:17.912Z</time>
	<hdop>3.79</hdop>
	<extensions>
		<gpxtpx:TrackPointExtension>
			<gpxtpx:course>324.0</gpxtpx:course>
		</gpxtpx:TrackPointExtension>
	</extensions>
</trkpt>
<trkpt lat="43.9816786" lon="15.0371963">
	<ele>0.72</ele>
	<time>2026-08-09T07:05:27.912Z</time>
	<hdop>3.79</hdop>
	<extensions>
		<gpxtpx:TrackPointExtension>
			<gpxtpx:course>324.0</gpxtpx:course>
		</gpxtpx:TrackPointExtension>
	</extensions>
</trkpt>
<trkpt lat="43.9819302" lon="15.0369333">
	<ele>-1.35</ele>
	<time>2026-08-09T07:05:37.913Z</time>
	<hdop>3.79</hdop>
	<extensions>
		<gpxtpx:TrackPointExtension>
			<gpxtpx:course>324.0</gpxtpx:course>
		</gpxtpx:TrackPointExtension>
	</extensions>
</trkpt>
<trkpt lat="43.9822102" lon="15.0366475">
	<ele>-0.94</ele>
	<time>2026-08-09T07:05:48.913Z</time>
	<hdop>3.79</hdop>
	<extensions>
		<gpxtpx:TrackPointExtension>
			<gpxtpx:course>321.0</gpxtpx:course>
		</gpxtpx:TrackPointExtension>
	</extensions>
</trkpt>
<trkpt lat="43.9824729" lon="15.0363873">
	<ele>-0.10</ele>
	<time>2026-08-09T07:05:58.913Z</time>
	<hdop>3.79</hdop>
	<extensions>
		<gpxtpx:TrackPointExtension>
			<gpxtpx:course>324.0</gpxtpx:course>
		</gpxtpx:TrackPointExtension>
	</extensions>
</trkpt>
<trkpt lat="43.9827297" lon="15.0361354">
	<ele>-5.42</ele>
	<time>2026-08-09T07:06:08.913Z</time>
	<hdop>3.79</hdop>
	<extensions>
		<gpxtpx:TrackPointExtension>
			<gpxtpx:course>324.0</gpxtpx:course>
		</gpxtpx:TrackPointExtension>
	</extensions>
</trkpt>
<trkpt lat="43.9829868" lon="15.0358761">
	<ele>0.06</ele>
	<time>2026-08-09T07:06:18.913Z</time>
	<hdop>3.79</hdop>
	<extensions>
		<gpxtpx:TrackPointExtension>
			<gpxtpx:course>323.0</gpxtpx:course>
		</gpxtpx:TrackPointExtension>
	</extensions>
</trkpt>
<trkpt lat="43.9832402" lon="15.0356269">
	<ele>-1.16</ele>
	<time>2026-08-09T07:06:28.913Z</time>
	<hdop>3.79</hdop>
	<extensions>
		<gpxtpx:TrackPointExtension>
			<gpxtpx:course>324.0</gpxtpx:course>
		</gpxtpx:TrackPointExtension>
	</extensions>
</trkpt>
<trkpt lat="43.9834982" lon="15.0353747">
	<ele>-3.18</ele>
	<time>2026-08-09T07:06:38.913Z</time>
	<hdop>3.79</hdop>
	<extensions>
		<gpxtpx:TrackPointExtension>
			<gpxtpx:course>324.0</gpxtpx:course>
		</gpxtpx:TrackPointExtension>
	</extensions>
</trkpt>
<trkpt lat="43.9837819" lon="15.0350919">
	<ele>-0.72</ele>
	<time>2026-08-09T07:06:49.913Z</time>
	<hdop>3.79</hdop>
	<extensions>
		<gpxtpx:TrackPointExtension>
			<gpxtpx:course>324.0</gpxtpx:course>
		</gpxtpx:TrackPointExtension>
	</extensions>
</trkpt>
<trkpt lat="43.9840711" lon="15.0348114">
	<ele>2.87</ele>
	<time>2026-08-09T07:07:00.913Z</time>
	<hdop>3.79</hdop>
	<extensions>
		<gpxtpx:TrackPointExtension>
			<gpxtpx:course>323.0</gpxtpx:course>
		</gpxtpx:TrackPointExtension>
	</extensions>
</trkpt>
<trkpt lat="43.9843511" lon="15.0345265">
	<ele>1.32</ele>
	<time>2026-08-09T07:07:11.912Z</time>
	<hdop>3.79</hdop>
	<extensions>
		<gpxtpx:TrackPointExtension>
			<gpxtpx:course>324.0</gpxtpx:course>
		</gpxtpx:TrackPointExtension>
	</extensions>
</trkpt>
<trkpt lat="43.9846039" lon="15.0342647">
	<ele>4.30</ele>
	<time>2026-08-09T07:07:21.914Z</time>
	<hdop>3.79</hdop>
	<extensions>
		<gpxtpx:TrackPointExtension>
			<gpxtpx:course>325.0</gpxtpx:course>
		</gpxtpx:TrackPointExtension>
	</extensions>
</trkpt>
<trkpt lat="43.9848994" lon="15.0339738">
	<ele>-2.42</ele>
	<time>2026-08-09T07:07:32.913Z</time>
	<hdop>3.79</hdop>
	<extensions>
		<gpxtpx:TrackPointExtension>
			<gpxtpx:course>322.0</gpxtpx:course>
		</gpxtpx:TrackPointExtension>
	</extensions>
</trkpt>
<trkpt lat="43.9851416" lon="15.0337254">
	<ele>-3.51</ele>
	<time>2026-08-09T07:07:42.913Z</time>
	<hdop>3.79</hdop>
	<extensions>
		<gpxtpx:TrackPointExtension>
			<gpxtpx:course>320.0</gpxtpx:course>
		</gpxtpx:TrackPointExtension>
	</extensions>
</trkpt>
<trkpt lat="43.9853958" lon="15.0334627">
	<ele>-3.41</ele>
	<time>2026-08-09T07:07:52.913Z</time>
	<hdop>3.79</hdop>
	<extensions>
		<gpxtpx:TrackPointExtension>
			<gpxtpx:course>322.0</gpxtpx:course>
		</gpxtpx:TrackPointExtension>
	</extensions>
</trkpt>
<trkpt lat="43.9856445" lon="15.0332049">
	<ele>-5.49</ele>
	<time>2026-08-09T07:08:02.913Z</time>
	<hdop>3.79</hdop>
	<extensions>
		<gpxtpx:TrackPointExtension>
			<gpxtpx:course>322.0</gpxtpx:course>
		</gpxtpx:TrackPointExtension>
	</extensions>
</trkpt>
<trkpt lat="43.9858948" lon="15.0329524">
	<ele>-3.22</ele>
	<time>2026-08-09T07:08:13.913Z</time>
	<hdop>3.79</hdop>
	<extensions>
		<gpxtpx:TrackPointExtension>
			<gpxtpx:course>323.0</gpxtpx:course>
		</gpxtpx:TrackPointExtension>
	</extensions>
</trkpt>
<trkpt lat="43.9861144" lon="15.0327221">
	<ele>-6.00</ele>
	<time>2026-08-09T07:08:23.913Z</time>
	<hdop>3.79</hdop>
	<extensions>
		<gpxtpx:TrackPointExtension>
			<gpxtpx:course>322.0</gpxtpx:course>
		</gpxtpx:TrackPointExtension>
	</extensions>
</trkpt>
<trkpt lat="43.9863622" lon="15.0324702">
	<ele>-6.13</ele>
	<time>2026-08-09T07:08:34.912Z</time>
	<hdop>3.79</hdop>
	<extensions>
		<gpxtpx:TrackPointExtension>
			<gpxtpx:course>322.0</gpxtpx:course>
		</gpxtpx:TrackPointExtension>
	</extensions>
</trkpt>
<trkpt lat="43.9865855" lon="15.0322301">
	<ele>-3.11</ele>
	<time>2026-08-09T07:08:44.912Z</time>
	<hdop>3.79</hdop>
	<extensions>
		<gpxtpx:TrackPointExtension>
			<gpxtpx:course>323.0</gpxtpx:course>
		</gpxtpx:TrackPointExtension>
	</extensions>
</trkpt>
<trkpt lat="43.9868172" lon="15.0319847">
	<ele>-1.86</ele>
	<time>2026-08-09T07:08:54.914Z</time>
	<hdop>3.79</hdop>
	<extensions>
		<gpxtpx:TrackPointExtension>
			<gpxtpx:course>323.0</gpxtpx:course>
		</gpxtpx:TrackPointExtension>
	</extensions>
</trkpt>
<trkpt lat="43.9870592" lon="15.0317281">
	<ele>0.91</ele>
	<time>2026-08-09T07:09:05.912Z</time>
	<hdop>3.79</hdop>
	<extensions>
		<gpxtpx:TrackPointExtension>
			<gpxtpx:course>322.0</gpxtpx:course>
		</gpxtpx:TrackPointExtension>
	</extensions>
</trkpt>
<trkpt lat="43.9872847" lon="15.0314898">
	<ele>4.32</ele>
	<time>2026-08-09T07:09:15.913Z</time>
	<hdop>3.79</hdop>
	<extensions>
		<gpxtpx:TrackPointExtension>
			<gpxtpx:course>322.0</gpxtpx:course>
		</gpxtpx:TrackPointExtension>
	</extensions>
</trkpt>
<trkpt lat="43.9875547" lon="15.0312414">
	<ele>3.93</ele>
	<time>2026-08-09T07:09:26.912Z</time>
	<hdop>3.79</hdop>
	<extensions>
		<gpxtpx:TrackPointExtension>
			<gpxtpx:course>322.0</gpxtpx:course>
		</gpxtpx:TrackPointExtension>
	</extensions>
</trkpt>
<trkpt lat="43.9877798" lon="15.0309907">
	<ele>4.18</ele>
	<time>2026-08-09T07:09:36.912Z</time>
	<hdop>3.79</hdop>
	<extensions>
		<gpxtpx:TrackPointExtension>
			<gpxtpx:course>320.0</gpxtpx:course>
		</gpxtpx:TrackPointExtension>
	</extensions>
</trkpt>
<trkpt lat="43.9880202" lon="15.0307324">
	<ele>-1.68</ele>
	<time>2026-08-09T07:09:46.913Z</time>
	<hdop>3.79</hdop>
	<extensions>
		<gpxtpx:TrackPointExtension>
			<gpxtpx:course>320.0</gpxtpx:course>
		</gpxtpx:TrackPointExtension>
	</extensions>
</trkpt>
<trkpt lat="43.9882564" lon="15.0304704">
	<ele>-3.31</ele>
	<time>2026-08-09T07:09:56.913Z</time>
	<hdop>3.79</hdop>
	<extensions>
		<gpxtpx:TrackPointExtension>
			<gpxtpx:course>321.0</gpxtpx:course>
		</gpxtpx:TrackPointExtension>
	</extensions>
</trkpt>
<trkpt lat="43.9884918" lon="15.0302073">
	<ele>1.80</ele>
	<time>2026-08-09T07:10:06.913Z</time>
	<hdop>3.79</hdop>
	<extensions>
		<gpxtpx:TrackPointExtension>
			<gpxtpx:course>324.0</gpxtpx:course>
		</gpxtpx:TrackPointExtension>
	</extensions>
</trkpt>
<trkpt lat="43.9887374" lon="15.0299468">
	<ele>0.79</ele>
	<time>2026-08-09T07:10:16.913Z</time>
	<hdop>3.79</hdop>
	<extensions>
		<gpxtpx:TrackPointExtension>
			<gpxtpx:course>322.0</gpxtpx:course>
		</gpxtpx:TrackPointExtension>
	</extensions>
</trkpt>
<trkpt lat="43.9889760" lon="15.0296904">
	<ele>-5.03</ele>
	<time>2026-08-09T07:10:26.913Z</time>
	<hdop>3.79</hdop>
	<extensions>
		<gpxtpx:TrackPointExtension>
			<gpxtpx:course>325.0</gpxtpx:course>
		</gpxtpx:TrackPointExtension>
	</extensions>
</trkpt>
<trkpt lat="43.9892427" lon="15.0294073">
	<ele>-11.13</ele>
	<time>2026-08-09T07:10:37.911Z</time>
	<hdop>3.79</hdop>
	<extensions>
		<gpxtpx:TrackPointExtension>
			<gpxtpx:course>321.0</gpxtpx:course>
		</gpxtpx:TrackPointExtension>
	</extensions>
</trkpt>
<trkpt lat="43.9894847" lon="15.0291498">
	<ele>-18.88</ele>
	<time>2026-08-09T07:10:47.913Z</time>
	<hdop>3.79</hdop>
	<extensions>
		<gpxtpx:TrackPointExtension>
			<gpxtpx:course>322.0</gpxtpx:course>
		</gpxtpx:TrackPointExtension>
	</extensions>
</trkpt>
<trkpt lat="43.9897505" lon="15.0288674">
	<ele>-17.70</ele>
	<time>2026-08-09T07:10:58.912Z</time>
	<hdop>3.79</hdop>
	<extensions>
		<gpxtpx:TrackPointExtension>
			<gpxtpx:course>324.0</gpxtpx:course>
		</gpxtpx:TrackPointExtension>
	</extensions>
</trkpt>
<trkpt lat="43.9899878" lon="15.0286072">
	<ele>-16.03</ele>
	<time>2026-08-09T07:11:08.913Z</time>
	<hdop>3.79</hdop>
	<extensions>
		<gpxtpx:TrackPointExtension>
			<gpxtpx:course>324.0</gpxtpx:course>
		</gpxtpx:TrackPointExtension>
	</extensions>
</trkpt>
<trkpt lat="43.9902582" lon="15.0283348">
	<ele>-18.95</ele>
	<time>2026-08-09T07:11:19.912Z</time>
	<hdop>3.79</hdop>
	<extensions>
		<gpxtpx:TrackPointExtension>
			<gpxtpx:course>321.0</gpxtpx:course>
		</gpxtpx:TrackPointExtension>
	</extensions>
</trkpt>
<trkpt lat="43.9904998" lon="15.0280776">
	<ele>-20.79</ele>
	<time>2026-08-09T07:11:29.912Z</time>
	<hdop>6.86</hdop>
	<extensions>
		<gpxtpx:TrackPointExtension>
			<gpxtpx:course>323.0</gpxtpx:course>
		</gpxtpx:TrackPointExtension>
	</extensions>
</trkpt>
<trkpt lat="43.9907436" lon="15.0278211">
	<ele>-18.37</ele>
	<time>2026-08-09T07:11:39.912Z</time>
	<hdop>9.94</hdop>
	<extensions>
		<gpxtpx:TrackPointExtension>
			<gpxtpx:course>323.0</gpxtpx:course>
		</gpxtpx:TrackPointExtension>
	</extensions>
</trkpt>
<trkpt lat="43.9909839" lon="15.0275667">
	<ele>-22.91</ele>
	<time>2026-08-09T07:11:49.912Z</time>
	<hdop>9.94</hdop>
	<extensions>
		<gpxtpx:TrackPointExtension>
			<gpxtpx:course>323.0</gpxtpx:course>
		</gpxtpx:TrackPointExtension>
	</extensions>
</trkpt>
<trkpt lat="43.9912271" lon="15.0273112">
	<ele>-21.95</ele>
	<time>2026-08-09T07:11:59.912Z</time>
	<hdop>9.94</hdop>
	<extensions>
		<gpxtpx:TrackPointExtension>
			<gpxtpx:course>322.0</gpxtpx:course>
		</gpxtpx:TrackPointExtension>
	</extensions>
</trkpt>
<trkpt lat="43.9914743" lon="15.0270572">
	<ele>-22.53</ele>
	<time>2026-08-09T07:12:09.912Z</time>
	<hdop>9.94</hdop>
	<extensions>
		<gpxtpx:TrackPointExtension>
			<gpxtpx:course>322.0</gpxtpx:course>
		</gpxtpx:TrackPointExtension>
	</extensions>
</trkpt>
<trkpt lat="43.9917140" lon="15.0268050">
	<ele>-22.00</ele>
	<time>2026-08-09T07:12:19.913Z</time>
	<hdop>3.79</hdop>
	<extensions>
		<gpxtpx:TrackPointExtension>
			<gpxtpx:course>322.0</gpxtpx:course>
		</gpxtpx:TrackPointExtension>
	</extensions>
</trkpt>
<trkpt lat="43.9919773" lon="15.0265248">
	<ele>-23.33</ele>
	<time>2026-08-09T07:12:30.912Z</time>
	<hdop>3.79</hdop>
	<extensions>
		<gpxtpx:TrackPointExtension>
			<gpxtpx:course>323.0</gpxtpx:course>
		</gpxtpx:TrackPointExtension>
	</extensions>
</trkpt>
<trkpt lat="43.9922209" lon="15.0262662">
	<ele>-19.57</ele>
	<time>2026-08-09T07:12:40.912Z</time>
	<hdop>3.79</hdop>
	<extensions>
		<gpxtpx:TrackPointExtension>
			<gpxtpx:course>322.0</gpxtpx:course>
		</gpxtpx:TrackPointExtension>
	</extensions>
</trkpt>
<trkpt lat="43.9924876" lon="15.0259810">
	<ele>-19.70</ele>
	<time>2026-08-09T07:12:51.912Z</time>
	<hdop>3.79</hdop>
	<extensions>
		<gpxtpx:TrackPointExtension>
			<gpxtpx:course>321.0</gpxtpx:course>
		</gpxtpx:TrackPointExtension>
	</extensions>
</trkpt>
<trkpt lat="43.9927257" lon="15.0257264">
	<ele>-13.73</ele>
	<time>2026-08-09T07:13:01.912Z</time>
	<hdop>3.79</hdop>
	<extensions>
		<gpxtpx:TrackPointExtension>
			<gpxtpx:course>322.0</gpxtpx:course>
		</gpxtpx:TrackPointExtension>
	</extensions>
</trkpt>
<trkpt lat="43.9929697" lon="15.0254709">
	<ele>-12.02</ele>
	<time>2026-08-09T07:13:11.912Z</time>
	<hdop>3.79</hdop>
	<extensions>
		<gpxtpx:TrackPointExtension>
			<gpxtpx:course>322.0</gpxtpx:course>
		</gpxtpx:TrackPointExtension>
	</extensions>
</trkpt>
<trkpt lat="43.9932448" lon="15.0251910">
	<ele>-20.48</ele>
	<time>2026-08-09T07:13:22.912Z</time>
	<hdop>3.79</hdop>
	<extensions>
		<gpxtpx:TrackPointExtension>
			<gpxtpx:course>320.0</gpxtpx:course>
		</gpxtpx:TrackPointExtension>
	</extensions>
</trkpt>
<trkpt lat="43.9934864" lon="15.0249458">
	<ele>-12.79</ele>
	<time>2026-08-09T07:13:32.913Z</time>
	<hdop>3.79</hdop>
	<extensions>
		<gpxtpx:TrackPointExtension>
			<gpxtpx:course>323.0</gpxtpx:course>
		</gpxtpx:TrackPointExtension>
	</extensions>
</trkpt>
<trkpt lat="43.9937631" lon="15.0246750">
	<ele>-9.22</ele>
	<time>2026-08-09T07:13:43.913Z</time>
	<hdop>3.79</hdop>
	<extensions>
		<gpxtpx:TrackPointExtension>
			<gpxtpx:course>321.0</gpxtpx:course>
		</gpxtpx:TrackPointExtension>
	</extensions>
</trkpt>
<trkpt lat="43.9940273" lon="15.0243956">
	<ele>-7.99</ele>
	<time>2026-08-09T07:13:54.912Z</time>
	<hdop>3.79</hdop>
	<extensions>
		<gpxtpx:TrackPointExtension>
			<gpxtpx:course>322.0</gpxtpx:course>
		</gpxtpx:TrackPointExtension>
	</extensions>
</trkpt>
<trkpt lat="43.9942552" lon="15.0241385">
	<ele>-4.89</ele>
	<time>2026-08-09T07:14:04.912Z</time>
	<hdop>3.79</hdop>
	<extensions>
		<gpxtpx:TrackPointExtension>
			<gpxtpx:course>321.0</gpxtpx:course>
		</gpxtpx:TrackPointExtension>
	</extensions>
</trkpt>
<trkpt lat="43.9944878" lon="15.0239135">
	<ele>-5.68</ele>
	<time>2026-08-09T07:14:14.912Z</time>
	<hdop>3.79</hdop>
	<extensions>
		<gpxtpx:TrackPointExtension>
			<gpxtpx:course>319.0</gpxtpx:course>
		</gpxtpx:TrackPointExtension>
	</extensions>
</trkpt>
<trkpt lat="43.9947264" lon="15.0236449">
	<ele>-1.64</ele>
	<time>2026-08-09T07:14:24.913Z</time>
	<hdop>5.84</hdop>
	<extensions>
		<gpxtpx:TrackPointExtension>
			<gpxtpx:course>318.0</gpxtpx:course>
		</gpxtpx:TrackPointExtension>
	</extensions>
</trkpt>
<trkpt lat="43.9949704" lon="15.0233318">
	<ele>-5.97</ele>
	<time>2026-08-09T07:14:35.912Z</time>
	<hdop>9.94</hdop>
	<extensions>
		<gpxtpx:TrackPointExtension>
			<gpxtpx:course>319.0</gpxtpx:course>
		</gpxtpx:TrackPointExtension>
	</extensions>
</trkpt>
<trkpt lat="43.9952304" lon="15.0231007">
	<ele>-6.57</ele>
	<time>2026-08-09T07:14:45.912Z</time>
	<hdop>3.79</hdop>
	<extensions>
		<gpxtpx:TrackPointExtension>
			<gpxtpx:course>324.0</gpxtpx:course>
		</gpxtpx:TrackPointExtension>
	</extensions>
</trkpt>
<trkpt lat="43.9954628" lon="15.0228259">
	<ele>-10.71</ele>
	<time>2026-08-09T07:14:55.912Z</time>
	<hdop>3.79</hdop>
	<extensions>
		<gpxtpx:TrackPointExtension>
			<gpxtpx:course>323.0</gpxtpx:course>
		</gpxtpx:TrackPointExtension>
	</extensions>
</trkpt>
<trkpt lat="43.9957100" lon="15.0225628">
	<ele>-12.99</ele>
	<time>2026-08-09T07:15:05.912Z</time>
	<hdop>3.79</hdop>
	<extensions>
		<gpxtpx:TrackPointExtension>
			<gpxtpx:course>325.0</gpxtpx:course>
		</gpxtpx:TrackPointExtension>
	</extensions>
</trkpt>
<trkpt lat="43.9959494" lon="15.0223177">
	<ele>-14.63</ele>
	<time>2026-08-09T07:15:15.912Z</time>
	<hdop>3.79</hdop>
	<extensions>
		<gpxtpx:TrackPointExtension>
			<gpxtpx:course>321.0</gpxtpx:course>
		</gpxtpx:TrackPointExtension>
	</extensions>
</trkpt>
<trkpt lat="43.9961843" lon="15.0220510">
	<ele>-19.43</ele>
	<time>2026-08-09T07:15:25.912Z</time>
	<hdop>3.79</hdop>
	<extensions>
		<gpxtpx:TrackPointExtension>
			<gpxtpx:course>319.0</gpxtpx:course>
		</gpxtpx:TrackPointExtension>
	</extensions>
</trkpt>
<trkpt lat="43.9964311" lon="15.0217989">
	<ele>-18.24</ele>
	<time>2026-08-09T07:15:35.912Z</time>
	<hdop>3.79</hdop>
	<extensions>
		<gpxtpx:TrackPointExtension>
			<gpxtpx:course>321.0</gpxtpx:course>
		</gpxtpx:TrackPointExtension>
	</extensions>
</trkpt>
<trkpt lat="43.9966740" lon="15.0215418">
	<ele>-14.62</ele>
	<time>2026-08-09T07:15:45.913Z</time>
	<hdop>8.71</hdop>
	<extensions>
		<gpxtpx:TrackPointExtension>
			<gpxtpx:course>321.0</gpxtpx:course>
		</gpxtpx:TrackPointExtension>
	</extensions>
</trkpt>
<trkpt lat="43.9969404" lon="15.0212593">
	<ele>-17.37</ele>
	<time>2026-08-09T07:15:56.912Z</time>
	<hdop>9.94</hdop>
	<extensions>
		<gpxtpx:TrackPointExtension>
			<gpxtpx:course>323.0</gpxtpx:course>
		</gpxtpx:TrackPointExtension>
	</extensions>
</trkpt>
<trkpt lat="43.9971850" lon="15.0210070">
	<ele>-16.16</ele>
	<time>2026-08-09T07:16:06.912Z</time>
	<hdop>9.94</hdop>
	<extensions>
		<gpxtpx:TrackPointExtension>
			<gpxtpx:course>322.0</gpxtpx:course>
		</gpxtpx:TrackPointExtension>
	</extensions>
</trkpt>
<trkpt lat="43.9974285" lon="15.0207557">
	<ele>-18.23</ele>
	<time>2026-08-09T07:16:16.912Z</time>
	<hdop>9.94</hdop>
	<extensions>
		<gpxtpx:TrackPointExtension>
			<gpxtpx:course>323.0</gpxtpx:course>
		</gpxtpx:TrackPointExtension>
	</extensions>
</trkpt>
<trkpt lat="43.9976667" lon="15.0205015">
	<ele>-16.58</ele>
	<time>2026-08-09T07:16:26.912Z</time>
	<hdop>9.94</hdop>
	<extensions>
		<gpxtpx:TrackPointExtension>
			<gpxtpx:course>322.0</gpxtpx:course>
		</gpxtpx:TrackPointExtension>
	</extensions>
</trkpt>
<trkpt lat="43.9979141" lon="15.0202453">
	<ele>-14.00</ele>
	<time>2026-08-09T07:16:36.912Z</time>
	<hdop>9.94</hdop>
	<extensions>
		<gpxtpx:TrackPointExtension>
			<gpxtpx:course>323.0</gpxtpx:course>
		</gpxtpx:TrackPointExtension>
	</extensions>
</trkpt>
<trkpt lat="43.9981910" lon="15.0199568">
	<ele>-14.72</ele>
	<time>2026-08-09T07:16:47.913Z</time>
	<hdop>3.79</hdop>
	<extensions>
		<gpxtpx:TrackPointExtension>
			<gpxtpx:course>323.0</gpxtpx:course>
		</gpxtpx:TrackPointExtension>
	</extensions>
</trkpt>
<trkpt lat="43.9984590" lon="15.0196736">
	<ele>-31.72</ele>
	<time>2026-08-09T07:16:58.912Z</time>
	<hdop>3.79</hdop>
	<extensions>
		<gpxtpx:TrackPointExtension>
			<gpxtpx:course>323.0</gpxtpx:course>
		</gpxtpx:TrackPointExtension>
	</extensions>
</trkpt>
<trkpt lat="43.9987063" lon="15.0194157">
	<ele>-42.76</ele>
	<time>2026-08-09T07:17:08.912Z</time>
	<hdop>3.79</hdop>
	<extensions>
		<gpxtpx:TrackPointExtension>
			<gpxtpx:course>322.0</gpxtpx:course>
		</gpxtpx:TrackPointExtension>
	</extensions>
</trkpt>
<trkpt lat="43.9989756" lon="15.0191384">
	<ele>-40.89</ele>
	<time>2026-08-09T07:17:19.912Z</time>
	<hdop>3.79</hdop>
	<extensions>
		<gpxtpx:TrackPointExtension>
			<gpxtpx:course>323.0</gpxtpx:course>
		</gpxtpx:TrackPointExtension>
	</extensions>
</trkpt>
<trkpt lat="43.9992185" lon="15.0188844">
	<ele>-38.50</ele>
	<time>2026-08-09T07:17:29.912Z</time>
	<hdop>3.79</hdop>
	<extensions>
		<gpxtpx:TrackPointExtension>
			<gpxtpx:course>324.0</gpxtpx:course>
		</gpxtpx:TrackPointExtension>
	</extensions>
</trkpt>
<trkpt lat="43.9994581" lon="15.0186170">
	<ele>-33.42</ele>
	<time>2026-08-09T07:17:39.912Z</time>
	<hdop>3.79</hdop>
	<extensions>
		<gpxtpx:TrackPointExtension>
			<gpxtpx:course>322.0</gpxtpx:course>
		</gpxtpx:TrackPointExtension>
	</extensions>
</trkpt>
<trkpt lat="43.9997313" lon="15.0183412">
	<ele>-32.22</ele>
	<time>2026-08-09T07:17:50.911Z</time>
	<hdop>3.79</hdop>
	<extensions>
		<gpxtpx:TrackPointExtension>
			<gpxtpx:course>322.0</gpxtpx:course>
		</gpxtpx:TrackPointExtension>
	</extensions>
</trkpt>
<trkpt lat="43.9999687" lon="15.0180769">
	<ele>-19.99</ele>
	<time>2026-08-09T07:18:00.912Z</time>
	<hdop>3.79</hdop>
	<extensions>
		<gpxtpx:TrackPointExtension>
			<gpxtpx:course>322.0</gpxtpx:course>
		</gpxtpx:TrackPointExtension>
	</extensions>
</trkpt>
<trkpt lat="44.0002132" lon="15.0178106">
	<ele>-6.31</ele>
	<time>2026-08-09T07:18:10.912Z</time>
	<hdop>3.79</hdop>
	<extensions>
		<gpxtpx:TrackPointExtension>
			<gpxtpx:course>321.0</gpxtpx:course>
		</gpxtpx:TrackPointExtension>
	</extensions>
</trkpt>
<trkpt lat="44.0004576" lon="15.0175560">
	<ele>2.51</ele>
	<time>2026-08-09T07:18:20.913Z</time>
	<hdop>3.79</hdop>
	<extensions>
		<gpxtpx:TrackPointExtension>
			<gpxtpx:course>322.0</gpxtpx:course>
		</gpxtpx:TrackPointExtension>
	</extensions>
</trkpt>
<trkpt lat="44.0007235" lon="15.0172778">
	<ele>12.14</ele>
	<time>2026-08-09T07:18:31.911Z</time>
	<hdop>3.79</hdop>
	<extensions>
		<gpxtpx:TrackPointExtension>
			<gpxtpx:course>322.0</gpxtpx:course>
		</gpxtpx:TrackPointExtension>
	</extensions>
</trkpt>
<trkpt lat="44.0009709" lon="15.0170210">
	<ele>11.11</ele>
	<time>2026-08-09T07:18:41.912Z</time>
	<hdop>3.79</hdop>
	<extensions>
		<gpxtpx:TrackPointExtension>
			<gpxtpx:course>320.0</gpxtpx:course>
		</gpxtpx:TrackPointExtension>
	</extensions>
</trkpt>
<trkpt lat="44.0012054" lon="15.0167595">
	<ele>-7.67</ele>
	<time>2026-08-09T07:18:51.912Z</time>
	<hdop>3.79</hdop>
	<extensions>
		<gpxtpx:TrackPointExtension>
			<gpxtpx:course>323.0</gpxtpx:course>
		</gpxtpx:TrackPointExtension>
	</extensions>
</trkpt>
<trkpt lat="44.0014634" lon="15.0164759">
	<ele>-1.04</ele>
	<time>2026-08-09T07:19:02.911Z</time>
	<hdop>3.79</hdop>
	<extensions>
		<gpxtpx:TrackPointExtension>
			<gpxtpx:course>322.0</gpxtpx:course>
		</gpxtpx:TrackPointExtension>
	</extensions>
</trkpt>
<trkpt lat="44.0017286" lon="15.0161884">
	<ele>-0.54</ele>
	<time>2026-08-09T07:19:13.911Z</time>
	<hdop>3.79</hdop>
	<extensions>
		<gpxtpx:TrackPointExtension>
			<gpxtpx:course>322.0</gpxtpx:course>
		</gpxtpx:TrackPointExtension>
	</extensions>
</trkpt>
<trkpt lat="44.0019676" lon="15.0159347">
	<ele>-58.12</ele>
	<time>2026-08-09T07:19:23.911Z</time>
	<hdop>3.79</hdop>
	<extensions>
		<gpxtpx:TrackPointExtension>
			<gpxtpx:course>320.0</gpxtpx:course>
		</gpxtpx:TrackPointExtension>
	</extensions>
</trkpt>
<trkpt lat="44.0022167" lon="15.0156632">
	<ele>-131.59</ele>
	<time>2026-08-09T07:19:33.913Z</time>
	<hdop>3.79</hdop>
	<extensions>
		<gpxtpx:TrackPointExtension>
			<gpxtpx:course>320.0</gpxtpx:course>
		</gpxtpx:TrackPointExtension>
	</extensions>
</trkpt>
<trkpt lat="44.0024890" lon="15.0153752">
	<ele>-108.51</ele>
	<time>2026-08-09T07:19:44.911Z</time>
	<hdop>3.79</hdop>
	<extensions>
		<gpxtpx:TrackPointExtension>
			<gpxtpx:course>322.0</gpxtpx:course>
		</gpxtpx:TrackPointExtension>
	</extensions>
</trkpt>
<trkpt lat="44.0027292" lon="15.0151129">
	<ele>-50.14</ele>
	<time>2026-08-09T07:19:54.912Z</time>
	<hdop>3.79</hdop>
	<extensions>
		<gpxtpx:TrackPointExtension>
			<gpxtpx:course>322.0</gpxtpx:course>
		</gpxtpx:TrackPointExtension>
	</extensions>
</trkpt>
<trkpt lat="44.0029923" lon="15.0148290">
	<ele>-22.98</ele>
	<time>2026-08-09T07:20:05.911Z</time>
	<hdop>3.79</hdop>
	<extensions>
		<gpxtpx:TrackPointExtension>
			<gpxtpx:course>322.0</gpxtpx:course>
		</gpxtpx:TrackPointExtension>
	</extensions>
</trkpt>
<trkpt lat="44.0032231" lon="15.0145710">
	<ele>-28.56</ele>
	<time>2026-08-09T07:20:15.911Z</time>
	<hdop>3.79</hdop>
	<extensions>
		<gpxtpx:TrackPointExtension>
			<gpxtpx:course>321.0</gpxtpx:course>
		</gpxtpx:TrackPointExtension>
	</extensions>
</trkpt>
<trkpt lat="44.0034734" lon="15.0143219">
	<ele>-24.70</ele>
	<time>2026-08-09T07:20:25.912Z</time>
	<hdop>3.79</hdop>
	<extensions>
		<gpxtpx:TrackPointExtension>
			<gpxtpx:course>323.0</gpxtpx:course>
		</gpxtpx:TrackPointExtension>
	</extensions>
</trkpt>
<trkpt lat="44.0037424" lon="15.0140422">
	<ele>-23.71</ele>
	<time>2026-08-09T07:20:36.912Z</time>
	<hdop>3.79</hdop>
	<extensions>
		<gpxtpx:TrackPointExtension>
			<gpxtpx:course>321.0</gpxtpx:course>
		</gpxtpx:TrackPointExtension>
	</extensions>
</trkpt>
<trkpt lat="44.0040017" lon="15.0137554">
	<ele>-23.49</ele>
	<time>2026-08-09T07:20:47.911Z</time>
	<hdop>3.79</hdop>
	<extensions>
		<gpxtpx:TrackPointExtension>
			<gpxtpx:course>322.0</gpxtpx:course>
		</gpxtpx:TrackPointExtension>
	</extensions>
</trkpt>
<trkpt lat="44.0042358" lon="15.0134908">
	<ele>-21.09</ele>
	<time>2026-08-09T07:20:57.911Z</time>
	<hdop>3.79</hdop>
	<extensions>
		<gpxtpx:TrackPointExtension>
			<gpxtpx:course>322.0</gpxtpx:course>
		</gpxtpx:TrackPointExtension>
	</extensions>
</trkpt>
<trkpt lat="44.0044674" lon="15.0132325">
	<ele>-24.27</ele>
	<time>2026-08-09T07:21:07.911Z</time>
	<hdop>3.79</hdop>
	<extensions>
		<gpxtpx:TrackPointExtension>
			<gpxtpx:course>322.0</gpxtpx:course>
		</gpxtpx:TrackPointExtension>
	</extensions>
</trkpt>
<trkpt lat="44.0047095" lon="15.0129774">
	<ele>-22.94</ele>
	<time>2026-08-09T07:21:17.912Z</time>
	<hdop>3.79</hdop>
	<extensions>
		<gpxtpx:TrackPointExtension>
			<gpxtpx:course>323.0</gpxtpx:course>
		</gpxtpx:TrackPointExtension>
	</extensions>
</trkpt>
<trkpt lat="44.0049440" lon="15.0127240">
	<ele>-25.54</ele>
	<time>2026-08-09T07:21:27.913Z</time>
	<hdop>3.79</hdop>
	<extensions>
		<gpxtpx:TrackPointExtension>
			<gpxtpx:course>321.0</gpxtpx:course>
		</gpxtpx:TrackPointExtension>
	</extensions>
</trkpt>
<trkpt lat="44.0052024" lon="15.0124437">
	<ele>-93.41</ele>
	<time>2026-08-09T07:21:38.912Z</time>
	<hdop>3.79</hdop>
	<extensions>
		<gpxtpx:TrackPointExtension>
			<gpxtpx:course>321.0</gpxtpx:course>
		</gpxtpx:TrackPointExtension>
	</extensions>
</trkpt>
<trkpt lat="44.0054561" lon="15.0121561">
	<ele>-55.37</ele>
	<time>2026-08-09T07:21:49.911Z</time>
	<hdop>3.79</hdop>
	<extensions>
		<gpxtpx:TrackPointExtension>
			<gpxtpx:course>320.0</gpxtpx:course>
		</gpxtpx:TrackPointExtension>
	</extensions>
</trkpt>
<trkpt lat="44.0056993" lon="15.0119016">
	<ele>-25.68</ele>
	<time>2026-08-09T07:21:59.911Z</time>
	<hdop>3.79</hdop>
	<extensions>
		<gpxtpx:TrackPointExtension>
			<gpxtpx:course>323.0</gpxtpx:course>
		</gpxtpx:TrackPointExtension>
	</extensions>
</trkpt>
<trkpt lat="44.0059328" lon="15.0116455">
	<ele>-5.90</ele>
	<time>2026-08-09T07:22:09.911Z</time>
	<hdop>3.79</hdop>
	<extensions>
		<gpxtpx:TrackPointExtension>
			<gpxtpx:course>322.0</gpxtpx:course>
		</gpxtpx:TrackPointExtension>
	</extensions>
</trkpt>
<trkpt lat="44.0061717" lon="15.0113921">
	<ele>-1.60</ele>
	<time>2026-08-09T07:22:19.912Z</time>
	<hdop>3.79</hdop>
	<extensions>
		<gpxtpx:TrackPointExtension>
			<gpxtpx:course>321.0</gpxtpx:course>
		</gpxtpx:TrackPointExtension>
	</extensions>
</trkpt>
<trkpt lat="44.0064361" lon="15.0111161">
	<ele>-2.83</ele>
	<time>2026-08-09T07:22:30.911Z</time>
	<hdop>3.79</hdop>
	<extensions>
		<gpxtpx:TrackPointExtension>
			<gpxtpx:course>321.0</gpxtpx:course>
		</gpxtpx:TrackPointExtension>
	</extensions>
</trkpt>
<trkpt lat="44.0066757" lon="15.0108594">
	<ele>-3.48</ele>
	<time>2026-08-09T07:22:40.911Z</time>
	<hdop>3.79</hdop>
	<extensions>
		<gpxtpx:TrackPointExtension>
			<gpxtpx:course>322.0</gpxtpx:course>
		</gpxtpx:TrackPointExtension>
	</extensions>
</trkpt>
<trkpt lat="44.0069210" lon="15.0106038">
	<ele>-9.73</ele>
	<time>2026-08-09T07:22:50.911Z</time>
	<hdop>3.79</hdop>
	<extensions>
		<gpxtpx:TrackPointExtension>
			<gpxtpx:course>321.0</gpxtpx:course>
		</gpxtpx:TrackPointExtension>
	</extensions>
</trkpt>
<trkpt lat="44.0071544" lon="15.0103513">
	<ele>-34.61</ele>
	<time>2026-08-09T07:23:00.911Z</time>
	<hdop>3.79</hdop>
	<extensions>
		<gpxtpx:TrackPointExtension>
			<gpxtpx:course>321.0</gpxtpx:course>
		</gpxtpx:TrackPointExtension>
	</extensions>
</trkpt>
<trkpt lat="44.0073849" lon="15.0100883">
	<ele>-27.73</ele>
	<time>2026-08-09T07:23:10.911Z</time>
	<hdop>3.79</hdop>
	<extensions>
		<gpxtpx:TrackPointExtension>
			<gpxtpx:course>322.0</gpxtpx:course>
		</gpxtpx:TrackPointExtension>
	</extensions>
</trkpt>
<trkpt lat="44.0076190" lon="15.0098405">
	<ele>-10.32</ele>
	<time>2026-08-09T07:23:20.911Z</time>
	<hdop>3.79</hdop>
	<extensions>
		<gpxtpx:TrackPointExtension>
			<gpxtpx:course>324.0</gpxtpx:course>
		</gpxtpx:TrackPointExtension>
	</extensions>
</trkpt>
<trkpt lat="44.0078541" lon="15.0095872">
	<ele>0.40</ele>
	<time>2026-08-09T07:23:30.911Z</time>
	<hdop>3.79</hdop>
	<extensions>
		<gpxtpx:TrackPointExtension>
			<gpxtpx:course>321.0</gpxtpx:course>
		</gpxtpx:TrackPointExtension>
	</extensions>
</trkpt>
<trkpt lat="44.0080961" lon="15.0093378">
	<ele>13.48</ele>
	<time>2026-08-09T07:23:40.911Z</time>
	<hdop>3.79</hdop>
	<extensions>
		<gpxtpx:TrackPointExtension>
			<gpxtpx:course>323.0</gpxtpx:course>
		</gpxtpx:TrackPointExtension>
	</extensions>
</trkpt>
<trkpt lat="44.0083318" lon="15.0090883">
	<ele>21.56</ele>
	<time>2026-08-09T07:23:50.911Z</time>
	<hdop>3.79</hdop>
	<extensions>
		<gpxtpx:TrackPointExtension>
			<gpxtpx:course>324.0</gpxtpx:course>
		</gpxtpx:TrackPointExtension>
	</extensions>
</trkpt>
<trkpt lat="44.0085957" lon="15.0088104">
	<ele>23.07</ele>
	<time>2026-08-09T07:24:01.911Z</time>
	<hdop>3.79</hdop>
	<extensions>
		<gpxtpx:TrackPointExtension>
			<gpxtpx:course>322.0</gpxtpx:course>
		</gpxtpx:TrackPointExtension>
	</extensions>
</trkpt>
<trkpt lat="44.0088299" lon="15.0085560">
	<ele>25.93</ele>
	<time>2026-08-09T07:24:11.911Z</time>
	<hdop>3.79</hdop>
	<extensions>
		<gpxtpx:TrackPointExtension>
			<gpxtpx:course>321.0</gpxtpx:course>
		</gpxtpx:TrackPointExtension>
	</extensions>
</trkpt>
<trkpt lat="44.0090671" lon="15.0083035">
	<ele>19.88</ele>
	<time>2026-08-09T07:24:21.911Z</time>
	<hdop>3.79</hdop>
	<extensions>
		<gpxtpx:TrackPointExtension>
			<gpxtpx:course>321.0</gpxtpx:course>
		</gpxtpx:TrackPointExtension>
	</extensions>
</trkpt>
<trkpt lat="44.0093071" lon="15.0080613">
	<ele>13.57</ele>
	<time>2026-08-09T07:24:31.911Z</time>
	<hdop>3.79</hdop>
	<extensions>
		<gpxtpx:TrackPointExtension>
			<gpxtpx:course>321.0</gpxtpx:course>
		</gpxtpx:TrackPointExtension>
	</extensions>
</trkpt>
<trkpt lat="44.0095688" lon="15.0077815">
	<ele>17.37</ele>
	<time>2026-08-09T07:24:42.910Z</time>
	<hdop>3.79</hdop>
	<extensions>
		<gpxtpx:TrackPointExtension>
			<gpxtpx:course>322.0</gpxtpx:course>
		</gpxtpx:TrackPointExtension>
	</extensions>
</trkpt>
<trkpt lat="44.0097990" lon="15.0075353">
	<ele>23.71</ele>
	<time>2026-08-09T07:24:52.911Z</time>
	<hdop>3.79</hdop>
	<extensions>
		<gpxtpx:TrackPointExtension>
			<gpxtpx:course>322.0</gpxtpx:course>
		</gpxtpx:TrackPointExtension>
	</extensions>
</trkpt>
<trkpt lat="44.0100432" lon="15.0072821">
	<ele>22.76</ele>
	<time>2026-08-09T07:25:02.911Z</time>
	<hdop>3.79</hdop>
	<extensions>
		<gpxtpx:TrackPointExtension>
			<gpxtpx:course>321.0</gpxtpx:course>
		</gpxtpx:TrackPointExtension>
	</extensions>
</trkpt>
<trkpt lat="44.0102808" lon="15.0070312">
	<ele>19.02</ele>
	<time>2026-08-09T07:25:12.911Z</time>
	<hdop>3.79</hdop>
	<extensions>
		<gpxtpx:TrackPointExtension>
			<gpxtpx:course>321.0</gpxtpx:course>
		</gpxtpx:TrackPointExtension>
	</extensions>
</trkpt>
<trkpt lat="44.0105232" lon="15.0067800">
	<ele>21.11</ele>
	<time>2026-08-09T07:25:22.911Z</time>
	<hdop>3.79</hdop>
	<extensions>
		<gpxtpx:TrackPointExtension>
			<gpxtpx:course>323.0</gpxtpx:course>
		</gpxtpx:TrackPointExtension>
	</extensions>
</trkpt>
<trkpt lat="44.0107894" lon="15.0064995">
	<ele>22.49</ele>
	<time>2026-08-09T07:25:33.910Z</time>
	<hdop>3.79</hdop>
	<extensions>
		<gpxtpx:TrackPointExtension>
			<gpxtpx:course>323.0</gpxtpx:course>
		</gpxtpx:TrackPointExtension>
	</extensions>
</trkpt>
<trkpt lat="44.0110313" lon="15.0062451">
	<ele>22.90</ele>
	<time>2026-08-09T07:25:43.910Z</time>
	<hdop>3.79</hdop>
	<extensions>
		<gpxtpx:TrackPointExtension>
			<gpxtpx:course>323.0</gpxtpx:course>
		</gpxtpx:TrackPointExtension>
	</extensions>
</trkpt>
<trkpt lat="44.0112550" lon="15.0059900">
	<ele>21.67</ele>
	<time>2026-08-09T07:25:53.911Z</time>
	<hdop>3.79</hdop>
	<extensions>
		<gpxtpx:TrackPointExtension>
			<gpxtpx:course>321.0</gpxtpx:course>
		</gpxtpx:TrackPointExtension>
	</extensions>
</trkpt>
<trkpt lat="44.0114943" lon="15.0057319">
	<ele>7.42</ele>
	<time>2026-08-09T07:26:03.911Z</time>
	<hdop>3.79</hdop>
	<extensions>
		<gpxtpx:TrackPointExtension>
			<gpxtpx:course>323.0</gpxtpx:course>
		</gpxtpx:TrackPointExtension>
	</extensions>
</trkpt>
<trkpt lat="44.0117388" lon="15.0054805">
	<ele>0.93</ele>
	<time>2026-08-09T07:26:13.911Z</time>
	<hdop>3.79</hdop>
	<extensions>
		<gpxtpx:TrackPointExtension>
			<gpxtpx:course>322.0</gpxtpx:course>
		</gpxtpx:TrackPointExtension>
	</extensions>
</trkpt>
<trkpt lat="44.0120027" lon="15.0052033">
	<ele>-6.86</ele>
	<time>2026-08-09T07:26:24.910Z</time>
	<hdop>3.79</hdop>
	<extensions>
		<gpxtpx:TrackPointExtension>
			<gpxtpx:course>321.0</gpxtpx:course>
		</gpxtpx:TrackPointExtension>
	</extensions>
</trkpt>
<trkpt lat="44.0122340" lon="15.0049443">
	<ele>-20.62</ele>
	<time>2026-08-09T07:26:34.911Z</time>
	<hdop>3.79</hdop>
	<extensions>
		<gpxtpx:TrackPointExtension>
			<gpxtpx:course>321.0</gpxtpx:course>
		</gpxtpx:TrackPointExtension>
	</extensions>
</trkpt>
<trkpt lat="44.0124788" lon="15.0046878">
	<ele>-45.41</ele>
	<time>2026-08-09T07:26:44.912Z</time>
	<hdop>3.79</hdop>
	<extensions>
		<gpxtpx:TrackPointExtension>
			<gpxtpx:course>322.0</gpxtpx:course>
		</gpxtpx:TrackPointExtension>
	</extensions>
</trkpt>
<trkpt lat="44.0127410" lon="15.0044079">
	<ele>-41.54</ele>
	<time>2026-08-09T07:26:55.911Z</time>
	<hdop>3.79</hdop>
	<extensions>
		<gpxtpx:TrackPointExtension>
			<gpxtpx:course>321.0</gpxtpx:course>
		</gpxtpx:TrackPointExtension>
	</extensions>
</trkpt>
<trkpt lat="44.0130069" lon="15.0041300">
	<ele>-18.05</ele>
	<time>2026-08-09T07:27:06.910Z</time>
	<hdop>3.79</hdop>
	<extensions>
		<gpxtpx:TrackPointExtension>
			<gpxtpx:course>323.0</gpxtpx:course>
		</gpxtpx:TrackPointExtension>
	</extensions>
</trkpt>
<trkpt lat="44.0132414" lon="15.0038758">
	<ele>2.04</ele>
	<time>2026-08-09T07:27:16.910Z</time>
	<hdop>3.79</hdop>
	<extensions>
		<gpxtpx:TrackPointExtension>
			<gpxtpx:course>322.0</gpxtpx:course>
		</gpxtpx:TrackPointExtension>
	</extensions>
</trkpt>
<trkpt lat="44.0134773" lon="15.0036215">
	<ele>14.23</ele>
	<time>2026-08-09T07:27:26.910Z</time>
	<hdop>3.79</hdop>
	<extensions>
		<gpxtpx:TrackPointExtension>
			<gpxtpx:course>322.0</gpxtpx:course>
		</gpxtpx:TrackPointExtension>
	</extensions>
</trkpt>
<trkpt lat="44.0137152" lon="15.0033708">
	<ele>19.64</ele>
	<time>2026-08-09T07:27:36.912Z</time>
	<hdop>3.79</hdop>
	<extensions>
		<gpxtpx:TrackPointExtension>
			<gpxtpx:course>322.0</gpxtpx:course>
		</gpxtpx:TrackPointExtension>
	</extensions>
</trkpt>
<trkpt lat="44.0139788" lon="15.0030861">
	<ele>27.89</ele>
	<time>2026-08-09T07:27:47.910Z</time>
	<hdop>3.79</hdop>
	<extensions>
		<gpxtpx:TrackPointExtension>
			<gpxtpx:course>322.0</gpxtpx:course>
		</gpxtpx:TrackPointExtension>
	</extensions>
</trkpt>
<trkpt lat="44.0142145" lon="15.0028279">
	<ele>33.30</ele>
	<time>2026-08-09T07:27:57.910Z</time>
	<hdop>3.79</hdop>
	<extensions>
		<gpxtpx:TrackPointExtension>
			<gpxtpx:course>322.0</gpxtpx:course>
		</gpxtpx:TrackPointExtension>
	</extensions>
</trkpt>
<trkpt lat="44.0144565" lon="15.0025643">
	<ele>33.36</ele>
	<time>2026-08-09T07:28:07.910Z</time>
	<hdop>3.79</hdop>
	<extensions>
		<gpxtpx:TrackPointExtension>
			<gpxtpx:course>322.0</gpxtpx:course>
		</gpxtpx:TrackPointExtension>
	</extensions>
</trkpt>
<trkpt lat="44.0146991" lon="15.0023080">
	<ele>29.91</ele>
	<time>2026-08-09T07:28:17.910Z</time>
	<hdop>3.79</hdop>
	<extensions>
		<gpxtpx:TrackPointExtension>
			<gpxtpx:course>322.0</gpxtpx:course>
		</gpxtpx:TrackPointExtension>
	</extensions>
</trkpt>
<trkpt lat="44.0149375" lon="15.0020471">
	<ele>29.57</ele>
	<time>2026-08-09T07:28:27.910Z</time>
	<hdop>3.79</hdop>
	<extensions>
		<gpxtpx:TrackPointExtension>
			<gpxtpx:course>322.0</gpxtpx:course>
		</gpxtpx:TrackPointExtension>
	</extensions>
</trkpt>
<trkpt lat="44.0151729" lon="15.0017871">
	<ele>18.21</ele>
	<time>2026-08-09T07:28:37.910Z</time>
	<hdop>3.79</hdop>
	<extensions>
		<gpxtpx:TrackPointExtension>
			<gpxtpx:course>322.0</gpxtpx:course>
		</gpxtpx:TrackPointExtension>
	</extensions>
</trkpt>
<trkpt lat="44.0154152" lon="15.0015230">
	<ele>15.38</ele>
	<time>2026-08-09T07:28:47.910Z</time>
	<hdop>3.79</hdop>
	<extensions>
		<gpxtpx:TrackPointExtension>
			<gpxtpx:course>322.0</gpxtpx:course>
		</gpxtpx:TrackPointExtension>
	</extensions>
</trkpt>
<trkpt lat="44.0156581" lon="15.0012617">
	<ele>23.67</ele>
	<time>2026-08-09T07:28:57.910Z</time>
	<hdop>3.79</hdop>
	<extensions>
		<gpxtpx:TrackPointExtension>
			<gpxtpx:course>322.0</gpxtpx:course>
		</gpxtpx:TrackPointExtension>
	</extensions>
</trkpt>
<trkpt lat="44.0159019" lon="15.0010064">
	<ele>27.06</ele>
	<time>2026-08-09T07:29:07.910Z</time>
	<hdop>3.79</hdop>
	<extensions>
		<gpxtpx:TrackPointExtension>
			<gpxtpx:course>322.0</gpxtpx:course>
		</gpxtpx:TrackPointExtension>
	</extensions>
</trkpt>
<trkpt lat="44.0161456" lon="15.0007481">
	<ele>24.42</ele>
	<time>2026-08-09T07:29:17.910Z</time>
	<hdop>3.79</hdop>
	<extensions>
		<gpxtpx:TrackPointExtension>
			<gpxtpx:course>322.0</gpxtpx:course>
		</gpxtpx:TrackPointExtension>
	</extensions>
</trkpt>
<trkpt lat="44.0163865" lon="15.0004880">
	<ele>30.26</ele>
	<time>2026-08-09T07:29:27.910Z</time>
	<hdop>3.79</hdop>
	<extensions>
		<gpxtpx:TrackPointExtension>
			<gpxtpx:course>323.0</gpxtpx:course>
		</gpxtpx:TrackPointExtension>
	</extensions>
</trkpt>
<trkpt lat="44.0166305" lon="15.0002253">
	<ele>28.57</ele>
	<time>2026-08-09T07:29:37.910Z</time>
	<hdop>3.79</hdop>
	<extensions>
		<gpxtpx:TrackPointExtension>
			<gpxtpx:course>322.0</gpxtpx:course>
		</gpxtpx:TrackPointExtension>
	</extensions>
</trkpt>
<trkpt lat="44.0168713" lon="14.9999641">
	<ele>23.05</ele>
	<time>2026-08-09T07:29:47.910Z</time>
	<hdop>3.79</hdop>
	<extensions>
		<gpxtpx:TrackPointExtension>
			<gpxtpx:course>321.0</gpxtpx:course>
		</gpxtpx:TrackPointExtension>
	</extensions>
</trkpt>
<trkpt lat="44.0171103" lon="14.9996987">
	<ele>16.06</ele>
	<time>2026-08-09T07:29:57.910Z</time>
	<hdop>3.79</hdop>
	<extensions>
		<gpxtpx:TrackPointExtension>
			<gpxtpx:course>323.0</gpxtpx:course>
		</gpxtpx:TrackPointExtension>
	</extensions>
</trkpt>
<trkpt lat="44.0173528" lon="14.9994379">
	<ele>15.79</ele>
	<time>2026-08-09T07:30:07.910Z</time>
	<hdop>3.79</hdop>
	<extensions>
		<gpxtpx:TrackPointExtension>
			<gpxtpx:course>322.0</gpxtpx:course>
		</gpxtpx:TrackPointExtension>
	</extensions>
</trkpt>
<trkpt lat="44.0175942" lon="14.9991707">
	<ele>10.67</ele>
	<time>2026-08-09T07:30:17.911Z</time>
	<hdop>3.79</hdop>
	<extensions>
		<gpxtpx:TrackPointExtension>
			<gpxtpx:course>322.0</gpxtpx:course>
		</gpxtpx:TrackPointExtension>
	</extensions>
</trkpt>
<trkpt lat="44.0178563" lon="14.9988842">
	<ele>14.13</ele>
	<time>2026-08-09T07:30:28.910Z</time>
	<hdop>3.79</hdop>
	<extensions>
		<gpxtpx:TrackPointExtension>
			<gpxtpx:course>321.0</gpxtpx:course>
		</gpxtpx:TrackPointExtension>
	</extensions>
</trkpt>
<trkpt lat="44.0180976" lon="14.9986300">
	<ele>15.67</ele>
	<time>2026-08-09T07:30:38.910Z</time>
	<hdop>3.79</hdop>
	<extensions>
		<gpxtpx:TrackPointExtension>
			<gpxtpx:course>321.0</gpxtpx:course>
		</gpxtpx:TrackPointExtension>
	</extensions>
</trkpt>
<trkpt lat="44.0183409" lon="14.9983675">
	<ele>18.33</ele>
	<time>2026-08-09T07:30:48.910Z</time>
	<hdop>3.79</hdop>
	<extensions>
		<gpxtpx:TrackPointExtension>
			<gpxtpx:course>322.0</gpxtpx:course>
		</gpxtpx:TrackPointExtension>
	</extensions>
</trkpt>
<trkpt lat="44.0185847" lon="14.9981080">
	<ele>18.86</ele>
	<time>2026-08-09T07:30:58.910Z</time>
	<hdop>3.79</hdop>
	<extensions>
		<gpxtpx:TrackPointExtension>
			<gpxtpx:course>323.0</gpxtpx:course>
		</gpxtpx:TrackPointExtension>
	</extensions>
</trkpt>
<trkpt lat="44.0188246" lon="14.9978444">
	<ele>16.64</ele>
	<time>2026-08-09T07:31:08.910Z</time>
	<hdop>3.79</hdop>
	<extensions>
		<gpxtpx:TrackPointExtension>
			<gpxtpx:course>322.0</gpxtpx:course>
		</gpxtpx:TrackPointExtension>
	</extensions>
</trkpt>
<trkpt lat="44.0190649" lon="14.9975749">
	<ele>13.25</ele>
	<time>2026-08-09T07:31:18.910Z</time>
	<hdop>3.79</hdop>
	<extensions>
		<gpxtpx:TrackPointExtension>
			<gpxtpx:course>322.0</gpxtpx:course>
		</gpxtpx:TrackPointExtension>
	</extensions>
</trkpt>
<trkpt lat="44.0193089" lon="14.9973218">
	<ele>11.12</ele>
	<time>2026-08-09T07:31:28.910Z</time>
	<hdop>3.79</hdop>
	<extensions>
		<gpxtpx:TrackPointExtension>
			<gpxtpx:course>321.0</gpxtpx:course>
		</gpxtpx:TrackPointExtension>
	</extensions>
</trkpt>
<trkpt lat="44.0195507" lon="14.9970619">
	<ele>3.53</ele>
	<time>2026-08-09T07:31:38.911Z</time>
	<hdop>3.79</hdop>
	<extensions>
		<gpxtpx:TrackPointExtension>
			<gpxtpx:course>321.0</gpxtpx:course>
		</gpxtpx:TrackPointExtension>
	</extensions>
</trkpt>
<trkpt lat="44.0198214" lon="14.9967713">
	<ele>6.89</ele>
	<time>2026-08-09T07:31:49.910Z</time>
	<hdop>3.79</hdop>
	<extensions>
		<gpxtpx:TrackPointExtension>
			<gpxtpx:course>322.0</gpxtpx:course>
		</gpxtpx:TrackPointExtension>
	</extensions>
</trkpt>
<trkpt lat="44.0200801" lon="14.9964945">
	<ele>10.39</ele>
	<time>2026-08-09T07:32:00.911Z</time>
	<hdop>3.79</hdop>
	<extensions>
		<gpxtpx:TrackPointExtension>
			<gpxtpx:course>322.0</gpxtpx:course>
		</gpxtpx:TrackPointExtension>
	</extensions>
</trkpt>
<trkpt lat="44.0203370" lon="14.9962153">
	<ele>10.91</ele>
	<time>2026-08-09T07:32:11.910Z</time>
	<hdop>3.79</hdop>
	<extensions>
		<gpxtpx:TrackPointExtension>
			<gpxtpx:course>322.0</gpxtpx:course>
		</gpxtpx:TrackPointExtension>
	</extensions>
</trkpt>
<trkpt lat="44.0206058" lon="14.9959224">
	<ele>10.57</ele>
	<time>2026-08-09T07:32:22.910Z</time>
	<hdop>3.79</hdop>
	<extensions>
		<gpxtpx:TrackPointExtension>
			<gpxtpx:course>322.0</gpxtpx:course>
		</gpxtpx:TrackPointExtension>
	</extensions>
</trkpt>
<trkpt lat="44.0208596" lon="14.9956481">
	<ele>7.30</ele>
	<time>2026-08-09T07:32:33.910Z</time>
	<hdop>3.79</hdop>
	<extensions>
		<gpxtpx:TrackPointExtension>
			<gpxtpx:course>320.0</gpxtpx:course>
		</gpxtpx:TrackPointExtension>
	</extensions>
</trkpt>
<trkpt lat="44.0211260" lon="14.9954352">
	<ele>-4.39</ele>
	<time>2026-08-09T07:32:43.911Z</time>
	<hdop>3.79</hdop>
	<extensions>
		<gpxtpx:TrackPointExtension>
			<gpxtpx:course>331.0</gpxtpx:course>
		</gpxtpx:TrackPointExtension>
	</extensions>
</trkpt>
<trkpt lat="44.0214456" lon="14.9952478">
	<ele>-1.83</ele>
	<time>2026-08-09T07:32:54.910Z</time>
	<hdop>3.79</hdop>
	<extensions>
		<gpxtpx:TrackPointExtension>
			<gpxtpx:course>343.0</gpxtpx:course>
		</gpxtpx:TrackPointExtension>
	</extensions>
</trkpt>
<trkpt lat="44.0217326" lon="14.9951149">
	<ele>6.38</ele>
	<time>2026-08-09T07:33:04.911Z</time>
	<hdop>3.79</hdop>
	<extensions>
		<gpxtpx:TrackPointExtension>
			<gpxtpx:course>343.0</gpxtpx:course>
		</gpxtpx:TrackPointExtension>
	</extensions>
</trkpt>
<trkpt lat="44.0220591" lon="14.9949921">
	<ele>11.45</ele>
	<time>2026-08-09T07:33:15.911Z</time>
	<hdop>3.79</hdop>
	<extensions>
		<gpxtpx:TrackPointExtension>
			<gpxtpx:course>341.0</gpxtpx:course>
		</gpxtpx:TrackPointExtension>
	</extensions>
</trkpt>
<trkpt lat="44.0223959" lon="14.9948683">
	<ele>14.16</ele>
	<time>2026-08-09T07:33:26.909Z</time>
	<hdop>3.79</hdop>
	<extensions>
		<gpxtpx:TrackPointExtension>
			<gpxtpx:course>343.0</gpxtpx:course>
		</gpxtpx:TrackPointExtension>
	</extensions>
</trkpt>
<trkpt lat="44.0226949" lon="14.9947606">
	<ele>12.40</ele>
	<time>2026-08-09T07:33:36.909Z</time>
	<hdop>3.79</hdop>
	<extensions>
		<gpxtpx:TrackPointExtension>
			<gpxtpx:course>344.0</gpxtpx:course>
		</gpxtpx:TrackPointExtension>
	</extensions>
</trkpt>
<trkpt lat="44.0229968" lon="14.9946459">
	<ele>17.35</ele>
	<time>2026-08-09T07:33:46.910Z</time>
	<hdop>3.79</hdop>
	<extensions>
		<gpxtpx:TrackPointExtension>
			<gpxtpx:course>344.0</gpxtpx:course>
		</gpxtpx:TrackPointExtension>
	</extensions>
</trkpt>
<trkpt lat="44.0232915" lon="14.9945295">
	<ele>13.40</ele>
	<time>2026-08-09T07:33:56.910Z</time>
	<hdop>3.79</hdop>
	<extensions>
		<gpxtpx:TrackPointExtension>
			<gpxtpx:course>344.0</gpxtpx:course>
		</gpxtpx:TrackPointExtension>
	</extensions>
</trkpt>
<trkpt lat="44.0236173" lon="14.9944004">
	<ele>9.16</ele>
	<time>2026-08-09T07:34:07.910Z</time>
	<hdop>3.79</hdop>
	<extensions>
		<gpxtpx:TrackPointExtension>
			<gpxtpx:course>346.0</gpxtpx:course>
		</gpxtpx:TrackPointExtension>
	</extensions>
</trkpt>
<trkpt lat="44.0239429" lon="14.9942687">
	<ele>7.33</ele>
	<time>2026-08-09T07:34:18.910Z</time>
	<hdop>3.79</hdop>
	<extensions>
		<gpxtpx:TrackPointExtension>
			<gpxtpx:course>345.0</gpxtpx:course>
		</gpxtpx:TrackPointExtension>
	</extensions>
</trkpt>
<trkpt lat="44.0242429" lon="14.9941560">
	<ele>8.66</ele>
	<time>2026-08-09T07:34:28.910Z</time>
	<hdop>3.79</hdop>
	<extensions>
		<gpxtpx:TrackPointExtension>
			<gpxtpx:course>346.0</gpxtpx:course>
		</gpxtpx:TrackPointExtension>
	</extensions>
</trkpt>
<trkpt lat="44.0245717" lon="14.9940306">
	<ele>5.66</ele>
	<time>2026-08-09T07:34:39.910Z</time>
	<hdop>3.79</hdop>
	<extensions>
		<gpxtpx:TrackPointExtension>
			<gpxtpx:course>342.0</gpxtpx:course>
		</gpxtpx:TrackPointExtension>
	</extensions>
</trkpt>
<trkpt lat="44.0248897" lon="14.9938911">
	<ele>6.88</ele>
	<time>2026-08-09T07:34:50.909Z</time>
	<hdop>3.79</hdop>
	<extensions>
		<gpxtpx:TrackPointExtension>
			<gpxtpx:course>343.0</gpxtpx:course>
		</gpxtpx:TrackPointExtension>
	</extensions>
</trkpt>
<trkpt lat="44.0251862" lon="14.9937709">
	<ele>6.60</ele>
	<time>2026-08-09T07:35:00.909Z</time>
	<hdop>3.79</hdop>
	<extensions>
		<gpxtpx:TrackPointExtension>
			<gpxtpx:course>344.0</gpxtpx:course>
		</gpxtpx:TrackPointExtension>
	</extensions>
</trkpt>
<trkpt lat="44.0254786" lon="14.9936605">
	<ele>4.35</ele>
	<time>2026-08-09T07:35:10.910Z</time>
	<hdop>3.79</hdop>
	<extensions>
		<gpxtpx:TrackPointExtension>
			<gpxtpx:course>346.0</gpxtpx:course>
		</gpxtpx:TrackPointExtension>
	</extensions>
</trkpt>
<trkpt lat="44.0257835" lon="14.9935410">
	<ele>4.97</ele>
	<time>2026-08-09T07:35:21.909Z</time>
	<hdop>3.79</hdop>
	<extensions>
		<gpxtpx:TrackPointExtension>
			<gpxtpx:course>346.0</gpxtpx:course>
		</gpxtpx:TrackPointExtension>
	</extensions>
</trkpt>
<trkpt lat="44.0260461" lon="14.9934395">
	<ele>3.20</ele>
	<time>2026-08-09T07:35:31.911Z</time>
	<hdop>3.79</hdop>
	<extensions>
		<gpxtpx:TrackPointExtension>
			<gpxtpx:course>344.0</gpxtpx:course>
		</gpxtpx:TrackPointExtension>
	</extensions>
</trkpt>
<trkpt lat="44.0263387" lon="14.9933288">
	<ele>0.55</ele>
	<time>2026-08-09T07:35:42.909Z</time>
	<hdop>3.79</hdop>
	<extensions>
		<gpxtpx:TrackPointExtension>
			<gpxtpx:course>344.0</gpxtpx:course>
		</gpxtpx:TrackPointExtension>
	</extensions>
</trkpt>
<trkpt lat="44.0266022" lon="14.9932233">
	<ele>1.92</ele>
	<time>2026-08-09T07:35:52.911Z</time>
	<hdop>3.79</hdop>
	<extensions>
		<gpxtpx:TrackPointExtension>
			<gpxtpx:course>343.0</gpxtpx:course>
		</gpxtpx:TrackPointExtension>
	</extensions>
</trkpt>
<trkpt lat="44.0268844" lon="14.9931114">
	<ele>-0.07</ele>
	<time>2026-08-09T07:36:03.909Z</time>
	<hdop>3.79</hdop>
	<extensions>
		<gpxtpx:TrackPointExtension>
			<gpxtpx:course>342.0</gpxtpx:course>
		</gpxtpx:TrackPointExtension>
	</extensions>
</trkpt>
<trkpt lat="44.0271430" lon="14.9930018">
	<ele>1.18</ele>
	<time>2026-08-09T07:36:13.909Z</time>
	<hdop>3.79</hdop>
	<extensions>
		<gpxtpx:TrackPointExtension>
			<gpxtpx:course>343.0</gpxtpx:course>
		</gpxtpx:TrackPointExtension>
	</extensions>
</trkpt>
<trkpt lat="44.0274019" lon="14.9928955">
	<ele>1.01</ele>
	<time>2026-08-09T07:36:23.909Z</time>
	<hdop>3.79</hdop>
	<extensions>
		<gpxtpx:TrackPointExtension>
			<gpxtpx:course>342.0</gpxtpx:course>
		</gpxtpx:TrackPointExtension>
	</extensions>
</trkpt>
<trkpt lat="44.0276595" lon="14.9927928">
	<ele>0.62</ele>
	<time>2026-08-09T07:36:33.909Z</time>
	<hdop>3.79</hdop>
	<extensions>
		<gpxtpx:TrackPointExtension>
			<gpxtpx:course>342.0</gpxtpx:course>
		</gpxtpx:TrackPointExtension>
	</extensions>
</trkpt>
<trkpt lat="44.0279204" lon="14.9926873">
	<ele>-0.47</ele>
	<time>2026-08-09T07:36:43.909Z</time>
	<hdop>3.79</hdop>
	<extensions>
		<gpxtpx:TrackPointExtension>
			<gpxtpx:course>342.0</gpxtpx:course>
		</gpxtpx:TrackPointExtension>
	</extensions>
</trkpt>
<trkpt lat="44.0281806" lon="14.9925747">
	<ele>0.12</ele>
	<time>2026-08-09T07:36:53.910Z</time>
	<hdop>3.79</hdop>
	<extensions>
		<gpxtpx:TrackPointExtension>
			<gpxtpx:course>342.0</gpxtpx:course>
		</gpxtpx:TrackPointExtension>
	</extensions>
</trkpt>
<trkpt lat="44.0284623" lon="14.9924513">
	<ele>-2.48</ele>
	<time>2026-08-09T07:37:04.909Z</time>
	<hdop>3.79</hdop>
	<extensions>
		<gpxtpx:TrackPointExtension>
			<gpxtpx:course>343.0</gpxtpx:course>
		</gpxtpx:TrackPointExtension>
	</extensions>
</trkpt>
<trkpt lat="44.0287172" lon="14.9923480">
	<ele>-2.19</ele>
	<time>2026-08-09T07:37:14.910Z</time>
	<hdop>3.79</hdop>
	<extensions>
		<gpxtpx:TrackPointExtension>
			<gpxtpx:course>343.0</gpxtpx:course>
		</gpxtpx:TrackPointExtension>
	</extensions>
</trkpt>
<trkpt lat="44.0289767" lon="14.9922395">
	<ele>2.44</ele>
	<time>2026-08-09T07:37:24.910Z</time>
	<hdop>3.79</hdop>
	<extensions>
		<gpxtpx:TrackPointExtension>
			<gpxtpx:course>342.0</gpxtpx:course>
		</gpxtpx:TrackPointExtension>
	</extensions>
</trkpt>
<trkpt lat="44.0292411" lon="14.9921287">
	<ele>-0.41</ele>
	<time>2026-08-09T07:37:34.910Z</time>
	<hdop>3.79</hdop>
	<extensions>
		<gpxtpx:TrackPointExtension>
			<gpxtpx:course>344.0</gpxtpx:course>
		</gpxtpx:TrackPointExtension>
	</extensions>
</trkpt>
<trkpt lat="44.0295276" lon="14.9920096">
	<ele>-0.58</ele>
	<time>2026-08-09T07:37:45.910Z</time>
	<hdop>3.79</hdop>
	<extensions>
		<gpxtpx:TrackPointExtension>
			<gpxtpx:course>344.0</gpxtpx:course>
		</gpxtpx:TrackPointExtension>
	</extensions>
</trkpt>
<trkpt lat="44.0298119" lon="14.9918893">
	<ele>-4.01</ele>
	<time>2026-08-09T07:37:56.909Z</time>
	<hdop>3.79</hdop>
	<extensions>
		<gpxtpx:TrackPointExtension>
			<gpxtpx:course>344.0</gpxtpx:course>
		</gpxtpx:TrackPointExtension>
	</extensions>
</trkpt>
<trkpt lat="44.0300970" lon="14.9917761">
	<ele>-4.69</ele>
	<time>2026-08-09T07:38:07.910Z</time>
	<hdop>3.79</hdop>
	<extensions>
		<gpxtpx:TrackPointExtension>
			<gpxtpx:course>344.0</gpxtpx:course>
		</gpxtpx:TrackPointExtension>
	</extensions>
</trkpt>
<trkpt lat="44.0303830" lon="14.9916528">
	<ele>0.08</ele>
	<time>2026-08-09T07:38:18.909Z</time>
	<hdop>3.79</hdop>
	<extensions>
		<gpxtpx:TrackPointExtension>
			<gpxtpx:course>341.0</gpxtpx:course>
		</gpxtpx:TrackPointExtension>
	</extensions>
</trkpt>
<trkpt lat="44.0306464" lon="14.9915506">
	<ele>-2.02</ele>
	<time>2026-08-09T07:38:28.909Z</time>
	<hdop>3.79</hdop>
	<extensions>
		<gpxtpx:TrackPointExtension>
			<gpxtpx:course>344.0</gpxtpx:course>
		</gpxtpx:TrackPointExtension>
	</extensions>
</trkpt>
<trkpt lat="44.0309013" lon="14.9914512">
	<ele>-4.84</ele>
	<time>2026-08-09T07:38:38.909Z</time>
	<hdop>3.79</hdop>
	<extensions>
		<gpxtpx:TrackPointExtension>
			<gpxtpx:course>343.0</gpxtpx:course>
		</gpxtpx:TrackPointExtension>
	</extensions>
</trkpt>
<trkpt lat="44.0311657" lon="14.9913377">
	<ele>-4.13</ele>
	<time>2026-08-09T07:38:48.909Z</time>
	<hdop>3.79</hdop>
	<extensions>
		<gpxtpx:TrackPointExtension>
			<gpxtpx:course>344.0</gpxtpx:course>
		</gpxtpx:TrackPointExtension>
	</extensions>
</trkpt>
<trkpt lat="44.0314199" lon="14.9912115">
	<ele>-3.95</ele>
	<time>2026-08-09T07:38:58.910Z</time>
	<hdop>3.79</hdop>
	<extensions>
		<gpxtpx:TrackPointExtension>
			<gpxtpx:course>338.0</gpxtpx:course>
		</gpxtpx:TrackPointExtension>
	</extensions>
</trkpt>
<trkpt lat="44.0316975" lon="14.9910559">
	<ele>-4.43</ele>
	<time>2026-08-09T07:39:09.909Z</time>
	<hdop>3.79</hdop>
	<extensions>
		<gpxtpx:TrackPointExtension>
			<gpxtpx:course>337.0</gpxtpx:course>
		</gpxtpx:TrackPointExtension>
	</extensions>
</trkpt>
<trkpt lat="44.0319505" lon="14.9909041">
	<ele>0.32</ele>
	<time>2026-08-09T07:39:19.909Z</time>
	<hdop>3.79</hdop>
	<extensions>
		<gpxtpx:TrackPointExtension>
			<gpxtpx:course>336.0</gpxtpx:course>
		</gpxtpx:TrackPointExtension>
	</extensions>
</trkpt>
<trkpt lat="44.0321955" lon="14.9907569">
	<ele>-0.73</ele>
	<time>2026-08-09T07:39:29.909Z</time>
	<hdop>3.79</hdop>
	<extensions>
		<gpxtpx:TrackPointExtension>
			<gpxtpx:course>335.0</gpxtpx:course>
		</gpxtpx:TrackPointExtension>
	</extensions>
</trkpt>
<trkpt lat="44.0324374" lon="14.9906055">
	<ele>3.34</ele>
	<time>2026-08-09T07:39:39.909Z</time>
	<hdop>3.79</hdop>
	<extensions>
		<gpxtpx:TrackPointExtension>
			<gpxtpx:course>334.0</gpxtpx:course>
		</gpxtpx:TrackPointExtension>
	</extensions>
</trkpt>
<trkpt lat="44.0326795" lon="14.9904364">
	<ele>0.17</ele>
	<time>2026-08-09T07:39:49.909Z</time>
	<hdop>3.79</hdop>
	<extensions>
		<gpxtpx:TrackPointExtension>
			<gpxtpx:course>333.0</gpxtpx:course>
		</gpxtpx:TrackPointExtension>
	</extensions>
</trkpt>
<trkpt lat="44.0329213" lon="14.9902654">
	<ele>-0.66</ele>
	<time>2026-08-09T07:39:59.909Z</time>
	<hdop>3.79</hdop>
	<extensions>
		<gpxtpx:TrackPointExtension>
			<gpxtpx:course>331.0</gpxtpx:course>
		</gpxtpx:TrackPointExtension>
	</extensions>
</trkpt>
<trkpt lat="44.0331609" lon="14.9900893">
	<ele>-3.77</ele>
	<time>2026-08-09T07:40:09.910Z</time>
	<hdop>3.79</hdop>
	<extensions>
		<gpxtpx:TrackPointExtension>
			<gpxtpx:course>332.0</gpxtpx:course>
		</gpxtpx:TrackPointExtension>
	</extensions>
</trkpt>
<trkpt lat="44.0334240" lon="14.9899131">
	<ele>-2.35</ele>
	<time>2026-08-09T07:40:20.909Z</time>
	<hdop>3.79</hdop>
	<extensions>
		<gpxtpx:TrackPointExtension>
			<gpxtpx:course>336.0</gpxtpx:course>
		</gpxtpx:TrackPointExtension>
	</extensions>
</trkpt>
<trkpt lat="44.0336571" lon="14.9897826">
	<ele>-2.04</ele>
	<time>2026-08-09T07:40:30.910Z</time>
	<hdop>3.79</hdop>
	<extensions>
		<gpxtpx:TrackPointExtension>
			<gpxtpx:course>338.0</gpxtpx:course>
		</gpxtpx:TrackPointExtension>
	</extensions>
</trkpt>
<trkpt lat="44.0338903" lon="14.9896627">
	<ele>-1.87</ele>
	<time>2026-08-09T07:40:41.909Z</time>
	<hdop>3.79</hdop>
	<extensions>
		<gpxtpx:TrackPointExtension>
			<gpxtpx:course>342.0</gpxtpx:course>
		</gpxtpx:TrackPointExtension>
	</extensions>
</trkpt>
<trkpt lat="44.0341037" lon="14.9895684">
	<ele>-4.12</ele>
	<time>2026-08-09T07:40:51.909Z</time>
	<hdop>3.79</hdop>
	<extensions>
		<gpxtpx:TrackPointExtension>
			<gpxtpx:course>343.0</gpxtpx:course>
		</gpxtpx:TrackPointExtension>
	</extensions>
</trkpt>
<trkpt lat="44.0343209" lon="14.9894881">
	<ele>-0.89</ele>
	<time>2026-08-09T07:41:01.909Z</time>
	<hdop>3.79</hdop>
	<extensions>
		<gpxtpx:TrackPointExtension>
			<gpxtpx:course>347.0</gpxtpx:course>
		</gpxtpx:TrackPointExtension>
	</extensions>
</trkpt>
<trkpt lat="44.0345442" lon="14.9894175">
	<ele>-1.40</ele>
	<time>2026-08-09T07:41:11.909Z</time>
	<hdop>3.79</hdop>
	<extensions>
		<gpxtpx:TrackPointExtension>
			<gpxtpx:course>348.0</gpxtpx:course>
		</gpxtpx:TrackPointExtension>
	</extensions>
</trkpt>
<trkpt lat="44.0347616" lon="14.9893512">
	<ele>-2.03</ele>
	<time>2026-08-09T07:41:21.909Z</time>
	<hdop>3.79</hdop>
	<extensions>
		<gpxtpx:TrackPointExtension>
			<gpxtpx:course>349.0</gpxtpx:course>
		</gpxtpx:TrackPointExtension>
	</extensions>
</trkpt>
<trkpt lat="44.0349810" lon="14.9893037">
	<ele>-2.69</ele>
	<time>2026-08-09T07:41:31.909Z</time>
	<hdop>3.79</hdop>
	<extensions>
		<gpxtpx:TrackPointExtension>
			<gpxtpx:course>351.0</gpxtpx:course>
		</gpxtpx:TrackPointExtension>
	</extensions>
</trkpt>
<trkpt lat="44.0351975" lon="14.9892671">
	<ele>1.95</ele>
	<time>2026-08-09T07:41:41.909Z</time>
	<hdop>3.79</hdop>
	<extensions>
		<gpxtpx:TrackPointExtension>
			<gpxtpx:course>353.0</gpxtpx:course>
		</gpxtpx:TrackPointExtension>
	</extensions>
</trkpt>
<trkpt lat="44.0354229" lon="14.9892248">
	<ele>-2.45</ele>
	<time>2026-08-09T07:41:51.909Z</time>
	<hdop>3.79</hdop>
	<extensions>
		<gpxtpx:TrackPointExtension>
			<gpxtpx:course>353.0</gpxtpx:course>
		</gpxtpx:TrackPointExtension>
	</extensions>
</trkpt>
<trkpt lat="44.0356349" lon="14.9891298">
	<ele>-3.57</ele>
	<time>2026-08-09T07:42:01.910Z</time>
	<hdop>3.79</hdop>
	<extensions>
		<gpxtpx:TrackPointExtension>
			<gpxtpx:course>335.0</gpxtpx:course>
		</gpxtpx:TrackPointExtension>
	</extensions>
</trkpt>
<trkpt lat="44.0358620" lon="14.9890105">
	<ele>1.22</ele>
	<time>2026-08-09T07:42:12.909Z</time>
	<hdop>3.79</hdop>
	<extensions>
		<gpxtpx:TrackPointExtension>
			<gpxtpx:course>340.0</gpxtpx:course>
		</gpxtpx:TrackPointExtension>
	</extensions>
</trkpt>
<trkpt lat="44.0360901" lon="14.9888855">
	<ele>-2.75</ele>
	<time>2026-08-09T07:42:23.909Z</time>
	<hdop>3.79</hdop>
	<extensions>
		<gpxtpx:TrackPointExtension>
			<gpxtpx:course>335.0</gpxtpx:course>
		</gpxtpx:TrackPointExtension>
	</extensions>
</trkpt>
<trkpt lat="44.0363112" lon="14.9887415">
	<ele>-2.68</ele>
	<time>2026-08-09T07:42:34.909Z</time>
	<hdop>3.79</hdop>
	<extensions>
		<gpxtpx:TrackPointExtension>
			<gpxtpx:course>335.0</gpxtpx:course>
		</gpxtpx:TrackPointExtension>
	</extensions>
</trkpt>
<trkpt lat="44.0365110" lon="14.9886179">
	<ele>-2.46</ele>
	<time>2026-08-09T07:42:44.909Z</time>
	<hdop>3.79</hdop>
	<extensions>
		<gpxtpx:TrackPointExtension>
			<gpxtpx:course>334.0</gpxtpx:course>
		</gpxtpx:TrackPointExtension>
	</extensions>
</trkpt>
<trkpt lat="44.0367302" lon="14.9884895">
	<ele>-2.91</ele>
	<time>2026-08-09T07:42:55.908Z</time>
	<hdop>3.79</hdop>
	<extensions>
		<gpxtpx:TrackPointExtension>
			<gpxtpx:course>339.0</gpxtpx:course>
		</gpxtpx:TrackPointExtension>
	</extensions>
</trkpt>
<trkpt lat="44.0369359" lon="14.9883812">
	<ele>-1.68</ele>
	<time>2026-08-09T07:43:05.910Z</time>
	<hdop>3.79</hdop>
	<extensions>
		<gpxtpx:TrackPointExtension>
			<gpxtpx:course>339.0</gpxtpx:course>
		</gpxtpx:TrackPointExtension>
	</extensions>
</trkpt>
<trkpt lat="44.0371671" lon="14.9882632">
	<ele>-0.97</ele>
	<time>2026-08-09T07:43:16.907Z</time>
	<hdop>3.79</hdop>
	<extensions>
		<gpxtpx:TrackPointExtension>
			<gpxtpx:course>340.0</gpxtpx:course>
		</gpxtpx:TrackPointExtension>
	</extensions>
</trkpt>
<trkpt lat="44.0373753" lon="14.9881630">
	<ele>-3.25</ele>
	<time>2026-08-09T07:43:26.908Z</time>
	<hdop>3.79</hdop>
	<extensions>
		<gpxtpx:TrackPointExtension>
			<gpxtpx:course>339.0</gpxtpx:course>
		</gpxtpx:TrackPointExtension>
	</extensions>
</trkpt>
<trkpt lat="44.0375814" lon="14.9880622">
	<ele>-0.58</ele>
	<time>2026-08-09T07:43:36.909Z</time>
	<hdop>3.79</hdop>
	<extensions>
		<gpxtpx:TrackPointExtension>
			<gpxtpx:course>341.0</gpxtpx:course>
		</gpxtpx:TrackPointExtension>
	</extensions>
</trkpt>
<trkpt lat="44.0377886" lon="14.9879613">
	<ele>-3.65</ele>
	<time>2026-08-09T07:43:46.909Z</time>
	<hdop>3.79</hdop>
	<extensions>
		<gpxtpx:TrackPointExtension>
			<gpxtpx:course>340.0</gpxtpx:course>
		</gpxtpx:TrackPointExtension>
	</extensions>
</trkpt>
<trkpt lat="44.0379944" lon="14.9878556">
	<ele>-3.80</ele>
	<time>2026-08-09T07:43:56.909Z</time>
	<hdop>3.79</hdop>
	<extensions>
		<gpxtpx:TrackPointExtension>
			<gpxtpx:course>341.0</gpxtpx:course>
		</gpxtpx:TrackPointExtension>
	</extensions>
</trkpt>
<trkpt lat="44.0382102" lon="14.9877570">
	<ele>-1.09</ele>
	<time>2026-08-09T07:44:06.909Z</time>
	<hdop>3.79</hdop>
	<extensions>
		<gpxtpx:TrackPointExtension>
			<gpxtpx:course>338.0</gpxtpx:course>
		</gpxtpx:TrackPointExtension>
	</extensions>
</trkpt>
<trkpt lat="44.0384329" lon="14.9876456">
	<ele>-3.86</ele>
	<time>2026-08-09T07:44:17.910Z</time>
	<hdop>3.79</hdop>
	<extensions>
		<gpxtpx:TrackPointExtension>
			<gpxtpx:course>341.0</gpxtpx:course>
		</gpxtpx:TrackPointExtension>
	</extensions>
</trkpt>
<trkpt lat="44.0386607" lon="14.9875352">
	<ele>-0.75</ele>
	<time>2026-08-09T07:44:28.908Z</time>
	<hdop>3.79</hdop>
	<extensions>
		<gpxtpx:TrackPointExtension>
			<gpxtpx:course>343.0</gpxtpx:course>
		</gpxtpx:TrackPointExtension>
	</extensions>
</trkpt>
<trkpt lat="44.0388733" lon="14.9874352">
	<ele>-1.78</ele>
	<time>2026-08-09T07:44:38.908Z</time>
	<hdop>3.79</hdop>
	<extensions>
		<gpxtpx:TrackPointExtension>
			<gpxtpx:course>341.0</gpxtpx:course>
		</gpxtpx:TrackPointExtension>
	</extensions>
</trkpt>
<trkpt lat="44.0390576" lon="14.9873386">
	<ele>-6.40</ele>
	<time>2026-08-09T07:44:48.909Z</time>
	<hdop>3.79</hdop>
	<extensions>
		<gpxtpx:TrackPointExtension>
			<gpxtpx:course>344.0</gpxtpx:course>
		</gpxtpx:TrackPointExtension>
	</extensions>
</trkpt>
<trkpt lat="44.0392219" lon="14.9872559">
	<ele>-6.21</ele>
	<time>2026-08-09T07:44:58.909Z</time>
	<hdop>3.79</hdop>
	<extensions>
		<gpxtpx:TrackPointExtension>
			<gpxtpx:course>341.0</gpxtpx:course>
		</gpxtpx:TrackPointExtension>
	</extensions>
</trkpt>
<trkpt lat="44.0393708" lon="14.9871905">
	<ele>-4.10</ele>
	<time>2026-08-09T07:45:08.909Z</time>
	<hdop>3.79</hdop>
	<extensions>
		<gpxtpx:TrackPointExtension>
			<gpxtpx:course>343.0</gpxtpx:course>
		</gpxtpx:TrackPointExtension>
	</extensions>
</trkpt>
<trkpt lat="44.0395156" lon="14.9871219">
	<ele>-6.41</ele>
	<time>2026-08-09T07:45:18.910Z</time>
	<hdop>3.79</hdop>
	<extensions>
		<gpxtpx:TrackPointExtension>
			<gpxtpx:course>341.0</gpxtpx:course>
		</gpxtpx:TrackPointExtension>
	</extensions>
</trkpt>
<trkpt lat="44.0396637" lon="14.9870563">
	<ele>-5.12</ele>
	<time>2026-08-09T07:45:29.908Z</time>
	<hdop>3.79</hdop>
	<extensions>
		<gpxtpx:TrackPointExtension>
			<gpxtpx:course>343.0</gpxtpx:course>
		</gpxtpx:TrackPointExtension>
	</extensions>
</trkpt>
<trkpt lat="44.0397921" lon="14.9869944">
	<ele>-4.73</ele>
	<time>2026-08-09T07:45:39.909Z</time>
	<hdop>3.79</hdop>
	<extensions>
		<gpxtpx:TrackPointExtension>
			<gpxtpx:course>339.0</gpxtpx:course>
		</gpxtpx:TrackPointExtension>
	</extensions>
</trkpt>
<trkpt lat="44.0399243" lon="14.9869279">
	<ele>-5.19</ele>
	<time>2026-08-09T07:45:49.909Z</time>
	<hdop>3.79</hdop>
	<extensions>
		<gpxtpx:TrackPointExtension>
			<gpxtpx:course>342.0</gpxtpx:course>
		</gpxtpx:TrackPointExtension>
	</extensions>
</trkpt>
<trkpt lat="44.0400382" lon="14.9868668">
	<ele>-3.83</ele>
	<time>2026-08-09T07:45:59.909Z</time>
	<hdop>3.79</hdop>
	<extensions>
		<gpxtpx:TrackPointExtension>
			<gpxtpx:course>338.0</gpxtpx:course>
		</gpxtpx:TrackPointExtension>
	</extensions>
</trkpt>
<trkpt lat="44.0401665" lon="14.9868050">
	<ele>-8.03</ele>
	<time>2026-08-09T07:46:10.909Z</time>
	<hdop>3.79</hdop>
	<extensions>
		<gpxtpx:TrackPointExtension>
			<gpxtpx:course>339.0</gpxtpx:course>
		</gpxtpx:TrackPointExtension>
	</extensions>
</trkpt>
<trkpt lat="44.0402927" lon="14.9867298">
	<ele>-10.15</ele>
	<time>2026-08-09T07:46:20.910Z</time>
	<hdop>3.79</hdop>
	<extensions>
		<gpxtpx:TrackPointExtension>
			<gpxtpx:course>337.0</gpxtpx:course>
		</gpxtpx:TrackPointExtension>
	</extensions>
</trkpt>
<trkpt lat="44.0404261" lon="14.9866558">
	<ele>-8.39</ele>
	<time>2026-08-09T07:46:31.907Z</time>
	<hdop>3.79</hdop>
	<extensions>
		<gpxtpx:TrackPointExtension>
			<gpxtpx:course>336.0</gpxtpx:course>
		</gpxtpx:TrackPointExtension>
	</extensions>
</trkpt>
<trkpt lat="44.0405387" lon="14.9865824">
	<ele>-11.11</ele>
	<time>2026-08-09T07:46:41.909Z</time>
	<hdop>3.79</hdop>
	<extensions>
		<gpxtpx:TrackPointExtension>
			<gpxtpx:course>337.0</gpxtpx:course>
		</gpxtpx:TrackPointExtension>
	</extensions>
</trkpt>
<trkpt lat="44.0406644" lon="14.9865022">
	<ele>-14.21</ele>
	<time>2026-08-09T07:46:52.909Z</time>
	<hdop>3.79</hdop>
	<extensions>
		<gpxtpx:TrackPointExtension>
			<gpxtpx:course>335.0</gpxtpx:course>
		</gpxtpx:TrackPointExtension>
	</extensions>
</trkpt>
<trkpt lat="44.0407977" lon="14.9864151">
	<ele>-12.07</ele>
	<time>2026-08-09T07:47:03.908Z</time>
	<hdop>3.79</hdop>
	<extensions>
		<gpxtpx:TrackPointExtension>
			<gpxtpx:course>334.0</gpxtpx:course>
		</gpxtpx:TrackPointExtension>
	</extensions>
</trkpt>
<trkpt lat="44.0409104" lon="14.9863320">
	<ele>-12.45</ele>
	<time>2026-08-09T07:47:13.909Z</time>
	<hdop>3.79</hdop>
	<extensions>
		<gpxtpx:TrackPointExtension>
			<gpxtpx:course>334.0</gpxtpx:course>
		</gpxtpx:TrackPointExtension>
	</extensions>
</trkpt>
<trkpt lat="44.0410395" lon="14.9862480">
	<ele>-8.91</ele>
	<time>2026-08-09T07:47:24.908Z</time>
	<hdop>3.79</hdop>
	<extensions>
		<gpxtpx:TrackPointExtension>
			<gpxtpx:course>333.0</gpxtpx:course>
		</gpxtpx:TrackPointExtension>
	</extensions>
</trkpt>
<trkpt lat="44.0411494" lon="14.9861651">
	<ele>-10.65</ele>
	<time>2026-08-09T07:47:34.908Z</time>
	<hdop>3.79</hdop>
	<extensions>
		<gpxtpx:TrackPointExtension>
			<gpxtpx:course>331.0</gpxtpx:course>
		</gpxtpx:TrackPointExtension>
	</extensions>
</trkpt>
<trkpt lat="44.0412607" lon="14.9860770">
	<ele>-12.22</ele>
	<time>2026-08-09T07:47:44.908Z</time>
	<hdop>3.79</hdop>
	<extensions>
		<gpxtpx:TrackPointExtension>
			<gpxtpx:course>330.0</gpxtpx:course>
		</gpxtpx:TrackPointExtension>
	</extensions>
</trkpt>
<trkpt lat="44.0413702" lon="14.9859936">
	<ele>-8.70</ele>
	<time>2026-08-09T07:47:54.909Z</time>
	<hdop>3.79</hdop>
	<extensions>
		<gpxtpx:TrackPointExtension>
			<gpxtpx:course>329.0</gpxtpx:course>
		</gpxtpx:TrackPointExtension>
	</extensions>
</trkpt>
<trkpt lat="44.0414930" lon="14.9858956">
	<ele>-8.45</ele>
	<time>2026-08-09T07:48:05.908Z</time>
	<hdop>3.79</hdop>
	<extensions>
		<gpxtpx:TrackPointExtension>
			<gpxtpx:course>329.0</gpxtpx:course>
		</gpxtpx:TrackPointExtension>
	</extensions>
</trkpt>
<trkpt lat="44.0416018" lon="14.9857933">
	<ele>-9.21</ele>
	<time>2026-08-09T07:48:15.908Z</time>
	<hdop>3.79</hdop>
	<extensions>
		<gpxtpx:TrackPointExtension>
			<gpxtpx:course>327.0</gpxtpx:course>
		</gpxtpx:TrackPointExtension>
	</extensions>
</trkpt>
<trkpt lat="44.0417034" lon="14.9856991">
	<ele>-8.97</ele>
	<time>2026-08-09T07:48:25.908Z</time>
	<hdop>3.79</hdop>
	<extensions>
		<gpxtpx:TrackPointExtension>
			<gpxtpx:course>323.0</gpxtpx:course>
		</gpxtpx:TrackPointExtension>
	</extensions>
</trkpt>
<trkpt lat="44.0418134" lon="14.9856073">
	<ele>-8.13</ele>
	<time>2026-08-09T07:48:35.908Z</time>
	<hdop>3.79</hdop>
	<extensions>
		<gpxtpx:TrackPointExtension>
			<gpxtpx:course>329.0</gpxtpx:course>
		</gpxtpx:TrackPointExtension>
	</extensions>
</trkpt>
<trkpt lat="44.0419159" lon="14.9855132">
	<ele>-8.82</ele>
	<time>2026-08-09T07:48:45.908Z</time>
	<hdop>3.79</hdop>
	<extensions>
		<gpxtpx:TrackPointExtension>
			<gpxtpx:course>326.0</gpxtpx:course>
		</gpxtpx:TrackPointExtension>
	</extensions>
</trkpt>
<trkpt lat="44.0420195" lon="14.9854081">
	<ele>-8.15</ele>
	<time>2026-08-09T07:48:55.908Z</time>
	<hdop>3.79</hdop>
	<extensions>
		<gpxtpx:TrackPointExtension>
			<gpxtpx:course>322.0</gpxtpx:course>
		</gpxtpx:TrackPointExtension>
	</extensions>
</trkpt>
<trkpt lat="44.0421194" lon="14.9853034">
	<ele>-6.88</ele>
	<time>2026-08-09T07:49:05.908Z</time>
	<hdop>3.79</hdop>
	<extensions>
		<gpxtpx:TrackPointExtension>
			<gpxtpx:course>324.0</gpxtpx:course>
		</gpxtpx:TrackPointExtension>
	</extensions>
</trkpt>
<trkpt lat="44.0422160" lon="14.9852027">
	<ele>-6.35</ele>
	<time>2026-08-09T07:49:15.908Z</time>
	<hdop>3.79</hdop>
	<extensions>
		<gpxtpx:TrackPointExtension>
			<gpxtpx:course>322.0</gpxtpx:course>
		</gpxtpx:TrackPointExtension>
	</extensions>
</trkpt>
<trkpt lat="44.0423218" lon="14.9850975">
	<ele>-6.10</ele>
	<time>2026-08-09T07:49:25.908Z</time>
	<hdop>3.79</hdop>
	<extensions>
		<gpxtpx:TrackPointExtension>
			<gpxtpx:course>325.0</gpxtpx:course>
		</gpxtpx:TrackPointExtension>
	</extensions>
</trkpt>
<trkpt lat="44.0424206" lon="14.9849929">
	<ele>-6.72</ele>
	<time>2026-08-09T07:49:35.909Z</time>
	<hdop>3.79</hdop>
	<extensions>
		<gpxtpx:TrackPointExtension>
			<gpxtpx:course>322.0</gpxtpx:course>
		</gpxtpx:TrackPointExtension>
	</extensions>
</trkpt>
<trkpt lat="44.0425313" lon="14.9848711">
	<ele>-7.05</ele>
	<time>2026-08-09T07:49:46.908Z</time>
	<hdop>3.79</hdop>
	<extensions>
		<gpxtpx:TrackPointExtension>
			<gpxtpx:course>321.0</gpxtpx:course>
		</gpxtpx:TrackPointExtension>
	</extensions>
</trkpt>
<trkpt lat="44.0426280" lon="14.9847731">
	<ele>-7.17</ele>
	<time>2026-08-09T07:49:56.908Z</time>
	<hdop>3.79</hdop>
	<extensions>
		<gpxtpx:TrackPointExtension>
			<gpxtpx:course>319.0</gpxtpx:course>
		</gpxtpx:TrackPointExtension>
	</extensions>
</trkpt>
<trkpt lat="44.0427148" lon="14.9846829">
	<ele>-6.13</ele>
	<time>2026-08-09T07:50:06.908Z</time>
	<hdop>3.79</hdop>
	<extensions>
		<gpxtpx:TrackPointExtension>
			<gpxtpx:course>322.0</gpxtpx:course>
		</gpxtpx:TrackPointExtension>
	</extensions>
</trkpt>
<trkpt lat="44.0427832" lon="14.9845955">
	<ele>-6.25</ele>
	<time>2026-08-09T07:50:16.908Z</time>
	<hdop>3.79</hdop>
	<extensions>
		<gpxtpx:TrackPointExtension>
			<gpxtpx:course>319.0</gpxtpx:course>
		</gpxtpx:TrackPointExtension>
	</extensions>
</trkpt>
<trkpt lat="44.0428541" lon="14.9845099">
	<ele>-7.63</ele>
	<time>2026-08-09T07:50:27.908Z</time>
	<hdop>3.79</hdop>
	<extensions>
		<gpxtpx:TrackPointExtension>
			<gpxtpx:course>323.0</gpxtpx:course>
		</gpxtpx:TrackPointExtension>
	</extensions>
</trkpt>
<trkpt lat="44.0429246" lon="14.9844270">
	<ele>-7.71</ele>
	<time>2026-08-09T07:50:40.908Z</time>
	<hdop>3.79</hdop>
	<extensions>
		<gpxtpx:TrackPointExtension>
			<gpxtpx:course>316.0</gpxtpx:course>
		</gpxtpx:TrackPointExtension>
	</extensions>
</trkpt>
<trkpt lat="44.0429983" lon="14.9843441">
	<ele>-8.46</ele>
	<time>2026-08-09T07:50:51.909Z</time>
	<hdop>3.79</hdop>
	<extensions>
		<gpxtpx:TrackPointExtension>
			<gpxtpx:course>316.0</gpxtpx:course>
		</gpxtpx:TrackPointExtension>
	</extensions>
</trkpt>
<trkpt lat="44.0430712" lon="14.9842673">
	<ele>-7.79</ele>
	<time>2026-08-09T07:51:04.909Z</time>
	<hdop>3.79</hdop>
	<extensions>
		<gpxtpx:TrackPointExtension>
			<gpxtpx:course>317.0</gpxtpx:course>
		</gpxtpx:TrackPointExtension>
	</extensions>
</trkpt>
<trkpt lat="44.0431327" lon="14.9841758">
	<ele>-8.02</ele>
	<time>2026-08-09T07:51:25.908Z</time>
	<hdop>3.79</hdop>
	<extensions>
		<gpxtpx:TrackPointExtension>
			<gpxtpx:course>317.0</gpxtpx:course>
		</gpxtpx:TrackPointExtension>
	</extensions>
</trkpt>
<trkpt lat="44.0432211" lon="14.9842056">
	<ele>-22.27</ele>
	<time>2026-08-09T07:52:54.908Z</time>
	<hdop>3.79</hdop>
	<extensions>
		<gpxtpx:TrackPointExtension>
			<gpxtpx:course>318.0</gpxtpx:course>
		</gpxtpx:TrackPointExtension>
	</extensions>
</trkpt>
<trkpt lat="44.0432635" lon="14.9843186">
	<ele>-19.23</ele>
	<time>2026-08-09T07:53:15.908Z</time>
	<hdop>3.79</hdop>
	<extensions>
		<gpxtpx:TrackPointExtension>
			<gpxtpx:course>62.0</gpxtpx:course>
		</gpxtpx:TrackPointExtension>
	</extensions>
</trkpt>
<trkpt lat="44.0433167" lon="14.9844200">
	<ele>-15.71</ele>
	<time>2026-08-09T07:53:37.907Z</time>
	<hdop>3.79</hdop>
	<extensions>
		<gpxtpx:TrackPointExtension>
			<gpxtpx:course>57.0</gpxtpx:course>
		</gpxtpx:TrackPointExtension>
	</extensions>
</trkpt>
<trkpt lat="44.0433653" lon="14.9845325">
	<ele>-14.32</ele>
	<time>2026-08-09T07:53:58.908Z</time>
	<hdop>3.79</hdop>
	<extensions>
		<gpxtpx:TrackPointExtension>
			<gpxtpx:course>54.0</gpxtpx:course>
		</gpxtpx:TrackPointExtension>
	</extensions>
</trkpt>
<trkpt lat="44.0434165" lon="14.9846370">
	<ele>-13.96</ele>
	<time>2026-08-09T07:54:16.908Z</time>
	<hdop>3.79</hdop>
	<extensions>
		<gpxtpx:TrackPointExtension>
			<gpxtpx:course>63.0</gpxtpx:course>
		</gpxtpx:TrackPointExtension>
	</extensions>
</trkpt>
<trkpt lat="44.0434536" lon="14.9847560">
	<ele>-14.03</ele>
	<time>2026-08-09T07:54:34.908Z</time>
	<hdop>3.79</hdop>
	<extensions>
		<gpxtpx:TrackPointExtension>
			<gpxtpx:course>68.0</gpxtpx:course>
		</gpxtpx:TrackPointExtension>
	</extensions>
</trkpt>
<trkpt lat="44.0434631" lon="14.9848889">
	<ele>-29.23</ele>
	<time>2026-08-09T07:54:51.908Z</time>
	<hdop>3.79</hdop>
	<extensions>
		<gpxtpx:TrackPointExtension>
			<gpxtpx:course>84.0</gpxtpx:course>
		</gpxtpx:TrackPointExtension>
	</extensions>
</trkpt>
<trkpt lat="44.0434763" lon="14.9850135">
	<ele>-20.81</ele>
	<time>2026-08-09T07:55:09.907Z</time>
	<hdop>3.79</hdop>
	<extensions>
		<gpxtpx:TrackPointExtension>
			<gpxtpx:course>75.0</gpxtpx:course>
		</gpxtpx:TrackPointExtension>
	</extensions>
</trkpt>
<trkpt lat="44.0434930" lon="14.9851393">
	<ele>-13.50</ele>
	<time>2026-08-09T07:55:32.907Z</time>
	<hdop>3.79</hdop>
	<extensions>
		<gpxtpx:TrackPointExtension>
			<gpxtpx:course>71.0</gpxtpx:course>
		</gpxtpx:TrackPointExtension>
	</extensions>
</trkpt>
<trkpt lat="44.0435432" lon="14.9852512">
	<ele>-18.89</ele>
	<time>2026-08-09T07:55:57.908Z</time>
	<hdop>3.79</hdop>
	<extensions>
		<gpxtpx:TrackPointExtension>
			<gpxtpx:course>41.0</gpxtpx:course>
		</gpxtpx:TrackPointExtension>
	</extensions>
</trkpt>
<trkpt lat="44.0436235" lon="14.9853103">
	<ele>-7.62</ele>
	<time>2026-08-09T07:56:40.907Z</time>
	<hdop>3.79</hdop>
	<extensions>
		<gpxtpx:TrackPointExtension>
			<gpxtpx:course>32.0</gpxtpx:course>
		</gpxtpx:TrackPointExtension>
	</extensions>
</trkpt>
<trkpt lat="44.0437127" lon="14.9852804">
	<ele>-4.80</ele>
	<time>2026-08-09T07:57:10.907Z</time>
	<hdop>3.79</hdop>
	<extensions>
		<gpxtpx:TrackPointExtension>
			<gpxtpx:course>32.0</gpxtpx:course>
		</gpxtpx:TrackPointExtension>
	</extensions>
</trkpt>
<trkpt lat="44.0437054" lon="14.9851557">
	<ele>-25.76</ele>
	<time>2026-08-09T07:57:58.907Z</time>
	<hdop>3.79</hdop>
	<extensions>
		<gpxtpx:TrackPointExtension>
			<gpxtpx:course>32.0</gpxtpx:course>
		</gpxtpx:TrackPointExtension>
	</extensions>
</trkpt>
<trkpt lat="44.0436229" lon="14.9850969">
	<ele>-10.72</ele>
	<time>2026-08-09T07:58:48.907Z</time>
	<hdop>3.79</hdop>
	<extensions>
		<gpxtpx:TrackPointExtension>
			<gpxtpx:course>32.0</gpxtpx:course>
		</gpxtpx:TrackPointExtension>
	</extensions>
</trkpt>
<trkpt lat="44.0435414" lon="14.9851548">
	<ele>-1.92</ele>
	<time>2026-08-09T07:59:07.908Z</time>
	<hdop>3.79</hdop>
	<extensions>
		<gpxtpx:TrackPointExtension>
			<gpxtpx:course>32.0</gpxtpx:course>
		</gpxtpx:TrackPointExtension>
	</extensions>
</trkpt>
<trkpt lat="44.0434969" lon="14.9852662">
	<ele>-2.46</ele>
	<time>2026-08-09T07:59:31.907Z</time>
	<hdop>3.79</hdop>
	<extensions>
		<gpxtpx:TrackPointExtension>
			<gpxtpx:course>32.0</gpxtpx:course>
		</gpxtpx:TrackPointExtension>
	</extensions>
</trkpt>
<trkpt lat="44.0434876" lon="14.9853938">
	<ele>-0.21</ele>
	<time>2026-08-09T07:59:58.907Z</time>
	<hdop>3.79</hdop>
	<extensions>
		<gpxtpx:TrackPointExtension>
			<gpxtpx:course>80.0</gpxtpx:course>
		</gpxtpx:TrackPointExtension>
	</extensions>
</trkpt>
<trkpt lat="44.0435224" lon="14.9855095">
	<ele>1.45</ele>
	<time>2026-08-09T08:00:22.906Z</time>
	<hdop>3.79</hdop>
	<extensions>
		<gpxtpx:TrackPointExtension>
			<gpxtpx:course>72.0</gpxtpx:course>
		</gpxtpx:TrackPointExtension>
	</extensions>
</trkpt>
<trkpt lat="44.0435938" lon="14.9855923">
	<ele>0.55</ele>
	<time>2026-08-09T08:00:47.907Z</time>
	<hdop>3.79</hdop>
	<extensions>
		<gpxtpx:TrackPointExtension>
			<gpxtpx:course>22.0</gpxtpx:course>
		</gpxtpx:TrackPointExtension>
	</extensions>
</trkpt>
<trkpt lat="44.0436851" lon="14.9855916">
	<ele>7.02</ele>
	<time>2026-08-09T08:01:26.908Z</time>
	<hdop>3.79</hdop>
</trkpt>
<trkpt lat="44.0437247" lon="14.9854725">
	<ele>-3.67</ele>
	<time>2026-08-09T08:02:07.906Z</time>
	<hdop>3.79</hdop>
	<extensions>
		<gpxtpx:TrackPointExtension>
			<gpxtpx:course>354.0</gpxtpx:course>
		</gpxtpx:TrackPointExtension>
	</extensions>
</trkpt>
<trkpt lat="44.0436546" lon="14.9853905">
	<ele>-11.14</ele>
	<time>2026-08-09T08:03:05.907Z</time>
	<hdop>3.79</hdop>
	<extensions>
		<gpxtpx:TrackPointExtension>
			<gpxtpx:course>354.0</gpxtpx:course>
		</gpxtpx:TrackPointExtension>
	</extensions>
</trkpt>
<trkpt lat="44.0435604" lon="14.9854253">
	<ele>-3.65</ele>
	<time>2026-08-09T08:03:37.906Z</time>
	<hdop>3.79</hdop>
	<extensions>
		<gpxtpx:TrackPointExtension>
			<gpxtpx:course>123.0</gpxtpx:course>
		</gpxtpx:TrackPointExtension>
	</extensions>
</trkpt>
<trkpt lat="44.0434869" lon="14.9854990">
	<ele>0.45</ele>
	<time>2026-08-09T08:03:58.906Z</time>
	<hdop>3.79</hdop>
	<extensions>
		<gpxtpx:TrackPointExtension>
			<gpxtpx:course>110.0</gpxtpx:course>
		</gpxtpx:TrackPointExtension>
	</extensions>
</trkpt>
<trkpt lat="44.0434520" lon="14.9856159">
	<ele>8.91</ele>
	<time>2026-08-09T08:04:19.906Z</time>
	<hdop>3.79</hdop>
	<extensions>
		<gpxtpx:TrackPointExtension>
			<gpxtpx:course>101.0</gpxtpx:course>
		</gpxtpx:TrackPointExtension>
	</extensions>
</trkpt>
<trkpt lat="44.0434342" lon="14.9857390">
	<ele>8.58</ele>
	<time>2026-08-09T08:04:38.906Z</time>
	<hdop>3.79</hdop>
	<extensions>
		<gpxtpx:TrackPointExtension>
			<gpxtpx:course>93.0</gpxtpx:course>
		</gpxtpx:TrackPointExtension>
	</extensions>
</trkpt>
<trkpt lat="44.0434425" lon="14.9858647">
	<ele>3.93</ele>
	<time>2026-08-09T08:05:03.907Z</time>
	<hdop>3.79</hdop>
	<extensions>
		<gpxtpx:TrackPointExtension>
			<gpxtpx:course>87.0</gpxtpx:course>
		</gpxtpx:TrackPointExtension>
	</extensions>
</trkpt>
<trkpt lat="44.0434762" lon="14.9859841">
	<ele>5.78</ele>
	<time>2026-08-09T08:05:22.906Z</time>
	<hdop>3.79</hdop>
	<extensions>
		<gpxtpx:TrackPointExtension>
			<gpxtpx:course>87.0</gpxtpx:course>
		</gpxtpx:TrackPointExtension>
	</extensions>
</trkpt>
<trkpt lat="44.0435395" lon="14.9860730">
	<ele>0.65</ele>
	<time>2026-08-09T08:06:02.906Z</time>
	<hdop>3.79</hdop>
	<extensions>
		<gpxtpx:TrackPointExtension>
			<gpxtpx:course>63.0</gpxtpx:course>
		</gpxtpx:TrackPointExtension>
	</extensions>
</trkpt>
<trkpt lat="44.0436270" lon="14.9861156">
	<ele>6.94</ele>
	<time>2026-08-09T08:06:34.906Z</time>
	<hdop>3.79</hdop>
	<extensions>
		<gpxtpx:TrackPointExtension>
			<gpxtpx:course>63.0</gpxtpx:course>
		</gpxtpx:TrackPointExtension>
	</extensions>
</trkpt>
<trkpt lat="44.0436715" lon="14.9860040">
	<ele>1.74</ele>
	<time>2026-08-09T08:07:30.906Z</time>
	<hdop>3.79</hdop>
	<extensions>
		<gpxtpx:TrackPointExtension>
			<gpxtpx:course>63.0</gpxtpx:course>
		</gpxtpx:TrackPointExtension>
	</extensions>
</trkpt>
<trkpt lat="44.0435796" lon="14.9859445">
	<ele>1.19</ele>
	<time>2026-08-09T08:08:36.906Z</time>
	<hdop>3.79</hdop>
	<extensions>
		<gpxtpx:TrackPointExtension>
			<gpxtpx:course>63.0</gpxtpx:course>
		</gpxtpx:TrackPointExtension>
	</extensions>
</trkpt>
<trkpt lat="44.0434966" lon="14.9859937">
	<ele>4.38</ele>
	<time>2026-08-09T08:09:12.905Z</time>
	<hdop>3.79</hdop>
	<extensions>
		<gpxtpx:TrackPointExtension>
			<gpxtpx:course>163.0</gpxtpx:course>
		</gpxtpx:TrackPointExtension>
	</extensions>
</trkpt>
<trkpt lat="44.0434560" lon="14.9861280">
	<ele>8.80</ele>
	<time>2026-08-09T08:09:43.905Z</time>
	<hdop>3.79</hdop>
	<extensions>
		<gpxtpx:TrackPointExtension>
			<gpxtpx:course>109.0</gpxtpx:course>
		</gpxtpx:TrackPointExtension>
	</extensions>
</trkpt>
<trkpt lat="44.0434263" lon="14.9862523">
	<ele>8.52</ele>
	<time>2026-08-09T08:09:57.906Z</time>
	<hdop>3.79</hdop>
	<extensions>
		<gpxtpx:TrackPointExtension>
			<gpxtpx:course>100.0</gpxtpx:course>
		</gpxtpx:TrackPointExtension>
	</extensions>
</trkpt>
<trkpt lat="44.0434360" lon="14.9863771">
	<ele>8.27</ele>
	<time>2026-08-09T08:10:18.905Z</time>
	<hdop>3.79</hdop>
	<extensions>
		<gpxtpx:TrackPointExtension>
			<gpxtpx:course>70.0</gpxtpx:course>
		</gpxtpx:TrackPointExtension>
	</extensions>
</trkpt>
<trkpt lat="44.0434720" lon="14.9864923">
	<ele>8.87</ele>
	<time>2026-08-09T08:10:41.905Z</time>
	<hdop>3.79</hdop>
	<extensions>
		<gpxtpx:TrackPointExtension>
			<gpxtpx:course>66.0</gpxtpx:course>
		</gpxtpx:TrackPointExtension>
	</extensions>
</trkpt>
<trkpt lat="44.0435489" lon="14.9865662">
	<ele>7.89</ele>
	<time>2026-08-09T08:11:10.906Z</time>
	<hdop>3.79</hdop>
	<extensions>
		<gpxtpx:TrackPointExtension>
			<gpxtpx:course>66.0</gpxtpx:course>
		</gpxtpx:TrackPointExtension>
	</extensions>
</trkpt>
<trkpt lat="44.0436407" lon="14.9865511">
	<ele>15.63</ele>
	<time>2026-08-09T08:11:42.905Z</time>
	<hdop>3.79</hdop>
</trkpt>
<trkpt lat="44.0436296" lon="14.9864190">
	<ele>27.10</ele>
	<time>2026-08-09T08:12:48.905Z</time>
	<hdop>3.79</hdop>
</trkpt>
<trkpt lat="44.0435385" lon="14.9864111">
	<ele>32.50</ele>
	<time>2026-08-09T08:13:29.906Z</time>
	<hdop>3.79</hdop>
	<extensions>
		<gpxtpx:TrackPointExtension>
			<gpxtpx:course>0.0</gpxtpx:course>
		</gpxtpx:TrackPointExtension>
	</extensions>
</trkpt>
<trkpt lat="44.0434646" lon="14.9864935">
	<ele>29.71</ele>
	<time>2026-08-09T08:13:57.905Z</time>
	<hdop>3.79</hdop>
	<extensions>
		<gpxtpx:TrackPointExtension>
			<gpxtpx:course>0.0</gpxtpx:course>
		</gpxtpx:TrackPointExtension>
	</extensions>
</trkpt>
<trkpt lat="44.0434245" lon="14.9866061">
	<ele>26.23</ele>
	<time>2026-08-09T08:14:19.905Z</time>
	<hdop>3.79</hdop>
	<extensions>
		<gpxtpx:TrackPointExtension>
			<gpxtpx:course>118.0</gpxtpx:course>
		</gpxtpx:TrackPointExtension>
	</extensions>
</trkpt>
<trkpt lat="44.0434122" lon="14.9867301">
	<ele>29.02</ele>
	<time>2026-08-09T08:14:38.904Z</time>
	<hdop>3.79</hdop>
	<extensions>
		<gpxtpx:TrackPointExtension>
			<gpxtpx:course>88.0</gpxtpx:course>
		</gpxtpx:TrackPointExtension>
	</extensions>
</trkpt>
<trkpt lat="44.0434206" lon="14.9868576">
	<ele>23.36</ele>
	<time>2026-08-09T08:15:00.905Z</time>
	<hdop>3.79</hdop>
	<extensions>
		<gpxtpx:TrackPointExtension>
			<gpxtpx:course>80.0</gpxtpx:course>
		</gpxtpx:TrackPointExtension>
	</extensions>
</trkpt>
<trkpt lat="44.0434440" lon="14.9869807">
	<ele>17.24</ele>
	<time>2026-08-09T08:15:22.905Z</time>
	<hdop>3.79</hdop>
	<extensions>
		<gpxtpx:TrackPointExtension>
			<gpxtpx:course>74.0</gpxtpx:course>
		</gpxtpx:TrackPointExtension>
	</extensions>
</trkpt>
<trkpt lat="44.0434986" lon="14.9870851">
	<ele>15.95</ele>
	<time>2026-08-09T08:15:47.904Z</time>
	<hdop>3.79</hdop>
	<extensions>
		<gpxtpx:TrackPointExtension>
			<gpxtpx:course>44.0</gpxtpx:course>
		</gpxtpx:TrackPointExtension>
	</extensions>
</trkpt>
<trkpt lat="44.0435818" lon="14.9871351">
	<ele>13.95</ele>
	<time>2026-08-09T08:16:21.905Z</time>
	<hdop>3.79</hdop>
	<extensions>
		<gpxtpx:TrackPointExtension>
			<gpxtpx:course>37.0</gpxtpx:course>
		</gpxtpx:TrackPointExtension>
	</extensions>
</trkpt>
<trkpt lat="44.0436270" lon="14.9870231">
	<ele>9.26</ele>
	<time>2026-08-09T08:17:33.905Z</time>
	<hdop>3.79</hdop>
	<extensions>
		<gpxtpx:TrackPointExtension>
			<gpxtpx:course>37.0</gpxtpx:course>
		</gpxtpx:TrackPointExtension>
	</extensions>
</trkpt>
<trkpt lat="44.0435530" lon="14.9869503">
	<ele>21.01</ele>
	<time>2026-08-09T08:18:17.905Z</time>
	<hdop>3.79</hdop>
	<extensions>
		<gpxtpx:TrackPointExtension>
			<gpxtpx:course>37.0</gpxtpx:course>
		</gpxtpx:TrackPointExtension>
	</extensions>
</trkpt>
<trkpt lat="44.0434793" lon="14.9870257">
	<ele>15.28</ele>
	<time>2026-08-09T08:18:46.905Z</time>
	<hdop>3.79</hdop>
	<extensions>
		<gpxtpx:TrackPointExtension>
			<gpxtpx:course>37.0</gpxtpx:course>
		</gpxtpx:TrackPointExtension>
	</extensions>
</trkpt>
<trkpt lat="44.0434197" lon="14.9871266">
	<ele>15.18</ele>
	<time>2026-08-09T08:19:10.905Z</time>
	<hdop>3.79</hdop>
	<extensions>
		<gpxtpx:TrackPointExtension>
			<gpxtpx:course>37.0</gpxtpx:course>
		</gpxtpx:TrackPointExtension>
	</extensions>
</trkpt>
<trkpt lat="44.0433894" lon="14.9872485">
	<ele>10.52</ele>
	<time>2026-08-09T08:19:31.904Z</time>
	<hdop>3.79</hdop>
	<extensions>
		<gpxtpx:TrackPointExtension>
			<gpxtpx:course>100.0</gpxtpx:course>
		</gpxtpx:TrackPointExtension>
	</extensions>
</trkpt>
<trkpt lat="44.0433924" lon="14.9873742">
	<ele>2.83</ele>
	<time>2026-08-09T08:19:55.904Z</time>
	<hdop>3.79</hdop>
	<extensions>
		<gpxtpx:TrackPointExtension>
			<gpxtpx:course>108.0</gpxtpx:course>
		</gpxtpx:TrackPointExtension>
	</extensions>
</trkpt>
<trkpt lat="44.0433922" lon="14.9874998">
	<ele>0.88</ele>
	<time>2026-08-09T08:20:16.904Z</time>
	<hdop>3.79</hdop>
	<extensions>
		<gpxtpx:TrackPointExtension>
			<gpxtpx:course>70.0</gpxtpx:course>
		</gpxtpx:TrackPointExtension>
	</extensions>
</trkpt>
<trkpt lat="44.0434210" lon="14.9876229">
	<ele>-1.30</ele>
	<time>2026-08-09T08:20:38.904Z</time>
	<hdop>3.79</hdop>
	<extensions>
		<gpxtpx:TrackPointExtension>
			<gpxtpx:course>65.0</gpxtpx:course>
		</gpxtpx:TrackPointExtension>
	</extensions>
</trkpt>
<trkpt lat="44.0434927" lon="14.9877025">
	<ele>1.10</ele>
	<time>2026-08-09T08:21:06.904Z</time>
	<hdop>3.79</hdop>
	<extensions>
		<gpxtpx:TrackPointExtension>
			<gpxtpx:course>59.0</gpxtpx:course>
		</gpxtpx:TrackPointExtension>
	</extensions>
</trkpt>
<trkpt lat="44.0435837" lon="14.9876913">
	<ele>3.95</ele>
	<time>2026-08-09T08:21:57.904Z</time>
	<hdop>3.79</hdop>
	<extensions>
		<gpxtpx:TrackPointExtension>
			<gpxtpx:course>59.0</gpxtpx:course>
		</gpxtpx:TrackPointExtension>
	</extensions>
</trkpt>
<trkpt lat="44.0435181" lon="14.9876038">
	<ele>13.21</ele>
	<time>2026-08-09T08:23:20.903Z</time>
	<hdop>3.79</hdop>
	<extensions>
		<gpxtpx:TrackPointExtension>
			<gpxtpx:course>139.0</gpxtpx:course>
		</gpxtpx:TrackPointExtension>
	</extensions>
</trkpt>
<trkpt lat="44.0434394" lon="14.9876685">
	<ele>7.31</ele>
	<time>2026-08-09T08:23:44.904Z</time>
	<hdop>3.79</hdop>
	<extensions>
		<gpxtpx:TrackPointExtension>
			<gpxtpx:course>133.0</gpxtpx:course>
		</gpxtpx:TrackPointExtension>
	</extensions>
</trkpt>
<trkpt lat="44.0433819" lon="14.9877718">
	<ele>10.92</ele>
	<time>2026-08-09T08:24:08.904Z</time>
	<hdop>3.79</hdop>
	<extensions>
		<gpxtpx:TrackPointExtension>
			<gpxtpx:course>125.0</gpxtpx:course>
		</gpxtpx:TrackPointExtension>
	</extensions>
</trkpt>
<trkpt lat="44.0433509" lon="14.9878924">
	<ele>12.21</ele>
	<time>2026-08-09T08:24:27.904Z</time>
	<hdop>3.79</hdop>
	<extensions>
		<gpxtpx:TrackPointExtension>
			<gpxtpx:course>113.0</gpxtpx:course>
		</gpxtpx:TrackPointExtension>
	</extensions>
</trkpt>
<trkpt lat="44.0433266" lon="14.9880158">
	<ele>7.25</ele>
	<time>2026-08-09T08:24:47.903Z</time>
	<hdop>3.79</hdop>
	<extensions>
		<gpxtpx:TrackPointExtension>
			<gpxtpx:course>111.0</gpxtpx:course>
		</gpxtpx:TrackPointExtension>
	</extensions>
</trkpt>
<trkpt lat="44.0433137" lon="14.9881465">
	<ele>10.43</ele>
	<time>2026-08-09T08:25:08.904Z</time>
	<hdop>3.79</hdop>
	<extensions>
		<gpxtpx:TrackPointExtension>
			<gpxtpx:course>94.0</gpxtpx:course>
		</gpxtpx:TrackPointExtension>
	</extensions>
</trkpt>
<trkpt lat="44.0433160" lon="14.9882745">
	<ele>7.08</ele>
	<time>2026-08-09T08:25:26.903Z</time>
	<hdop>3.79</hdop>
	<extensions>
		<gpxtpx:TrackPointExtension>
			<gpxtpx:course>81.0</gpxtpx:course>
		</gpxtpx:TrackPointExtension>
	</extensions>
</trkpt>
<trkpt lat="44.0433332" lon="14.9883978">
	<ele>6.50</ele>
	<time>2026-08-09T08:25:46.904Z</time>
	<hdop>3.79</hdop>
	<extensions>
		<gpxtpx:TrackPointExtension>
			<gpxtpx:course>79.0</gpxtpx:course>
		</gpxtpx:TrackPointExtension>
	</extensions>
</trkpt>
<trkpt lat="44.0433609" lon="14.9885207">
	<ele>1.93</ele>
	<time>2026-08-09T08:26:07.904Z</time>
	<hdop>3.79</hdop>
	<extensions>
		<gpxtpx:TrackPointExtension>
			<gpxtpx:course>69.0</gpxtpx:course>
		</gpxtpx:TrackPointExtension>
	</extensions>
</trkpt>
<trkpt lat="44.0434151" lon="14.9886232">
	<ele>2.58</ele>
	<time>2026-08-09T08:26:33.903Z</time>
	<hdop>3.79</hdop>
	<extensions>
		<gpxtpx:TrackPointExtension>
			<gpxtpx:course>56.0</gpxtpx:course>
		</gpxtpx:TrackPointExtension>
	</extensions>
</trkpt>
<trkpt lat="44.0434848" lon="14.9887064">
	<ele>2.23</ele>
	<time>2026-08-09T08:26:57.904Z</time>
	<hdop>3.79</hdop>
	<extensions>
		<gpxtpx:TrackPointExtension>
			<gpxtpx:course>15.0</gpxtpx:course>
		</gpxtpx:TrackPointExtension>
	</extensions>
</trkpt>
<trkpt lat="44.0434000" lon="14.9887631">
	<ele>5.10</ele>
	<time>2026-08-09T08:29:39.903Z</time>
	<hdop>3.00</hdop>
</trkpt>
<trkpt lat="44.0433434" lon="14.9888665">
	<ele>1.84</ele>
	<time>2026-08-09T08:29:58.903Z</time>
	<hdop>3.00</hdop>
</trkpt>
<trkpt lat="44.0432937" lon="14.9889781">
	<ele>-1.36</ele>
	<time>2026-08-09T08:30:17.903Z</time>
	<hdop>3.00</hdop>
	<extensions>
		<gpxtpx:TrackPointExtension>
			<gpxtpx:course>0.0</gpxtpx:course>
		</gpxtpx:TrackPointExtension>
	</extensions>
</trkpt>
<trkpt lat="44.0432513" lon="14.9890924">
	<ele>-3.17</ele>
	<time>2026-08-09T08:30:36.904Z</time>
	<hdop>3.00</hdop>
</trkpt>
<trkpt lat="44.0432128" lon="14.9892070">
	<ele>-6.43</ele>
	<time>2026-08-09T08:30:57.324Z</time>
	<hdop>3.00</hdop>
</trkpt>
<trkpt lat="44.0431882" lon="14.9893306">
	<ele>-8.81</ele>
	<time>2026-08-09T08:31:16.998Z</time>
	<hdop>3.00</hdop>
</trkpt>
<trkpt lat="44.0431684" lon="14.9894538">
	<ele>-10.95</ele>
	<time>2026-08-09T08:31:32.903Z</time>
	<hdop>3.79</hdop>
	<extensions>
		<gpxtpx:TrackPointExtension>
			<gpxtpx:course>91.0</gpxtpx:course>
		</gpxtpx:TrackPointExtension>
	</extensions>
</trkpt>
<trkpt lat="44.0431779" lon="14.9895848">
	<ele>-10.43</ele>
	<time>2026-08-09T08:31:52.902Z</time>
	<hdop>3.79</hdop>
	<extensions>
		<gpxtpx:TrackPointExtension>
			<gpxtpx:course>100.0</gpxtpx:course>
		</gpxtpx:TrackPointExtension>
	</extensions>
</trkpt>
<trkpt lat="44.0431925" lon="14.9897083">
	<ele>-10.61</ele>
	<time>2026-08-09T08:32:11.903Z</time>
	<hdop>3.79</hdop>
	<extensions>
		<gpxtpx:TrackPointExtension>
			<gpxtpx:course>84.0</gpxtpx:course>
		</gpxtpx:TrackPointExtension>
	</extensions>
</trkpt>
<trkpt lat="44.0432254" lon="14.9898246">
	<ele>-9.26</ele>
	<time>2026-08-09T08:32:33.903Z</time>
	<hdop>3.79</hdop>
	<extensions>
		<gpxtpx:TrackPointExtension>
			<gpxtpx:course>77.0</gpxtpx:course>
		</gpxtpx:TrackPointExtension>
	</extensions>
</trkpt>
<trkpt lat="44.0432784" lon="14.9899283">
	<ele>-12.45</ele>
	<time>2026-08-09T08:32:59.903Z</time>
	<hdop>3.79</hdop>
	<extensions>
		<gpxtpx:TrackPointExtension>
			<gpxtpx:course>38.0</gpxtpx:course>
		</gpxtpx:TrackPointExtension>
	</extensions>
</trkpt>
<trkpt lat="44.0433672" lon="14.9899508">
	<ele>-6.55</ele>
	<time>2026-08-09T08:33:40.903Z</time>
	<hdop>3.79</hdop>
</trkpt>
<trkpt lat="44.0432788" lon="14.9899202">
	<ele>-3.50</ele>
	<time>2026-08-09T08:35:39.006Z</time>
	<hdop>3.79</hdop>
</trkpt>
<trkpt lat="44.0432192" lon="14.9900225">
	<ele>2.88</ele>
	<time>2026-08-09T08:36:14.006Z</time>
	<hdop>3.79</hdop>
	<extensions>
		<gpxtpx:TrackPointExtension>
			<gpxtpx:course>122.0</gpxtpx:course>
		</gpxtpx:TrackPointExtension>
	</extensions>
</trkpt>
<trkpt lat="44.0431770" lon="14.9901417">
	<ele>1.90</ele>
	<time>2026-08-09T08:36:30.005Z</time>
	<hdop>3.79</hdop>
	<extensions>
		<gpxtpx:TrackPointExtension>
			<gpxtpx:course>115.0</gpxtpx:course>
		</gpxtpx:TrackPointExtension>
	</extensions>
</trkpt>
<trkpt lat="44.0431403" lon="14.9902606">
	<ele>-4.47</ele>
	<time>2026-08-09T08:36:49.006Z</time>
	<hdop>3.79</hdop>
	<extensions>
		<gpxtpx:TrackPointExtension>
			<gpxtpx:course>120.0</gpxtpx:course>
		</gpxtpx:TrackPointExtension>
	</extensions>
</trkpt>
<trkpt lat="44.0431109" lon="14.9903799">
	<ele>-5.01</ele>
	<time>2026-08-09T08:37:08.005Z</time>
	<hdop>3.79</hdop>
	<extensions>
		<gpxtpx:TrackPointExtension>
			<gpxtpx:course>97.0</gpxtpx:course>
		</gpxtpx:TrackPointExtension>
	</extensions>
</trkpt>
<trkpt lat="44.0430959" lon="14.9905040">
	<ele>-3.75</ele>
	<time>2026-08-09T08:37:25.006Z</time>
	<hdop>3.79</hdop>
	<extensions>
		<gpxtpx:TrackPointExtension>
			<gpxtpx:course>105.0</gpxtpx:course>
		</gpxtpx:TrackPointExtension>
	</extensions>
</trkpt>
<trkpt lat="44.0430861" lon="14.9906284">
	<ele>-0.99</ele>
	<time>2026-08-09T08:37:46.005Z</time>
	<hdop>3.79</hdop>
	<extensions>
		<gpxtpx:TrackPointExtension>
			<gpxtpx:course>87.0</gpxtpx:course>
		</gpxtpx:TrackPointExtension>
	</extensions>
</trkpt>
<trkpt lat="44.0431048" lon="14.9907531">
	<ele>-5.72</ele>
	<time>2026-08-09T08:38:04.006Z</time>
	<hdop>4.73</hdop>
	<extensions>
		<gpxtpx:TrackPointExtension>
			<gpxtpx:course>81.0</gpxtpx:course>
		</gpxtpx:TrackPointExtension>
	</extensions>
</trkpt>
<trkpt lat="44.0431307" lon="14.9908738">
	<ele>-18.76</ele>
	<time>2026-08-09T08:38:24.006Z</time>
	<hdop>3.79</hdop>
	<extensions>
		<gpxtpx:TrackPointExtension>
			<gpxtpx:course>56.0</gpxtpx:course>
		</gpxtpx:TrackPointExtension>
	</extensions>
</trkpt>
<trkpt lat="44.0431694" lon="14.9909901">
	<ele>-16.13</ele>
	<time>2026-08-09T08:38:45.005Z</time>
	<hdop>3.79</hdop>
	<extensions>
		<gpxtpx:TrackPointExtension>
			<gpxtpx:course>57.0</gpxtpx:course>
		</gpxtpx:TrackPointExtension>
	</extensions>
</trkpt>
<trkpt lat="44.0432393" lon="14.9910754">
	<ele>-17.86</ele>
	<time>2026-08-09T08:39:16.005Z</time>
	<hdop>3.79</hdop>
	<extensions>
		<gpxtpx:TrackPointExtension>
			<gpxtpx:course>8.0</gpxtpx:course>
		</gpxtpx:TrackPointExtension>
	</extensions>
</trkpt>
<trkpt lat="44.0433294" lon="14.9910920">
	<ele>6.54</ele>
	<time>2026-08-09T08:41:17.006Z</time>
	<hdop>3.79</hdop>
	<extensions>
		<gpxtpx:TrackPointExtension>
			<gpxtpx:course>41.0</gpxtpx:course>
		</gpxtpx:TrackPointExtension>
	</extensions>
</trkpt>
<trkpt lat="44.0434513" lon="14.9911606">
	<ele>7.39</ele>
	<time>2026-08-09T08:41:28.006Z</time>
	<hdop>3.79</hdop>
	<extensions>
		<gpxtpx:TrackPointExtension>
			<gpxtpx:course>358.0</gpxtpx:course>
		</gpxtpx:TrackPointExtension>
	</extensions>
</trkpt>
<trkpt lat="44.0435760" lon="14.9910709">
	<ele>1.04</ele>
	<time>2026-08-09T08:41:39.005Z</time>
	<hdop>3.79</hdop>
	<extensions>
		<gpxtpx:TrackPointExtension>
			<gpxtpx:course>321.0</gpxtpx:course>
		</gpxtpx:TrackPointExtension>
	</extensions>
</trkpt>
<trkpt lat="44.0436579" lon="14.9909019">
	<ele>-31.85</ele>
	<time>2026-08-09T08:41:49.006Z</time>
	<hdop>3.79</hdop>
	<extensions>
		<gpxtpx:TrackPointExtension>
			<gpxtpx:course>293.0</gpxtpx:course>
		</gpxtpx:TrackPointExtension>
	</extensions>
</trkpt>
<trkpt lat="44.0436733" lon="14.9906836">
	<ele>-51.81</ele>
	<time>2026-08-09T08:41:59.006Z</time>
	<hdop>3.79</hdop>
	<extensions>
		<gpxtpx:TrackPointExtension>
			<gpxtpx:course>255.0</gpxtpx:course>
		</gpxtpx:TrackPointExtension>
	</extensions>
</trkpt>
<trkpt lat="44.0436341" lon="14.9904387">
	<ele>-51.38</ele>
	<time>2026-08-09T08:42:10.006Z</time>
	<hdop>3.79</hdop>
	<extensions>
		<gpxtpx:TrackPointExtension>
			<gpxtpx:course>263.0</gpxtpx:course>
		</gpxtpx:TrackPointExtension>
	</extensions>
</trkpt>
<trkpt lat="44.0436854" lon="14.9902406">
	<ele>-39.14</ele>
	<time>2026-08-09T08:42:20.006Z</time>
	<hdop>3.79</hdop>
	<extensions>
		<gpxtpx:TrackPointExtension>
			<gpxtpx:course>312.0</gpxtpx:course>
		</gpxtpx:TrackPointExtension>
	</extensions>
</trkpt>
<trkpt lat="44.0438268" lon="14.9901157">
	<ele>-29.35</ele>
	<time>2026-08-09T08:42:30.006Z</time>
	<hdop>3.79</hdop>
	<extensions>
		<gpxtpx:TrackPointExtension>
			<gpxtpx:course>334.0</gpxtpx:course>
		</gpxtpx:TrackPointExtension>
	</extensions>
</trkpt>
<trkpt lat="44.0440283" lon="14.9900472">
	<ele>-21.54</ele>
	<time>2026-08-09T08:42:41.005Z</time>
	<hdop>3.79</hdop>
	<extensions>
		<gpxtpx:TrackPointExtension>
			<gpxtpx:course>347.0</gpxtpx:course>
		</gpxtpx:TrackPointExtension>
	</extensions>
</trkpt>
<trkpt lat="44.0442877" lon="14.9899804">
	<ele>-19.55</ele>
	<time>2026-08-09T08:42:52.005Z</time>
	<hdop>3.79</hdop>
	<extensions>
		<gpxtpx:TrackPointExtension>
			<gpxtpx:course>347.0</gpxtpx:course>
		</gpxtpx:TrackPointExtension>
	</extensions>
</trkpt>
<trkpt lat="44.0445388" lon="14.9899147">
	<ele>-17.85</ele>
	<time>2026-08-09T08:43:02.005Z</time>
	<hdop>3.79</hdop>
	<extensions>
		<gpxtpx:TrackPointExtension>
			<gpxtpx:course>350.0</gpxtpx:course>
		</gpxtpx:TrackPointExtension>
	</extensions>
</trkpt>
<trkpt lat="44.0447958" lon="14.9898416">
	<ele>-14.83</ele>
	<time>2026-08-09T08:43:12.006Z</time>
	<hdop>3.79</hdop>
	<extensions>
		<gpxtpx:TrackPointExtension>
			<gpxtpx:course>347.0</gpxtpx:course>
		</gpxtpx:TrackPointExtension>
	</extensions>
</trkpt>
<trkpt lat="44.0450532" lon="14.9897861">
	<ele>-18.65</ele>
	<time>2026-08-09T08:43:22.006Z</time>
	<hdop>3.79</hdop>
	<extensions>
		<gpxtpx:TrackPointExtension>
			<gpxtpx:course>354.0</gpxtpx:course>
		</gpxtpx:TrackPointExtension>
	</extensions>
</trkpt>
<trkpt lat="44.0453438" lon="14.9897305">
	<ele>-22.29</ele>
	<time>2026-08-09T08:43:33.005Z</time>
	<hdop>3.79</hdop>
	<extensions>
		<gpxtpx:TrackPointExtension>
			<gpxtpx:course>350.0</gpxtpx:course>
		</gpxtpx:TrackPointExtension>
	</extensions>
</trkpt>
<trkpt lat="44.0456153" lon="14.9896726">
	<ele>-28.35</ele>
	<time>2026-08-09T08:43:43.006Z</time>
	<hdop>3.79</hdop>
	<extensions>
		<gpxtpx:TrackPointExtension>
			<gpxtpx:course>350.0</gpxtpx:course>
		</gpxtpx:TrackPointExtension>
	</extensions>
</trkpt>
<trkpt lat="44.0459076" lon="14.9896090">
	<ele>-33.46</ele>
	<time>2026-08-09T08:43:54.005Z</time>
	<hdop>3.79</hdop>
	<extensions>
		<gpxtpx:TrackPointExtension>
			<gpxtpx:course>351.0</gpxtpx:course>
		</gpxtpx:TrackPointExtension>
	</extensions>
</trkpt>
<trkpt lat="44.0461728" lon="14.9895633">
	<ele>-34.20</ele>
	<time>2026-08-09T08:44:04.005Z</time>
	<hdop>3.79</hdop>
	<extensions>
		<gpxtpx:TrackPointExtension>
			<gpxtpx:course>350.0</gpxtpx:course>
		</gpxtpx:TrackPointExtension>
	</extensions>
</trkpt>
<trkpt lat="44.0464646" lon="14.9895138">
	<ele>-32.24</ele>
	<time>2026-08-09T08:44:15.004Z</time>
	<hdop>3.79</hdop>
	<extensions>
		<gpxtpx:TrackPointExtension>
			<gpxtpx:course>351.0</gpxtpx:course>
		</gpxtpx:TrackPointExtension>
	</extensions>
</trkpt>
<trkpt lat="44.0467411" lon="14.9894608">
	<ele>-28.94</ele>
	<time>2026-08-09T08:44:25.004Z</time>
	<hdop>3.79</hdop>
	<extensions>
		<gpxtpx:TrackPointExtension>
			<gpxtpx:course>351.0</gpxtpx:course>
		</gpxtpx:TrackPointExtension>
	</extensions>
</trkpt>
<trkpt lat="44.0470205" lon="14.9893988">
	<ele>-25.95</ele>
	<time>2026-08-09T08:44:35.005Z</time>
	<hdop>3.79</hdop>
	<extensions>
		<gpxtpx:TrackPointExtension>
			<gpxtpx:course>350.0</gpxtpx:course>
		</gpxtpx:TrackPointExtension>
	</extensions>
</trkpt>
<trkpt lat="44.0472904" lon="14.9893103">
	<ele>-23.77</ele>
	<time>2026-08-09T08:44:45.005Z</time>
	<hdop>3.79</hdop>
	<extensions>
		<gpxtpx:TrackPointExtension>
			<gpxtpx:course>346.0</gpxtpx:course>
		</gpxtpx:TrackPointExtension>
	</extensions>
</trkpt>
<trkpt lat="44.0475823" lon="14.9892278">
	<ele>-19.61</ele>
	<time>2026-08-09T08:44:56.004Z</time>
	<hdop>3.79</hdop>
	<extensions>
		<gpxtpx:TrackPointExtension>
			<gpxtpx:course>347.0</gpxtpx:course>
		</gpxtpx:TrackPointExtension>
	</extensions>
</trkpt>
<trkpt lat="44.0478482" lon="14.9891462">
	<ele>-12.07</ele>
	<time>2026-08-09T08:45:06.005Z</time>
	<hdop>3.79</hdop>
	<extensions>
		<gpxtpx:TrackPointExtension>
			<gpxtpx:course>349.0</gpxtpx:course>
		</gpxtpx:TrackPointExtension>
	</extensions>
</trkpt>
<trkpt lat="44.0481129" lon="14.9890691">
	<ele>-5.49</ele>
	<time>2026-08-09T08:45:16.005Z</time>
	<hdop>3.79</hdop>
	<extensions>
		<gpxtpx:TrackPointExtension>
			<gpxtpx:course>351.0</gpxtpx:course>
		</gpxtpx:TrackPointExtension>
	</extensions>
</trkpt>
<trkpt lat="44.0483826" lon="14.9890046">
	<ele>0.71</ele>
	<time>2026-08-09T08:45:26.005Z</time>
	<hdop>3.79</hdop>
	<extensions>
		<gpxtpx:TrackPointExtension>
			<gpxtpx:course>346.0</gpxtpx:course>
		</gpxtpx:TrackPointExtension>
	</extensions>
</trkpt>
<trkpt lat="44.0486693" lon="14.9889177">
	<ele>6.29</ele>
	<time>2026-08-09T08:45:37.005Z</time>
	<hdop>3.79</hdop>
	<extensions>
		<gpxtpx:TrackPointExtension>
			<gpxtpx:course>347.0</gpxtpx:course>
		</gpxtpx:TrackPointExtension>
	</extensions>
</trkpt>
<trkpt lat="44.0489299" lon="14.9888468">
	<ele>10.61</ele>
	<time>2026-08-09T08:45:47.005Z</time>
	<hdop>3.79</hdop>
	<extensions>
		<gpxtpx:TrackPointExtension>
			<gpxtpx:course>347.0</gpxtpx:course>
		</gpxtpx:TrackPointExtension>
	</extensions>
</trkpt>
<trkpt lat="44.0492011" lon="14.9887586">
	<ele>13.85</ele>
	<time>2026-08-09T08:45:57.005Z</time>
	<hdop>3.79</hdop>
	<extensions>
		<gpxtpx:TrackPointExtension>
			<gpxtpx:course>346.0</gpxtpx:course>
		</gpxtpx:TrackPointExtension>
	</extensions>
</trkpt>
<trkpt lat="44.0494895" lon="14.9886607">
	<ele>14.86</ele>
	<time>2026-08-09T08:46:08.006Z</time>
	<hdop>3.79</hdop>
	<extensions>
		<gpxtpx:TrackPointExtension>
			<gpxtpx:course>349.0</gpxtpx:course>
		</gpxtpx:TrackPointExtension>
	</extensions>
</trkpt>
<trkpt lat="44.0497794" lon="14.9885617">
	<ele>14.97</ele>
	<time>2026-08-09T08:46:19.004Z</time>
	<hdop>3.79</hdop>
	<extensions>
		<gpxtpx:TrackPointExtension>
			<gpxtpx:course>348.0</gpxtpx:course>
		</gpxtpx:TrackPointExtension>
	</extensions>
</trkpt>
<trkpt lat="44.0500444" lon="14.9884789">
	<ele>16.63</ele>
	<time>2026-08-09T08:46:29.005Z</time>
	<hdop>3.79</hdop>
	<extensions>
		<gpxtpx:TrackPointExtension>
			<gpxtpx:course>347.0</gpxtpx:course>
		</gpxtpx:TrackPointExtension>
	</extensions>
</trkpt>
<trkpt lat="44.0503081" lon="14.9883956">
	<ele>17.48</ele>
	<time>2026-08-09T08:46:39.006Z</time>
	<hdop>3.79</hdop>
	<extensions>
		<gpxtpx:TrackPointExtension>
			<gpxtpx:course>344.0</gpxtpx:course>
		</gpxtpx:TrackPointExtension>
	</extensions>
</trkpt>
<trkpt lat="44.0505721" lon="14.9883257">
	<ele>17.07</ele>
	<time>2026-08-09T08:46:49.006Z</time>
	<hdop>3.79</hdop>
	<extensions>
		<gpxtpx:TrackPointExtension>
			<gpxtpx:course>346.0</gpxtpx:course>
		</gpxtpx:TrackPointExtension>
	</extensions>
</trkpt>
<trkpt lat="44.0508672" lon="14.9882486">
	<ele>18.75</ele>
	<time>2026-08-09T08:47:00.004Z</time>
	<hdop>3.79</hdop>
	<extensions>
		<gpxtpx:TrackPointExtension>
			<gpxtpx:course>347.0</gpxtpx:course>
		</gpxtpx:TrackPointExtension>
	</extensions>
</trkpt>
<trkpt lat="44.0511374" lon="14.9881585">
	<ele>18.73</ele>
	<time>2026-08-09T08:47:10.005Z</time>
	<hdop>3.79</hdop>
	<extensions>
		<gpxtpx:TrackPointExtension>
			<gpxtpx:course>346.0</gpxtpx:course>
		</gpxtpx:TrackPointExtension>
	</extensions>
</trkpt>
<trkpt lat="44.0514075" lon="14.9880600">
	<ele>17.93</ele>
	<time>2026-08-09T08:47:20.005Z</time>
	<hdop>3.79</hdop>
	<extensions>
		<gpxtpx:TrackPointExtension>
			<gpxtpx:course>343.0</gpxtpx:course>
		</gpxtpx:TrackPointExtension>
	</extensions>
</trkpt>
<trkpt lat="44.0516742" lon="14.9879517">
	<ele>17.67</ele>
	<time>2026-08-09T08:47:30.005Z</time>
	<hdop>3.79</hdop>
	<extensions>
		<gpxtpx:TrackPointExtension>
			<gpxtpx:course>343.0</gpxtpx:course>
		</gpxtpx:TrackPointExtension>
	</extensions>
</trkpt>
<trkpt lat="44.0519627" lon="14.9878457">
	<ele>15.78</ele>
	<time>2026-08-09T08:47:41.005Z</time>
	<hdop>3.79</hdop>
	<extensions>
		<gpxtpx:TrackPointExtension>
			<gpxtpx:course>344.0</gpxtpx:course>
		</gpxtpx:TrackPointExtension>
	</extensions>
</trkpt>
<trkpt lat="44.0522556" lon="14.9877412">
	<ele>14.99</ele>
	<time>2026-08-09T08:47:52.005Z</time>
	<hdop>3.79</hdop>
	<extensions>
		<gpxtpx:TrackPointExtension>
			<gpxtpx:course>347.0</gpxtpx:course>
		</gpxtpx:TrackPointExtension>
	</extensions>
</trkpt>
<trkpt lat="44.0525134" lon="14.9876462">
	<ele>16.07</ele>
	<time>2026-08-09T08:48:02.005Z</time>
	<hdop>3.79</hdop>
	<extensions>
		<gpxtpx:TrackPointExtension>
			<gpxtpx:course>344.0</gpxtpx:course>
		</gpxtpx:TrackPointExtension>
	</extensions>
</trkpt>
<trkpt lat="44.0527785" lon="14.9875527">
	<ele>14.87</ele>
	<time>2026-08-09T08:48:12.005Z</time>
	<hdop>3.79</hdop>
	<extensions>
		<gpxtpx:TrackPointExtension>
			<gpxtpx:course>343.0</gpxtpx:course>
		</gpxtpx:TrackPointExtension>
	</extensions>
</trkpt>
<trkpt lat="44.0530535" lon="14.9874213">
	<ele>13.97</ele>
	<time>2026-08-09T08:48:23.004Z</time>
	<hdop>3.79</hdop>
	<extensions>
		<gpxtpx:TrackPointExtension>
			<gpxtpx:course>341.0</gpxtpx:course>
		</gpxtpx:TrackPointExtension>
	</extensions>
</trkpt>
<trkpt lat="44.0532812" lon="14.9872914">
	<ele>14.07</ele>
	<time>2026-08-09T08:48:33.005Z</time>
	<hdop>3.79</hdop>
	<extensions>
		<gpxtpx:TrackPointExtension>
			<gpxtpx:course>332.0</gpxtpx:course>
		</gpxtpx:TrackPointExtension>
	</extensions>
</trkpt>
<trkpt lat="44.0534987" lon="14.9871247">
	<ele>12.62</ele>
	<time>2026-08-09T08:48:44.004Z</time>
	<hdop>3.79</hdop>
	<extensions>
		<gpxtpx:TrackPointExtension>
			<gpxtpx:course>332.0</gpxtpx:course>
		</gpxtpx:TrackPointExtension>
	</extensions>
</trkpt>
<trkpt lat="44.0537042" lon="14.9869765">
	<ele>12.96</ele>
	<time>2026-08-09T08:48:55.005Z</time>
	<hdop>3.79</hdop>
	<extensions>
		<gpxtpx:TrackPointExtension>
			<gpxtpx:course>334.0</gpxtpx:course>
		</gpxtpx:TrackPointExtension>
	</extensions>
</trkpt>
<trkpt lat="44.0538978" lon="14.9868512">
	<ele>12.54</ele>
	<time>2026-08-09T08:49:06.005Z</time>
	<hdop>3.79</hdop>
	<extensions>
		<gpxtpx:TrackPointExtension>
			<gpxtpx:course>332.0</gpxtpx:course>
		</gpxtpx:TrackPointExtension>
	</extensions>
</trkpt>
<trkpt lat="44.0540803" lon="14.9867183">
	<ele>11.88</ele>
	<time>2026-08-09T08:49:17.005Z</time>
	<hdop>3.79</hdop>
	<extensions>
		<gpxtpx:TrackPointExtension>
			<gpxtpx:course>328.0</gpxtpx:course>
		</gpxtpx:TrackPointExtension>
	</extensions>
</trkpt>
<trkpt lat="44.0542351" lon="14.9865696">
	<ele>12.05</ele>
	<time>2026-08-09T08:49:28.004Z</time>
	<hdop>3.79</hdop>
	<extensions>
		<gpxtpx:TrackPointExtension>
			<gpxtpx:course>324.0</gpxtpx:course>
		</gpxtpx:TrackPointExtension>
	</extensions>
</trkpt>
<trkpt lat="44.0543572" lon="14.9864115">
	<ele>11.84</ele>
	<time>2026-08-09T08:49:38.004Z</time>
	<hdop>3.79</hdop>
	<extensions>
		<gpxtpx:TrackPointExtension>
			<gpxtpx:course>312.0</gpxtpx:course>
		</gpxtpx:TrackPointExtension>
	</extensions>
</trkpt>
<trkpt lat="44.0544758" lon="14.9862645">
	<ele>9.09</ele>
	<time>2026-08-09T08:49:48.004Z</time>
	<hdop>3.79</hdop>
	<extensions>
		<gpxtpx:TrackPointExtension>
			<gpxtpx:course>319.0</gpxtpx:course>
		</gpxtpx:TrackPointExtension>
	</extensions>
</trkpt>
<trkpt lat="44.0545836" lon="14.9861361">
	<ele>8.54</ele>
	<time>2026-08-09T08:49:58.004Z</time>
	<hdop>3.79</hdop>
	<extensions>
		<gpxtpx:TrackPointExtension>
			<gpxtpx:course>319.0</gpxtpx:course>
		</gpxtpx:TrackPointExtension>
	</extensions>
</trkpt>
<trkpt lat="44.0547019" lon="14.9860226">
	<ele>6.89</ele>
	<time>2026-08-09T08:50:09.005Z</time>
	<hdop>3.79</hdop>
	<extensions>
		<gpxtpx:TrackPointExtension>
			<gpxtpx:course>326.0</gpxtpx:course>
		</gpxtpx:TrackPointExtension>
	</extensions>
</trkpt>
<trkpt lat="44.0548076" lon="14.9859331">
	<ele>2.79</ele>
	<time>2026-08-09T08:50:19.005Z</time>
	<hdop>3.79</hdop>
	<extensions>
		<gpxtpx:TrackPointExtension>
			<gpxtpx:course>324.0</gpxtpx:course>
		</gpxtpx:TrackPointExtension>
	</extensions>
</trkpt>
<trkpt lat="44.0549209" lon="14.9858458">
	<ele>2.21</ele>
	<time>2026-08-09T08:50:30.004Z</time>
	<hdop>3.79</hdop>
	<extensions>
		<gpxtpx:TrackPointExtension>
			<gpxtpx:course>324.0</gpxtpx:course>
		</gpxtpx:TrackPointExtension>
	</extensions>
</trkpt>
<trkpt lat="44.0550281" lon="14.9857572">
	<ele>-0.39</ele>
	<time>2026-08-09T08:50:40.005Z</time>
	<hdop>3.79</hdop>
	<extensions>
		<gpxtpx:TrackPointExtension>
			<gpxtpx:course>334.0</gpxtpx:course>
		</gpxtpx:TrackPointExtension>
	</extensions>
</trkpt>
<trkpt lat="44.0551556" lon="14.9856711">
	<ele>0.84</ele>
	<time>2026-08-09T08:50:51.003Z</time>
	<hdop>3.79</hdop>
	<extensions>
		<gpxtpx:TrackPointExtension>
			<gpxtpx:course>335.0</gpxtpx:course>
		</gpxtpx:TrackPointExtension>
	</extensions>
</trkpt>
<trkpt lat="44.0552660" lon="14.9855947">
	<ele>3.24</ele>
	<time>2026-08-09T08:51:01.004Z</time>
	<hdop>3.79</hdop>
	<extensions>
		<gpxtpx:TrackPointExtension>
			<gpxtpx:course>330.0</gpxtpx:course>
		</gpxtpx:TrackPointExtension>
	</extensions>
</trkpt>
<trkpt lat="44.0553719" lon="14.9855332">
	<ele>2.19</ele>
	<time>2026-08-09T08:51:11.005Z</time>
	<hdop>3.79</hdop>
	<extensions>
		<gpxtpx:TrackPointExtension>
			<gpxtpx:course>336.0</gpxtpx:course>
		</gpxtpx:TrackPointExtension>
	</extensions>
</trkpt>
<trkpt lat="44.0554644" lon="14.9854258">
	<ele>0.11</ele>
	<time>2026-08-09T08:51:22.004Z</time>
	<hdop>3.79</hdop>
	<extensions>
		<gpxtpx:TrackPointExtension>
			<gpxtpx:course>312.0</gpxtpx:course>
		</gpxtpx:TrackPointExtension>
	</extensions>
</trkpt>
<trkpt lat="44.0555097" lon="14.9853141">
	<ele>-0.71</ele>
	<time>2026-08-09T08:51:33.004Z</time>
	<hdop>3.79</hdop>
	<extensions>
		<gpxtpx:TrackPointExtension>
			<gpxtpx:course>295.0</gpxtpx:course>
		</gpxtpx:TrackPointExtension>
	</extensions>
</trkpt>
<trkpt lat="44.0555942" lon="14.9852690">
	<ele>-3.45</ele>
	<time>2026-08-09T08:52:18.004Z</time>
	<hdop>3.79</hdop>
	<extensions>
		<gpxtpx:TrackPointExtension>
			<gpxtpx:course>27.0</gpxtpx:course>
		</gpxtpx:TrackPointExtension>
	</extensions>
</trkpt>
<trkpt lat="44.0556829" lon="14.9853178">
	<ele>-3.26</ele>
	<time>2026-08-09T08:52:33.004Z</time>
	<hdop>3.79</hdop>
	<extensions>
		<gpxtpx:TrackPointExtension>
			<gpxtpx:course>29.0</gpxtpx:course>
		</gpxtpx:TrackPointExtension>
	</extensions>
</trkpt>
<trkpt lat="44.0557577" lon="14.9853875">
	<ele>-7.92</ele>
	<time>2026-08-09T08:52:50.005Z</time>
	<hdop>3.79</hdop>
	<extensions>
		<gpxtpx:TrackPointExtension>
			<gpxtpx:course>28.0</gpxtpx:course>
		</gpxtpx:TrackPointExtension>
	</extensions>
</trkpt>
<trkpt lat="44.0556994" lon="14.9854920">
	<ele>-2.17</ele>
	<time>2026-08-09T08:58:05.003Z</time>
	<hdop>3.79</hdop>
	<extensions>
		<gpxtpx:TrackPointExtension>
			<gpxtpx:course>218.0</gpxtpx:course>
		</gpxtpx:TrackPointExtension>
	</extensions>
</trkpt>
<trkpt lat="44.0557764" lon="14.9854268">
	<ele>-0.48</ele>
	<time>2026-08-09T08:59:42.003Z</time>
	<hdop>3.79</hdop>
	<extensions>
		<gpxtpx:TrackPointExtension>
			<gpxtpx:course>355.0</gpxtpx:course>
		</gpxtpx:TrackPointExtension>
	</extensions>
</trkpt>
<trkpt lat="44.0557110" lon="14.9855166">
	<ele>-7.48</ele>
	<time>2026-08-09T09:10:48.001Z</time>
	<hdop>3.79</hdop>
	<extensions>
		<gpxtpx:TrackPointExtension>
			<gpxtpx:course>220.0</gpxtpx:course>
		</gpxtpx:TrackPointExtension>
	</extensions>
</trkpt>
<trkpt lat="44.0556180" lon="14.9854889">
	<ele>1.67</ele>
	<time>2026-08-09T09:11:13.003Z</time>
	<hdop>3.79</hdop>
	<extensions>
		<gpxtpx:TrackPointExtension>
			<gpxtpx:course>203.0</gpxtpx:course>
		</gpxtpx:TrackPointExtension>
	</extensions>
</trkpt>
<trkpt lat="44.0555360" lon="14.9854344">
	<ele>5.59</ele>
	<time>2026-08-09T09:11:32.002Z</time>
	<hdop>3.79</hdop>
	<extensions>
		<gpxtpx:TrackPointExtension>
			<gpxtpx:course>213.0</gpxtpx:course>
		</gpxtpx:TrackPointExtension>
	</extensions>
</trkpt>
<trkpt lat="44.0554531" lon="14.9853847">
	<ele>4.17</ele>
	<time>2026-08-09T09:12:03.001Z</time>
	<hdop>3.79</hdop>
	<extensions>
		<gpxtpx:TrackPointExtension>
			<gpxtpx:course>189.0</gpxtpx:course>
		</gpxtpx:TrackPointExtension>
	</extensions>
</trkpt>
<trkpt lat="44.0553609" lon="14.9854041">
	<ele>9.39</ele>
	<time>2026-08-09T09:14:00.001Z</time>
	<hdop>3.79</hdop>
	<extensions>
		<gpxtpx:TrackPointExtension>
			<gpxtpx:course>189.0</gpxtpx:course>
		</gpxtpx:TrackPointExtension>
	</extensions>
</trkpt>
<trkpt lat="44.0553569" lon="14.9855297">
	<ele>6.96</ele>
	<time>2026-08-09T09:14:25.001Z</time>
	<hdop>3.79</hdop>
	<extensions>
		<gpxtpx:TrackPointExtension>
			<gpxtpx:course>54.0</gpxtpx:course>
		</gpxtpx:TrackPointExtension>
	</extensions>
</trkpt>
<trkpt lat="44.0553264" lon="14.9856489">
	<ele>-7.56</ele>
	<time>2026-08-09T09:15:12.000Z</time>
	<hdop>3.79</hdop>
	<extensions>
		<gpxtpx:TrackPointExtension>
			<gpxtpx:course>62.0</gpxtpx:course>
		</gpxtpx:TrackPointExtension>
	</extensions>
</trkpt>
<trkpt lat="44.0552368" lon="14.9856694">
	<ele>-15.59</ele>
	<time>2026-08-09T09:15:35.000Z</time>
	<hdop>3.79</hdop>
	<extensions>
		<gpxtpx:TrackPointExtension>
			<gpxtpx:course>177.0</gpxtpx:course>
		</gpxtpx:TrackPointExtension>
	</extensions>
</trkpt>
<trkpt lat="44.0553237" lon="14.9857174">
	<ele>-26.88</ele>
	<time>2026-08-09T09:15:54.001Z</time>
	<hdop>3.79</hdop>
	<extensions>
		<gpxtpx:TrackPointExtension>
			<gpxtpx:course>9.0</gpxtpx:course>
		</gpxtpx:TrackPointExtension>
	</extensions>
</trkpt>
<trkpt lat="44.0554194" lon="14.9857405">
	<ele>-30.28</ele>
	<time>2026-08-09T09:16:08.001Z</time>
	<hdop>3.79</hdop>
	<extensions>
		<gpxtpx:TrackPointExtension>
			<gpxtpx:course>7.0</gpxtpx:course>
		</gpxtpx:TrackPointExtension>
	</extensions>
</trkpt>
<trkpt lat="44.0555092" lon="14.9857322">
	<ele>-29.85</ele>
	<time>2026-08-09T09:16:22.000Z</time>
	<hdop>3.79</hdop>
	<extensions>
		<gpxtpx:TrackPointExtension>
			<gpxtpx:course>356.0</gpxtpx:course>
		</gpxtpx:TrackPointExtension>
	</extensions>
</trkpt>
<trkpt lat="44.0555959" lon="14.9856781">
	<ele>-43.90</ele>
	<time>2026-08-09T09:16:42.000Z</time>
	<hdop>3.79</hdop>
	<extensions>
		<gpxtpx:TrackPointExtension>
			<gpxtpx:course>335.0</gpxtpx:course>
		</gpxtpx:TrackPointExtension>
	</extensions>
</trkpt>
<trkpt lat="44.0556781" lon="14.9856183">
	<ele>-21.47</ele>
	<time>2026-08-09T09:17:05.001Z</time>
	<hdop>3.79</hdop>
	<extensions>
		<gpxtpx:TrackPointExtension>
			<gpxtpx:course>332.0</gpxtpx:course>
		</gpxtpx:TrackPointExtension>
	</extensions>
</trkpt>
<trkpt lat="44.0556926" lon="14.9854948">
	<ele>-6.40</ele>
	<time>2026-08-09T09:18:05.001Z</time>
	<hdop>3.79</hdop>
	<extensions>
		<gpxtpx:TrackPointExtension>
			<gpxtpx:course>332.0</gpxtpx:course>
		</gpxtpx:TrackPointExtension>
	</extensions>
</trkpt>
<trkpt lat="44.0555977" lon="14.9854901">
	<ele>2.79</ele>
	<time>2026-08-09T09:18:32.000Z</time>
	<hdop>3.79</hdop>
	<extensions>
		<gpxtpx:TrackPointExtension>
			<gpxtpx:course>170.0</gpxtpx:course>
		</gpxtpx:TrackPointExtension>
	</extensions>
</trkpt>
<trkpt lat="44.0555039" lon="14.9854951">
	<ele>4.80</ele>
	<time>2026-08-09T09:19:01.001Z</time>
	<hdop>3.79</hdop>
	<extensions>
		<gpxtpx:TrackPointExtension>
			<gpxtpx:course>173.0</gpxtpx:course>
		</gpxtpx:TrackPointExtension>
	</extensions>
</trkpt>
<trkpt lat="44.0555966" lon="14.9854843">
	<ele>6.01</ele>
	<time>2026-08-09T09:20:07.001Z</time>
	<hdop>3.79</hdop>
	<extensions>
		<gpxtpx:TrackPointExtension>
			<gpxtpx:course>341.0</gpxtpx:course>
		</gpxtpx:TrackPointExtension>
	</extensions>
</trkpt>
<trkpt lat="44.0556885" lon="14.9854793">
	<ele>8.30</ele>
	<time>2026-08-09T09:20:23.000Z</time>
	<hdop>3.79</hdop>
	<extensions>
		<gpxtpx:TrackPointExtension>
			<gpxtpx:course>1.0</gpxtpx:course>
		</gpxtpx:TrackPointExtension>
	</extensions>
</trkpt>
<trkpt lat="44.0556284" lon="14.9855733">
	<ele>4.52</ele>
	<time>2026-08-09T09:22:40.999Z</time>
	<hdop>3.79</hdop>
	<extensions>
		<gpxtpx:TrackPointExtension>
			<gpxtpx:course>144.0</gpxtpx:course>
		</gpxtpx:TrackPointExtension>
	</extensions>
</trkpt>
<trkpt lat="44.0555337" lon="14.9856203">
	<ele>2.67</ele>
	<time>2026-08-09T09:22:51.000Z</time>
	<hdop>3.79</hdop>
	<extensions>
		<gpxtpx:TrackPointExtension>
			<gpxtpx:course>181.0</gpxtpx:course>
		</gpxtpx:TrackPointExtension>
	</extensions>
</trkpt>
<trkpt lat="44.0554361" lon="14.9855802">
	<ele>0.95</ele>
	<time>2026-08-09T09:23:01.000Z</time>
	<hdop>3.79</hdop>
	<extensions>
		<gpxtpx:TrackPointExtension>
			<gpxtpx:course>215.0</gpxtpx:course>
		</gpxtpx:TrackPointExtension>
	</extensions>
</trkpt>
<trkpt lat="44.0553789" lon="14.9854576">
	<ele>1.32</ele>
	<time>2026-08-09T09:23:11.000Z</time>
	<hdop>3.79</hdop>
	<extensions>
		<gpxtpx:TrackPointExtension>
			<gpxtpx:course>253.0</gpxtpx:course>
		</gpxtpx:TrackPointExtension>
	</extensions>
</trkpt>
<trkpt lat="44.0553787" lon="14.9852631">
	<ele>2.44</ele>
	<time>2026-08-09T09:23:21.000Z</time>
	<hdop>3.79</hdop>
	<extensions>
		<gpxtpx:TrackPointExtension>
			<gpxtpx:course>283.0</gpxtpx:course>
		</gpxtpx:TrackPointExtension>
	</extensions>
</trkpt>
<trkpt lat="44.0554590" lon="14.9849974">
	<ele>4.61</ele>
	<time>2026-08-09T09:23:31.000Z</time>
	<hdop>3.79</hdop>
	<extensions>
		<gpxtpx:TrackPointExtension>
			<gpxtpx:course>293.0</gpxtpx:course>
		</gpxtpx:TrackPointExtension>
	</extensions>
</trkpt>
<trkpt lat="44.0555490" lon="14.9846657">
	<ele>6.54</ele>
	<time>2026-08-09T09:23:42.001Z</time>
	<hdop>3.79</hdop>
	<extensions>
		<gpxtpx:TrackPointExtension>
			<gpxtpx:course>289.0</gpxtpx:course>
		</gpxtpx:TrackPointExtension>
	</extensions>
</trkpt>
<trkpt lat="44.0556252" lon="14.9843429">
	<ele>7.43</ele>
	<time>2026-08-09T09:23:52.001Z</time>
	<hdop>3.79</hdop>
	<extensions>
		<gpxtpx:TrackPointExtension>
			<gpxtpx:course>287.0</gpxtpx:course>
		</gpxtpx:TrackPointExtension>
	</extensions>
</trkpt>
<trkpt lat="44.0556722" lon="14.9839520">
	<ele>7.34</ele>
	<time>2026-08-09T09:24:02.999Z</time>
	<hdop>3.79</hdop>
	<extensions>
		<gpxtpx:TrackPointExtension>
			<gpxtpx:course>277.0</gpxtpx:course>
		</gpxtpx:TrackPointExtension>
	</extensions>
</trkpt>
<trkpt lat="44.0557125" lon="14.9835941">
	<ele>8.22</ele>
	<time>2026-08-09T09:24:13.000Z</time>
	<hdop>3.79</hdop>
	<extensions>
		<gpxtpx:TrackPointExtension>
			<gpxtpx:course>287.0</gpxtpx:course>
		</gpxtpx:TrackPointExtension>
	</extensions>
</trkpt>
<trkpt lat="44.0558346" lon="14.9832652">
	<ele>6.75</ele>
	<time>2026-08-09T09:24:23.001Z</time>
	<hdop>3.79</hdop>
	<extensions>
		<gpxtpx:TrackPointExtension>
			<gpxtpx:course>302.0</gpxtpx:course>
		</gpxtpx:TrackPointExtension>
	</extensions>
</trkpt>
<trkpt lat="44.0559880" lon="14.9829268">
	<ele>9.63</ele>
	<time>2026-08-09T09:24:33.999Z</time>
	<hdop>3.79</hdop>
	<extensions>
		<gpxtpx:TrackPointExtension>
			<gpxtpx:course>300.0</gpxtpx:course>
		</gpxtpx:TrackPointExtension>
	</extensions>
</trkpt>
<trkpt lat="44.0561183" lon="14.9826188">
	<ele>11.90</ele>
	<time>2026-08-09T09:24:44.000Z</time>
	<hdop>3.79</hdop>
	<extensions>
		<gpxtpx:TrackPointExtension>
			<gpxtpx:course>300.0</gpxtpx:course>
		</gpxtpx:TrackPointExtension>
	</extensions>
</trkpt>
<trkpt lat="44.0562461" lon="14.9823203">
	<ele>12.56</ele>
	<time>2026-08-09T09:24:54.001Z</time>
	<hdop>3.79</hdop>
	<extensions>
		<gpxtpx:TrackPointExtension>
			<gpxtpx:course>298.0</gpxtpx:course>
		</gpxtpx:TrackPointExtension>
	</extensions>
</trkpt>
<trkpt lat="44.0563841" lon="14.9819703">
	<ele>12.08</ele>
	<time>2026-08-09T09:25:04.999Z</time>
	<hdop>3.79</hdop>
	<extensions>
		<gpxtpx:TrackPointExtension>
			<gpxtpx:course>298.0</gpxtpx:course>
		</gpxtpx:TrackPointExtension>
	</extensions>
</trkpt>
<trkpt lat="44.0564930" lon="14.9816278">
	<ele>12.36</ele>
	<time>2026-08-09T09:25:14.999Z</time>
	<hdop>3.79</hdop>
	<extensions>
		<gpxtpx:TrackPointExtension>
			<gpxtpx:course>296.0</gpxtpx:course>
		</gpxtpx:TrackPointExtension>
	</extensions>
</trkpt>
<trkpt lat="44.0565900" lon="14.9812912">
	<ele>14.15</ele>
	<time>2026-08-09T09:25:25.000Z</time>
	<hdop>3.79</hdop>
	<extensions>
		<gpxtpx:TrackPointExtension>
			<gpxtpx:course>290.0</gpxtpx:course>
		</gpxtpx:TrackPointExtension>
	</extensions>
</trkpt>
<trkpt lat="44.0566916" lon="14.9808840">
	<ele>12.18</ele>
	<time>2026-08-09T09:25:36.000Z</time>
	<hdop>3.79</hdop>
	<extensions>
		<gpxtpx:TrackPointExtension>
			<gpxtpx:course>286.0</gpxtpx:course>
		</gpxtpx:TrackPointExtension>
	</extensions>
</trkpt>
<trkpt lat="44.0567715" lon="14.9805225">
	<ele>-14.82</ele>
	<time>2026-08-09T09:25:46.000Z</time>
	<hdop>4.45</hdop>
	<extensions>
		<gpxtpx:TrackPointExtension>
			<gpxtpx:course>286.0</gpxtpx:course>
		</gpxtpx:TrackPointExtension>
	</extensions>
</trkpt>
<trkpt lat="44.0568482" lon="14.9801679">
	<ele>-32.59</ele>
	<time>2026-08-09T09:25:56.001Z</time>
	<hdop>3.79</hdop>
	<extensions>
		<gpxtpx:TrackPointExtension>
			<gpxtpx:course>286.0</gpxtpx:course>
		</gpxtpx:TrackPointExtension>
	</extensions>
</trkpt>
<trkpt lat="44.0569439" lon="14.9797805">
	<ele>-30.63</ele>
	<time>2026-08-09T09:26:06.999Z</time>
	<hdop>3.79</hdop>
	<extensions>
		<gpxtpx:TrackPointExtension>
			<gpxtpx:course>289.0</gpxtpx:course>
		</gpxtpx:TrackPointExtension>
	</extensions>
</trkpt>
<trkpt lat="44.0570448" lon="14.9793957">
	<ele>-17.83</ele>
	<time>2026-08-09T09:26:16.999Z</time>
	<hdop>3.79</hdop>
	<extensions>
		<gpxtpx:TrackPointExtension>
			<gpxtpx:course>289.0</gpxtpx:course>
		</gpxtpx:TrackPointExtension>
	</extensions>
</trkpt>
<trkpt lat="44.0571607" lon="14.9790089">
	<ele>-3.12</ele>
	<time>2026-08-09T09:26:27.000Z</time>
	<hdop>3.79</hdop>
	<extensions>
		<gpxtpx:TrackPointExtension>
			<gpxtpx:course>296.0</gpxtpx:course>
		</gpxtpx:TrackPointExtension>
	</extensions>
</trkpt>
<trkpt lat="44.0573206" lon="14.9786050">
	<ele>4.34</ele>
	<time>2026-08-09T09:26:38.000Z</time>
	<hdop>3.79</hdop>
	<extensions>
		<gpxtpx:TrackPointExtension>
			<gpxtpx:course>299.0</gpxtpx:course>
		</gpxtpx:TrackPointExtension>
	</extensions>
</trkpt>
<trkpt lat="44.0574827" lon="14.9782322">
	<ele>7.20</ele>
	<time>2026-08-09T09:26:48.000Z</time>
	<hdop>3.79</hdop>
	<extensions>
		<gpxtpx:TrackPointExtension>
			<gpxtpx:course>302.0</gpxtpx:course>
		</gpxtpx:TrackPointExtension>
	</extensions>
</trkpt>
<trkpt lat="44.0576702" lon="14.9778430">
	<ele>11.24</ele>
	<time>2026-08-09T09:26:58.999Z</time>
	<hdop>3.79</hdop>
	<extensions>
		<gpxtpx:TrackPointExtension>
			<gpxtpx:course>306.0</gpxtpx:course>
		</gpxtpx:TrackPointExtension>
	</extensions>
</trkpt>
<trkpt lat="44.0578556" lon="14.9774992">
	<ele>15.81</ele>
	<time>2026-08-09T09:27:09.000Z</time>
	<hdop>3.79</hdop>
	<extensions>
		<gpxtpx:TrackPointExtension>
			<gpxtpx:course>304.0</gpxtpx:course>
		</gpxtpx:TrackPointExtension>
	</extensions>
</trkpt>
<trkpt lat="44.0580209" lon="14.9771417">
	<ele>18.90</ele>
	<time>2026-08-09T09:27:19.000Z</time>
	<hdop>3.79</hdop>
	<extensions>
		<gpxtpx:TrackPointExtension>
			<gpxtpx:course>302.0</gpxtpx:course>
		</gpxtpx:TrackPointExtension>
	</extensions>
</trkpt>
<trkpt lat="44.0581849" lon="14.9767891">
	<ele>24.81</ele>
	<time>2026-08-09T09:27:29.000Z</time>
	<hdop>3.79</hdop>
	<extensions>
		<gpxtpx:TrackPointExtension>
			<gpxtpx:course>302.0</gpxtpx:course>
		</gpxtpx:TrackPointExtension>
	</extensions>
</trkpt>
<trkpt lat="44.0583655" lon="14.9763917">
	<ele>24.04</ele>
	<time>2026-08-09T09:27:40.000Z</time>
	<hdop>3.79</hdop>
	<extensions>
		<gpxtpx:TrackPointExtension>
			<gpxtpx:course>303.0</gpxtpx:course>
		</gpxtpx:TrackPointExtension>
	</extensions>
</trkpt>
<trkpt lat="44.0585409" lon="14.9760351">
	<ele>23.46</ele>
	<time>2026-08-09T09:27:50.999Z</time>
	<hdop>3.79</hdop>
	<extensions>
		<gpxtpx:TrackPointExtension>
			<gpxtpx:course>301.0</gpxtpx:course>
		</gpxtpx:TrackPointExtension>
	</extensions>
</trkpt>
<trkpt lat="44.0587191" lon="14.9756693">
	<ele>12.89</ele>
	<time>2026-08-09T09:28:00.999Z</time>
	<hdop>3.79</hdop>
	<extensions>
		<gpxtpx:TrackPointExtension>
			<gpxtpx:course>306.0</gpxtpx:course>
		</gpxtpx:TrackPointExtension>
	</extensions>
</trkpt>
<trkpt lat="44.0589081" lon="14.9753238">
	<ele>9.26</ele>
	<time>2026-08-09T09:28:10.999Z</time>
	<hdop>3.79</hdop>
	<extensions>
		<gpxtpx:TrackPointExtension>
			<gpxtpx:course>306.0</gpxtpx:course>
		</gpxtpx:TrackPointExtension>
	</extensions>
</trkpt>
<trkpt lat="44.0591005" lon="14.9749687">
	<ele>11.08</ele>
	<time>2026-08-09T09:28:20.999Z</time>
	<hdop>3.79</hdop>
	<extensions>
		<gpxtpx:TrackPointExtension>
			<gpxtpx:course>306.0</gpxtpx:course>
		</gpxtpx:TrackPointExtension>
	</extensions>
</trkpt>
<trkpt lat="44.0593064" lon="14.9745927">
	<ele>13.84</ele>
	<time>2026-08-09T09:28:31.999Z</time>
	<hdop>3.79</hdop>
	<extensions>
		<gpxtpx:TrackPointExtension>
			<gpxtpx:course>305.0</gpxtpx:course>
		</gpxtpx:TrackPointExtension>
	</extensions>
</trkpt>
<trkpt lat="44.0594822" lon="14.9742453">
	<ele>13.69</ele>
	<time>2026-08-09T09:28:41.999Z</time>
	<hdop>3.79</hdop>
	<extensions>
		<gpxtpx:TrackPointExtension>
			<gpxtpx:course>303.0</gpxtpx:course>
		</gpxtpx:TrackPointExtension>
	</extensions>
</trkpt>
<trkpt lat="44.0596617" lon="14.9738909">
	<ele>12.82</ele>
	<time>2026-08-09T09:28:51.999Z</time>
	<hdop>3.79</hdop>
	<extensions>
		<gpxtpx:TrackPointExtension>
			<gpxtpx:course>303.0</gpxtpx:course>
		</gpxtpx:TrackPointExtension>
	</extensions>
</trkpt>
<trkpt lat="44.0598593" lon="14.9734967">
	<ele>12.69</ele>
	<time>2026-08-09T09:29:02.999Z</time>
	<hdop>3.79</hdop>
	<extensions>
		<gpxtpx:TrackPointExtension>
			<gpxtpx:course>304.0</gpxtpx:course>
		</gpxtpx:TrackPointExtension>
	</extensions>
</trkpt>
<trkpt lat="44.0600344" lon="14.9731395">
	<ele>11.04</ele>
	<time>2026-08-09T09:29:12.999Z</time>
	<hdop>3.79</hdop>
	<extensions>
		<gpxtpx:TrackPointExtension>
			<gpxtpx:course>303.0</gpxtpx:course>
		</gpxtpx:TrackPointExtension>
	</extensions>
</trkpt>
<trkpt lat="44.0602034" lon="14.9727833">
	<ele>13.57</ele>
	<time>2026-08-09T09:29:22.999Z</time>
	<hdop>3.79</hdop>
	<extensions>
		<gpxtpx:TrackPointExtension>
			<gpxtpx:course>302.0</gpxtpx:course>
		</gpxtpx:TrackPointExtension>
	</extensions>
</trkpt>
<trkpt lat="44.0603726" lon="14.9724259">
	<ele>14.45</ele>
	<time>2026-08-09T09:29:33.000Z</time>
	<hdop>3.79</hdop>
	<extensions>
		<gpxtpx:TrackPointExtension>
			<gpxtpx:course>303.0</gpxtpx:course>
		</gpxtpx:TrackPointExtension>
	</extensions>
</trkpt>
<trkpt lat="44.0605568" lon="14.9720364">
	<ele>15.10</ele>
	<time>2026-08-09T09:29:43.998Z</time>
	<hdop>3.79</hdop>
	<extensions>
		<gpxtpx:TrackPointExtension>
			<gpxtpx:course>304.0</gpxtpx:course>
		</gpxtpx:TrackPointExtension>
	</extensions>
</trkpt>
<trkpt lat="44.0607194" lon="14.9716836">
	<ele>8.06</ele>
	<time>2026-08-09T09:29:53.998Z</time>
	<hdop>3.79</hdop>
	<extensions>
		<gpxtpx:TrackPointExtension>
			<gpxtpx:course>301.0</gpxtpx:course>
		</gpxtpx:TrackPointExtension>
	</extensions>
</trkpt>
<trkpt lat="44.0608924" lon="14.9713238">
	<ele>3.24</ele>
	<time>2026-08-09T09:30:03.998Z</time>
	<hdop>3.79</hdop>
	<extensions>
		<gpxtpx:TrackPointExtension>
			<gpxtpx:course>302.0</gpxtpx:course>
		</gpxtpx:TrackPointExtension>
	</extensions>
</trkpt>
<trkpt lat="44.0610674" lon="14.9709762">
	<ele>5.86</ele>
	<time>2026-08-09T09:30:13.999Z</time>
	<hdop>3.79</hdop>
	<extensions>
		<gpxtpx:TrackPointExtension>
			<gpxtpx:course>304.0</gpxtpx:course>
		</gpxtpx:TrackPointExtension>
	</extensions>
</trkpt>
<trkpt lat="44.0612454" lon="14.9706195">
	<ele>5.59</ele>
	<time>2026-08-09T09:30:23.999Z</time>
	<hdop>3.79</hdop>
	<extensions>
		<gpxtpx:TrackPointExtension>
			<gpxtpx:course>304.0</gpxtpx:course>
		</gpxtpx:TrackPointExtension>
	</extensions>
</trkpt>
<trkpt lat="44.0614175" lon="14.9702609">
	<ele>10.11</ele>
	<time>2026-08-09T09:30:33.999Z</time>
	<hdop>3.79</hdop>
	<extensions>
		<gpxtpx:TrackPointExtension>
			<gpxtpx:course>304.0</gpxtpx:course>
		</gpxtpx:TrackPointExtension>
	</extensions>
</trkpt>
<trkpt lat="44.0615903" lon="14.9699071">
	<ele>8.89</ele>
	<time>2026-08-09T09:30:43.999Z</time>
	<hdop>3.79</hdop>
	<extensions>
		<gpxtpx:TrackPointExtension>
			<gpxtpx:course>303.0</gpxtpx:course>
		</gpxtpx:TrackPointExtension>
	</extensions>
</trkpt>
<trkpt lat="44.0617600" lon="14.9695499">
	<ele>10.64</ele>
	<time>2026-08-09T09:30:53.999Z</time>
	<hdop>3.79</hdop>
	<extensions>
		<gpxtpx:TrackPointExtension>
			<gpxtpx:course>303.0</gpxtpx:course>
		</gpxtpx:TrackPointExtension>
	</extensions>
</trkpt>
<trkpt lat="44.0619346" lon="14.9691968">
	<ele>10.49</ele>
	<time>2026-08-09T09:31:03.999Z</time>
	<hdop>3.79</hdop>
	<extensions>
		<gpxtpx:TrackPointExtension>
			<gpxtpx:course>304.0</gpxtpx:course>
		</gpxtpx:TrackPointExtension>
	</extensions>
</trkpt>
<trkpt lat="44.0621298" lon="14.9688052">
	<ele>12.89</ele>
	<time>2026-08-09T09:31:14.998Z</time>
	<hdop>3.79</hdop>
	<extensions>
		<gpxtpx:TrackPointExtension>
			<gpxtpx:course>304.0</gpxtpx:course>
		</gpxtpx:TrackPointExtension>
	</extensions>
</trkpt>
<trkpt lat="44.0623049" lon="14.9684516">
	<ele>11.44</ele>
	<time>2026-08-09T09:31:24.998Z</time>
	<hdop>3.79</hdop>
	<extensions>
		<gpxtpx:TrackPointExtension>
			<gpxtpx:course>303.0</gpxtpx:course>
		</gpxtpx:TrackPointExtension>
	</extensions>
</trkpt>
<trkpt lat="44.0624795" lon="14.9680987">
	<ele>13.65</ele>
	<time>2026-08-09T09:31:34.999Z</time>
	<hdop>3.79</hdop>
	<extensions>
		<gpxtpx:TrackPointExtension>
			<gpxtpx:course>304.0</gpxtpx:course>
		</gpxtpx:TrackPointExtension>
	</extensions>
</trkpt>
<trkpt lat="44.0626541" lon="14.9677428">
	<ele>12.02</ele>
	<time>2026-08-09T09:31:44.999Z</time>
	<hdop>3.79</hdop>
	<extensions>
		<gpxtpx:TrackPointExtension>
			<gpxtpx:course>304.0</gpxtpx:course>
		</gpxtpx:TrackPointExtension>
	</extensions>
</trkpt>
<trkpt lat="44.0628230" lon="14.9673884">
	<ele>11.63</ele>
	<time>2026-08-09T09:31:54.999Z</time>
	<hdop>3.79</hdop>
	<extensions>
		<gpxtpx:TrackPointExtension>
			<gpxtpx:course>303.0</gpxtpx:course>
		</gpxtpx:TrackPointExtension>
	</extensions>
</trkpt>
<trkpt lat="44.0629996" lon="14.9670319">
	<ele>9.78</ele>
	<time>2026-08-09T09:32:04.999Z</time>
	<hdop>3.79</hdop>
	<extensions>
		<gpxtpx:TrackPointExtension>
			<gpxtpx:course>303.0</gpxtpx:course>
		</gpxtpx:TrackPointExtension>
	</extensions>
</trkpt>
<trkpt lat="44.0631880" lon="14.9666379">
	<ele>11.16</ele>
	<time>2026-08-09T09:32:15.998Z</time>
	<hdop>3.79</hdop>
	<extensions>
		<gpxtpx:TrackPointExtension>
			<gpxtpx:course>304.0</gpxtpx:course>
		</gpxtpx:TrackPointExtension>
	</extensions>
</trkpt>
<trkpt lat="44.0633657" lon="14.9662870">
	<ele>8.70</ele>
	<time>2026-08-09T09:32:25.999Z</time>
	<hdop>3.79</hdop>
	<extensions>
		<gpxtpx:TrackPointExtension>
			<gpxtpx:course>305.0</gpxtpx:course>
		</gpxtpx:TrackPointExtension>
	</extensions>
</trkpt>
<trkpt lat="44.0635636" lon="14.9658920">
	<ele>9.77</ele>
	<time>2026-08-09T09:32:36.999Z</time>
	<hdop>3.79</hdop>
	<extensions>
		<gpxtpx:TrackPointExtension>
			<gpxtpx:course>304.0</gpxtpx:course>
		</gpxtpx:TrackPointExtension>
	</extensions>
</trkpt>
<trkpt lat="44.0637346" lon="14.9655368">
	<ele>7.57</ele>
	<time>2026-08-09T09:32:46.999Z</time>
	<hdop>3.79</hdop>
	<extensions>
		<gpxtpx:TrackPointExtension>
			<gpxtpx:course>303.0</gpxtpx:course>
		</gpxtpx:TrackPointExtension>
	</extensions>
</trkpt>
<trkpt lat="44.0639271" lon="14.9651446">
	<ele>7.54</ele>
	<time>2026-08-09T09:32:57.998Z</time>
	<hdop>3.79</hdop>
	<extensions>
		<gpxtpx:TrackPointExtension>
			<gpxtpx:course>304.0</gpxtpx:course>
		</gpxtpx:TrackPointExtension>
	</extensions>
</trkpt>
<trkpt lat="44.0641028" lon="14.9647929">
	<ele>6.15</ele>
	<time>2026-08-09T09:33:07.998Z</time>
	<hdop>3.79</hdop>
	<extensions>
		<gpxtpx:TrackPointExtension>
			<gpxtpx:course>304.0</gpxtpx:course>
		</gpxtpx:TrackPointExtension>
	</extensions>
</trkpt>
<trkpt lat="44.0642716" lon="14.9644534">
	<ele>7.75</ele>
	<time>2026-08-09T09:33:17.998Z</time>
	<hdop>3.79</hdop>
	<extensions>
		<gpxtpx:TrackPointExtension>
			<gpxtpx:course>303.0</gpxtpx:course>
		</gpxtpx:TrackPointExtension>
	</extensions>
</trkpt>
<trkpt lat="44.0644442" lon="14.9641057">
	<ele>9.53</ele>
	<time>2026-08-09T09:33:27.999Z</time>
	<hdop>3.79</hdop>
	<extensions>
		<gpxtpx:TrackPointExtension>
			<gpxtpx:course>304.0</gpxtpx:course>
		</gpxtpx:TrackPointExtension>
	</extensions>
</trkpt>
<trkpt lat="44.0646302" lon="14.9637236">
	<ele>9.32</ele>
	<time>2026-08-09T09:33:38.998Z</time>
	<hdop>3.79</hdop>
	<extensions>
		<gpxtpx:TrackPointExtension>
			<gpxtpx:course>303.0</gpxtpx:course>
		</gpxtpx:TrackPointExtension>
	</extensions>
</trkpt>
<trkpt lat="44.0647945" lon="14.9633818">
	<ele>10.84</ele>
	<time>2026-08-09T09:33:48.998Z</time>
	<hdop>3.79</hdop>
	<extensions>
		<gpxtpx:TrackPointExtension>
			<gpxtpx:course>303.0</gpxtpx:course>
		</gpxtpx:TrackPointExtension>
	</extensions>
</trkpt>
<trkpt lat="44.0649640" lon="14.9630323">
	<ele>9.12</ele>
	<time>2026-08-09T09:33:58.999Z</time>
	<hdop>3.79</hdop>
	<extensions>
		<gpxtpx:TrackPointExtension>
			<gpxtpx:course>302.0</gpxtpx:course>
		</gpxtpx:TrackPointExtension>
	</extensions>
</trkpt>
<trkpt lat="44.0651479" lon="14.9626439">
	<ele>11.67</ele>
	<time>2026-08-09T09:34:09.996Z</time>
	<hdop>3.79</hdop>
	<extensions>
		<gpxtpx:TrackPointExtension>
			<gpxtpx:course>302.0</gpxtpx:course>
		</gpxtpx:TrackPointExtension>
	</extensions>
</trkpt>
<trkpt lat="44.0653099" lon="14.9623025">
	<ele>11.87</ele>
	<time>2026-08-09T09:34:19.999Z</time>
	<hdop>3.79</hdop>
	<extensions>
		<gpxtpx:TrackPointExtension>
			<gpxtpx:course>301.0</gpxtpx:course>
		</gpxtpx:TrackPointExtension>
	</extensions>
</trkpt>
<trkpt lat="44.0654973" lon="14.9619160">
	<ele>8.56</ele>
	<time>2026-08-09T09:34:30.998Z</time>
	<hdop>3.79</hdop>
	<extensions>
		<gpxtpx:TrackPointExtension>
			<gpxtpx:course>303.0</gpxtpx:course>
		</gpxtpx:TrackPointExtension>
	</extensions>
</trkpt>
<trkpt lat="44.0656547" lon="14.9615496">
	<ele>10.36</ele>
	<time>2026-08-09T09:34:40.998Z</time>
	<hdop>3.79</hdop>
	<extensions>
		<gpxtpx:TrackPointExtension>
			<gpxtpx:course>303.0</gpxtpx:course>
		</gpxtpx:TrackPointExtension>
	</extensions>
</trkpt>
<trkpt lat="44.0658079" lon="14.9611926">
	<ele>1.87</ele>
	<time>2026-08-09T09:34:50.998Z</time>
	<hdop>3.79</hdop>
	<extensions>
		<gpxtpx:TrackPointExtension>
			<gpxtpx:course>301.0</gpxtpx:course>
		</gpxtpx:TrackPointExtension>
	</extensions>
</trkpt>
<trkpt lat="44.0659875" lon="14.9608262">
	<ele>-19.57</ele>
	<time>2026-08-09T09:35:00.998Z</time>
	<hdop>3.79</hdop>
	<extensions>
		<gpxtpx:TrackPointExtension>
			<gpxtpx:course>301.0</gpxtpx:course>
		</gpxtpx:TrackPointExtension>
	</extensions>
</trkpt>
<trkpt lat="44.0661626" lon="14.9604455">
	<ele>-26.58</ele>
	<time>2026-08-09T09:35:10.998Z</time>
	<hdop>3.79</hdop>
	<extensions>
		<gpxtpx:TrackPointExtension>
			<gpxtpx:course>302.0</gpxtpx:course>
		</gpxtpx:TrackPointExtension>
	</extensions>
</trkpt>
<trkpt lat="44.0663335" lon="14.9600677">
	<ele>-15.95</ele>
	<time>2026-08-09T09:35:20.998Z</time>
	<hdop>3.79</hdop>
	<extensions>
		<gpxtpx:TrackPointExtension>
			<gpxtpx:course>302.0</gpxtpx:course>
		</gpxtpx:TrackPointExtension>
	</extensions>
</trkpt>
<trkpt lat="44.0665064" lon="14.9597034">
	<ele>-3.18</ele>
	<time>2026-08-09T09:35:30.998Z</time>
	<hdop>3.79</hdop>
	<extensions>
		<gpxtpx:TrackPointExtension>
			<gpxtpx:course>302.0</gpxtpx:course>
		</gpxtpx:TrackPointExtension>
	</extensions>
</trkpt>
<trkpt lat="44.0667066" lon="14.9593062">
	<ele>6.01</ele>
	<time>2026-08-09T09:35:41.997Z</time>
	<hdop>3.79</hdop>
	<extensions>
		<gpxtpx:TrackPointExtension>
			<gpxtpx:course>303.0</gpxtpx:course>
		</gpxtpx:TrackPointExtension>
	</extensions>
</trkpt>
<trkpt lat="44.0668759" lon="14.9589265">
	<ele>9.32</ele>
	<time>2026-08-09T09:35:51.998Z</time>
	<hdop>3.79</hdop>
	<extensions>
		<gpxtpx:TrackPointExtension>
			<gpxtpx:course>303.0</gpxtpx:course>
		</gpxtpx:TrackPointExtension>
	</extensions>
</trkpt>
<trkpt lat="44.0670465" lon="14.9585525">
	<ele>12.27</ele>
	<time>2026-08-09T09:36:01.999Z</time>
	<hdop>3.79</hdop>
	<extensions>
		<gpxtpx:TrackPointExtension>
			<gpxtpx:course>302.0</gpxtpx:course>
		</gpxtpx:TrackPointExtension>
	</extensions>
</trkpt>
<trkpt lat="44.0672401" lon="14.9581458">
	<ele>15.06</ele>
	<time>2026-08-09T09:36:12.999Z</time>
	<hdop>3.79</hdop>
	<extensions>
		<gpxtpx:TrackPointExtension>
			<gpxtpx:course>301.0</gpxtpx:course>
		</gpxtpx:TrackPointExtension>
	</extensions>
</trkpt>
<trkpt lat="44.0674334" lon="14.9577386">
	<ele>17.50</ele>
	<time>2026-08-09T09:36:23.998Z</time>
	<hdop>3.79</hdop>
	<extensions>
		<gpxtpx:TrackPointExtension>
			<gpxtpx:course>303.0</gpxtpx:course>
		</gpxtpx:TrackPointExtension>
	</extensions>
</trkpt>
<trkpt lat="44.0676053" lon="14.9573695">
	<ele>17.95</ele>
	<time>2026-08-09T09:36:33.998Z</time>
	<hdop>3.79</hdop>
	<extensions>
		<gpxtpx:TrackPointExtension>
			<gpxtpx:course>304.0</gpxtpx:course>
		</gpxtpx:TrackPointExtension>
	</extensions>
</trkpt>
<trkpt lat="44.0677822" lon="14.9570022">
	<ele>19.13</ele>
	<time>2026-08-09T09:36:43.998Z</time>
	<hdop>3.79</hdop>
	<extensions>
		<gpxtpx:TrackPointExtension>
			<gpxtpx:course>301.0</gpxtpx:course>
		</gpxtpx:TrackPointExtension>
	</extensions>
</trkpt>
<trkpt lat="44.0679582" lon="14.9566221">
	<ele>17.21</ele>
	<time>2026-08-09T09:36:53.998Z</time>
	<hdop>3.79</hdop>
	<extensions>
		<gpxtpx:TrackPointExtension>
			<gpxtpx:course>296.0</gpxtpx:course>
		</gpxtpx:TrackPointExtension>
	</extensions>
</trkpt>
<trkpt lat="44.0681467" lon="14.9562111">
	<ele>15.27</ele>
	<time>2026-08-09T09:37:04.998Z</time>
	<hdop>3.79</hdop>
	<extensions>
		<gpxtpx:TrackPointExtension>
			<gpxtpx:course>303.0</gpxtpx:course>
		</gpxtpx:TrackPointExtension>
	</extensions>
</trkpt>
<trkpt lat="44.0683362" lon="14.9558041">
	<ele>7.44</ele>
	<time>2026-08-09T09:37:15.999Z</time>
	<hdop>3.79</hdop>
	<extensions>
		<gpxtpx:TrackPointExtension>
			<gpxtpx:course>303.0</gpxtpx:course>
		</gpxtpx:TrackPointExtension>
	</extensions>
</trkpt>
<trkpt lat="44.0685231" lon="14.9553972">
	<ele>-6.56</ele>
	<time>2026-08-09T09:37:26.998Z</time>
	<hdop>3.79</hdop>
	<extensions>
		<gpxtpx:TrackPointExtension>
			<gpxtpx:course>303.0</gpxtpx:course>
		</gpxtpx:TrackPointExtension>
	</extensions>
</trkpt>
<trkpt lat="44.0687077" lon="14.9550039">
	<ele>-5.46</ele>
	<time>2026-08-09T09:37:36.998Z</time>
	<hdop>3.79</hdop>
	<extensions>
		<gpxtpx:TrackPointExtension>
			<gpxtpx:course>302.0</gpxtpx:course>
		</gpxtpx:TrackPointExtension>
	</extensions>
</trkpt>
<trkpt lat="44.0689165" lon="14.9545881">
	<ele>-1.77</ele>
	<time>2026-08-09T09:37:46.999Z</time>
	<hdop>3.79</hdop>
	<extensions>
		<gpxtpx:TrackPointExtension>
			<gpxtpx:course>301.0</gpxtpx:course>
		</gpxtpx:TrackPointExtension>
	</extensions>
</trkpt>
<trkpt lat="44.0690898" lon="14.9542214">
	<ele>1.06</ele>
	<time>2026-08-09T09:37:56.999Z</time>
	<hdop>3.79</hdop>
	<extensions>
		<gpxtpx:TrackPointExtension>
			<gpxtpx:course>303.0</gpxtpx:course>
		</gpxtpx:TrackPointExtension>
	</extensions>
</trkpt>
<trkpt lat="44.0692793" lon="14.9538196">
	<ele>-6.68</ele>
	<time>2026-08-09T09:38:07.997Z</time>
	<hdop>3.79</hdop>
	<extensions>
		<gpxtpx:TrackPointExtension>
			<gpxtpx:course>301.0</gpxtpx:course>
		</gpxtpx:TrackPointExtension>
	</extensions>
</trkpt>
<trkpt lat="44.0694287" lon="14.9535061">
	<ele>-6.63</ele>
	<time>2026-08-09T09:38:17.997Z</time>
	<hdop>3.79</hdop>
	<extensions>
		<gpxtpx:TrackPointExtension>
			<gpxtpx:course>309.0</gpxtpx:course>
		</gpxtpx:TrackPointExtension>
	</extensions>
</trkpt>
<trkpt lat="44.0695770" lon="14.9531584">
	<ele>-14.03</ele>
	<time>2026-08-09T09:38:27.998Z</time>
	<hdop>3.79</hdop>
	<extensions>
		<gpxtpx:TrackPointExtension>
			<gpxtpx:course>303.0</gpxtpx:course>
		</gpxtpx:TrackPointExtension>
	</extensions>
</trkpt>
<trkpt lat="44.0697591" lon="14.9527980">
	<ele>-3.66</ele>
	<time>2026-08-09T09:38:37.998Z</time>
	<hdop>3.79</hdop>
	<extensions>
		<gpxtpx:TrackPointExtension>
			<gpxtpx:course>305.0</gpxtpx:course>
		</gpxtpx:TrackPointExtension>
	</extensions>
</trkpt>
<trkpt lat="44.0699260" lon="14.9524275">
	<ele>0.98</ele>
	<time>2026-08-09T09:38:47.998Z</time>
	<hdop>3.79</hdop>
	<extensions>
		<gpxtpx:TrackPointExtension>
			<gpxtpx:course>302.0</gpxtpx:course>
		</gpxtpx:TrackPointExtension>
	</extensions>
</trkpt>
<trkpt lat="44.0701165" lon="14.9520241">
	<ele>-7.61</ele>
	<time>2026-08-09T09:38:58.999Z</time>
	<hdop>3.79</hdop>
	<extensions>
		<gpxtpx:TrackPointExtension>
			<gpxtpx:course>302.0</gpxtpx:course>
		</gpxtpx:TrackPointExtension>
	</extensions>
</trkpt>
<trkpt lat="44.0703014" lon="14.9516161">
	<ele>-5.02</ele>
	<time>2026-08-09T09:39:09.998Z</time>
	<hdop>3.79</hdop>
	<extensions>
		<gpxtpx:TrackPointExtension>
			<gpxtpx:course>302.0</gpxtpx:course>
		</gpxtpx:TrackPointExtension>
	</extensions>
</trkpt>
<trkpt lat="44.0704729" lon="14.9512455">
	<ele>-8.85</ele>
	<time>2026-08-09T09:39:19.998Z</time>
	<hdop>3.79</hdop>
	<extensions>
		<gpxtpx:TrackPointExtension>
			<gpxtpx:course>303.0</gpxtpx:course>
		</gpxtpx:TrackPointExtension>
	</extensions>
</trkpt>
<trkpt lat="44.0706504" lon="14.9508815">
	<ele>-7.72</ele>
	<time>2026-08-09T09:39:29.998Z</time>
	<hdop>3.79</hdop>
	<extensions>
		<gpxtpx:TrackPointExtension>
			<gpxtpx:course>304.0</gpxtpx:course>
		</gpxtpx:TrackPointExtension>
	</extensions>
</trkpt>
<trkpt lat="44.0708428" lon="14.9504828">
	<ele>6.26</ele>
	<time>2026-08-09T09:39:40.998Z</time>
	<hdop>3.79</hdop>
	<extensions>
		<gpxtpx:TrackPointExtension>
			<gpxtpx:course>301.0</gpxtpx:course>
		</gpxtpx:TrackPointExtension>
	</extensions>
</trkpt>
<trkpt lat="44.0710291" lon="14.9500784">
	<ele>17.41</ele>
	<time>2026-08-09T09:39:51.998Z</time>
	<hdop>3.79</hdop>
	<extensions>
		<gpxtpx:TrackPointExtension>
			<gpxtpx:course>303.0</gpxtpx:course>
		</gpxtpx:TrackPointExtension>
	</extensions>
</trkpt>
<trkpt lat="44.0712036" lon="14.9497109">
	<ele>14.83</ele>
	<time>2026-08-09T09:40:01.998Z</time>
	<hdop>3.79</hdop>
	<extensions>
		<gpxtpx:TrackPointExtension>
			<gpxtpx:course>303.0</gpxtpx:course>
		</gpxtpx:TrackPointExtension>
	</extensions>
</trkpt>
<trkpt lat="44.0713755" lon="14.9493323">
	<ele>17.98</ele>
	<time>2026-08-09T09:40:11.998Z</time>
	<hdop>3.79</hdop>
	<extensions>
		<gpxtpx:TrackPointExtension>
			<gpxtpx:course>303.0</gpxtpx:course>
		</gpxtpx:TrackPointExtension>
	</extensions>
</trkpt>
<trkpt lat="44.0715657" lon="14.9489310">
	<ele>16.97</ele>
	<time>2026-08-09T09:40:22.997Z</time>
	<hdop>3.79</hdop>
	<extensions>
		<gpxtpx:TrackPointExtension>
			<gpxtpx:course>302.0</gpxtpx:course>
		</gpxtpx:TrackPointExtension>
	</extensions>
</trkpt>
<trkpt lat="44.0717377" lon="14.9485725">
	<ele>18.62</ele>
	<time>2026-08-09T09:40:32.997Z</time>
	<hdop>3.79</hdop>
	<extensions>
		<gpxtpx:TrackPointExtension>
			<gpxtpx:course>302.0</gpxtpx:course>
		</gpxtpx:TrackPointExtension>
	</extensions>
</trkpt>
<trkpt lat="44.0719046" lon="14.9482088">
	<ele>21.69</ele>
	<time>2026-08-09T09:40:42.998Z</time>
	<hdop>3.79</hdop>
	<extensions>
		<gpxtpx:TrackPointExtension>
			<gpxtpx:course>304.0</gpxtpx:course>
		</gpxtpx:TrackPointExtension>
	</extensions>
</trkpt>
<trkpt lat="44.0720959" lon="14.9478070">
	<ele>18.22</ele>
	<time>2026-08-09T09:40:53.998Z</time>
	<hdop>3.79</hdop>
	<extensions>
		<gpxtpx:TrackPointExtension>
			<gpxtpx:course>303.0</gpxtpx:course>
		</gpxtpx:TrackPointExtension>
	</extensions>
</trkpt>
<trkpt lat="44.0722900" lon="14.9473945">
	<ele>16.04</ele>
	<time>2026-08-09T09:41:04.997Z</time>
	<hdop>3.79</hdop>
	<extensions>
		<gpxtpx:TrackPointExtension>
			<gpxtpx:course>302.0</gpxtpx:course>
		</gpxtpx:TrackPointExtension>
	</extensions>
</trkpt>
<trkpt lat="44.0724566" lon="14.9470199">
	<ele>10.17</ele>
	<time>2026-08-09T09:41:14.998Z</time>
	<hdop>3.79</hdop>
	<extensions>
		<gpxtpx:TrackPointExtension>
			<gpxtpx:course>303.0</gpxtpx:course>
		</gpxtpx:TrackPointExtension>
	</extensions>
</trkpt>
<trkpt lat="44.0726273" lon="14.9466549">
	<ele>0.81</ele>
	<time>2026-08-09T09:41:24.998Z</time>
	<hdop>3.79</hdop>
	<extensions>
		<gpxtpx:TrackPointExtension>
			<gpxtpx:course>303.0</gpxtpx:course>
		</gpxtpx:TrackPointExtension>
	</extensions>
</trkpt>
<trkpt lat="44.0728071" lon="14.9462856">
	<ele>-2.18</ele>
	<time>2026-08-09T09:41:34.998Z</time>
	<hdop>3.79</hdop>
	<extensions>
		<gpxtpx:TrackPointExtension>
			<gpxtpx:course>302.0</gpxtpx:course>
		</gpxtpx:TrackPointExtension>
	</extensions>
</trkpt>
<trkpt lat="44.0729957" lon="14.9458726">
	<ele>-3.01</ele>
	<time>2026-08-09T09:41:45.997Z</time>
	<hdop>3.79</hdop>
	<extensions>
		<gpxtpx:TrackPointExtension>
			<gpxtpx:course>302.0</gpxtpx:course>
		</gpxtpx:TrackPointExtension>
	</extensions>
</trkpt>
<trkpt lat="44.0731663" lon="14.9454974">
	<ele>0.01</ele>
	<time>2026-08-09T09:41:55.997Z</time>
	<hdop>3.79</hdop>
	<extensions>
		<gpxtpx:TrackPointExtension>
			<gpxtpx:course>303.0</gpxtpx:course>
		</gpxtpx:TrackPointExtension>
	</extensions>
</trkpt>
<trkpt lat="44.0733617" lon="14.9450943">
	<ele>1.56</ele>
	<time>2026-08-09T09:42:06.997Z</time>
	<hdop>3.79</hdop>
	<extensions>
		<gpxtpx:TrackPointExtension>
			<gpxtpx:course>302.0</gpxtpx:course>
		</gpxtpx:TrackPointExtension>
	</extensions>
</trkpt>
<trkpt lat="44.0735328" lon="14.9447192">
	<ele>0.94</ele>
	<time>2026-08-09T09:42:16.998Z</time>
	<hdop>3.79</hdop>
	<extensions>
		<gpxtpx:TrackPointExtension>
			<gpxtpx:course>302.0</gpxtpx:course>
		</gpxtpx:TrackPointExtension>
	</extensions>
</trkpt>
<trkpt lat="44.0737368" lon="14.9443155">
	<ele>-1.92</ele>
	<time>2026-08-09T09:42:27.998Z</time>
	<hdop>3.79</hdop>
	<extensions>
		<gpxtpx:TrackPointExtension>
			<gpxtpx:course>307.0</gpxtpx:course>
		</gpxtpx:TrackPointExtension>
	</extensions>
</trkpt>
<trkpt lat="44.0739081" lon="14.9439560">
	<ele>-4.90</ele>
	<time>2026-08-09T09:42:37.998Z</time>
	<hdop>3.79</hdop>
	<extensions>
		<gpxtpx:TrackPointExtension>
			<gpxtpx:course>302.0</gpxtpx:course>
		</gpxtpx:TrackPointExtension>
	</extensions>
</trkpt>
<trkpt lat="44.0740762" lon="14.9435805">
	<ele>-5.05</ele>
	<time>2026-08-09T09:42:47.998Z</time>
	<hdop>3.79</hdop>
	<extensions>
		<gpxtpx:TrackPointExtension>
			<gpxtpx:course>302.0</gpxtpx:course>
		</gpxtpx:TrackPointExtension>
	</extensions>
</trkpt>
<trkpt lat="44.0742677" lon="14.9431699">
	<ele>-1.91</ele>
	<time>2026-08-09T09:42:58.998Z</time>
	<hdop>3.79</hdop>
	<extensions>
		<gpxtpx:TrackPointExtension>
			<gpxtpx:course>302.0</gpxtpx:course>
		</gpxtpx:TrackPointExtension>
	</extensions>
</trkpt>
<trkpt lat="44.0744353" lon="14.9427969">
	<ele>-4.10</ele>
	<time>2026-08-09T09:43:08.998Z</time>
	<hdop>3.79</hdop>
	<extensions>
		<gpxtpx:TrackPointExtension>
			<gpxtpx:course>302.0</gpxtpx:course>
		</gpxtpx:TrackPointExtension>
	</extensions>
</trkpt>
<trkpt lat="44.0746243" lon="14.9423945">
	<ele>-6.33</ele>
	<time>2026-08-09T09:43:19.997Z</time>
	<hdop>3.79</hdop>
	<extensions>
		<gpxtpx:TrackPointExtension>
			<gpxtpx:course>302.0</gpxtpx:course>
		</gpxtpx:TrackPointExtension>
	</extensions>
</trkpt>
<trkpt lat="44.0748031" lon="14.9420155">
	<ele>-9.29</ele>
	<time>2026-08-09T09:43:29.997Z</time>
	<hdop>3.79</hdop>
	<extensions>
		<gpxtpx:TrackPointExtension>
			<gpxtpx:course>303.0</gpxtpx:course>
		</gpxtpx:TrackPointExtension>
	</extensions>
</trkpt>
<trkpt lat="44.0749761" lon="14.9416405">
	<ele>-10.62</ele>
	<time>2026-08-09T09:43:39.997Z</time>
	<hdop>3.79</hdop>
	<extensions>
		<gpxtpx:TrackPointExtension>
			<gpxtpx:course>301.0</gpxtpx:course>
		</gpxtpx:TrackPointExtension>
	</extensions>
</trkpt>
<trkpt lat="44.0751486" lon="14.9412621">
	<ele>-13.99</ele>
	<time>2026-08-09T09:43:49.997Z</time>
	<hdop>3.79</hdop>
	<extensions>
		<gpxtpx:TrackPointExtension>
			<gpxtpx:course>302.0</gpxtpx:course>
		</gpxtpx:TrackPointExtension>
	</extensions>
</trkpt>
<trkpt lat="44.0753190" lon="14.9408876">
	<ele>-15.15</ele>
	<time>2026-08-09T09:43:59.997Z</time>
	<hdop>3.79</hdop>
	<extensions>
		<gpxtpx:TrackPointExtension>
			<gpxtpx:course>302.0</gpxtpx:course>
		</gpxtpx:TrackPointExtension>
	</extensions>
</trkpt>
<trkpt lat="44.0754902" lon="14.9405149">
	<ele>-14.17</ele>
	<time>2026-08-09T09:44:09.997Z</time>
	<hdop>3.79</hdop>
	<extensions>
		<gpxtpx:TrackPointExtension>
			<gpxtpx:course>301.0</gpxtpx:course>
		</gpxtpx:TrackPointExtension>
	</extensions>
</trkpt>
<trkpt lat="44.0756920" lon="14.9401083">
	<ele>-14.72</ele>
	<time>2026-08-09T09:44:20.998Z</time>
	<hdop>3.79</hdop>
	<extensions>
		<gpxtpx:TrackPointExtension>
			<gpxtpx:course>304.0</gpxtpx:course>
		</gpxtpx:TrackPointExtension>
	</extensions>
</trkpt>
<trkpt lat="44.0758833" lon="14.9397073">
	<ele>-15.39</ele>
	<time>2026-08-09T09:44:31.998Z</time>
	<hdop>3.79</hdop>
	<extensions>
		<gpxtpx:TrackPointExtension>
			<gpxtpx:course>303.0</gpxtpx:course>
		</gpxtpx:TrackPointExtension>
	</extensions>
</trkpt>
<trkpt lat="44.0760593" lon="14.9393368">
	<ele>-14.89</ele>
	<time>2026-08-09T09:44:41.998Z</time>
	<hdop>3.79</hdop>
	<extensions>
		<gpxtpx:TrackPointExtension>
			<gpxtpx:course>302.0</gpxtpx:course>
		</gpxtpx:TrackPointExtension>
	</extensions>
</trkpt>
<trkpt lat="44.0762311" lon="14.9389617">
	<ele>-15.92</ele>
	<time>2026-08-09T09:44:51.998Z</time>
	<hdop>3.79</hdop>
	<extensions>
		<gpxtpx:TrackPointExtension>
			<gpxtpx:course>303.0</gpxtpx:course>
		</gpxtpx:TrackPointExtension>
	</extensions>
</trkpt>
<trkpt lat="44.0764132" lon="14.9385462">
	<ele>-21.72</ele>
	<time>2026-08-09T09:45:02.998Z</time>
	<hdop>3.79</hdop>
	<extensions>
		<gpxtpx:TrackPointExtension>
			<gpxtpx:course>303.0</gpxtpx:course>
		</gpxtpx:TrackPointExtension>
	</extensions>
</trkpt>
<trkpt lat="44.0766079" lon="14.9381389">
	<ele>-25.39</ele>
	<time>2026-08-09T09:45:13.996Z</time>
	<hdop>3.79</hdop>
	<extensions>
		<gpxtpx:TrackPointExtension>
			<gpxtpx:course>303.0</gpxtpx:course>
		</gpxtpx:TrackPointExtension>
	</extensions>
</trkpt>
<trkpt lat="44.0767800" lon="14.9377621">
	<ele>-41.54</ele>
	<time>2026-08-09T09:45:23.997Z</time>
	<hdop>3.79</hdop>
	<extensions>
		<gpxtpx:TrackPointExtension>
			<gpxtpx:course>303.0</gpxtpx:course>
		</gpxtpx:TrackPointExtension>
	</extensions>
</trkpt>
<trkpt lat="44.0769583" lon="14.9373923">
	<ele>-47.23</ele>
	<time>2026-08-09T09:45:33.997Z</time>
	<hdop>3.79</hdop>
	<extensions>
		<gpxtpx:TrackPointExtension>
			<gpxtpx:course>302.0</gpxtpx:course>
		</gpxtpx:TrackPointExtension>
	</extensions>
</trkpt>
<trkpt lat="44.0771287" lon="14.9370175">
	<ele>-38.35</ele>
	<time>2026-08-09T09:45:43.998Z</time>
	<hdop>3.79</hdop>
	<extensions>
		<gpxtpx:TrackPointExtension>
			<gpxtpx:course>302.0</gpxtpx:course>
		</gpxtpx:TrackPointExtension>
	</extensions>
</trkpt>
<trkpt lat="44.0773273" lon="14.9366083">
	<ele>-24.79</ele>
	<time>2026-08-09T09:45:54.997Z</time>
	<hdop>3.79</hdop>
	<extensions>
		<gpxtpx:TrackPointExtension>
			<gpxtpx:course>303.0</gpxtpx:course>
		</gpxtpx:TrackPointExtension>
	</extensions>
</trkpt>
<trkpt lat="44.0775035" lon="14.9362413">
	<ele>-16.95</ele>
	<time>2026-08-09T09:46:04.998Z</time>
	<hdop>3.79</hdop>
	<extensions>
		<gpxtpx:TrackPointExtension>
			<gpxtpx:course>302.0</gpxtpx:course>
		</gpxtpx:TrackPointExtension>
	</extensions>
</trkpt>
<trkpt lat="44.0776952" lon="14.9358321">
	<ele>-11.98</ele>
	<time>2026-08-09T09:46:15.998Z</time>
	<hdop>3.79</hdop>
	<extensions>
		<gpxtpx:TrackPointExtension>
			<gpxtpx:course>303.0</gpxtpx:course>
		</gpxtpx:TrackPointExtension>
	</extensions>
</trkpt>
<trkpt lat="44.0778904" lon="14.9354282">
	<ele>-5.52</ele>
	<time>2026-08-09T09:46:26.998Z</time>
	<hdop>3.79</hdop>
	<extensions>
		<gpxtpx:TrackPointExtension>
			<gpxtpx:course>304.0</gpxtpx:course>
		</gpxtpx:TrackPointExtension>
	</extensions>
</trkpt>
<trkpt lat="44.0780867" lon="14.9350159">
	<ele>1.28</ele>
	<time>2026-08-09T09:46:37.996Z</time>
	<hdop>3.79</hdop>
	<extensions>
		<gpxtpx:TrackPointExtension>
			<gpxtpx:course>304.0</gpxtpx:course>
		</gpxtpx:TrackPointExtension>
	</extensions>
</trkpt>
<trkpt lat="44.0782678" lon="14.9346430">
	<ele>6.53</ele>
	<time>2026-08-09T09:46:47.997Z</time>
	<hdop>3.79</hdop>
	<extensions>
		<gpxtpx:TrackPointExtension>
			<gpxtpx:course>304.0</gpxtpx:course>
		</gpxtpx:TrackPointExtension>
	</extensions>
</trkpt>
<trkpt lat="44.0784644" lon="14.9342297">
	<ele>12.11</ele>
	<time>2026-08-09T09:46:58.996Z</time>
	<hdop>3.79</hdop>
	<extensions>
		<gpxtpx:TrackPointExtension>
			<gpxtpx:course>303.0</gpxtpx:course>
		</gpxtpx:TrackPointExtension>
	</extensions>
</trkpt>
<trkpt lat="44.0786433" lon="14.9338506">
	<ele>15.18</ele>
	<time>2026-08-09T09:47:08.997Z</time>
	<hdop>3.79</hdop>
	<extensions>
		<gpxtpx:TrackPointExtension>
			<gpxtpx:course>303.0</gpxtpx:course>
		</gpxtpx:TrackPointExtension>
	</extensions>
</trkpt>
<trkpt lat="44.0788483" lon="14.9334353">
	<ele>20.41</ele>
	<time>2026-08-09T09:47:19.997Z</time>
	<hdop>3.79</hdop>
	<extensions>
		<gpxtpx:TrackPointExtension>
			<gpxtpx:course>301.0</gpxtpx:course>
		</gpxtpx:TrackPointExtension>
	</extensions>
</trkpt>
<trkpt lat="44.0790247" lon="14.9330544">
	<ele>12.91</ele>
	<time>2026-08-09T09:47:29.997Z</time>
	<hdop>3.79</hdop>
	<extensions>
		<gpxtpx:TrackPointExtension>
			<gpxtpx:course>303.0</gpxtpx:course>
		</gpxtpx:TrackPointExtension>
	</extensions>
</trkpt>
<trkpt lat="44.0792222" lon="14.9326499">
	<ele>-12.57</ele>
	<time>2026-08-09T09:47:40.997Z</time>
	<hdop>3.79</hdop>
	<extensions>
		<gpxtpx:TrackPointExtension>
			<gpxtpx:course>304.0</gpxtpx:course>
		</gpxtpx:TrackPointExtension>
	</extensions>
</trkpt>
<trkpt lat="44.0793983" lon="14.9322537">
	<ele>-23.27</ele>
	<time>2026-08-09T09:47:51.996Z</time>
	<hdop>3.79</hdop>
	<extensions>
		<gpxtpx:TrackPointExtension>
			<gpxtpx:course>301.0</gpxtpx:course>
		</gpxtpx:TrackPointExtension>
	</extensions>
</trkpt>
<trkpt lat="44.0795660" lon="14.9318814">
	<ele>-21.50</ele>
	<time>2026-08-09T09:48:01.997Z</time>
	<hdop>3.79</hdop>
	<extensions>
		<gpxtpx:TrackPointExtension>
			<gpxtpx:course>302.0</gpxtpx:course>
		</gpxtpx:TrackPointExtension>
	</extensions>
</trkpt>
<trkpt lat="44.0797613" lon="14.9314706">
	<ele>-26.76</ele>
	<time>2026-08-09T09:48:12.997Z</time>
	<hdop>3.79</hdop>
	<extensions>
		<gpxtpx:TrackPointExtension>
			<gpxtpx:course>304.0</gpxtpx:course>
		</gpxtpx:TrackPointExtension>
	</extensions>
</trkpt>
<trkpt lat="44.0799417" lon="14.9310900">
	<ele>-27.36</ele>
	<time>2026-08-09T09:48:22.997Z</time>
	<hdop>3.79</hdop>
	<extensions>
		<gpxtpx:TrackPointExtension>
			<gpxtpx:course>309.0</gpxtpx:course>
		</gpxtpx:TrackPointExtension>
	</extensions>
</trkpt>
<trkpt lat="44.0801389" lon="14.9306875">
	<ele>-29.01</ele>
	<time>2026-08-09T09:48:33.996Z</time>
	<hdop>3.79</hdop>
	<extensions>
		<gpxtpx:TrackPointExtension>
			<gpxtpx:course>304.0</gpxtpx:course>
		</gpxtpx:TrackPointExtension>
	</extensions>
</trkpt>
<trkpt lat="44.0803145" lon="14.9303098">
	<ele>-14.83</ele>
	<time>2026-08-09T09:48:43.996Z</time>
	<hdop>3.79</hdop>
	<extensions>
		<gpxtpx:TrackPointExtension>
			<gpxtpx:course>304.0</gpxtpx:course>
		</gpxtpx:TrackPointExtension>
	</extensions>
</trkpt>
<trkpt lat="44.0804843" lon="14.9299419">
	<ele>-10.63</ele>
	<time>2026-08-09T09:48:53.997Z</time>
	<hdop>3.79</hdop>
	<extensions>
		<gpxtpx:TrackPointExtension>
			<gpxtpx:course>305.0</gpxtpx:course>
		</gpxtpx:TrackPointExtension>
	</extensions>
</trkpt>
<trkpt lat="44.0806624" lon="14.9295692">
	<ele>-10.98</ele>
	<time>2026-08-09T09:49:03.997Z</time>
	<hdop>3.79</hdop>
	<extensions>
		<gpxtpx:TrackPointExtension>
			<gpxtpx:course>303.0</gpxtpx:course>
		</gpxtpx:TrackPointExtension>
	</extensions>
</trkpt>
<trkpt lat="44.0808549" lon="14.9291568">
	<ele>-18.39</ele>
	<time>2026-08-09T09:49:14.997Z</time>
	<hdop>3.79</hdop>
	<extensions>
		<gpxtpx:TrackPointExtension>
			<gpxtpx:course>303.0</gpxtpx:course>
		</gpxtpx:TrackPointExtension>
	</extensions>
</trkpt>
<trkpt lat="44.0810356" lon="14.9287763">
	<ele>-18.65</ele>
	<time>2026-08-09T09:49:24.997Z</time>
	<hdop>3.79</hdop>
	<extensions>
		<gpxtpx:TrackPointExtension>
			<gpxtpx:course>303.0</gpxtpx:course>
		</gpxtpx:TrackPointExtension>
	</extensions>
</trkpt>
<trkpt lat="44.0812367" lon="14.9283654">
	<ele>-14.39</ele>
	<time>2026-08-09T09:49:35.997Z</time>
	<hdop>3.79</hdop>
	<extensions>
		<gpxtpx:TrackPointExtension>
			<gpxtpx:course>302.0</gpxtpx:course>
		</gpxtpx:TrackPointExtension>
	</extensions>
</trkpt>
<trkpt lat="44.0814349" lon="14.9279632">
	<ele>-11.19</ele>
	<time>2026-08-09T09:49:46.997Z</time>
	<hdop>3.79</hdop>
	<extensions>
		<gpxtpx:TrackPointExtension>
			<gpxtpx:course>303.0</gpxtpx:course>
		</gpxtpx:TrackPointExtension>
	</extensions>
</trkpt>
<trkpt lat="44.0816133" lon="14.9275792">
	<ele>-11.03</ele>
	<time>2026-08-09T09:49:56.997Z</time>
	<hdop>3.79</hdop>
	<extensions>
		<gpxtpx:TrackPointExtension>
			<gpxtpx:course>304.0</gpxtpx:course>
		</gpxtpx:TrackPointExtension>
	</extensions>
</trkpt>
<trkpt lat="44.0817922" lon="14.9271968">
	<ele>-6.33</ele>
	<time>2026-08-09T09:50:06.997Z</time>
	<hdop>3.79</hdop>
	<extensions>
		<gpxtpx:TrackPointExtension>
			<gpxtpx:course>302.0</gpxtpx:course>
		</gpxtpx:TrackPointExtension>
	</extensions>
</trkpt>
<trkpt lat="44.0819826" lon="14.9267950">
	<ele>0.84</ele>
	<time>2026-08-09T09:50:17.997Z</time>
	<hdop>3.79</hdop>
	<extensions>
		<gpxtpx:TrackPointExtension>
			<gpxtpx:course>302.0</gpxtpx:course>
		</gpxtpx:TrackPointExtension>
	</extensions>
</trkpt>
<trkpt lat="44.0821708" lon="14.9263743">
	<ele>2.37</ele>
	<time>2026-08-09T09:50:28.996Z</time>
	<hdop>3.79</hdop>
	<extensions>
		<gpxtpx:TrackPointExtension>
			<gpxtpx:course>302.0</gpxtpx:course>
		</gpxtpx:TrackPointExtension>
	</extensions>
</trkpt>
<trkpt lat="44.0823491" lon="14.9260005">
	<ele>-2.07</ele>
	<time>2026-08-09T09:50:38.997Z</time>
	<hdop>3.79</hdop>
	<extensions>
		<gpxtpx:TrackPointExtension>
			<gpxtpx:course>303.0</gpxtpx:course>
		</gpxtpx:TrackPointExtension>
	</extensions>
</trkpt>
<trkpt lat="44.0825230" lon="14.9256222">
	<ele>-30.49</ele>
	<time>2026-08-09T09:50:48.997Z</time>
	<hdop>3.79</hdop>
	<extensions>
		<gpxtpx:TrackPointExtension>
			<gpxtpx:course>302.0</gpxtpx:course>
		</gpxtpx:TrackPointExtension>
	</extensions>
</trkpt>
<trkpt lat="44.0827166" lon="14.9252081">
	<ele>-41.21</ele>
	<time>2026-08-09T09:50:59.997Z</time>
	<hdop>3.79</hdop>
	<extensions>
		<gpxtpx:TrackPointExtension>
			<gpxtpx:course>304.0</gpxtpx:course>
		</gpxtpx:TrackPointExtension>
	</extensions>
</trkpt>
<trkpt lat="44.0828933" lon="14.9248267">
	<ele>-37.79</ele>
	<time>2026-08-09T09:51:09.997Z</time>
	<hdop>3.79</hdop>
	<extensions>
		<gpxtpx:TrackPointExtension>
			<gpxtpx:course>302.0</gpxtpx:course>
		</gpxtpx:TrackPointExtension>
	</extensions>
</trkpt>
<trkpt lat="44.0830791" lon="14.9244083">
	<ele>-23.00</ele>
	<time>2026-08-09T09:51:20.997Z</time>
	<hdop>3.79</hdop>
	<extensions>
		<gpxtpx:TrackPointExtension>
			<gpxtpx:course>303.0</gpxtpx:course>
		</gpxtpx:TrackPointExtension>
	</extensions>
</trkpt>
<trkpt lat="44.0832799" lon="14.9239921">
	<ele>-0.63</ele>
	<time>2026-08-09T09:51:31.996Z</time>
	<hdop>3.79</hdop>
	<extensions>
		<gpxtpx:TrackPointExtension>
			<gpxtpx:course>302.0</gpxtpx:course>
		</gpxtpx:TrackPointExtension>
	</extensions>
</trkpt>
<trkpt lat="44.0834562" lon="14.9236169">
	<ele>12.91</ele>
	<time>2026-08-09T09:51:41.996Z</time>
	<hdop>3.79</hdop>
	<extensions>
		<gpxtpx:TrackPointExtension>
			<gpxtpx:course>301.0</gpxtpx:course>
		</gpxtpx:TrackPointExtension>
	</extensions>
</trkpt>
<trkpt lat="44.0836298" lon="14.9232356">
	<ele>16.69</ele>
	<time>2026-08-09T09:51:51.997Z</time>
	<hdop>3.79</hdop>
	<extensions>
		<gpxtpx:TrackPointExtension>
			<gpxtpx:course>305.0</gpxtpx:course>
		</gpxtpx:TrackPointExtension>
	</extensions>
</trkpt>
<trkpt lat="44.0838298" lon="14.9228100">
	<ele>17.95</ele>
	<time>2026-08-09T09:52:02.997Z</time>
	<hdop>3.79</hdop>
	<extensions>
		<gpxtpx:TrackPointExtension>
			<gpxtpx:course>304.0</gpxtpx:course>
		</gpxtpx:TrackPointExtension>
	</extensions>
</trkpt>
<trkpt lat="44.0840085" lon="14.9223987">
	<ele>20.93</ele>
	<time>2026-08-09T09:52:13.997Z</time>
	<hdop>3.79</hdop>
	<extensions>
		<gpxtpx:TrackPointExtension>
			<gpxtpx:course>302.0</gpxtpx:course>
		</gpxtpx:TrackPointExtension>
	</extensions>
</trkpt>
<trkpt lat="44.0842132" lon="14.9219724">
	<ele>17.75</ele>
	<time>2026-08-09T09:52:24.996Z</time>
	<hdop>3.79</hdop>
	<extensions>
		<gpxtpx:TrackPointExtension>
			<gpxtpx:course>302.0</gpxtpx:course>
		</gpxtpx:TrackPointExtension>
	</extensions>
</trkpt>
<trkpt lat="44.0843882" lon="14.9215859">
	<ele>18.23</ele>
	<time>2026-08-09T09:52:34.996Z</time>
	<hdop>3.79</hdop>
	<extensions>
		<gpxtpx:TrackPointExtension>
			<gpxtpx:course>303.0</gpxtpx:course>
		</gpxtpx:TrackPointExtension>
	</extensions>
</trkpt>
<trkpt lat="44.0845724" lon="14.9212074">
	<ele>13.57</ele>
	<time>2026-08-09T09:52:44.997Z</time>
	<hdop>3.79</hdop>
	<extensions>
		<gpxtpx:TrackPointExtension>
			<gpxtpx:course>303.0</gpxtpx:course>
		</gpxtpx:TrackPointExtension>
	</extensions>
</trkpt>
<trkpt lat="44.0847507" lon="14.9208389">
	<ele>-11.16</ele>
	<time>2026-08-09T09:52:54.997Z</time>
	<hdop>3.79</hdop>
	<extensions>
		<gpxtpx:TrackPointExtension>
			<gpxtpx:course>303.0</gpxtpx:course>
		</gpxtpx:TrackPointExtension>
	</extensions>
</trkpt>
<trkpt lat="44.0849472" lon="14.9204181">
	<ele>-37.80</ele>
	<time>2026-08-09T09:53:05.996Z</time>
	<hdop>3.79</hdop>
	<extensions>
		<gpxtpx:TrackPointExtension>
			<gpxtpx:course>302.0</gpxtpx:course>
		</gpxtpx:TrackPointExtension>
	</extensions>
</trkpt>
<trkpt lat="44.0851226" lon="14.9200414">
	<ele>-44.90</ele>
	<time>2026-08-09T09:53:15.996Z</time>
	<hdop>3.79</hdop>
	<extensions>
		<gpxtpx:TrackPointExtension>
			<gpxtpx:course>302.0</gpxtpx:course>
		</gpxtpx:TrackPointExtension>
	</extensions>
</trkpt>
<trkpt lat="44.0853017" lon="14.9196623">
	<ele>-58.12</ele>
	<time>2026-08-09T09:53:25.996Z</time>
	<hdop>3.79</hdop>
	<extensions>
		<gpxtpx:TrackPointExtension>
			<gpxtpx:course>303.0</gpxtpx:course>
		</gpxtpx:TrackPointExtension>
	</extensions>
</trkpt>
<trkpt lat="44.0854747" lon="14.9192840">
	<ele>-53.17</ele>
	<time>2026-08-09T09:53:35.996Z</time>
	<hdop>3.79</hdop>
	<extensions>
		<gpxtpx:TrackPointExtension>
			<gpxtpx:course>305.0</gpxtpx:course>
		</gpxtpx:TrackPointExtension>
	</extensions>
</trkpt>
<trkpt lat="44.0856513" lon="14.9189059">
	<ele>-30.68</ele>
	<time>2026-08-09T09:53:45.997Z</time>
	<hdop>3.79</hdop>
	<extensions>
		<gpxtpx:TrackPointExtension>
			<gpxtpx:course>303.0</gpxtpx:course>
		</gpxtpx:TrackPointExtension>
	</extensions>
</trkpt>
<trkpt lat="44.0858437" lon="14.9184949">
	<ele>-13.68</ele>
	<time>2026-08-09T09:53:56.996Z</time>
	<hdop>3.79</hdop>
	<extensions>
		<gpxtpx:TrackPointExtension>
			<gpxtpx:course>304.0</gpxtpx:course>
		</gpxtpx:TrackPointExtension>
	</extensions>
</trkpt>
<trkpt lat="44.0860238" lon="14.9181032">
	<ele>-3.38</ele>
	<time>2026-08-09T09:54:06.996Z</time>
	<hdop>3.79</hdop>
	<extensions>
		<gpxtpx:TrackPointExtension>
			<gpxtpx:course>302.0</gpxtpx:course>
		</gpxtpx:TrackPointExtension>
	</extensions>
</trkpt>
<trkpt lat="44.0861861" lon="14.9177221">
	<ele>6.78</ele>
	<time>2026-08-09T09:54:16.997Z</time>
	<hdop>3.79</hdop>
	<extensions>
		<gpxtpx:TrackPointExtension>
			<gpxtpx:course>303.0</gpxtpx:course>
		</gpxtpx:TrackPointExtension>
	</extensions>
</trkpt>
<trkpt lat="44.0863617" lon="14.9173459">
	<ele>15.76</ele>
	<time>2026-08-09T09:54:26.997Z</time>
	<hdop>3.79</hdop>
	<extensions>
		<gpxtpx:TrackPointExtension>
			<gpxtpx:course>302.0</gpxtpx:course>
		</gpxtpx:TrackPointExtension>
	</extensions>
</trkpt>
<trkpt lat="44.0865410" lon="14.9169385">
	<ele>20.95</ele>
	<time>2026-08-09T09:54:37.997Z</time>
	<hdop>3.79</hdop>
	<extensions>
		<gpxtpx:TrackPointExtension>
			<gpxtpx:course>298.0</gpxtpx:course>
		</gpxtpx:TrackPointExtension>
	</extensions>
</trkpt>
<trkpt lat="44.0866950" lon="14.9165475">
	<ele>15.24</ele>
	<time>2026-08-09T09:54:47.997Z</time>
	<hdop>3.79</hdop>
	<extensions>
		<gpxtpx:TrackPointExtension>
			<gpxtpx:course>298.0</gpxtpx:course>
		</gpxtpx:TrackPointExtension>
	</extensions>
</trkpt>
<trkpt lat="44.0868605" lon="14.9161182">
	<ele>3.84</ele>
	<time>2026-08-09T09:54:58.996Z</time>
	<hdop>3.79</hdop>
	<extensions>
		<gpxtpx:TrackPointExtension>
			<gpxtpx:course>297.0</gpxtpx:course>
		</gpxtpx:TrackPointExtension>
	</extensions>
</trkpt>
<trkpt lat="44.0870128" lon="14.9157266">
	<ele>14.39</ele>
	<time>2026-08-09T09:55:08.996Z</time>
	<hdop>3.79</hdop>
	<extensions>
		<gpxtpx:TrackPointExtension>
			<gpxtpx:course>299.0</gpxtpx:course>
		</gpxtpx:TrackPointExtension>
	</extensions>
</trkpt>
<trkpt lat="44.0871683" lon="14.9153416">
	<ele>14.48</ele>
	<time>2026-08-09T09:55:18.997Z</time>
	<hdop>3.79</hdop>
	<extensions>
		<gpxtpx:TrackPointExtension>
			<gpxtpx:course>299.0</gpxtpx:course>
		</gpxtpx:TrackPointExtension>
	</extensions>
</trkpt>
<trkpt lat="44.0873425" lon="14.9149081">
	<ele>8.81</ele>
	<time>2026-08-09T09:55:29.996Z</time>
	<hdop>3.79</hdop>
	<extensions>
		<gpxtpx:TrackPointExtension>
			<gpxtpx:course>299.0</gpxtpx:course>
		</gpxtpx:TrackPointExtension>
	</extensions>
</trkpt>
<trkpt lat="44.0875118" lon="14.9144790">
	<ele>12.39</ele>
	<time>2026-08-09T09:55:40.995Z</time>
	<hdop>3.79</hdop>
	<extensions>
		<gpxtpx:TrackPointExtension>
			<gpxtpx:course>300.0</gpxtpx:course>
		</gpxtpx:TrackPointExtension>
	</extensions>
</trkpt>
<trkpt lat="44.0876644" lon="14.9140851">
	<ele>10.39</ele>
	<time>2026-08-09T09:55:50.996Z</time>
	<hdop>3.79</hdop>
	<extensions>
		<gpxtpx:TrackPointExtension>
			<gpxtpx:course>298.0</gpxtpx:course>
		</gpxtpx:TrackPointExtension>
	</extensions>
</trkpt>
<trkpt lat="44.0878380" lon="14.9136482">
	<ele>11.09</ele>
	<time>2026-08-09T09:56:01.995Z</time>
	<hdop>3.79</hdop>
	<extensions>
		<gpxtpx:TrackPointExtension>
			<gpxtpx:course>299.0</gpxtpx:course>
		</gpxtpx:TrackPointExtension>
	</extensions>
</trkpt>
<trkpt lat="44.0879928" lon="14.9132540">
	<ele>13.58</ele>
	<time>2026-08-09T09:56:11.995Z</time>
	<hdop>3.79</hdop>
	<extensions>
		<gpxtpx:TrackPointExtension>
			<gpxtpx:course>299.0</gpxtpx:course>
		</gpxtpx:TrackPointExtension>
	</extensions>
</trkpt>
<trkpt lat="44.0881430" lon="14.9128662">
	<ele>10.84</ele>
	<time>2026-08-09T09:56:21.995Z</time>
	<hdop>3.79</hdop>
	<extensions>
		<gpxtpx:TrackPointExtension>
			<gpxtpx:course>298.0</gpxtpx:course>
		</gpxtpx:TrackPointExtension>
	</extensions>
</trkpt>
<trkpt lat="44.0882978" lon="14.9124726">
	<ele>10.77</ele>
	<time>2026-08-09T09:56:31.995Z</time>
	<hdop>3.79</hdop>
	<extensions>
		<gpxtpx:TrackPointExtension>
			<gpxtpx:course>297.0</gpxtpx:course>
		</gpxtpx:TrackPointExtension>
	</extensions>
</trkpt>
<trkpt lat="44.0884537" lon="14.9120840">
	<ele>12.59</ele>
	<time>2026-08-09T09:56:41.996Z</time>
	<hdop>3.79</hdop>
	<extensions>
		<gpxtpx:TrackPointExtension>
			<gpxtpx:course>299.0</gpxtpx:course>
		</gpxtpx:TrackPointExtension>
	</extensions>
</trkpt>
<trkpt lat="44.0886049" lon="14.9116949">
	<ele>13.45</ele>
	<time>2026-08-09T09:56:51.996Z</time>
	<hdop>3.79</hdop>
	<extensions>
		<gpxtpx:TrackPointExtension>
			<gpxtpx:course>298.0</gpxtpx:course>
		</gpxtpx:TrackPointExtension>
	</extensions>
</trkpt>
<trkpt lat="44.0887624" lon="14.9112975">
	<ele>12.58</ele>
	<time>2026-08-09T09:57:01.996Z</time>
	<hdop>3.79</hdop>
	<extensions>
		<gpxtpx:TrackPointExtension>
			<gpxtpx:course>298.0</gpxtpx:course>
		</gpxtpx:TrackPointExtension>
	</extensions>
</trkpt>
<trkpt lat="44.0889175" lon="14.9109039">
	<ele>13.39</ele>
	<time>2026-08-09T09:57:11.996Z</time>
	<hdop>3.79</hdop>
	<extensions>
		<gpxtpx:TrackPointExtension>
			<gpxtpx:course>299.0</gpxtpx:course>
		</gpxtpx:TrackPointExtension>
	</extensions>
</trkpt>
<trkpt lat="44.0890776" lon="14.9105154">
	<ele>7.82</ele>
	<time>2026-08-09T09:57:21.996Z</time>
	<hdop>3.79</hdop>
	<extensions>
		<gpxtpx:TrackPointExtension>
			<gpxtpx:course>298.0</gpxtpx:course>
		</gpxtpx:TrackPointExtension>
	</extensions>
</trkpt>
<trkpt lat="44.0892429" lon="14.9101205">
	<ele>9.60</ele>
	<time>2026-08-09T09:57:31.996Z</time>
	<hdop>3.79</hdop>
	<extensions>
		<gpxtpx:TrackPointExtension>
			<gpxtpx:course>298.0</gpxtpx:course>
		</gpxtpx:TrackPointExtension>
	</extensions>
</trkpt>
<trkpt lat="44.0893992" lon="14.9097212">
	<ele>1.85</ele>
	<time>2026-08-09T09:57:41.996Z</time>
	<hdop>3.79</hdop>
	<extensions>
		<gpxtpx:TrackPointExtension>
			<gpxtpx:course>298.0</gpxtpx:course>
		</gpxtpx:TrackPointExtension>
	</extensions>
</trkpt>
<trkpt lat="44.0895597" lon="14.9093274">
	<ele>-5.05</ele>
	<time>2026-08-09T09:57:51.996Z</time>
	<hdop>3.79</hdop>
	<extensions>
		<gpxtpx:TrackPointExtension>
			<gpxtpx:course>298.0</gpxtpx:course>
		</gpxtpx:TrackPointExtension>
	</extensions>
</trkpt>
<trkpt lat="44.0897258" lon="14.9088869">
	<ele>-45.60</ele>
	<time>2026-08-09T09:58:02.996Z</time>
	<hdop>3.79</hdop>
	<extensions>
		<gpxtpx:TrackPointExtension>
			<gpxtpx:course>296.0</gpxtpx:course>
		</gpxtpx:TrackPointExtension>
	</extensions>
</trkpt>
<trkpt lat="44.0899051" lon="14.9084510">
	<ele>-84.40</ele>
	<time>2026-08-09T09:58:13.995Z</time>
	<hdop>3.79</hdop>
	<extensions>
		<gpxtpx:TrackPointExtension>
			<gpxtpx:course>299.0</gpxtpx:course>
		</gpxtpx:TrackPointExtension>
	</extensions>
</trkpt>
<trkpt lat="44.0900625" lon="14.9080601">
	<ele>-76.33</ele>
	<time>2026-08-09T09:58:23.995Z</time>
	<hdop>3.79</hdop>
	<extensions>
		<gpxtpx:TrackPointExtension>
			<gpxtpx:course>299.0</gpxtpx:course>
		</gpxtpx:TrackPointExtension>
	</extensions>
</trkpt>
<trkpt lat="44.0902116" lon="14.9076580">
	<ele>-59.08</ele>
	<time>2026-08-09T09:58:33.995Z</time>
	<hdop>3.79</hdop>
	<extensions>
		<gpxtpx:TrackPointExtension>
			<gpxtpx:course>298.0</gpxtpx:course>
		</gpxtpx:TrackPointExtension>
	</extensions>
</trkpt>
<trkpt lat="44.0903716" lon="14.9072574">
	<ele>-30.40</ele>
	<time>2026-08-09T09:58:43.995Z</time>
	<hdop>3.79</hdop>
	<extensions>
		<gpxtpx:TrackPointExtension>
			<gpxtpx:course>298.0</gpxtpx:course>
		</gpxtpx:TrackPointExtension>
	</extensions>
</trkpt>
<trkpt lat="44.0905353" lon="14.9068631">
	<ele>-18.19</ele>
	<time>2026-08-09T09:58:53.995Z</time>
	<hdop>3.79</hdop>
	<extensions>
		<gpxtpx:TrackPointExtension>
			<gpxtpx:course>300.0</gpxtpx:course>
		</gpxtpx:TrackPointExtension>
	</extensions>
</trkpt>
<trkpt lat="44.0906966" lon="14.9064504">
	<ele>-14.64</ele>
	<time>2026-08-09T09:59:03.995Z</time>
	<hdop>3.79</hdop>
	<extensions>
		<gpxtpx:TrackPointExtension>
			<gpxtpx:course>298.0</gpxtpx:course>
		</gpxtpx:TrackPointExtension>
	</extensions>
</trkpt>
<trkpt lat="44.0908528" lon="14.9060552">
	<ele>-7.11</ele>
	<time>2026-08-09T09:59:13.995Z</time>
	<hdop>3.79</hdop>
	<extensions>
		<gpxtpx:TrackPointExtension>
			<gpxtpx:course>297.0</gpxtpx:course>
		</gpxtpx:TrackPointExtension>
	</extensions>
</trkpt>
<trkpt lat="44.0910122" lon="14.9056577">
	<ele>-8.29</ele>
	<time>2026-08-09T09:59:23.996Z</time>
	<hdop>3.79</hdop>
	<extensions>
		<gpxtpx:TrackPointExtension>
			<gpxtpx:course>298.0</gpxtpx:course>
		</gpxtpx:TrackPointExtension>
	</extensions>
</trkpt>
<trkpt lat="44.0911587" lon="14.9052691">
	<ele>-0.47</ele>
	<time>2026-08-09T09:59:33.996Z</time>
	<hdop>3.79</hdop>
	<extensions>
		<gpxtpx:TrackPointExtension>
			<gpxtpx:course>299.0</gpxtpx:course>
		</gpxtpx:TrackPointExtension>
	</extensions>
</trkpt>
<trkpt lat="44.0913092" lon="14.9048726">
	<ele>11.09</ele>
	<time>2026-08-09T09:59:43.996Z</time>
	<hdop>3.79</hdop>
	<extensions>
		<gpxtpx:TrackPointExtension>
			<gpxtpx:course>299.0</gpxtpx:course>
		</gpxtpx:TrackPointExtension>
	</extensions>
</trkpt>
<trkpt lat="44.0914805" lon="14.9044373">
	<ele>16.69</ele>
	<time>2026-08-09T09:59:54.996Z</time>
	<hdop>3.79</hdop>
	<extensions>
		<gpxtpx:TrackPointExtension>
			<gpxtpx:course>299.0</gpxtpx:course>
		</gpxtpx:TrackPointExtension>
	</extensions>
</trkpt>
<trkpt lat="44.0916657" lon="14.9040046">
	<ele>24.20</ele>
	<time>2026-08-09T10:00:05.996Z</time>
	<hdop>3.79</hdop>
	<extensions>
		<gpxtpx:TrackPointExtension>
			<gpxtpx:course>300.0</gpxtpx:course>
		</gpxtpx:TrackPointExtension>
	</extensions>
</trkpt>
<trkpt lat="44.0918267" lon="14.9036019">
	<ele>25.99</ele>
	<time>2026-08-09T10:00:15.996Z</time>
	<hdop>3.79</hdop>
	<extensions>
		<gpxtpx:TrackPointExtension>
			<gpxtpx:course>299.0</gpxtpx:course>
		</gpxtpx:TrackPointExtension>
	</extensions>
</trkpt>
<trkpt lat="44.0920038" lon="14.9032140">
	<ele>18.81</ele>
	<time>2026-08-09T10:00:25.996Z</time>
	<hdop>3.79</hdop>
	<extensions>
		<gpxtpx:TrackPointExtension>
			<gpxtpx:course>303.0</gpxtpx:course>
		</gpxtpx:TrackPointExtension>
	</extensions>
</trkpt>
<trkpt lat="44.0922048" lon="14.9027996">
	<ele>15.17</ele>
	<time>2026-08-09T10:00:36.995Z</time>
	<hdop>3.79</hdop>
	<extensions>
		<gpxtpx:TrackPointExtension>
			<gpxtpx:course>303.0</gpxtpx:course>
		</gpxtpx:TrackPointExtension>
	</extensions>
</trkpt>
<trkpt lat="44.0923936" lon="14.9024187">
	<ele>17.84</ele>
	<time>2026-08-09T10:00:46.996Z</time>
	<hdop>3.79</hdop>
	<extensions>
		<gpxtpx:TrackPointExtension>
			<gpxtpx:course>304.0</gpxtpx:course>
		</gpxtpx:TrackPointExtension>
	</extensions>
</trkpt>
<trkpt lat="44.0925957" lon="14.9019976">
	<ele>21.45</ele>
	<time>2026-08-09T10:00:57.994Z</time>
	<hdop>3.79</hdop>
	<extensions>
		<gpxtpx:TrackPointExtension>
			<gpxtpx:course>303.0</gpxtpx:course>
		</gpxtpx:TrackPointExtension>
	</extensions>
</trkpt>
<trkpt lat="44.0927863" lon="14.9016233">
	<ele>17.47</ele>
	<time>2026-08-09T10:01:07.996Z</time>
	<hdop>3.79</hdop>
	<extensions>
		<gpxtpx:TrackPointExtension>
			<gpxtpx:course>304.0</gpxtpx:course>
		</gpxtpx:TrackPointExtension>
	</extensions>
</trkpt>
<trkpt lat="44.0929910" lon="14.9012016">
	<ele>13.78</ele>
	<time>2026-08-09T10:01:18.996Z</time>
	<hdop>3.79</hdop>
	<extensions>
		<gpxtpx:TrackPointExtension>
			<gpxtpx:course>305.0</gpxtpx:course>
		</gpxtpx:TrackPointExtension>
	</extensions>
</trkpt>
<trkpt lat="44.0931965" lon="14.9007894">
	<ele>18.89</ele>
	<time>2026-08-09T10:01:29.996Z</time>
	<hdop>3.79</hdop>
	<extensions>
		<gpxtpx:TrackPointExtension>
			<gpxtpx:course>304.0</gpxtpx:course>
		</gpxtpx:TrackPointExtension>
	</extensions>
</trkpt>
<trkpt lat="44.0933854" lon="14.9004140">
	<ele>17.97</ele>
	<time>2026-08-09T10:01:39.996Z</time>
	<hdop>3.79</hdop>
	<extensions>
		<gpxtpx:TrackPointExtension>
			<gpxtpx:course>304.0</gpxtpx:course>
		</gpxtpx:TrackPointExtension>
	</extensions>
</trkpt>
<trkpt lat="44.0935746" lon="14.9000367">
	<ele>22.18</ele>
	<time>2026-08-09T10:01:49.996Z</time>
	<hdop>3.79</hdop>
	<extensions>
		<gpxtpx:TrackPointExtension>
			<gpxtpx:course>304.0</gpxtpx:course>
		</gpxtpx:TrackPointExtension>
	</extensions>
</trkpt>
<trkpt lat="44.0937734" lon="14.8996275">
	<ele>22.30</ele>
	<time>2026-08-09T10:02:00.994Z</time>
	<hdop>3.79</hdop>
	<extensions>
		<gpxtpx:TrackPointExtension>
			<gpxtpx:course>304.0</gpxtpx:course>
		</gpxtpx:TrackPointExtension>
	</extensions>
</trkpt>
<trkpt lat="44.0939561" lon="14.8992567">
	<ele>20.74</ele>
	<time>2026-08-09T10:02:10.994Z</time>
	<hdop>3.79</hdop>
	<extensions>
		<gpxtpx:TrackPointExtension>
			<gpxtpx:course>304.0</gpxtpx:course>
		</gpxtpx:TrackPointExtension>
	</extensions>
</trkpt>
<trkpt lat="44.0941495" lon="14.8988841">
	<ele>15.75</ele>
	<time>2026-08-09T10:02:20.994Z</time>
	<hdop>3.79</hdop>
	<extensions>
		<gpxtpx:TrackPointExtension>
			<gpxtpx:course>303.0</gpxtpx:course>
		</gpxtpx:TrackPointExtension>
	</extensions>
</trkpt>
<trkpt lat="44.0943294" lon="14.8985074">
	<ele>17.36</ele>
	<time>2026-08-09T10:02:30.996Z</time>
	<hdop>3.79</hdop>
	<extensions>
		<gpxtpx:TrackPointExtension>
			<gpxtpx:course>304.0</gpxtpx:course>
		</gpxtpx:TrackPointExtension>
	</extensions>
</trkpt>
<trkpt lat="44.0945288" lon="14.8981031">
	<ele>14.00</ele>
	<time>2026-08-09T10:02:41.996Z</time>
	<hdop>3.79</hdop>
	<extensions>
		<gpxtpx:TrackPointExtension>
			<gpxtpx:course>307.0</gpxtpx:course>
		</gpxtpx:TrackPointExtension>
	</extensions>
</trkpt>
<trkpt lat="44.0947296" lon="14.8977043">
	<ele>14.53</ele>
	<time>2026-08-09T10:02:52.996Z</time>
	<hdop>3.79</hdop>
	<extensions>
		<gpxtpx:TrackPointExtension>
			<gpxtpx:course>304.0</gpxtpx:course>
		</gpxtpx:TrackPointExtension>
	</extensions>
</trkpt>
<trkpt lat="44.0949328" lon="14.8972903">
	<ele>7.61</ele>
	<time>2026-08-09T10:03:03.995Z</time>
	<hdop>3.79</hdop>
	<extensions>
		<gpxtpx:TrackPointExtension>
			<gpxtpx:course>303.0</gpxtpx:course>
		</gpxtpx:TrackPointExtension>
	</extensions>
</trkpt>
<trkpt lat="44.0951115" lon="14.8969162">
	<ele>11.20</ele>
	<time>2026-08-09T10:03:13.995Z</time>
	<hdop>3.79</hdop>
	<extensions>
		<gpxtpx:TrackPointExtension>
			<gpxtpx:course>304.0</gpxtpx:course>
		</gpxtpx:TrackPointExtension>
	</extensions>
</trkpt>
<trkpt lat="44.0952996" lon="14.8965430">
	<ele>14.43</ele>
	<time>2026-08-09T10:03:23.995Z</time>
	<hdop>3.79</hdop>
	<extensions>
		<gpxtpx:TrackPointExtension>
			<gpxtpx:course>304.0</gpxtpx:course>
		</gpxtpx:TrackPointExtension>
	</extensions>
</trkpt>
<trkpt lat="44.0954818" lon="14.8961790">
	<ele>14.24</ele>
	<time>2026-08-09T10:03:33.995Z</time>
	<hdop>3.79</hdop>
	<extensions>
		<gpxtpx:TrackPointExtension>
			<gpxtpx:course>305.0</gpxtpx:course>
		</gpxtpx:TrackPointExtension>
	</extensions>
</trkpt>
<trkpt lat="44.0956841" lon="14.8957638">
	<ele>17.59</ele>
	<time>2026-08-09T10:03:44.993Z</time>
	<hdop>3.79</hdop>
	<extensions>
		<gpxtpx:TrackPointExtension>
			<gpxtpx:course>303.0</gpxtpx:course>
		</gpxtpx:TrackPointExtension>
	</extensions>
</trkpt>
<trkpt lat="44.0958670" lon="14.8953910">
	<ele>14.68</ele>
	<time>2026-08-09T10:03:54.994Z</time>
	<hdop>3.79</hdop>
	<extensions>
		<gpxtpx:TrackPointExtension>
			<gpxtpx:course>305.0</gpxtpx:course>
		</gpxtpx:TrackPointExtension>
	</extensions>
</trkpt>
<trkpt lat="44.0960446" lon="14.8950271">
	<ele>14.35</ele>
	<time>2026-08-09T10:04:04.994Z</time>
	<hdop>3.79</hdop>
	<extensions>
		<gpxtpx:TrackPointExtension>
			<gpxtpx:course>304.0</gpxtpx:course>
		</gpxtpx:TrackPointExtension>
	</extensions>
</trkpt>
<trkpt lat="44.0962296" lon="14.8946585">
	<ele>15.98</ele>
	<time>2026-08-09T10:04:14.994Z</time>
	<hdop>3.79</hdop>
	<extensions>
		<gpxtpx:TrackPointExtension>
			<gpxtpx:course>305.0</gpxtpx:course>
		</gpxtpx:TrackPointExtension>
	</extensions>
</trkpt>
<trkpt lat="44.0964118" lon="14.8942902">
	<ele>18.66</ele>
	<time>2026-08-09T10:04:24.994Z</time>
	<hdop>3.79</hdop>
	<extensions>
		<gpxtpx:TrackPointExtension>
			<gpxtpx:course>304.0</gpxtpx:course>
		</gpxtpx:TrackPointExtension>
	</extensions>
</trkpt>
<trkpt lat="44.0965975" lon="14.8939317">
	<ele>9.68</ele>
	<time>2026-08-09T10:04:34.994Z</time>
	<hdop>3.79</hdop>
	<extensions>
		<gpxtpx:TrackPointExtension>
			<gpxtpx:course>305.0</gpxtpx:course>
		</gpxtpx:TrackPointExtension>
	</extensions>
</trkpt>
<trkpt lat="44.0967869" lon="14.8935806">
	<ele>16.12</ele>
	<time>2026-08-09T10:04:44.995Z</time>
	<hdop>3.79</hdop>
	<extensions>
		<gpxtpx:TrackPointExtension>
			<gpxtpx:course>305.0</gpxtpx:course>
		</gpxtpx:TrackPointExtension>
	</extensions>
</trkpt>
<trkpt lat="44.0969906" lon="14.8931799">
	<ele>12.98</ele>
	<time>2026-08-09T10:04:55.995Z</time>
	<hdop>3.79</hdop>
	<extensions>
		<gpxtpx:TrackPointExtension>
			<gpxtpx:course>305.0</gpxtpx:course>
		</gpxtpx:TrackPointExtension>
	</extensions>
</trkpt>
<trkpt lat="44.0971974" lon="14.8927873">
	<ele>2.39</ele>
	<time>2026-08-09T10:05:06.994Z</time>
	<hdop>3.79</hdop>
	<extensions>
		<gpxtpx:TrackPointExtension>
			<gpxtpx:course>306.0</gpxtpx:course>
		</gpxtpx:TrackPointExtension>
	</extensions>
</trkpt>
<trkpt lat="44.0973825" lon="14.8924330">
	<ele>5.66</ele>
	<time>2026-08-09T10:05:16.994Z</time>
	<hdop>3.79</hdop>
	<extensions>
		<gpxtpx:TrackPointExtension>
			<gpxtpx:course>306.0</gpxtpx:course>
		</gpxtpx:TrackPointExtension>
	</extensions>
</trkpt>
<trkpt lat="44.0975727" lon="14.8920775">
	<ele>7.66</ele>
	<time>2026-08-09T10:05:26.995Z</time>
	<hdop>3.79</hdop>
	<extensions>
		<gpxtpx:TrackPointExtension>
			<gpxtpx:course>307.0</gpxtpx:course>
		</gpxtpx:TrackPointExtension>
	</extensions>
</trkpt>
<trkpt lat="44.0977580" lon="14.8917339">
	<ele>1.98</ele>
	<time>2026-08-09T10:05:36.995Z</time>
	<hdop>3.79</hdop>
	<extensions>
		<gpxtpx:TrackPointExtension>
			<gpxtpx:course>306.0</gpxtpx:course>
		</gpxtpx:TrackPointExtension>
	</extensions>
</trkpt>
<trkpt lat="44.0979535" lon="14.8913846">
	<ele>8.64</ele>
	<time>2026-08-09T10:05:46.995Z</time>
	<hdop>3.79</hdop>
	<extensions>
		<gpxtpx:TrackPointExtension>
			<gpxtpx:course>306.0</gpxtpx:course>
		</gpxtpx:TrackPointExtension>
	</extensions>
</trkpt>
<trkpt lat="44.0981594" lon="14.8909931">
	<ele>6.57</ele>
	<time>2026-08-09T10:05:57.993Z</time>
	<hdop>3.79</hdop>
	<extensions>
		<gpxtpx:TrackPointExtension>
			<gpxtpx:course>306.0</gpxtpx:course>
		</gpxtpx:TrackPointExtension>
	</extensions>
</trkpt>
<trkpt lat="44.0983421" lon="14.8906533">
	<ele>4.47</ele>
	<time>2026-08-09T10:06:07.995Z</time>
	<hdop>3.79</hdop>
	<extensions>
		<gpxtpx:TrackPointExtension>
			<gpxtpx:course>306.0</gpxtpx:course>
		</gpxtpx:TrackPointExtension>
	</extensions>
</trkpt>
<trkpt lat="44.0985296" lon="14.8903002">
	<ele>3.60</ele>
	<time>2026-08-09T10:06:17.995Z</time>
	<hdop>3.79</hdop>
	<extensions>
		<gpxtpx:TrackPointExtension>
			<gpxtpx:course>306.0</gpxtpx:course>
		</gpxtpx:TrackPointExtension>
	</extensions>
</trkpt>
<trkpt lat="44.0987361" lon="14.8899108">
	<ele>-2.35</ele>
	<time>2026-08-09T10:06:28.994Z</time>
	<hdop>3.79</hdop>
	<extensions>
		<gpxtpx:TrackPointExtension>
			<gpxtpx:course>306.0</gpxtpx:course>
		</gpxtpx:TrackPointExtension>
	</extensions>
</trkpt>
<trkpt lat="44.0989392" lon="14.8895337">
	<ele>-7.80</ele>
	<time>2026-08-09T10:06:38.995Z</time>
	<hdop>3.79</hdop>
	<extensions>
		<gpxtpx:TrackPointExtension>
			<gpxtpx:course>299.0</gpxtpx:course>
		</gpxtpx:TrackPointExtension>
	</extensions>
</trkpt>
<trkpt lat="44.0991517" lon="14.8891253">
	<ele>-15.00</ele>
	<time>2026-08-09T10:06:49.994Z</time>
	<hdop>3.79</hdop>
	<extensions>
		<gpxtpx:TrackPointExtension>
			<gpxtpx:course>305.0</gpxtpx:course>
		</gpxtpx:TrackPointExtension>
	</extensions>
</trkpt>
<trkpt lat="44.0993407" lon="14.8887705">
	<ele>-40.51</ele>
	<time>2026-08-09T10:06:59.995Z</time>
	<hdop>3.79</hdop>
	<extensions>
		<gpxtpx:TrackPointExtension>
			<gpxtpx:course>305.0</gpxtpx:course>
		</gpxtpx:TrackPointExtension>
	</extensions>
</trkpt>
<trkpt lat="44.0995262" lon="14.8884334">
	<ele>-61.53</ele>
	<time>2026-08-09T10:07:09.995Z</time>
	<hdop>3.79</hdop>
	<extensions>
		<gpxtpx:TrackPointExtension>
			<gpxtpx:course>306.0</gpxtpx:course>
		</gpxtpx:TrackPointExtension>
	</extensions>
</trkpt>
<trkpt lat="44.0997197" lon="14.8880447">
	<ele>-69.38</ele>
	<time>2026-08-09T10:07:20.995Z</time>
	<hdop>3.79</hdop>
	<extensions>
		<gpxtpx:TrackPointExtension>
			<gpxtpx:course>302.0</gpxtpx:course>
		</gpxtpx:TrackPointExtension>
	</extensions>
</trkpt>
<trkpt lat="44.0999224" lon="14.8876642">
	<ele>-59.92</ele>
	<time>2026-08-09T10:07:31.994Z</time>
	<hdop>3.79</hdop>
	<extensions>
		<gpxtpx:TrackPointExtension>
			<gpxtpx:course>306.0</gpxtpx:course>
		</gpxtpx:TrackPointExtension>
	</extensions>
</trkpt>
<trkpt lat="44.1001113" lon="14.8873150">
	<ele>-38.79</ele>
	<time>2026-08-09T10:07:41.995Z</time>
	<hdop>3.79</hdop>
	<extensions>
		<gpxtpx:TrackPointExtension>
			<gpxtpx:course>305.0</gpxtpx:course>
		</gpxtpx:TrackPointExtension>
	</extensions>
</trkpt>
<trkpt lat="44.1002975" lon="14.8869663">
	<ele>-24.54</ele>
	<time>2026-08-09T10:07:51.995Z</time>
	<hdop>3.79</hdop>
	<extensions>
		<gpxtpx:TrackPointExtension>
			<gpxtpx:course>300.0</gpxtpx:course>
		</gpxtpx:TrackPointExtension>
	</extensions>
</trkpt>
<trkpt lat="44.1004880" lon="14.8865978">
	<ele>-24.69</ele>
	<time>2026-08-09T10:08:02.993Z</time>
	<hdop>3.79</hdop>
	<extensions>
		<gpxtpx:TrackPointExtension>
			<gpxtpx:course>307.0</gpxtpx:course>
		</gpxtpx:TrackPointExtension>
	</extensions>
</trkpt>
<trkpt lat="44.1006746" lon="14.8862478">
	<ele>-19.16</ele>
	<time>2026-08-09T10:08:12.993Z</time>
	<hdop>3.79</hdop>
	<extensions>
		<gpxtpx:TrackPointExtension>
			<gpxtpx:course>305.0</gpxtpx:course>
		</gpxtpx:TrackPointExtension>
	</extensions>
</trkpt>
<trkpt lat="44.1008629" lon="14.8858943">
	<ele>-13.38</ele>
	<time>2026-08-09T10:08:22.994Z</time>
	<hdop>3.79</hdop>
	<extensions>
		<gpxtpx:TrackPointExtension>
			<gpxtpx:course>306.0</gpxtpx:course>
		</gpxtpx:TrackPointExtension>
	</extensions>
</trkpt>
<trkpt lat="44.1010437" lon="14.8855462">
	<ele>-8.92</ele>
	<time>2026-08-09T10:08:33.994Z</time>
	<hdop>3.79</hdop>
	<extensions>
		<gpxtpx:TrackPointExtension>
			<gpxtpx:course>304.0</gpxtpx:course>
		</gpxtpx:TrackPointExtension>
	</extensions>
</trkpt>
<trkpt lat="44.1012319" lon="14.8851917">
	<ele>0.25</ele>
	<time>2026-08-09T10:08:43.994Z</time>
	<hdop>3.79</hdop>
	<extensions>
		<gpxtpx:TrackPointExtension>
			<gpxtpx:course>306.0</gpxtpx:course>
		</gpxtpx:TrackPointExtension>
	</extensions>
</trkpt>
<trkpt lat="44.1014192" lon="14.8848449">
	<ele>1.62</ele>
	<time>2026-08-09T10:08:53.994Z</time>
	<hdop>3.79</hdop>
	<extensions>
		<gpxtpx:TrackPointExtension>
			<gpxtpx:course>306.0</gpxtpx:course>
		</gpxtpx:TrackPointExtension>
	</extensions>
</trkpt>
<trkpt lat="44.1016234" lon="14.8844567">
	<ele>6.33</ele>
	<time>2026-08-09T10:09:04.995Z</time>
	<hdop>3.79</hdop>
	<extensions>
		<gpxtpx:TrackPointExtension>
			<gpxtpx:course>308.0</gpxtpx:course>
		</gpxtpx:TrackPointExtension>
	</extensions>
</trkpt>
<trkpt lat="44.1018057" lon="14.8840929">
	<ele>9.92</ele>
	<time>2026-08-09T10:09:14.995Z</time>
	<hdop>3.79</hdop>
	<extensions>
		<gpxtpx:TrackPointExtension>
			<gpxtpx:course>307.0</gpxtpx:course>
		</gpxtpx:TrackPointExtension>
	</extensions>
</trkpt>
<trkpt lat="44.1020179" lon="14.8837078">
	<ele>13.25</ele>
	<time>2026-08-09T10:09:25.994Z</time>
	<hdop>3.79</hdop>
	<extensions>
		<gpxtpx:TrackPointExtension>
			<gpxtpx:course>307.0</gpxtpx:course>
		</gpxtpx:TrackPointExtension>
	</extensions>
</trkpt>
<trkpt lat="44.1022328" lon="14.8833011">
	<ele>14.18</ele>
	<time>2026-08-09T10:09:35.994Z</time>
	<hdop>3.79</hdop>
	<extensions>
		<gpxtpx:TrackPointExtension>
			<gpxtpx:course>303.0</gpxtpx:course>
		</gpxtpx:TrackPointExtension>
	</extensions>
</trkpt>
<trkpt lat="44.1024314" lon="14.8829324">
	<ele>14.58</ele>
	<time>2026-08-09T10:09:46.994Z</time>
	<hdop>3.79</hdop>
	<extensions>
		<gpxtpx:TrackPointExtension>
			<gpxtpx:course>308.0</gpxtpx:course>
		</gpxtpx:TrackPointExtension>
	</extensions>
</trkpt>
<trkpt lat="44.1025925" lon="14.8826154">
	<ele>11.95</ele>
	<time>2026-08-09T10:09:56.994Z</time>
	<hdop>3.79</hdop>
	<extensions>
		<gpxtpx:TrackPointExtension>
			<gpxtpx:course>302.0</gpxtpx:course>
		</gpxtpx:TrackPointExtension>
	</extensions>
</trkpt>
<trkpt lat="44.1027698" lon="14.8822679">
	<ele>10.83</ele>
	<time>2026-08-09T10:10:06.994Z</time>
	<hdop>3.79</hdop>
	<extensions>
		<gpxtpx:TrackPointExtension>
			<gpxtpx:course>310.0</gpxtpx:course>
		</gpxtpx:TrackPointExtension>
	</extensions>
</trkpt>
<trkpt lat="44.1029640" lon="14.8819030">
	<ele>10.32</ele>
	<time>2026-08-09T10:10:16.994Z</time>
	<hdop>3.33</hdop>
	<extensions>
		<gpxtpx:TrackPointExtension>
			<gpxtpx:course>309.08667</gpxtpx:course>
		</gpxtpx:TrackPointExtension>
	</extensions>
</trkpt>
<trkpt lat="44.1031654" lon="14.8815505">
	<ele>12.69</ele>
	<time>2026-08-09T10:10:26.995Z</time>
	<hdop>3.10</hdop>
	<extensions>
		<gpxtpx:TrackPointExtension>
			<gpxtpx:course>311.97925</gpxtpx:course>
		</gpxtpx:TrackPointExtension>
	</extensions>
</trkpt>
<trkpt lat="44.1033727" lon="14.8811578">
	<ele>13.35</ele>
	<time>2026-08-09T10:10:37.994Z</time>
	<hdop>3.22</hdop>
	<extensions>
		<gpxtpx:TrackPointExtension>
			<gpxtpx:course>305.34152</gpxtpx:course>
		</gpxtpx:TrackPointExtension>
	</extensions>
</trkpt>
<trkpt lat="44.1035791" lon="14.8807772">
	<ele>9.79</ele>
	<time>2026-08-09T10:10:48.994Z</time>
	<hdop>3.35</hdop>
	<extensions>
		<gpxtpx:TrackPointExtension>
			<gpxtpx:course>304.40396</gpxtpx:course>
		</gpxtpx:TrackPointExtension>
	</extensions>
</trkpt>
<trkpt lat="44.1037862" lon="14.8803866">
	<ele>8.10</ele>
	<time>2026-08-09T10:10:59.994Z</time>
	<hdop>4.86</hdop>
	<extensions>
		<gpxtpx:TrackPointExtension>
			<gpxtpx:course>302.8225</gpxtpx:course>
		</gpxtpx:TrackPointExtension>
	</extensions>
</trkpt>
<trkpt lat="44.1039892" lon="14.8800050">
	<ele>-7.29</ele>
	<time>2026-08-09T10:11:10.993Z</time>
	<hdop>3.02</hdop>
	<extensions>
		<gpxtpx:TrackPointExtension>
			<gpxtpx:course>307.76755</gpxtpx:course>
		</gpxtpx:TrackPointExtension>
	</extensions>
</trkpt>
<trkpt lat="44.1041585" lon="14.8796585">
	<ele>-31.60</ele>
	<time>2026-08-09T10:11:20.995Z</time>
	<hdop>3.52</hdop>
	<extensions>
		<gpxtpx:TrackPointExtension>
			<gpxtpx:course>305.0</gpxtpx:course>
		</gpxtpx:TrackPointExtension>
	</extensions>
</trkpt>
<trkpt lat="44.1043736" lon="14.8792638">
	<ele>-38.77</ele>
	<time>2026-08-09T10:11:31.994Z</time>
	<hdop>3.79</hdop>
	<extensions>
		<gpxtpx:TrackPointExtension>
			<gpxtpx:course>306.0</gpxtpx:course>
		</gpxtpx:TrackPointExtension>
	</extensions>
</trkpt>
<trkpt lat="44.1045575" lon="14.8789097">
	<ele>-24.19</ele>
	<time>2026-08-09T10:11:41.994Z</time>
	<hdop>3.79</hdop>
	<extensions>
		<gpxtpx:TrackPointExtension>
			<gpxtpx:course>305.0</gpxtpx:course>
		</gpxtpx:TrackPointExtension>
	</extensions>
</trkpt>
<trkpt lat="44.1047460" lon="14.8785580">
	<ele>-12.06</ele>
	<time>2026-08-09T10:11:51.994Z</time>
	<hdop>3.79</hdop>
	<extensions>
		<gpxtpx:TrackPointExtension>
			<gpxtpx:course>306.0</gpxtpx:course>
		</gpxtpx:TrackPointExtension>
	</extensions>
</trkpt>
<trkpt lat="44.1049300" lon="14.8781977">
	<ele>-23.83</ele>
	<time>2026-08-09T10:12:01.994Z</time>
	<hdop>8.74</hdop>
	<extensions>
		<gpxtpx:TrackPointExtension>
			<gpxtpx:course>305.0</gpxtpx:course>
		</gpxtpx:TrackPointExtension>
	</extensions>
</trkpt>
<trkpt lat="44.1051359" lon="14.8778193">
	<ele>-51.85</ele>
	<time>2026-08-09T10:12:12.994Z</time>
	<hdop>3.79</hdop>
	<extensions>
		<gpxtpx:TrackPointExtension>
			<gpxtpx:course>306.0</gpxtpx:course>
		</gpxtpx:TrackPointExtension>
	</extensions>
</trkpt>
<trkpt lat="44.1053185" lon="14.8774730">
	<ele>-47.68</ele>
	<time>2026-08-09T10:12:22.994Z</time>
	<hdop>3.79</hdop>
	<extensions>
		<gpxtpx:TrackPointExtension>
			<gpxtpx:course>304.0</gpxtpx:course>
		</gpxtpx:TrackPointExtension>
	</extensions>
</trkpt>
<trkpt lat="44.1055101" lon="14.8771229">
	<ele>-29.15</ele>
	<time>2026-08-09T10:12:32.994Z</time>
	<hdop>3.79</hdop>
	<extensions>
		<gpxtpx:TrackPointExtension>
			<gpxtpx:course>307.0</gpxtpx:course>
		</gpxtpx:TrackPointExtension>
	</extensions>
</trkpt>
<trkpt lat="44.1057156" lon="14.8767917">
	<ele>-12.25</ele>
	<time>2026-08-09T10:12:42.994Z</time>
	<hdop>3.79</hdop>
	<extensions>
		<gpxtpx:TrackPointExtension>
			<gpxtpx:course>312.0</gpxtpx:course>
		</gpxtpx:TrackPointExtension>
	</extensions>
</trkpt>
<trkpt lat="44.1059408" lon="14.8764355">
	<ele>-8.18</ele>
	<time>2026-08-09T10:12:53.995Z</time>
	<hdop>3.79</hdop>
	<extensions>
		<gpxtpx:TrackPointExtension>
			<gpxtpx:course>311.0</gpxtpx:course>
		</gpxtpx:TrackPointExtension>
	</extensions>
</trkpt>
<trkpt lat="44.1061765" lon="14.8760792">
	<ele>2.85</ele>
	<time>2026-08-09T10:13:04.993Z</time>
	<hdop>3.79</hdop>
	<extensions>
		<gpxtpx:TrackPointExtension>
			<gpxtpx:course>312.0</gpxtpx:course>
		</gpxtpx:TrackPointExtension>
	</extensions>
</trkpt>
<trkpt lat="44.1063861" lon="14.8757622">
	<ele>5.50</ele>
	<time>2026-08-09T10:13:14.993Z</time>
	<hdop>3.79</hdop>
	<extensions>
		<gpxtpx:TrackPointExtension>
			<gpxtpx:course>312.0</gpxtpx:course>
		</gpxtpx:TrackPointExtension>
	</extensions>
</trkpt>
<trkpt lat="44.1065980" lon="14.8754394">
	<ele>7.13</ele>
	<time>2026-08-09T10:13:24.993Z</time>
	<hdop>3.79</hdop>
	<extensions>
		<gpxtpx:TrackPointExtension>
			<gpxtpx:course>312.0</gpxtpx:course>
		</gpxtpx:TrackPointExtension>
	</extensions>
</trkpt>
<trkpt lat="44.1068102" lon="14.8751182">
	<ele>7.41</ele>
	<time>2026-08-09T10:13:34.994Z</time>
	<hdop>3.79</hdop>
	<extensions>
		<gpxtpx:TrackPointExtension>
			<gpxtpx:course>313.0</gpxtpx:course>
		</gpxtpx:TrackPointExtension>
	</extensions>
</trkpt>
<trkpt lat="44.1070166" lon="14.8747885">
	<ele>10.47</ele>
	<time>2026-08-09T10:13:44.994Z</time>
	<hdop>3.79</hdop>
	<extensions>
		<gpxtpx:TrackPointExtension>
			<gpxtpx:course>311.0</gpxtpx:course>
		</gpxtpx:TrackPointExtension>
	</extensions>
</trkpt>
<trkpt lat="44.1072492" lon="14.8744337">
	<ele>7.71</ele>
	<time>2026-08-09T10:13:55.994Z</time>
	<hdop>3.79</hdop>
	<extensions>
		<gpxtpx:TrackPointExtension>
			<gpxtpx:course>312.0</gpxtpx:course>
		</gpxtpx:TrackPointExtension>
	</extensions>
</trkpt>
<trkpt lat="44.1074809" lon="14.8740759">
	<ele>6.91</ele>
	<time>2026-08-09T10:14:06.993Z</time>
	<hdop>3.79</hdop>
	<extensions>
		<gpxtpx:TrackPointExtension>
			<gpxtpx:course>312.0</gpxtpx:course>
		</gpxtpx:TrackPointExtension>
	</extensions>
</trkpt>
<trkpt lat="44.1076867" lon="14.8737578">
	<ele>-15.76</ele>
	<time>2026-08-09T10:14:16.994Z</time>
	<hdop>3.79</hdop>
	<extensions>
		<gpxtpx:TrackPointExtension>
			<gpxtpx:course>311.0</gpxtpx:course>
		</gpxtpx:TrackPointExtension>
	</extensions>
</trkpt>
<trkpt lat="44.1079129" lon="14.8733912">
	<ele>-38.96</ele>
	<time>2026-08-09T10:14:27.993Z</time>
	<hdop>3.79</hdop>
	<extensions>
		<gpxtpx:TrackPointExtension>
			<gpxtpx:course>311.0</gpxtpx:course>
		</gpxtpx:TrackPointExtension>
	</extensions>
</trkpt>
<trkpt lat="44.1081230" lon="14.8730704">
	<ele>-31.24</ele>
	<time>2026-08-09T10:14:37.993Z</time>
	<hdop>3.79</hdop>
	<extensions>
		<gpxtpx:TrackPointExtension>
			<gpxtpx:course>311.0</gpxtpx:course>
		</gpxtpx:TrackPointExtension>
	</extensions>
</trkpt>
<trkpt lat="44.1083308" lon="14.8727494">
	<ele>-13.87</ele>
	<time>2026-08-09T10:14:47.993Z</time>
	<hdop>3.79</hdop>
	<extensions>
		<gpxtpx:TrackPointExtension>
			<gpxtpx:course>313.0</gpxtpx:course>
		</gpxtpx:TrackPointExtension>
	</extensions>
</trkpt>
<trkpt lat="44.1085423" lon="14.8724210">
	<ele>-2.82</ele>
	<time>2026-08-09T10:14:57.993Z</time>
	<hdop>3.79</hdop>
	<extensions>
		<gpxtpx:TrackPointExtension>
			<gpxtpx:course>312.0</gpxtpx:course>
		</gpxtpx:TrackPointExtension>
	</extensions>
</trkpt>
<trkpt lat="44.1087502" lon="14.8720921">
	<ele>5.25</ele>
	<time>2026-08-09T10:15:07.994Z</time>
	<hdop>3.79</hdop>
	<extensions>
		<gpxtpx:TrackPointExtension>
			<gpxtpx:course>310.0</gpxtpx:course>
		</gpxtpx:TrackPointExtension>
	</extensions>
</trkpt>
<trkpt lat="44.1089563" lon="14.8717813">
	<ele>3.82</ele>
	<time>2026-08-09T10:15:17.994Z</time>
	<hdop>3.79</hdop>
	<extensions>
		<gpxtpx:TrackPointExtension>
			<gpxtpx:course>311.0</gpxtpx:course>
		</gpxtpx:TrackPointExtension>
	</extensions>
</trkpt>
<trkpt lat="44.1091914" lon="14.8714298">
	<ele>7.49</ele>
	<time>2026-08-09T10:15:28.993Z</time>
	<hdop>3.79</hdop>
	<extensions>
		<gpxtpx:TrackPointExtension>
			<gpxtpx:course>311.0</gpxtpx:course>
		</gpxtpx:TrackPointExtension>
	</extensions>
</trkpt>
<trkpt lat="44.1093967" lon="14.8711023">
	<ele>10.09</ele>
	<time>2026-08-09T10:15:38.993Z</time>
	<hdop>3.79</hdop>
	<extensions>
		<gpxtpx:TrackPointExtension>
			<gpxtpx:course>310.0</gpxtpx:course>
		</gpxtpx:TrackPointExtension>
	</extensions>
</trkpt>
<trkpt lat="44.1096054" lon="14.8707752">
	<ele>8.70</ele>
	<time>2026-08-09T10:15:48.993Z</time>
	<hdop>3.79</hdop>
	<extensions>
		<gpxtpx:TrackPointExtension>
			<gpxtpx:course>311.0</gpxtpx:course>
		</gpxtpx:TrackPointExtension>
	</extensions>
</trkpt>
<trkpt lat="44.1098123" lon="14.8704487">
	<ele>8.71</ele>
	<time>2026-08-09T10:15:58.994Z</time>
	<hdop>3.79</hdop>
	<extensions>
		<gpxtpx:TrackPointExtension>
			<gpxtpx:course>310.0</gpxtpx:course>
		</gpxtpx:TrackPointExtension>
	</extensions>
</trkpt>
<trkpt lat="44.1100381" lon="14.8701024">
	<ele>10.62</ele>
	<time>2026-08-09T10:16:09.994Z</time>
	<hdop>3.79</hdop>
	<extensions>
		<gpxtpx:TrackPointExtension>
			<gpxtpx:course>311.0</gpxtpx:course>
		</gpxtpx:TrackPointExtension>
	</extensions>
</trkpt>
<trkpt lat="44.1102694" lon="14.8697487">
	<ele>6.03</ele>
	<time>2026-08-09T10:16:20.993Z</time>
	<hdop>3.79</hdop>
	<extensions>
		<gpxtpx:TrackPointExtension>
			<gpxtpx:course>312.0</gpxtpx:course>
		</gpxtpx:TrackPointExtension>
	</extensions>
</trkpt>
<trkpt lat="44.1104800" lon="14.8694291">
	<ele>6.85</ele>
	<time>2026-08-09T10:16:30.994Z</time>
	<hdop>3.79</hdop>
	<extensions>
		<gpxtpx:TrackPointExtension>
			<gpxtpx:course>312.0</gpxtpx:course>
		</gpxtpx:TrackPointExtension>
	</extensions>
</trkpt>
<trkpt lat="44.1107087" lon="14.8690827">
	<ele>7.71</ele>
	<time>2026-08-09T10:16:41.994Z</time>
	<hdop>3.79</hdop>
	<extensions>
		<gpxtpx:TrackPointExtension>
			<gpxtpx:course>312.0</gpxtpx:course>
		</gpxtpx:TrackPointExtension>
	</extensions>
</trkpt>
<trkpt lat="44.1109340" lon="14.8687356">
	<ele>4.47</ele>
	<time>2026-08-09T10:16:52.992Z</time>
	<hdop>3.79</hdop>
	<extensions>
		<gpxtpx:TrackPointExtension>
			<gpxtpx:course>312.0</gpxtpx:course>
		</gpxtpx:TrackPointExtension>
	</extensions>
</trkpt>
<trkpt lat="44.1111371" lon="14.8684331">
	<ele>6.80</ele>
	<time>2026-08-09T10:17:02.994Z</time>
	<hdop>3.79</hdop>
	<extensions>
		<gpxtpx:TrackPointExtension>
			<gpxtpx:course>312.0</gpxtpx:course>
		</gpxtpx:TrackPointExtension>
	</extensions>
</trkpt>
<trkpt lat="44.1113364" lon="14.8681290">
	<ele>3.62</ele>
	<time>2026-08-09T10:17:12.994Z</time>
	<hdop>3.79</hdop>
	<extensions>
		<gpxtpx:TrackPointExtension>
			<gpxtpx:course>311.0</gpxtpx:course>
		</gpxtpx:TrackPointExtension>
	</extensions>
</trkpt>
<trkpt lat="44.1115632" lon="14.8677794">
	<ele>6.72</ele>
	<time>2026-08-09T10:17:23.994Z</time>
	<hdop>3.79</hdop>
	<extensions>
		<gpxtpx:TrackPointExtension>
			<gpxtpx:course>311.0</gpxtpx:course>
		</gpxtpx:TrackPointExtension>
	</extensions>
</trkpt>
<trkpt lat="44.1117730" lon="14.8674568">
	<ele>8.76</ele>
	<time>2026-08-09T10:17:33.994Z</time>
	<hdop>3.79</hdop>
	<extensions>
		<gpxtpx:TrackPointExtension>
			<gpxtpx:course>311.0</gpxtpx:course>
		</gpxtpx:TrackPointExtension>
	</extensions>
</trkpt>
<trkpt lat="44.1119824" lon="14.8671113">
	<ele>5.69</ele>
	<time>2026-08-09T10:17:44.993Z</time>
	<hdop>9.94</hdop>
	<extensions>
		<gpxtpx:TrackPointExtension>
			<gpxtpx:course>311.0</gpxtpx:course>
		</gpxtpx:TrackPointExtension>
	</extensions>
</trkpt>
<trkpt lat="44.1121850" lon="14.8668074">
	<ele>6.03</ele>
	<time>2026-08-09T10:17:54.994Z</time>
	<hdop>9.94</hdop>
	<extensions>
		<gpxtpx:TrackPointExtension>
			<gpxtpx:course>311.0</gpxtpx:course>
		</gpxtpx:TrackPointExtension>
	</extensions>
</trkpt>
<trkpt lat="44.1124113" lon="14.8664654">
	<ele>6.82</ele>
	<time>2026-08-09T10:18:05.994Z</time>
	<hdop>9.94</hdop>
	<extensions>
		<gpxtpx:TrackPointExtension>
			<gpxtpx:course>313.0</gpxtpx:course>
		</gpxtpx:TrackPointExtension>
	</extensions>
</trkpt>
<trkpt lat="44.1126378" lon="14.8661385">
	<ele>2.22</ele>
	<time>2026-08-09T10:18:16.992Z</time>
	<hdop>9.94</hdop>
	<extensions>
		<gpxtpx:TrackPointExtension>
			<gpxtpx:course>311.0</gpxtpx:course>
		</gpxtpx:TrackPointExtension>
	</extensions>
</trkpt>
<trkpt lat="44.1128326" lon="14.8658399">
	<ele>5.64</ele>
	<time>2026-08-09T10:18:26.992Z</time>
	<hdop>9.94</hdop>
	<extensions>
		<gpxtpx:TrackPointExtension>
			<gpxtpx:course>311.0</gpxtpx:course>
		</gpxtpx:TrackPointExtension>
	</extensions>
</trkpt>
<trkpt lat="44.1130387" lon="14.8655235">
	<ele>2.14</ele>
	<time>2026-08-09T10:18:36.992Z</time>
	<hdop>9.94</hdop>
	<extensions>
		<gpxtpx:TrackPointExtension>
			<gpxtpx:course>312.0</gpxtpx:course>
		</gpxtpx:TrackPointExtension>
	</extensions>
</trkpt>
<trkpt lat="44.1132388" lon="14.8652003">
	<ele>2.89</ele>
	<time>2026-08-09T10:18:46.993Z</time>
	<hdop>9.94</hdop>
	<extensions>
		<gpxtpx:TrackPointExtension>
			<gpxtpx:course>312.0</gpxtpx:course>
		</gpxtpx:TrackPointExtension>
	</extensions>
</trkpt>
<trkpt lat="44.1134405" lon="14.8649039">
	<ele>2.47</ele>
	<time>2026-08-09T10:18:56.993Z</time>
	<hdop>9.94</hdop>
	<extensions>
		<gpxtpx:TrackPointExtension>
			<gpxtpx:course>311.0</gpxtpx:course>
		</gpxtpx:TrackPointExtension>
	</extensions>
</trkpt>
<trkpt lat="44.1136488" lon="14.8645930">
	<ele>1.18</ele>
	<time>2026-08-09T10:19:06.993Z</time>
	<hdop>9.94</hdop>
	<extensions>
		<gpxtpx:TrackPointExtension>
			<gpxtpx:course>312.0</gpxtpx:course>
		</gpxtpx:TrackPointExtension>
	</extensions>
</trkpt>
<trkpt lat="44.1138624" lon="14.8642487">
	<ele>-0.65</ele>
	<time>2026-08-09T10:19:17.993Z</time>
	<hdop>9.94</hdop>
	<extensions>
		<gpxtpx:TrackPointExtension>
			<gpxtpx:course>310.0</gpxtpx:course>
		</gpxtpx:TrackPointExtension>
	</extensions>
</trkpt>
<trkpt lat="44.1140661" lon="14.8639282">
	<ele>0.58</ele>
	<time>2026-08-09T10:19:27.993Z</time>
	<hdop>9.94</hdop>
	<extensions>
		<gpxtpx:TrackPointExtension>
			<gpxtpx:course>312.0</gpxtpx:course>
		</gpxtpx:TrackPointExtension>
	</extensions>
</trkpt>
<trkpt lat="44.1142717" lon="14.8636154">
	<ele>-2.35</ele>
	<time>2026-08-09T10:19:37.993Z</time>
	<hdop>9.94</hdop>
	<extensions>
		<gpxtpx:TrackPointExtension>
			<gpxtpx:course>310.0</gpxtpx:course>
		</gpxtpx:TrackPointExtension>
	</extensions>
</trkpt>
<trkpt lat="44.1144610" lon="14.8633132">
	<ele>-0.04</ele>
	<time>2026-08-09T10:19:47.994Z</time>
	<hdop>9.94</hdop>
	<extensions>
		<gpxtpx:TrackPointExtension>
			<gpxtpx:course>310.0</gpxtpx:course>
		</gpxtpx:TrackPointExtension>
	</extensions>
</trkpt>
<trkpt lat="44.1146792" lon="14.8629757">
	<ele>-1.94</ele>
	<time>2026-08-09T10:19:58.992Z</time>
	<hdop>9.94</hdop>
	<extensions>
		<gpxtpx:TrackPointExtension>
			<gpxtpx:course>313.0</gpxtpx:course>
		</gpxtpx:TrackPointExtension>
	</extensions>
</trkpt>
<trkpt lat="44.1148756" lon="14.8626658">
	<ele>-2.26</ele>
	<time>2026-08-09T10:20:08.993Z</time>
	<hdop>9.94</hdop>
	<extensions>
		<gpxtpx:TrackPointExtension>
			<gpxtpx:course>311.0</gpxtpx:course>
		</gpxtpx:TrackPointExtension>
	</extensions>
</trkpt>
<trkpt lat="44.1150760" lon="14.8623600">
	<ele>-0.87</ele>
	<time>2026-08-09T10:20:18.993Z</time>
	<hdop>9.94</hdop>
	<extensions>
		<gpxtpx:TrackPointExtension>
			<gpxtpx:course>309.0</gpxtpx:course>
		</gpxtpx:TrackPointExtension>
	</extensions>
</trkpt>
<trkpt lat="44.1152817" lon="14.8620467">
	<ele>-1.68</ele>
	<time>2026-08-09T10:20:28.993Z</time>
	<hdop>9.94</hdop>
	<extensions>
		<gpxtpx:TrackPointExtension>
			<gpxtpx:course>310.0</gpxtpx:course>
		</gpxtpx:TrackPointExtension>
	</extensions>
</trkpt>
<trkpt lat="44.1154750" lon="14.8617577">
	<ele>-3.73</ele>
	<time>2026-08-09T10:20:38.993Z</time>
	<hdop>9.94</hdop>
	<extensions>
		<gpxtpx:TrackPointExtension>
			<gpxtpx:course>312.0</gpxtpx:course>
		</gpxtpx:TrackPointExtension>
	</extensions>
</trkpt>
<trkpt lat="44.1156814" lon="14.8614568">
	<ele>-1.51</ele>
	<time>2026-08-09T10:20:48.993Z</time>
	<hdop>9.94</hdop>
	<extensions>
		<gpxtpx:TrackPointExtension>
			<gpxtpx:course>311.0</gpxtpx:course>
		</gpxtpx:TrackPointExtension>
	</extensions>
</trkpt>
<trkpt lat="44.1158810" lon="14.8611432">
	<ele>-5.59</ele>
	<time>2026-08-09T10:20:58.993Z</time>
	<hdop>9.94</hdop>
	<extensions>
		<gpxtpx:TrackPointExtension>
			<gpxtpx:course>310.0</gpxtpx:course>
		</gpxtpx:TrackPointExtension>
	</extensions>
</trkpt>
<trkpt lat="44.1160727" lon="14.8608483">
	<ele>-5.20</ele>
	<time>2026-08-09T10:21:08.993Z</time>
	<hdop>9.94</hdop>
	<extensions>
		<gpxtpx:TrackPointExtension>
			<gpxtpx:course>313.0</gpxtpx:course>
		</gpxtpx:TrackPointExtension>
	</extensions>
</trkpt>
<trkpt lat="44.1162643" lon="14.8605440">
	<ele>-5.64</ele>
	<time>2026-08-09T10:21:18.994Z</time>
	<hdop>9.94</hdop>
	<extensions>
		<gpxtpx:TrackPointExtension>
			<gpxtpx:course>311.0</gpxtpx:course>
		</gpxtpx:TrackPointExtension>
	</extensions>
</trkpt>
<trkpt lat="44.1164846" lon="14.8602198">
	<ele>-5.19</ele>
	<time>2026-08-09T10:21:29.993Z</time>
	<hdop>9.94</hdop>
	<extensions>
		<gpxtpx:TrackPointExtension>
			<gpxtpx:course>311.0</gpxtpx:course>
		</gpxtpx:TrackPointExtension>
	</extensions>
</trkpt>
<trkpt lat="44.1166726" lon="14.8599116">
	<ele>-6.33</ele>
	<time>2026-08-09T10:21:39.993Z</time>
	<hdop>9.94</hdop>
	<extensions>
		<gpxtpx:TrackPointExtension>
			<gpxtpx:course>310.0</gpxtpx:course>
		</gpxtpx:TrackPointExtension>
	</extensions>
</trkpt>
<trkpt lat="44.1168694" lon="14.8596031">
	<ele>-4.57</ele>
	<time>2026-08-09T10:21:49.993Z</time>
	<hdop>9.94</hdop>
	<extensions>
		<gpxtpx:TrackPointExtension>
			<gpxtpx:course>313.0</gpxtpx:course>
		</gpxtpx:TrackPointExtension>
	</extensions>
</trkpt>
<trkpt lat="44.1170592" lon="14.8593176">
	<ele>-7.74</ele>
	<time>2026-08-09T10:21:59.993Z</time>
	<hdop>9.94</hdop>
	<extensions>
		<gpxtpx:TrackPointExtension>
			<gpxtpx:course>313.0</gpxtpx:course>
		</gpxtpx:TrackPointExtension>
	</extensions>
</trkpt>
<trkpt lat="44.1172361" lon="14.8590247">
	<ele>-11.36</ele>
	<time>2026-08-09T10:22:09.994Z</time>
	<hdop>9.94</hdop>
	<extensions>
		<gpxtpx:TrackPointExtension>
			<gpxtpx:course>307.0</gpxtpx:course>
		</gpxtpx:TrackPointExtension>
	</extensions>
</trkpt>
<trkpt lat="44.1174615" lon="14.8586924">
	<ele>-9.19</ele>
	<time>2026-08-09T10:22:20.993Z</time>
	<hdop>9.94</hdop>
	<extensions>
		<gpxtpx:TrackPointExtension>
			<gpxtpx:course>314.0</gpxtpx:course>
		</gpxtpx:TrackPointExtension>
	</extensions>
</trkpt>
<trkpt lat="44.1176848" lon="14.8583558">
	<ele>-8.58</ele>
	<time>2026-08-09T10:22:31.994Z</time>
	<hdop>9.94</hdop>
	<extensions>
		<gpxtpx:TrackPointExtension>
			<gpxtpx:course>310.0</gpxtpx:course>
		</gpxtpx:TrackPointExtension>
	</extensions>
</trkpt>
<trkpt lat="44.1178963" lon="14.8580300">
	<ele>-6.30</ele>
	<time>2026-08-09T10:22:42.992Z</time>
	<hdop>9.06</hdop>
	<extensions>
		<gpxtpx:TrackPointExtension>
			<gpxtpx:course>312.0</gpxtpx:course>
		</gpxtpx:TrackPointExtension>
	</extensions>
</trkpt>
<trkpt lat="44.1180886" lon="14.8577369">
	<ele>-15.02</ele>
	<time>2026-08-09T10:22:52.993Z</time>
	<hdop>3.79</hdop>
	<extensions>
		<gpxtpx:TrackPointExtension>
			<gpxtpx:course>313.0</gpxtpx:course>
		</gpxtpx:TrackPointExtension>
	</extensions>
</trkpt>
<trkpt lat="44.1182859" lon="14.8574425">
	<ele>-16.26</ele>
	<time>2026-08-09T10:23:02.993Z</time>
	<hdop>3.79</hdop>
	<extensions>
		<gpxtpx:TrackPointExtension>
			<gpxtpx:course>315.0</gpxtpx:course>
		</gpxtpx:TrackPointExtension>
	</extensions>
</trkpt>
<trkpt lat="44.1184785" lon="14.8571451">
	<ele>-10.03</ele>
	<time>2026-08-09T10:23:12.994Z</time>
	<hdop>3.79</hdop>
	<extensions>
		<gpxtpx:TrackPointExtension>
			<gpxtpx:course>311.0</gpxtpx:course>
		</gpxtpx:TrackPointExtension>
	</extensions>
</trkpt>
<trkpt lat="44.1186848" lon="14.8568249">
	<ele>-4.89</ele>
	<time>2026-08-09T10:23:23.992Z</time>
	<hdop>3.79</hdop>
	<extensions>
		<gpxtpx:TrackPointExtension>
			<gpxtpx:course>311.0</gpxtpx:course>
		</gpxtpx:TrackPointExtension>
	</extensions>
</trkpt>
<trkpt lat="44.1188727" lon="14.8565436">
	<ele>-4.13</ele>
	<time>2026-08-09T10:23:33.993Z</time>
	<hdop>3.79</hdop>
	<extensions>
		<gpxtpx:TrackPointExtension>
			<gpxtpx:course>308.0</gpxtpx:course>
		</gpxtpx:TrackPointExtension>
	</extensions>
</trkpt>
<trkpt lat="44.1190923" lon="14.8562097">
	<ele>-0.50</ele>
	<time>2026-08-09T10:23:44.992Z</time>
	<hdop>9.94</hdop>
	<extensions>
		<gpxtpx:TrackPointExtension>
			<gpxtpx:course>308.0</gpxtpx:course>
		</gpxtpx:TrackPointExtension>
	</extensions>
</trkpt>
<trkpt lat="44.1192796" lon="14.8558970">
	<ele>-1.53</ele>
	<time>2026-08-09T10:23:54.993Z</time>
	<hdop>9.94</hdop>
	<extensions>
		<gpxtpx:TrackPointExtension>
			<gpxtpx:course>311.0</gpxtpx:course>
		</gpxtpx:TrackPointExtension>
	</extensions>
</trkpt>
<trkpt lat="44.1194729" lon="14.8555967">
	<ele>-2.93</ele>
	<time>2026-08-09T10:24:04.993Z</time>
	<hdop>9.94</hdop>
	<extensions>
		<gpxtpx:TrackPointExtension>
			<gpxtpx:course>311.0</gpxtpx:course>
		</gpxtpx:TrackPointExtension>
	</extensions>
</trkpt>
<trkpt lat="44.1196935" lon="14.8552665">
	<ele>-8.56</ele>
	<time>2026-08-09T10:24:15.994Z</time>
	<hdop>9.94</hdop>
	<extensions>
		<gpxtpx:TrackPointExtension>
			<gpxtpx:course>313.0</gpxtpx:course>
		</gpxtpx:TrackPointExtension>
	</extensions>
</trkpt>
<trkpt lat="44.1199018" lon="14.8549418">
	<ele>-5.48</ele>
	<time>2026-08-09T10:24:26.992Z</time>
	<hdop>9.94</hdop>
	<extensions>
		<gpxtpx:TrackPointExtension>
			<gpxtpx:course>314.0</gpxtpx:course>
		</gpxtpx:TrackPointExtension>
	</extensions>
</trkpt>
<trkpt lat="44.1200834" lon="14.8546393">
	<ele>-4.08</ele>
	<time>2026-08-09T10:24:36.992Z</time>
	<hdop>9.94</hdop>
	<extensions>
		<gpxtpx:TrackPointExtension>
			<gpxtpx:course>311.0</gpxtpx:course>
		</gpxtpx:TrackPointExtension>
	</extensions>
</trkpt>
<trkpt lat="44.1202799" lon="14.8543371">
	<ele>-1.65</ele>
	<time>2026-08-09T10:24:46.992Z</time>
	<hdop>9.94</hdop>
	<extensions>
		<gpxtpx:TrackPointExtension>
			<gpxtpx:course>310.0</gpxtpx:course>
		</gpxtpx:TrackPointExtension>
	</extensions>
</trkpt>
<trkpt lat="44.1204659" lon="14.8540362">
	<ele>-2.95</ele>
	<time>2026-08-09T10:24:56.993Z</time>
	<hdop>9.94</hdop>
	<extensions>
		<gpxtpx:TrackPointExtension>
			<gpxtpx:course>311.0</gpxtpx:course>
		</gpxtpx:TrackPointExtension>
	</extensions>
</trkpt>
<trkpt lat="44.1206600" lon="14.8537444">
	<ele>-0.84</ele>
	<time>2026-08-09T10:25:06.993Z</time>
	<hdop>9.94</hdop>
	<extensions>
		<gpxtpx:TrackPointExtension>
			<gpxtpx:course>312.0</gpxtpx:course>
		</gpxtpx:TrackPointExtension>
	</extensions>
</trkpt>
<trkpt lat="44.1208710" lon="14.8534462">
	<ele>0.41</ele>
	<time>2026-08-09T10:25:16.993Z</time>
	<hdop>9.94</hdop>
	<extensions>
		<gpxtpx:TrackPointExtension>
			<gpxtpx:course>311.0</gpxtpx:course>
		</gpxtpx:TrackPointExtension>
	</extensions>
</trkpt>
<trkpt lat="44.1210615" lon="14.8531414">
	<ele>0.27</ele>
	<time>2026-08-09T10:25:26.993Z</time>
	<hdop>9.94</hdop>
	<extensions>
		<gpxtpx:TrackPointExtension>
			<gpxtpx:course>311.0</gpxtpx:course>
		</gpxtpx:TrackPointExtension>
	</extensions>
</trkpt>
<trkpt lat="44.1212744" lon="14.8527946">
	<ele>-2.43</ele>
	<time>2026-08-09T10:25:37.992Z</time>
	<hdop>9.94</hdop>
	<extensions>
		<gpxtpx:TrackPointExtension>
			<gpxtpx:course>311.0</gpxtpx:course>
		</gpxtpx:TrackPointExtension>
	</extensions>
</trkpt>
<trkpt lat="44.1214654" lon="14.8524868">
	<ele>-0.08</ele>
	<time>2026-08-09T10:25:47.992Z</time>
	<hdop>9.94</hdop>
	<extensions>
		<gpxtpx:TrackPointExtension>
			<gpxtpx:course>309.0</gpxtpx:course>
		</gpxtpx:TrackPointExtension>
	</extensions>
</trkpt>
<trkpt lat="44.1216471" lon="14.8521909">
	<ele>-0.99</ele>
	<time>2026-08-09T10:25:57.992Z</time>
	<hdop>9.94</hdop>
	<extensions>
		<gpxtpx:TrackPointExtension>
			<gpxtpx:course>312.0</gpxtpx:course>
		</gpxtpx:TrackPointExtension>
	</extensions>
</trkpt>
<trkpt lat="44.1218327" lon="14.8518978">
	<ele>0.22</ele>
	<time>2026-08-09T10:26:07.992Z</time>
	<hdop>9.94</hdop>
	<extensions>
		<gpxtpx:TrackPointExtension>
			<gpxtpx:course>312.0</gpxtpx:course>
		</gpxtpx:TrackPointExtension>
	</extensions>
</trkpt>
<trkpt lat="44.1220293" lon="14.8515995">
	<ele>-1.63</ele>
	<time>2026-08-09T10:26:17.993Z</time>
	<hdop>9.94</hdop>
	<extensions>
		<gpxtpx:TrackPointExtension>
			<gpxtpx:course>312.0</gpxtpx:course>
		</gpxtpx:TrackPointExtension>
	</extensions>
</trkpt>
<trkpt lat="44.1222250" lon="14.8512936">
	<ele>-1.21</ele>
	<time>2026-08-09T10:26:27.994Z</time>
	<hdop>9.94</hdop>
	<extensions>
		<gpxtpx:TrackPointExtension>
			<gpxtpx:course>319.0</gpxtpx:course>
		</gpxtpx:TrackPointExtension>
	</extensions>
</trkpt>
<trkpt lat="44.1224395" lon="14.8509539">
	<ele>-0.55</ele>
	<time>2026-08-09T10:26:38.993Z</time>
	<hdop>9.94</hdop>
	<extensions>
		<gpxtpx:TrackPointExtension>
			<gpxtpx:course>311.0</gpxtpx:course>
		</gpxtpx:TrackPointExtension>
	</extensions>
</trkpt>
<trkpt lat="44.1226394" lon="14.8506473">
	<ele>-5.03</ele>
	<time>2026-08-09T10:26:48.993Z</time>
	<hdop>5.84</hdop>
	<extensions>
		<gpxtpx:TrackPointExtension>
			<gpxtpx:course>311.0</gpxtpx:course>
		</gpxtpx:TrackPointExtension>
	</extensions>
</trkpt>
<trkpt lat="44.1228584" lon="14.8503193">
	<ele>-2.93</ele>
	<time>2026-08-09T10:26:59.991Z</time>
	<hdop>3.79</hdop>
	<extensions>
		<gpxtpx:TrackPointExtension>
			<gpxtpx:course>311.0</gpxtpx:course>
		</gpxtpx:TrackPointExtension>
	</extensions>
</trkpt>
<trkpt lat="44.1230540" lon="14.8500226">
	<ele>-3.00</ele>
	<time>2026-08-09T10:27:09.992Z</time>
	<hdop>3.79</hdop>
	<extensions>
		<gpxtpx:TrackPointExtension>
			<gpxtpx:course>312.0</gpxtpx:course>
		</gpxtpx:TrackPointExtension>
	</extensions>
</trkpt>
<trkpt lat="44.1232396" lon="14.8497257">
	<ele>-1.58</ele>
	<time>2026-08-09T10:27:19.993Z</time>
	<hdop>3.79</hdop>
	<extensions>
		<gpxtpx:TrackPointExtension>
			<gpxtpx:course>309.0</gpxtpx:course>
		</gpxtpx:TrackPointExtension>
	</extensions>
</trkpt>
<trkpt lat="44.1234332" lon="14.8493756">
	<ele>-12.10</ele>
	<time>2026-08-09T10:27:30.992Z</time>
	<hdop>3.79</hdop>
	<extensions>
		<gpxtpx:TrackPointExtension>
			<gpxtpx:course>305.0</gpxtpx:course>
		</gpxtpx:TrackPointExtension>
	</extensions>
</trkpt>
<trkpt lat="44.1236066" lon="14.8490660">
	<ele>-42.61</ele>
	<time>2026-08-09T10:27:40.992Z</time>
	<hdop>3.79</hdop>
	<extensions>
		<gpxtpx:TrackPointExtension>
			<gpxtpx:course>308.0</gpxtpx:course>
		</gpxtpx:TrackPointExtension>
	</extensions>
</trkpt>
<trkpt lat="44.1237782" lon="14.8487572">
	<ele>-61.69</ele>
	<time>2026-08-09T10:27:50.993Z</time>
	<hdop>3.79</hdop>
	<extensions>
		<gpxtpx:TrackPointExtension>
			<gpxtpx:course>306.0</gpxtpx:course>
		</gpxtpx:TrackPointExtension>
	</extensions>
</trkpt>
<trkpt lat="44.1239486" lon="14.8484495">
	<ele>-48.13</ele>
	<time>2026-08-09T10:28:00.993Z</time>
	<hdop>3.79</hdop>
	<extensions>
		<gpxtpx:TrackPointExtension>
			<gpxtpx:course>307.0</gpxtpx:course>
		</gpxtpx:TrackPointExtension>
	</extensions>
</trkpt>
<trkpt lat="44.1241307" lon="14.8481192">
	<ele>-29.85</ele>
	<time>2026-08-09T10:28:11.993Z</time>
	<hdop>3.79</hdop>
	<extensions>
		<gpxtpx:TrackPointExtension>
			<gpxtpx:course>306.0</gpxtpx:course>
		</gpxtpx:TrackPointExtension>
	</extensions>
</trkpt>
<trkpt lat="44.1242963" lon="14.8477941">
	<ele>-12.42</ele>
	<time>2026-08-09T10:28:22.992Z</time>
	<hdop>3.79</hdop>
	<extensions>
		<gpxtpx:TrackPointExtension>
			<gpxtpx:course>306.0</gpxtpx:course>
		</gpxtpx:TrackPointExtension>
	</extensions>
</trkpt>
<trkpt lat="44.1244608" lon="14.8474671">
	<ele>-4.58</ele>
	<time>2026-08-09T10:28:33.991Z</time>
	<hdop>3.79</hdop>
	<extensions>
		<gpxtpx:TrackPointExtension>
			<gpxtpx:course>304.0</gpxtpx:course>
		</gpxtpx:TrackPointExtension>
	</extensions>
</trkpt>
<trkpt lat="44.1246185" lon="14.8471667">
	<ele>-0.87</ele>
	<time>2026-08-09T10:28:43.991Z</time>
	<hdop>3.79</hdop>
	<extensions>
		<gpxtpx:TrackPointExtension>
			<gpxtpx:course>308.0</gpxtpx:course>
		</gpxtpx:TrackPointExtension>
	</extensions>
</trkpt>
<trkpt lat="44.1247804" lon="14.8468691">
	<ele>0.97</ele>
	<time>2026-08-09T10:28:53.993Z</time>
	<hdop>3.79</hdop>
	<extensions>
		<gpxtpx:TrackPointExtension>
			<gpxtpx:course>308.0</gpxtpx:course>
		</gpxtpx:TrackPointExtension>
	</extensions>
</trkpt>
<trkpt lat="44.1249567" lon="14.8465632">
	<ele>2.73</ele>
	<time>2026-08-09T10:29:03.993Z</time>
	<hdop>3.79</hdop>
	<extensions>
		<gpxtpx:TrackPointExtension>
			<gpxtpx:course>309.0</gpxtpx:course>
		</gpxtpx:TrackPointExtension>
	</extensions>
</trkpt>
<trkpt lat="44.1251449" lon="14.8462366">
	<ele>1.91</ele>
	<time>2026-08-09T10:29:14.992Z</time>
	<hdop>3.79</hdop>
	<extensions>
		<gpxtpx:TrackPointExtension>
			<gpxtpx:course>306.0</gpxtpx:course>
		</gpxtpx:TrackPointExtension>
	</extensions>
</trkpt>
<trkpt lat="44.1253074" lon="14.8459324">
	<ele>0.58</ele>
	<time>2026-08-09T10:29:24.992Z</time>
	<hdop>3.79</hdop>
	<extensions>
		<gpxtpx:TrackPointExtension>
			<gpxtpx:course>307.0</gpxtpx:course>
		</gpxtpx:TrackPointExtension>
	</extensions>
</trkpt>
<trkpt lat="44.1254749" lon="14.8456306">
	<ele>1.91</ele>
	<time>2026-08-09T10:29:34.993Z</time>
	<hdop>3.79</hdop>
	<extensions>
		<gpxtpx:TrackPointExtension>
			<gpxtpx:course>306.0</gpxtpx:course>
		</gpxtpx:TrackPointExtension>
	</extensions>
</trkpt>
<trkpt lat="44.1256410" lon="14.8453219">
	<ele>0.11</ele>
	<time>2026-08-09T10:29:44.993Z</time>
	<hdop>3.79</hdop>
	<extensions>
		<gpxtpx:TrackPointExtension>
			<gpxtpx:course>307.0</gpxtpx:course>
		</gpxtpx:TrackPointExtension>
	</extensions>
</trkpt>
<trkpt lat="44.1258350" lon="14.8449864">
	<ele>-3.81</ele>
	<time>2026-08-09T10:29:55.993Z</time>
	<hdop>3.79</hdop>
	<extensions>
		<gpxtpx:TrackPointExtension>
			<gpxtpx:course>306.0</gpxtpx:course>
		</gpxtpx:TrackPointExtension>
	</extensions>
</trkpt>
<trkpt lat="44.1260220" lon="14.8446461">
	<ele>-33.26</ele>
	<time>2026-08-09T10:30:06.992Z</time>
	<hdop>3.79</hdop>
	<extensions>
		<gpxtpx:TrackPointExtension>
			<gpxtpx:course>306.0</gpxtpx:course>
		</gpxtpx:TrackPointExtension>
	</extensions>
</trkpt>
<trkpt lat="44.1261923" lon="14.8443501">
	<ele>-58.95</ele>
	<time>2026-08-09T10:30:16.992Z</time>
	<hdop>3.79</hdop>
	<extensions>
		<gpxtpx:TrackPointExtension>
			<gpxtpx:course>308.0</gpxtpx:course>
		</gpxtpx:TrackPointExtension>
	</extensions>
</trkpt>
<trkpt lat="44.1263593" lon="14.8440486">
	<ele>-60.43</ele>
	<time>2026-08-09T10:30:26.993Z</time>
	<hdop>3.79</hdop>
	<extensions>
		<gpxtpx:TrackPointExtension>
			<gpxtpx:course>307.0</gpxtpx:course>
		</gpxtpx:TrackPointExtension>
	</extensions>
</trkpt>
<trkpt lat="44.1265423" lon="14.8437206">
	<ele>-40.41</ele>
	<time>2026-08-09T10:30:37.992Z</time>
	<hdop>3.79</hdop>
	<extensions>
		<gpxtpx:TrackPointExtension>
			<gpxtpx:course>308.0</gpxtpx:course>
		</gpxtpx:TrackPointExtension>
	</extensions>
</trkpt>
<trkpt lat="44.1267190" lon="14.8434171">
	<ele>-31.10</ele>
	<time>2026-08-09T10:30:47.993Z</time>
	<hdop>3.79</hdop>
	<extensions>
		<gpxtpx:TrackPointExtension>
			<gpxtpx:course>309.0</gpxtpx:course>
		</gpxtpx:TrackPointExtension>
	</extensions>
</trkpt>
<trkpt lat="44.1269033" lon="14.8430776">
	<ele>-28.63</ele>
	<time>2026-08-09T10:30:58.991Z</time>
	<hdop>3.79</hdop>
	<extensions>
		<gpxtpx:TrackPointExtension>
			<gpxtpx:course>308.0</gpxtpx:course>
		</gpxtpx:TrackPointExtension>
	</extensions>
</trkpt>
<trkpt lat="44.1270767" lon="14.8427802">
	<ele>-26.69</ele>
	<time>2026-08-09T10:31:08.991Z</time>
	<hdop>3.79</hdop>
	<extensions>
		<gpxtpx:TrackPointExtension>
			<gpxtpx:course>309.0</gpxtpx:course>
		</gpxtpx:TrackPointExtension>
	</extensions>
</trkpt>
<trkpt lat="44.1272524" lon="14.8424819">
	<ele>-15.88</ele>
	<time>2026-08-09T10:31:18.992Z</time>
	<hdop>3.79</hdop>
	<extensions>
		<gpxtpx:TrackPointExtension>
			<gpxtpx:course>306.0</gpxtpx:course>
		</gpxtpx:TrackPointExtension>
	</extensions>
</trkpt>
<trkpt lat="44.1274176" lon="14.8421815">
	<ele>-11.24</ele>
	<time>2026-08-09T10:31:28.993Z</time>
	<hdop>3.79</hdop>
	<extensions>
		<gpxtpx:TrackPointExtension>
			<gpxtpx:course>306.0</gpxtpx:course>
		</gpxtpx:TrackPointExtension>
	</extensions>
</trkpt>
<trkpt lat="44.1276056" lon="14.8418452">
	<ele>-19.27</ele>
	<time>2026-08-09T10:31:39.992Z</time>
	<hdop>3.79</hdop>
	<extensions>
		<gpxtpx:TrackPointExtension>
			<gpxtpx:course>308.0</gpxtpx:course>
		</gpxtpx:TrackPointExtension>
	</extensions>
</trkpt>
<trkpt lat="44.1277812" lon="14.8415496">
	<ele>-37.68</ele>
	<time>2026-08-09T10:31:49.993Z</time>
	<hdop>3.79</hdop>
	<extensions>
		<gpxtpx:TrackPointExtension>
			<gpxtpx:course>306.0</gpxtpx:course>
		</gpxtpx:TrackPointExtension>
	</extensions>
</trkpt>
<trkpt lat="44.1279730" lon="14.8412150">
	<ele>-47.60</ele>
	<time>2026-08-09T10:32:00.993Z</time>
	<hdop>3.79</hdop>
	<extensions>
		<gpxtpx:TrackPointExtension>
			<gpxtpx:course>307.0</gpxtpx:course>
		</gpxtpx:TrackPointExtension>
	</extensions>
</trkpt>
<trkpt lat="44.1281623" lon="14.8408762">
	<ele>-62.69</ele>
	<time>2026-08-09T10:32:11.991Z</time>
	<hdop>3.79</hdop>
	<extensions>
		<gpxtpx:TrackPointExtension>
			<gpxtpx:course>308.0</gpxtpx:course>
		</gpxtpx:TrackPointExtension>
	</extensions>
</trkpt>
<trkpt lat="44.1283372" lon="14.8405814">
	<ele>-53.02</ele>
	<time>2026-08-09T10:32:21.993Z</time>
	<hdop>3.79</hdop>
	<extensions>
		<gpxtpx:TrackPointExtension>
			<gpxtpx:course>309.0</gpxtpx:course>
		</gpxtpx:TrackPointExtension>
	</extensions>
</trkpt>
<trkpt lat="44.1285314" lon="14.8402432">
	<ele>-35.52</ele>
	<time>2026-08-09T10:32:32.991Z</time>
	<hdop>3.79</hdop>
	<extensions>
		<gpxtpx:TrackPointExtension>
			<gpxtpx:course>312.0</gpxtpx:course>
		</gpxtpx:TrackPointExtension>
	</extensions>
</trkpt>
<trkpt lat="44.1286973" lon="14.8399403">
	<ele>-16.88</ele>
	<time>2026-08-09T10:32:42.992Z</time>
	<hdop>3.79</hdop>
	<extensions>
		<gpxtpx:TrackPointExtension>
			<gpxtpx:course>306.0</gpxtpx:course>
		</gpxtpx:TrackPointExtension>
	</extensions>
</trkpt>
<trkpt lat="44.1288710" lon="14.8396342">
	<ele>-9.47</ele>
	<time>2026-08-09T10:32:52.993Z</time>
	<hdop>3.79</hdop>
	<extensions>
		<gpxtpx:TrackPointExtension>
			<gpxtpx:course>310.0</gpxtpx:course>
		</gpxtpx:TrackPointExtension>
	</extensions>
</trkpt>
<trkpt lat="44.1290559" lon="14.8393092">
	<ele>-2.36</ele>
	<time>2026-08-09T10:33:03.992Z</time>
	<hdop>3.79</hdop>
	<extensions>
		<gpxtpx:TrackPointExtension>
			<gpxtpx:course>308.0</gpxtpx:course>
		</gpxtpx:TrackPointExtension>
	</extensions>
</trkpt>
<trkpt lat="44.1292323" lon="14.8390095">
	<ele>-3.71</ele>
	<time>2026-08-09T10:33:13.992Z</time>
	<hdop>3.79</hdop>
	<extensions>
		<gpxtpx:TrackPointExtension>
			<gpxtpx:course>307.0</gpxtpx:course>
		</gpxtpx:TrackPointExtension>
	</extensions>
</trkpt>
<trkpt lat="44.1294167" lon="14.8386761">
	<ele>-27.08</ele>
	<time>2026-08-09T10:33:24.992Z</time>
	<hdop>3.79</hdop>
	<extensions>
		<gpxtpx:TrackPointExtension>
			<gpxtpx:course>308.0</gpxtpx:course>
		</gpxtpx:TrackPointExtension>
	</extensions>
</trkpt>
<trkpt lat="44.1296024" lon="14.8383448">
	<ele>-35.82</ele>
	<time>2026-08-09T10:33:35.993Z</time>
	<hdop>3.79</hdop>
	<extensions>
		<gpxtpx:TrackPointExtension>
			<gpxtpx:course>307.0</gpxtpx:course>
		</gpxtpx:TrackPointExtension>
	</extensions>
</trkpt>
<trkpt lat="44.1297802" lon="14.8380458">
	<ele>-28.07</ele>
	<time>2026-08-09T10:33:45.993Z</time>
	<hdop>3.79</hdop>
	<extensions>
		<gpxtpx:TrackPointExtension>
			<gpxtpx:course>310.0</gpxtpx:course>
		</gpxtpx:TrackPointExtension>
	</extensions>
</trkpt>
<trkpt lat="44.1299737" lon="14.8377237">
	<ele>-13.09</ele>
	<time>2026-08-09T10:33:56.992Z</time>
	<hdop>3.79</hdop>
	<extensions>
		<gpxtpx:TrackPointExtension>
			<gpxtpx:course>309.0</gpxtpx:course>
		</gpxtpx:TrackPointExtension>
	</extensions>
</trkpt>
<trkpt lat="44.1301571" lon="14.8373900">
	<ele>-3.60</ele>
	<time>2026-08-09T10:34:07.991Z</time>
	<hdop>3.79</hdop>
	<extensions>
		<gpxtpx:TrackPointExtension>
			<gpxtpx:course>309.0</gpxtpx:course>
		</gpxtpx:TrackPointExtension>
	</extensions>
</trkpt>
<trkpt lat="44.1303270" lon="14.8370892">
	<ele>3.00</ele>
	<time>2026-08-09T10:34:17.991Z</time>
	<hdop>3.79</hdop>
	<extensions>
		<gpxtpx:TrackPointExtension>
			<gpxtpx:course>309.0</gpxtpx:course>
		</gpxtpx:TrackPointExtension>
	</extensions>
</trkpt>
<trkpt lat="44.1305000" lon="14.8367872">
	<ele>2.38</ele>
	<time>2026-08-09T10:34:27.991Z</time>
	<hdop>3.79</hdop>
	<extensions>
		<gpxtpx:TrackPointExtension>
			<gpxtpx:course>309.0</gpxtpx:course>
		</gpxtpx:TrackPointExtension>
	</extensions>
</trkpt>
<trkpt lat="44.1306763" lon="14.8364863">
	<ele>3.98</ele>
	<time>2026-08-09T10:34:37.992Z</time>
	<hdop>3.79</hdop>
	<extensions>
		<gpxtpx:TrackPointExtension>
			<gpxtpx:course>308.0</gpxtpx:course>
		</gpxtpx:TrackPointExtension>
	</extensions>
</trkpt>
<trkpt lat="44.1308683" lon="14.8361499">
	<ele>5.50</ele>
	<time>2026-08-09T10:34:48.992Z</time>
	<hdop>3.79</hdop>
	<extensions>
		<gpxtpx:TrackPointExtension>
			<gpxtpx:course>308.0</gpxtpx:course>
		</gpxtpx:TrackPointExtension>
	</extensions>
</trkpt>
<trkpt lat="44.1310529" lon="14.8358246">
	<ele>1.80</ele>
	<time>2026-08-09T10:34:59.992Z</time>
	<hdop>3.79</hdop>
	<extensions>
		<gpxtpx:TrackPointExtension>
			<gpxtpx:course>307.0</gpxtpx:course>
		</gpxtpx:TrackPointExtension>
	</extensions>
</trkpt>
<trkpt lat="44.1312170" lon="14.8355262">
	<ele>-9.52</ele>
	<time>2026-08-09T10:35:09.992Z</time>
	<hdop>3.79</hdop>
	<extensions>
		<gpxtpx:TrackPointExtension>
			<gpxtpx:course>308.0</gpxtpx:course>
		</gpxtpx:TrackPointExtension>
	</extensions>
</trkpt>
<trkpt lat="44.1314009" lon="14.8351971">
	<ele>-23.97</ele>
	<time>2026-08-09T10:35:20.992Z</time>
	<hdop>3.79</hdop>
	<extensions>
		<gpxtpx:TrackPointExtension>
			<gpxtpx:course>308.0</gpxtpx:course>
		</gpxtpx:TrackPointExtension>
	</extensions>
</trkpt>
<trkpt lat="44.1315902" lon="14.8348610">
	<ele>-23.54</ele>
	<time>2026-08-09T10:35:31.992Z</time>
	<hdop>3.79</hdop>
	<extensions>
		<gpxtpx:TrackPointExtension>
			<gpxtpx:course>308.0</gpxtpx:course>
		</gpxtpx:TrackPointExtension>
	</extensions>
</trkpt>
<trkpt lat="44.1317669" lon="14.8345483">
	<ele>-24.91</ele>
	<time>2026-08-09T10:35:41.992Z</time>
	<hdop>3.79</hdop>
	<extensions>
		<gpxtpx:TrackPointExtension>
			<gpxtpx:course>307.0</gpxtpx:course>
		</gpxtpx:TrackPointExtension>
	</extensions>
</trkpt>
<trkpt lat="44.1319546" lon="14.8342102">
	<ele>-20.50</ele>
	<time>2026-08-09T10:35:52.991Z</time>
	<hdop>3.79</hdop>
	<extensions>
		<gpxtpx:TrackPointExtension>
			<gpxtpx:course>306.0</gpxtpx:course>
		</gpxtpx:TrackPointExtension>
	</extensions>
</trkpt>
<trkpt lat="44.1321335" lon="14.8338989">
	<ele>-13.41</ele>
	<time>2026-08-09T10:36:02.992Z</time>
	<hdop>3.79</hdop>
	<extensions>
		<gpxtpx:TrackPointExtension>
			<gpxtpx:course>308.0</gpxtpx:course>
		</gpxtpx:TrackPointExtension>
	</extensions>
</trkpt>
<trkpt lat="44.1323239" lon="14.8335627">
	<ele>-1.18</ele>
	<time>2026-08-09T10:36:13.992Z</time>
	<hdop>3.79</hdop>
	<extensions>
		<gpxtpx:TrackPointExtension>
			<gpxtpx:course>310.0</gpxtpx:course>
		</gpxtpx:TrackPointExtension>
	</extensions>
</trkpt>
<trkpt lat="44.1324958" lon="14.8332545">
	<ele>2.84</ele>
	<time>2026-08-09T10:36:23.992Z</time>
	<hdop>3.79</hdop>
	<extensions>
		<gpxtpx:TrackPointExtension>
			<gpxtpx:course>308.0</gpxtpx:course>
		</gpxtpx:TrackPointExtension>
	</extensions>
</trkpt>
<trkpt lat="44.1326670" lon="14.8329461">
	<ele>7.54</ele>
	<time>2026-08-09T10:36:33.992Z</time>
	<hdop>3.79</hdop>
	<extensions>
		<gpxtpx:TrackPointExtension>
			<gpxtpx:course>308.0</gpxtpx:course>
		</gpxtpx:TrackPointExtension>
	</extensions>
</trkpt>
<trkpt lat="44.1328319" lon="14.8326481">
	<ele>8.50</ele>
	<time>2026-08-09T10:36:43.992Z</time>
	<hdop>3.79</hdop>
	<extensions>
		<gpxtpx:TrackPointExtension>
			<gpxtpx:course>306.0</gpxtpx:course>
		</gpxtpx:TrackPointExtension>
	</extensions>
</trkpt>
<trkpt lat="44.1330177" lon="14.8323255">
	<ele>12.03</ele>
	<time>2026-08-09T10:36:54.991Z</time>
	<hdop>3.79</hdop>
	<extensions>
		<gpxtpx:TrackPointExtension>
			<gpxtpx:course>307.0</gpxtpx:course>
		</gpxtpx:TrackPointExtension>
	</extensions>
</trkpt>
<trkpt lat="44.1331937" lon="14.8320185">
	<ele>13.02</ele>
	<time>2026-08-09T10:37:04.991Z</time>
	<hdop>3.79</hdop>
	<extensions>
		<gpxtpx:TrackPointExtension>
			<gpxtpx:course>305.0</gpxtpx:course>
		</gpxtpx:TrackPointExtension>
	</extensions>
</trkpt>
<trkpt lat="44.1333588" lon="14.8317048">
	<ele>10.92</ele>
	<time>2026-08-09T10:37:14.992Z</time>
	<hdop>3.79</hdop>
	<extensions>
		<gpxtpx:TrackPointExtension>
			<gpxtpx:course>308.0</gpxtpx:course>
		</gpxtpx:TrackPointExtension>
	</extensions>
</trkpt>
<trkpt lat="44.1335266" lon="14.8313933">
	<ele>8.80</ele>
	<time>2026-08-09T10:37:24.992Z</time>
	<hdop>3.79</hdop>
	<extensions>
		<gpxtpx:TrackPointExtension>
			<gpxtpx:course>306.0</gpxtpx:course>
		</gpxtpx:TrackPointExtension>
	</extensions>
</trkpt>
<trkpt lat="44.1337292" lon="14.8310584">
	<ele>7.68</ele>
	<time>2026-08-09T10:37:35.990Z</time>
	<hdop>3.79</hdop>
	<extensions>
		<gpxtpx:TrackPointExtension>
			<gpxtpx:course>308.0</gpxtpx:course>
		</gpxtpx:TrackPointExtension>
	</extensions>
</trkpt>
<trkpt lat="44.1339026" lon="14.8307441">
	<ele>7.67</ele>
	<time>2026-08-09T10:37:45.990Z</time>
	<hdop>3.79</hdop>
	<extensions>
		<gpxtpx:TrackPointExtension>
			<gpxtpx:course>305.0</gpxtpx:course>
		</gpxtpx:TrackPointExtension>
	</extensions>
</trkpt>
<trkpt lat="44.1340678" lon="14.8304424">
	<ele>8.14</ele>
	<time>2026-08-09T10:37:55.992Z</time>
	<hdop>3.79</hdop>
	<extensions>
		<gpxtpx:TrackPointExtension>
			<gpxtpx:course>307.0</gpxtpx:course>
		</gpxtpx:TrackPointExtension>
	</extensions>
</trkpt>
<trkpt lat="44.1342572" lon="14.8301077">
	<ele>6.09</ele>
	<time>2026-08-09T10:38:06.991Z</time>
	<hdop>3.79</hdop>
	<extensions>
		<gpxtpx:TrackPointExtension>
			<gpxtpx:course>311.0</gpxtpx:course>
		</gpxtpx:TrackPointExtension>
	</extensions>
</trkpt>
<trkpt lat="44.1344194" lon="14.8298037">
	<ele>5.05</ele>
	<time>2026-08-09T10:38:16.991Z</time>
	<hdop>3.79</hdop>
	<extensions>
		<gpxtpx:TrackPointExtension>
			<gpxtpx:course>305.0</gpxtpx:course>
		</gpxtpx:TrackPointExtension>
	</extensions>
</trkpt>
<trkpt lat="44.1345855" lon="14.8294845">
	<ele>6.43</ele>
	<time>2026-08-09T10:38:26.992Z</time>
	<hdop>3.79</hdop>
	<extensions>
		<gpxtpx:TrackPointExtension>
			<gpxtpx:course>307.0</gpxtpx:course>
		</gpxtpx:TrackPointExtension>
	</extensions>
</trkpt>
<trkpt lat="44.1347572" lon="14.8291755">
	<ele>3.44</ele>
	<time>2026-08-09T10:38:36.992Z</time>
	<hdop>3.79</hdop>
	<extensions>
		<gpxtpx:TrackPointExtension>
			<gpxtpx:course>307.0</gpxtpx:course>
		</gpxtpx:TrackPointExtension>
	</extensions>
</trkpt>
<trkpt lat="44.1349512" lon="14.8288312">
	<ele>3.86</ele>
	<time>2026-08-09T10:38:47.990Z</time>
	<hdop>3.79</hdop>
	<extensions>
		<gpxtpx:TrackPointExtension>
			<gpxtpx:course>305.0</gpxtpx:course>
		</gpxtpx:TrackPointExtension>
	</extensions>
</trkpt>
<trkpt lat="44.1351216" lon="14.8285307">
	<ele>4.59</ele>
	<time>2026-08-09T10:38:57.992Z</time>
	<hdop>3.79</hdop>
	<extensions>
		<gpxtpx:TrackPointExtension>
			<gpxtpx:course>307.0</gpxtpx:course>
		</gpxtpx:TrackPointExtension>
	</extensions>
</trkpt>
<trkpt lat="44.1353062" lon="14.8282020">
	<ele>5.52</ele>
	<time>2026-08-09T10:39:08.990Z</time>
	<hdop>3.79</hdop>
	<extensions>
		<gpxtpx:TrackPointExtension>
			<gpxtpx:course>306.0</gpxtpx:course>
		</gpxtpx:TrackPointExtension>
	</extensions>
</trkpt>
<trkpt lat="44.1354735" lon="14.8278935">
	<ele>2.56</ele>
	<time>2026-08-09T10:39:18.992Z</time>
	<hdop>3.79</hdop>
	<extensions>
		<gpxtpx:TrackPointExtension>
			<gpxtpx:course>307.0</gpxtpx:course>
		</gpxtpx:TrackPointExtension>
	</extensions>
</trkpt>
<trkpt lat="44.1356637" lon="14.8275493">
	<ele>1.74</ele>
	<time>2026-08-09T10:39:29.991Z</time>
	<hdop>3.79</hdop>
	<extensions>
		<gpxtpx:TrackPointExtension>
			<gpxtpx:course>305.0</gpxtpx:course>
		</gpxtpx:TrackPointExtension>
	</extensions>
</trkpt>
<trkpt lat="44.1358484" lon="14.8272332">
	<ele>-1.27</ele>
	<time>2026-08-09T10:39:39.991Z</time>
	<hdop>3.79</hdop>
	<extensions>
		<gpxtpx:TrackPointExtension>
			<gpxtpx:course>307.0</gpxtpx:course>
		</gpxtpx:TrackPointExtension>
	</extensions>
</trkpt>
<trkpt lat="44.1360079" lon="14.8269266">
	<ele>0.04</ele>
	<time>2026-08-09T10:39:49.992Z</time>
	<hdop>3.79</hdop>
	<extensions>
		<gpxtpx:TrackPointExtension>
			<gpxtpx:course>304.0</gpxtpx:course>
		</gpxtpx:TrackPointExtension>
	</extensions>
</trkpt>
<trkpt lat="44.1361597" lon="14.8266649">
	<ele>-1.29</ele>
	<time>2026-08-09T10:39:59.992Z</time>
	<hdop>3.79</hdop>
	<extensions>
		<gpxtpx:TrackPointExtension>
			<gpxtpx:course>307.0</gpxtpx:course>
		</gpxtpx:TrackPointExtension>
	</extensions>
</trkpt>
<trkpt lat="44.1362852" lon="14.8264271">
	<ele>-1.53</ele>
	<time>2026-08-09T10:40:10.990Z</time>
	<hdop>3.79</hdop>
	<extensions>
		<gpxtpx:TrackPointExtension>
			<gpxtpx:course>310.0</gpxtpx:course>
		</gpxtpx:TrackPointExtension>
	</extensions>
</trkpt>
<trkpt lat="44.1363919" lon="14.8262236">
	<ele>-5.11</ele>
	<time>2026-08-09T10:40:20.991Z</time>
	<hdop>3.79</hdop>
	<extensions>
		<gpxtpx:TrackPointExtension>
			<gpxtpx:course>303.0</gpxtpx:course>
		</gpxtpx:TrackPointExtension>
	</extensions>
</trkpt>
<trkpt lat="44.1364879" lon="14.8260556">
	<ele>-6.66</ele>
	<time>2026-08-09T10:40:30.991Z</time>
	<hdop>3.79</hdop>
	<extensions>
		<gpxtpx:TrackPointExtension>
			<gpxtpx:course>311.0</gpxtpx:course>
		</gpxtpx:TrackPointExtension>
	</extensions>
</trkpt>
<trkpt lat="44.1365923" lon="14.8258653">
	<ele>-18.63</ele>
	<time>2026-08-09T10:40:41.992Z</time>
	<hdop>3.79</hdop>
	<extensions>
		<gpxtpx:TrackPointExtension>
			<gpxtpx:course>306.0</gpxtpx:course>
		</gpxtpx:TrackPointExtension>
	</extensions>
</trkpt>
<trkpt lat="44.1367175" lon="14.8256559">
	<ele>-35.90</ele>
	<time>2026-08-09T10:40:52.991Z</time>
	<hdop>3.79</hdop>
	<extensions>
		<gpxtpx:TrackPointExtension>
			<gpxtpx:course>304.0</gpxtpx:course>
		</gpxtpx:TrackPointExtension>
	</extensions>
</trkpt>
<trkpt lat="44.1368088" lon="14.8254884">
	<ele>-38.03</ele>
	<time>2026-08-09T10:41:02.991Z</time>
	<hdop>3.79</hdop>
	<extensions>
		<gpxtpx:TrackPointExtension>
			<gpxtpx:course>308.0</gpxtpx:course>
		</gpxtpx:TrackPointExtension>
	</extensions>
</trkpt>
<trkpt lat="44.1369057" lon="14.8253203">
	<ele>-39.24</ele>
	<time>2026-08-09T10:41:12.991Z</time>
	<hdop>3.79</hdop>
	<extensions>
		<gpxtpx:TrackPointExtension>
			<gpxtpx:course>310.0</gpxtpx:course>
		</gpxtpx:TrackPointExtension>
	</extensions>
</trkpt>
<trkpt lat="44.1370250" lon="14.8251049">
	<ele>-39.64</ele>
	<time>2026-08-09T10:41:22.991Z</time>
	<hdop>3.79</hdop>
	<extensions>
		<gpxtpx:TrackPointExtension>
			<gpxtpx:course>305.0</gpxtpx:course>
		</gpxtpx:TrackPointExtension>
	</extensions>
</trkpt>
<trkpt lat="44.1371832" lon="14.8248914">
	<ele>-42.35</ele>
	<time>2026-08-09T10:41:33.992Z</time>
	<hdop>3.79</hdop>
	<extensions>
		<gpxtpx:TrackPointExtension>
			<gpxtpx:course>322.0</gpxtpx:course>
		</gpxtpx:TrackPointExtension>
	</extensions>
</trkpt>
<trkpt lat="44.1373121" lon="14.8247548">
	<ele>-45.53</ele>
	<time>2026-08-09T10:41:44.990Z</time>
	<hdop>3.79</hdop>
	<extensions>
		<gpxtpx:TrackPointExtension>
			<gpxtpx:course>320.0</gpxtpx:course>
		</gpxtpx:TrackPointExtension>
	</extensions>
</trkpt>
<trkpt lat="44.1374281" lon="14.8246195">
	<ele>-46.69</ele>
	<time>2026-08-09T10:41:54.990Z</time>
	<hdop>3.79</hdop>
	<extensions>
		<gpxtpx:TrackPointExtension>
			<gpxtpx:course>319.0</gpxtpx:course>
		</gpxtpx:TrackPointExtension>
	</extensions>
</trkpt>
<trkpt lat="44.1375672" lon="14.8244716">
	<ele>-48.41</ele>
	<time>2026-08-09T10:42:04.991Z</time>
	<hdop>3.79</hdop>
	<extensions>
		<gpxtpx:TrackPointExtension>
			<gpxtpx:course>318.0</gpxtpx:course>
		</gpxtpx:TrackPointExtension>
	</extensions>
</trkpt>
<trkpt lat="44.1377180" lon="14.8242841">
	<ele>-49.38</ele>
	<time>2026-08-09T10:42:14.992Z</time>
	<hdop>3.79</hdop>
	<extensions>
		<gpxtpx:TrackPointExtension>
			<gpxtpx:course>323.0</gpxtpx:course>
		</gpxtpx:TrackPointExtension>
	</extensions>
</trkpt>
<trkpt lat="44.1379167" lon="14.8240958">
	<ele>-50.91</ele>
	<time>2026-08-09T10:42:25.991Z</time>
	<hdop>3.79</hdop>
	<extensions>
		<gpxtpx:TrackPointExtension>
			<gpxtpx:course>328.0</gpxtpx:course>
		</gpxtpx:TrackPointExtension>
	</extensions>
</trkpt>
<trkpt lat="44.1381061" lon="14.8239297">
	<ele>-51.81</ele>
	<time>2026-08-09T10:42:35.991Z</time>
	<hdop>3.79</hdop>
	<extensions>
		<gpxtpx:TrackPointExtension>
			<gpxtpx:course>331.0</gpxtpx:course>
		</gpxtpx:TrackPointExtension>
	</extensions>
</trkpt>
<trkpt lat="44.1383007" lon="14.8237696">
	<ele>-49.97</ele>
	<time>2026-08-09T10:42:45.992Z</time>
	<hdop>3.79</hdop>
	<extensions>
		<gpxtpx:TrackPointExtension>
			<gpxtpx:course>330.0</gpxtpx:course>
		</gpxtpx:TrackPointExtension>
	</extensions>
</trkpt>
<trkpt lat="44.1385226" lon="14.8235770">
	<ele>-44.79</ele>
	<time>2026-08-09T10:42:56.990Z</time>
	<hdop>3.79</hdop>
	<extensions>
		<gpxtpx:TrackPointExtension>
			<gpxtpx:course>329.0</gpxtpx:course>
		</gpxtpx:TrackPointExtension>
	</extensions>
</trkpt>
<trkpt lat="44.1387279" lon="14.8233986">
	<ele>-43.39</ele>
	<time>2026-08-09T10:43:06.990Z</time>
	<hdop>3.79</hdop>
	<extensions>
		<gpxtpx:TrackPointExtension>
			<gpxtpx:course>326.0</gpxtpx:course>
		</gpxtpx:TrackPointExtension>
	</extensions>
</trkpt>
<trkpt lat="44.1389520" lon="14.8232320">
	<ele>-39.91</ele>
	<time>2026-08-09T10:43:16.991Z</time>
	<hdop>3.79</hdop>
	<extensions>
		<gpxtpx:TrackPointExtension>
			<gpxtpx:course>328.0</gpxtpx:course>
		</gpxtpx:TrackPointExtension>
	</extensions>
</trkpt>
<trkpt lat="44.1391867" lon="14.8230384">
	<ele>-36.71</ele>
	<time>2026-08-09T10:43:27.989Z</time>
	<hdop>3.79</hdop>
	<extensions>
		<gpxtpx:TrackPointExtension>
			<gpxtpx:course>328.0</gpxtpx:course>
		</gpxtpx:TrackPointExtension>
	</extensions>
</trkpt>
<trkpt lat="44.1394030" lon="14.8228481">
	<ele>-39.93</ele>
	<time>2026-08-09T10:43:37.991Z</time>
	<hdop>3.79</hdop>
	<extensions>
		<gpxtpx:TrackPointExtension>
			<gpxtpx:course>329.0</gpxtpx:course>
		</gpxtpx:TrackPointExtension>
	</extensions>
</trkpt>
<trkpt lat="44.1396378" lon="14.8226463">
	<ele>-37.76</ele>
	<time>2026-08-09T10:43:47.991Z</time>
	<hdop>3.79</hdop>
	<extensions>
		<gpxtpx:TrackPointExtension>
			<gpxtpx:course>327.0</gpxtpx:course>
		</gpxtpx:TrackPointExtension>
	</extensions>
</trkpt>
<trkpt lat="44.1398826" lon="14.8224378">
	<ele>-36.19</ele>
	<time>2026-08-09T10:43:57.991Z</time>
	<hdop>3.79</hdop>
	<extensions>
		<gpxtpx:TrackPointExtension>
			<gpxtpx:course>329.0</gpxtpx:course>
		</gpxtpx:TrackPointExtension>
	</extensions>
</trkpt>
<trkpt lat="44.1401492" lon="14.8222047">
	<ele>-33.16</ele>
	<time>2026-08-09T10:44:08.991Z</time>
	<hdop>3.79</hdop>
	<extensions>
		<gpxtpx:TrackPointExtension>
			<gpxtpx:course>328.0</gpxtpx:course>
		</gpxtpx:TrackPointExtension>
	</extensions>
</trkpt>
<trkpt lat="44.1404271" lon="14.8219801">
	<ele>-43.04</ele>
	<time>2026-08-09T10:44:19.990Z</time>
	<hdop>3.79</hdop>
	<extensions>
		<gpxtpx:TrackPointExtension>
			<gpxtpx:course>324.0</gpxtpx:course>
		</gpxtpx:TrackPointExtension>
	</extensions>
</trkpt>
<trkpt lat="44.1406743" lon="14.8217594">
	<ele>-42.66</ele>
	<time>2026-08-09T10:44:29.990Z</time>
	<hdop>3.79</hdop>
	<extensions>
		<gpxtpx:TrackPointExtension>
			<gpxtpx:course>329.0</gpxtpx:course>
		</gpxtpx:TrackPointExtension>
	</extensions>
</trkpt>
<trkpt lat="44.1409293" lon="14.8215534">
	<ele>-52.92</ele>
	<time>2026-08-09T10:44:39.990Z</time>
	<hdop>3.79</hdop>
	<extensions>
		<gpxtpx:TrackPointExtension>
			<gpxtpx:course>328.0</gpxtpx:course>
		</gpxtpx:TrackPointExtension>
	</extensions>
</trkpt>
<trkpt lat="44.1412145" lon="14.8213334">
	<ele>-62.67</ele>
	<time>2026-08-09T10:44:50.991Z</time>
	<hdop>3.79</hdop>
	<extensions>
		<gpxtpx:TrackPointExtension>
			<gpxtpx:course>330.0</gpxtpx:course>
		</gpxtpx:TrackPointExtension>
	</extensions>
</trkpt>
<trkpt lat="44.1414693" lon="14.8211265">
	<ele>-61.93</ele>
	<time>2026-08-09T10:45:00.991Z</time>
	<hdop>3.79</hdop>
	<extensions>
		<gpxtpx:TrackPointExtension>
			<gpxtpx:course>327.0</gpxtpx:course>
		</gpxtpx:TrackPointExtension>
	</extensions>
</trkpt>
<trkpt lat="44.1417412" lon="14.8209020">
	<ele>-42.46</ele>
	<time>2026-08-09T10:45:11.990Z</time>
	<hdop>3.79</hdop>
	<extensions>
		<gpxtpx:TrackPointExtension>
			<gpxtpx:course>329.0</gpxtpx:course>
		</gpxtpx:TrackPointExtension>
	</extensions>
</trkpt>
<trkpt lat="44.1419988" lon="14.8207005">
	<ele>-31.29</ele>
	<time>2026-08-09T10:45:21.991Z</time>
	<hdop>3.79</hdop>
	<extensions>
		<gpxtpx:TrackPointExtension>
			<gpxtpx:course>329.0</gpxtpx:course>
		</gpxtpx:TrackPointExtension>
	</extensions>
</trkpt>
<trkpt lat="44.1422478" lon="14.8204850">
	<ele>-17.00</ele>
	<time>2026-08-09T10:45:31.991Z</time>
	<hdop>3.79</hdop>
	<extensions>
		<gpxtpx:TrackPointExtension>
			<gpxtpx:course>329.0</gpxtpx:course>
		</gpxtpx:TrackPointExtension>
	</extensions>
</trkpt>
<trkpt lat="44.1424983" lon="14.8202750">
	<ele>-17.02</ele>
	<time>2026-08-09T10:45:41.991Z</time>
	<hdop>3.79</hdop>
	<extensions>
		<gpxtpx:TrackPointExtension>
			<gpxtpx:course>327.0</gpxtpx:course>
		</gpxtpx:TrackPointExtension>
	</extensions>
</trkpt>
<trkpt lat="44.1427711" lon="14.8200127">
	<ele>-18.18</ele>
	<time>2026-08-09T10:45:52.990Z</time>
	<hdop>3.79</hdop>
	<extensions>
		<gpxtpx:TrackPointExtension>
			<gpxtpx:course>328.0</gpxtpx:course>
		</gpxtpx:TrackPointExtension>
	</extensions>
</trkpt>
<trkpt lat="44.1430214" lon="14.8198010">
	<ele>-11.85</ele>
	<time>2026-08-09T10:46:02.990Z</time>
	<hdop>3.79</hdop>
	<extensions>
		<gpxtpx:TrackPointExtension>
			<gpxtpx:course>329.0</gpxtpx:course>
		</gpxtpx:TrackPointExtension>
	</extensions>
</trkpt>
<trkpt lat="44.1432707" lon="14.8195892">
	<ele>-10.81</ele>
	<time>2026-08-09T10:46:12.991Z</time>
	<hdop>3.79</hdop>
	<extensions>
		<gpxtpx:TrackPointExtension>
			<gpxtpx:course>328.0</gpxtpx:course>
		</gpxtpx:TrackPointExtension>
	</extensions>
</trkpt>
<trkpt lat="44.1435498" lon="14.8193566">
	<ele>-0.82</ele>
	<time>2026-08-09T10:46:23.991Z</time>
	<hdop>3.79</hdop>
	<extensions>
		<gpxtpx:TrackPointExtension>
			<gpxtpx:course>328.0</gpxtpx:course>
		</gpxtpx:TrackPointExtension>
	</extensions>
</trkpt>
<trkpt lat="44.1438079" lon="14.8191391">
	<ele>-5.62</ele>
	<time>2026-08-09T10:46:33.991Z</time>
	<hdop>3.79</hdop>
	<extensions>
		<gpxtpx:TrackPointExtension>
			<gpxtpx:course>328.0</gpxtpx:course>
		</gpxtpx:TrackPointExtension>
	</extensions>
</trkpt>
<trkpt lat="44.1440901" lon="14.8188997">
	<ele>-29.41</ele>
	<time>2026-08-09T10:46:44.991Z</time>
	<hdop>3.79</hdop>
	<extensions>
		<gpxtpx:TrackPointExtension>
			<gpxtpx:course>328.0</gpxtpx:course>
		</gpxtpx:TrackPointExtension>
	</extensions>
</trkpt>
<trkpt lat="44.1443414" lon="14.8186905">
	<ele>-19.92</ele>
	<time>2026-08-09T10:46:54.991Z</time>
	<hdop>3.79</hdop>
	<extensions>
		<gpxtpx:TrackPointExtension>
			<gpxtpx:course>328.0</gpxtpx:course>
		</gpxtpx:TrackPointExtension>
	</extensions>
</trkpt>
<trkpt lat="44.1446180" lon="14.8184548">
	<ele>-3.04</ele>
	<time>2026-08-09T10:47:05.990Z</time>
	<hdop>3.79</hdop>
	<extensions>
		<gpxtpx:TrackPointExtension>
			<gpxtpx:course>327.0</gpxtpx:course>
		</gpxtpx:TrackPointExtension>
	</extensions>
</trkpt>
<trkpt lat="44.1448743" lon="14.8182390">
	<ele>3.47</ele>
	<time>2026-08-09T10:47:15.990Z</time>
	<hdop>3.79</hdop>
	<extensions>
		<gpxtpx:TrackPointExtension>
			<gpxtpx:course>329.0</gpxtpx:course>
		</gpxtpx:TrackPointExtension>
	</extensions>
</trkpt>
<trkpt lat="44.1451321" lon="14.8180257">
	<ele>23.39</ele>
	<time>2026-08-09T10:47:25.990Z</time>
	<hdop>3.79</hdop>
	<extensions>
		<gpxtpx:TrackPointExtension>
			<gpxtpx:course>329.0</gpxtpx:course>
		</gpxtpx:TrackPointExtension>
	</extensions>
</trkpt>
<trkpt lat="44.1453810" lon="14.8178073">
	<ele>16.52</ele>
	<time>2026-08-09T10:47:35.990Z</time>
	<hdop>3.79</hdop>
	<extensions>
		<gpxtpx:TrackPointExtension>
			<gpxtpx:course>328.0</gpxtpx:course>
		</gpxtpx:TrackPointExtension>
	</extensions>
</trkpt>
<trkpt lat="44.1456446" lon="14.8175964">
	<ele>18.47</ele>
	<time>2026-08-09T10:47:45.990Z</time>
	<hdop>3.79</hdop>
	<extensions>
		<gpxtpx:TrackPointExtension>
			<gpxtpx:course>329.0</gpxtpx:course>
		</gpxtpx:TrackPointExtension>
	</extensions>
</trkpt>
<trkpt lat="44.1459226" lon="14.8173542">
	<ele>30.49</ele>
	<time>2026-08-09T10:47:56.990Z</time>
	<hdop>3.79</hdop>
	<extensions>
		<gpxtpx:TrackPointExtension>
			<gpxtpx:course>327.0</gpxtpx:course>
		</gpxtpx:TrackPointExtension>
	</extensions>
</trkpt>
<trkpt lat="44.1461764" lon="14.8171398">
	<ele>24.36</ele>
	<time>2026-08-09T10:48:06.990Z</time>
	<hdop>3.79</hdop>
	<extensions>
		<gpxtpx:TrackPointExtension>
			<gpxtpx:course>329.0</gpxtpx:course>
		</gpxtpx:TrackPointExtension>
	</extensions>
</trkpt>
<trkpt lat="44.1464313" lon="14.8169287">
	<ele>22.33</ele>
	<time>2026-08-09T10:48:16.990Z</time>
	<hdop>3.79</hdop>
	<extensions>
		<gpxtpx:TrackPointExtension>
			<gpxtpx:course>330.0</gpxtpx:course>
		</gpxtpx:TrackPointExtension>
	</extensions>
</trkpt>
<trkpt lat="44.1466880" lon="14.8167211">
	<ele>19.44</ele>
	<time>2026-08-09T10:48:26.991Z</time>
	<hdop>3.79</hdop>
	<extensions>
		<gpxtpx:TrackPointExtension>
			<gpxtpx:course>328.0</gpxtpx:course>
		</gpxtpx:TrackPointExtension>
	</extensions>
</trkpt>
<trkpt lat="44.1469670" lon="14.8164860">
	<ele>9.96</ele>
	<time>2026-08-09T10:48:37.989Z</time>
	<hdop>3.79</hdop>
	<extensions>
		<gpxtpx:TrackPointExtension>
			<gpxtpx:course>328.0</gpxtpx:course>
		</gpxtpx:TrackPointExtension>
	</extensions>
</trkpt>
<trkpt lat="44.1472230" lon="14.8162674">
	<ele>16.35</ele>
	<time>2026-08-09T10:48:47.989Z</time>
	<hdop>3.79</hdop>
	<extensions>
		<gpxtpx:TrackPointExtension>
			<gpxtpx:course>329.0</gpxtpx:course>
		</gpxtpx:TrackPointExtension>
	</extensions>
</trkpt>
<trkpt lat="44.1474999" lon="14.8160266">
	<ele>15.99</ele>
	<time>2026-08-09T10:48:58.991Z</time>
	<hdop>3.79</hdop>
	<extensions>
		<gpxtpx:TrackPointExtension>
			<gpxtpx:course>328.0</gpxtpx:course>
		</gpxtpx:TrackPointExtension>
	</extensions>
</trkpt>
<trkpt lat="44.1477809" lon="14.8157916">
	<ele>16.82</ele>
	<time>2026-08-09T10:49:09.990Z</time>
	<hdop>3.79</hdop>
	<extensions>
		<gpxtpx:TrackPointExtension>
			<gpxtpx:course>330.0</gpxtpx:course>
		</gpxtpx:TrackPointExtension>
	</extensions>
</trkpt>
<trkpt lat="44.1480305" lon="14.8155821">
	<ele>22.38</ele>
	<time>2026-08-09T10:49:19.991Z</time>
	<hdop>3.79</hdop>
	<extensions>
		<gpxtpx:TrackPointExtension>
			<gpxtpx:course>327.0</gpxtpx:course>
		</gpxtpx:TrackPointExtension>
	</extensions>
</trkpt>
<trkpt lat="44.1483044" lon="14.8153471">
	<ele>17.60</ele>
	<time>2026-08-09T10:49:30.989Z</time>
	<hdop>3.79</hdop>
	<extensions>
		<gpxtpx:TrackPointExtension>
			<gpxtpx:course>328.0</gpxtpx:course>
		</gpxtpx:TrackPointExtension>
	</extensions>
</trkpt>
<trkpt lat="44.1485609" lon="14.8151328">
	<ele>16.63</ele>
	<time>2026-08-09T10:49:40.990Z</time>
	<hdop>3.79</hdop>
	<extensions>
		<gpxtpx:TrackPointExtension>
			<gpxtpx:course>328.0</gpxtpx:course>
		</gpxtpx:TrackPointExtension>
	</extensions>
</trkpt>
<trkpt lat="44.1488398" lon="14.8148837">
	<ele>27.28</ele>
	<time>2026-08-09T10:49:51.989Z</time>
	<hdop>3.79</hdop>
	<extensions>
		<gpxtpx:TrackPointExtension>
			<gpxtpx:course>327.0</gpxtpx:course>
		</gpxtpx:TrackPointExtension>
	</extensions>
</trkpt>
<trkpt lat="44.1490884" lon="14.8146613">
	<ele>4.76</ele>
	<time>2026-08-09T10:50:01.989Z</time>
	<hdop>3.79</hdop>
	<extensions>
		<gpxtpx:TrackPointExtension>
			<gpxtpx:course>327.0</gpxtpx:course>
		</gpxtpx:TrackPointExtension>
	</extensions>
</trkpt>
<trkpt lat="44.1493397" lon="14.8144502">
	<ele>-11.83</ele>
	<time>2026-08-09T10:50:11.989Z</time>
	<hdop>3.79</hdop>
	<extensions>
		<gpxtpx:TrackPointExtension>
			<gpxtpx:course>327.0</gpxtpx:course>
		</gpxtpx:TrackPointExtension>
	</extensions>
</trkpt>
<trkpt lat="44.1495966" lon="14.8142329">
	<ele>-7.62</ele>
	<time>2026-08-09T10:50:21.990Z</time>
	<hdop>3.79</hdop>
	<extensions>
		<gpxtpx:TrackPointExtension>
			<gpxtpx:course>326.0</gpxtpx:course>
		</gpxtpx:TrackPointExtension>
	</extensions>
</trkpt>
<trkpt lat="44.1498675" lon="14.8139927">
	<ele>-4.19</ele>
	<time>2026-08-09T10:50:32.989Z</time>
	<hdop>3.79</hdop>
	<extensions>
		<gpxtpx:TrackPointExtension>
			<gpxtpx:course>328.0</gpxtpx:course>
		</gpxtpx:TrackPointExtension>
	</extensions>
</trkpt>
<trkpt lat="44.1501206" lon="14.8137828">
	<ele>-10.07</ele>
	<time>2026-08-09T10:50:42.990Z</time>
	<hdop>3.79</hdop>
	<extensions>
		<gpxtpx:TrackPointExtension>
			<gpxtpx:course>327.0</gpxtpx:course>
		</gpxtpx:TrackPointExtension>
	</extensions>
</trkpt>
<trkpt lat="44.1503772" lon="14.8135610">
	<ele>-26.52</ele>
	<time>2026-08-09T10:50:52.990Z</time>
	<hdop>3.79</hdop>
	<extensions>
		<gpxtpx:TrackPointExtension>
			<gpxtpx:course>327.0</gpxtpx:course>
		</gpxtpx:TrackPointExtension>
	</extensions>
</trkpt>
<trkpt lat="44.1506261" lon="14.8133474">
	<ele>-46.79</ele>
	<time>2026-08-09T10:51:02.990Z</time>
	<hdop>3.79</hdop>
	<extensions>
		<gpxtpx:TrackPointExtension>
			<gpxtpx:course>327.0</gpxtpx:course>
		</gpxtpx:TrackPointExtension>
	</extensions>
</trkpt>
<trkpt lat="44.1509035" lon="14.8131044">
	<ele>-37.43</ele>
	<time>2026-08-09T10:51:13.989Z</time>
	<hdop>3.79</hdop>
	<extensions>
		<gpxtpx:TrackPointExtension>
			<gpxtpx:course>328.0</gpxtpx:course>
		</gpxtpx:TrackPointExtension>
	</extensions>
</trkpt>
<trkpt lat="44.1511493" lon="14.8128975">
	<ele>-12.53</ele>
	<time>2026-08-09T10:51:23.990Z</time>
	<hdop>3.79</hdop>
	<extensions>
		<gpxtpx:TrackPointExtension>
			<gpxtpx:course>336.0</gpxtpx:course>
		</gpxtpx:TrackPointExtension>
	</extensions>
</trkpt>
<trkpt lat="44.1513922" lon="14.8126948">
	<ele>-11.20</ele>
	<time>2026-08-09T10:51:33.990Z</time>
	<hdop>3.79</hdop>
	<extensions>
		<gpxtpx:TrackPointExtension>
			<gpxtpx:course>330.0</gpxtpx:course>
		</gpxtpx:TrackPointExtension>
	</extensions>
</trkpt>
<trkpt lat="44.1516399" lon="14.8124757">
	<ele>-3.28</ele>
	<time>2026-08-09T10:51:43.990Z</time>
	<hdop>3.79</hdop>
	<extensions>
		<gpxtpx:TrackPointExtension>
			<gpxtpx:course>329.0</gpxtpx:course>
		</gpxtpx:TrackPointExtension>
	</extensions>
</trkpt>
<trkpt lat="44.1519246" lon="14.8122558">
	<ele>-2.92</ele>
	<time>2026-08-09T10:51:54.989Z</time>
	<hdop>3.79</hdop>
	<extensions>
		<gpxtpx:TrackPointExtension>
			<gpxtpx:course>338.0</gpxtpx:course>
		</gpxtpx:TrackPointExtension>
	</extensions>
</trkpt>
<trkpt lat="44.1522488" lon="14.8122166">
	<ele>3.81</ele>
	<time>2026-08-09T10:52:05.989Z</time>
	<hdop>3.79</hdop>
	<extensions>
		<gpxtpx:TrackPointExtension>
			<gpxtpx:course>6.0</gpxtpx:course>
		</gpxtpx:TrackPointExtension>
	</extensions>
</trkpt>
<trkpt lat="44.1525528" lon="14.8122623">
	<ele>13.76</ele>
	<time>2026-08-09T10:52:15.989Z</time>
	<hdop>3.79</hdop>
	<extensions>
		<gpxtpx:TrackPointExtension>
			<gpxtpx:course>5.0</gpxtpx:course>
		</gpxtpx:TrackPointExtension>
	</extensions>
</trkpt>
<trkpt lat="44.1528602" lon="14.8122927">
	<ele>21.40</ele>
	<time>2026-08-09T10:52:25.989Z</time>
	<hdop>3.79</hdop>
	<extensions>
		<gpxtpx:TrackPointExtension>
			<gpxtpx:course>4.0</gpxtpx:course>
		</gpxtpx:TrackPointExtension>
	</extensions>
</trkpt>
<trkpt lat="44.1531676" lon="14.8123170">
	<ele>40.98</ele>
	<time>2026-08-09T10:52:35.990Z</time>
	<hdop>3.79</hdop>
	<extensions>
		<gpxtpx:TrackPointExtension>
			<gpxtpx:course>6.0</gpxtpx:course>
		</gpxtpx:TrackPointExtension>
	</extensions>
</trkpt>
<trkpt lat="44.1534990" lon="14.8123322">
	<ele>46.91</ele>
	<time>2026-08-09T10:52:46.990Z</time>
	<hdop>3.79</hdop>
	<extensions>
		<gpxtpx:TrackPointExtension>
			<gpxtpx:course>359.0</gpxtpx:course>
		</gpxtpx:TrackPointExtension>
	</extensions>
</trkpt>
<trkpt lat="44.1538245" lon="14.8123489">
	<ele>38.12</ele>
	<time>2026-08-09T10:52:57.989Z</time>
	<hdop>3.79</hdop>
	<extensions>
		<gpxtpx:TrackPointExtension>
			<gpxtpx:course>1.0</gpxtpx:course>
		</gpxtpx:TrackPointExtension>
	</extensions>
</trkpt>
<trkpt lat="44.1541280" lon="14.8123583">
	<ele>36.32</ele>
	<time>2026-08-09T10:53:07.989Z</time>
	<hdop>3.79</hdop>
	<extensions>
		<gpxtpx:TrackPointExtension>
			<gpxtpx:course>0.0</gpxtpx:course>
		</gpxtpx:TrackPointExtension>
	</extensions>
</trkpt>
<trkpt lat="44.1544351" lon="14.8123502">
	<ele>28.93</ele>
	<time>2026-08-09T10:53:17.990Z</time>
	<hdop>3.79</hdop>
	<extensions>
		<gpxtpx:TrackPointExtension>
			<gpxtpx:course>355.0</gpxtpx:course>
		</gpxtpx:TrackPointExtension>
	</extensions>
</trkpt>
<trkpt lat="44.1547713" lon="14.8123025">
	<ele>21.69</ele>
	<time>2026-08-09T10:53:28.990Z</time>
	<hdop>3.79</hdop>
	<extensions>
		<gpxtpx:TrackPointExtension>
			<gpxtpx:course>354.0</gpxtpx:course>
		</gpxtpx:TrackPointExtension>
	</extensions>
</trkpt>
<trkpt lat="44.1550626" lon="14.8122175">
	<ele>16.77</ele>
	<time>2026-08-09T10:53:38.990Z</time>
	<hdop>3.79</hdop>
	<extensions>
		<gpxtpx:TrackPointExtension>
			<gpxtpx:course>332.0</gpxtpx:course>
		</gpxtpx:TrackPointExtension>
	</extensions>
</trkpt>
<trkpt lat="44.1553483" lon="14.8119869">
	<ele>10.82</ele>
	<time>2026-08-09T10:53:49.989Z</time>
	<hdop>3.79</hdop>
	<extensions>
		<gpxtpx:TrackPointExtension>
			<gpxtpx:course>328.0</gpxtpx:course>
		</gpxtpx:TrackPointExtension>
	</extensions>
</trkpt>
<trkpt lat="44.1555710" lon="14.8117164">
	<ele>-3.00</ele>
	<time>2026-08-09T10:53:59.989Z</time>
	<hdop>3.79</hdop>
	<extensions>
		<gpxtpx:TrackPointExtension>
			<gpxtpx:course>320.0</gpxtpx:course>
		</gpxtpx:TrackPointExtension>
	</extensions>
</trkpt>
<trkpt lat="44.1557965" lon="14.8114382">
	<ele>-31.03</ele>
	<time>2026-08-09T10:54:09.989Z</time>
	<hdop>3.79</hdop>
	<extensions>
		<gpxtpx:TrackPointExtension>
			<gpxtpx:course>316.0</gpxtpx:course>
		</gpxtpx:TrackPointExtension>
	</extensions>
</trkpt>
<trkpt lat="44.1560193" lon="14.8111612">
	<ele>-48.40</ele>
	<time>2026-08-09T10:54:19.989Z</time>
	<hdop>3.79</hdop>
	<extensions>
		<gpxtpx:TrackPointExtension>
			<gpxtpx:course>316.0</gpxtpx:course>
		</gpxtpx:TrackPointExtension>
	</extensions>
</trkpt>
<trkpt lat="44.1562366" lon="14.8108788">
	<ele>-31.73</ele>
	<time>2026-08-09T10:54:29.989Z</time>
	<hdop>3.79</hdop>
	<extensions>
		<gpxtpx:TrackPointExtension>
			<gpxtpx:course>318.0</gpxtpx:course>
		</gpxtpx:TrackPointExtension>
	</extensions>
</trkpt>
<trkpt lat="44.1564731" lon="14.8105704">
	<ele>-12.51</ele>
	<time>2026-08-09T10:54:40.989Z</time>
	<hdop>3.79</hdop>
	<extensions>
		<gpxtpx:TrackPointExtension>
			<gpxtpx:course>318.0</gpxtpx:course>
		</gpxtpx:TrackPointExtension>
	</extensions>
</trkpt>
<trkpt lat="44.1566910" lon="14.8102939">
	<ele>-11.12</ele>
	<time>2026-08-09T10:54:50.989Z</time>
	<hdop>3.79</hdop>
	<extensions>
		<gpxtpx:TrackPointExtension>
			<gpxtpx:course>317.0</gpxtpx:course>
		</gpxtpx:TrackPointExtension>
	</extensions>
</trkpt>
<trkpt lat="44.1569083" lon="14.8100186">
	<ele>-7.05</ele>
	<time>2026-08-09T10:55:00.989Z</time>
	<hdop>3.79</hdop>
	<extensions>
		<gpxtpx:TrackPointExtension>
			<gpxtpx:course>318.0</gpxtpx:course>
		</gpxtpx:TrackPointExtension>
	</extensions>
</trkpt>
<trkpt lat="44.1571287" lon="14.8097391">
	<ele>-7.15</ele>
	<time>2026-08-09T10:55:10.990Z</time>
	<hdop>3.79</hdop>
	<extensions>
		<gpxtpx:TrackPointExtension>
			<gpxtpx:course>319.0</gpxtpx:course>
		</gpxtpx:TrackPointExtension>
	</extensions>
</trkpt>
<trkpt lat="44.1573526" lon="14.8094626">
	<ele>-42.16</ele>
	<time>2026-08-09T10:55:20.990Z</time>
	<hdop>3.79</hdop>
	<extensions>
		<gpxtpx:TrackPointExtension>
			<gpxtpx:course>316.0</gpxtpx:course>
		</gpxtpx:TrackPointExtension>
	</extensions>
</trkpt>
<trkpt lat="44.1576011" lon="14.8091594">
	<ele>-50.84</ele>
	<time>2026-08-09T10:55:31.989Z</time>
	<hdop>3.79</hdop>
	<extensions>
		<gpxtpx:TrackPointExtension>
			<gpxtpx:course>317.0</gpxtpx:course>
		</gpxtpx:TrackPointExtension>
	</extensions>
</trkpt>
<trkpt lat="44.1578495" lon="14.8088603">
	<ele>-51.05</ele>
	<time>2026-08-09T10:55:42.989Z</time>
	<hdop>3.79</hdop>
	<extensions>
		<gpxtpx:TrackPointExtension>
			<gpxtpx:course>318.0</gpxtpx:course>
		</gpxtpx:TrackPointExtension>
	</extensions>
</trkpt>
<trkpt lat="44.1580681" lon="14.8086027">
	<ele>-44.96</ele>
	<time>2026-08-09T10:55:52.989Z</time>
	<hdop>3.79</hdop>
	<extensions>
		<gpxtpx:TrackPointExtension>
			<gpxtpx:course>320.0</gpxtpx:course>
		</gpxtpx:TrackPointExtension>
	</extensions>
</trkpt>
<trkpt lat="44.1583092" lon="14.8083048">
	<ele>-52.79</ele>
	<time>2026-08-09T10:56:03.989Z</time>
	<hdop>3.79</hdop>
	<extensions>
		<gpxtpx:TrackPointExtension>
			<gpxtpx:course>318.0</gpxtpx:course>
		</gpxtpx:TrackPointExtension>
	</extensions>
</trkpt>
<trkpt lat="44.1585318" lon="14.8080217">
	<ele>-67.73</ele>
	<time>2026-08-09T10:56:13.989Z</time>
	<hdop>3.79</hdop>
	<extensions>
		<gpxtpx:TrackPointExtension>
			<gpxtpx:course>318.0</gpxtpx:course>
		</gpxtpx:TrackPointExtension>
	</extensions>
</trkpt>
<trkpt lat="44.1587750" lon="14.8077301">
	<ele>-59.44</ele>
	<time>2026-08-09T10:56:23.989Z</time>
	<hdop>3.79</hdop>
	<extensions>
		<gpxtpx:TrackPointExtension>
			<gpxtpx:course>316.0</gpxtpx:course>
		</gpxtpx:TrackPointExtension>
	</extensions>
</trkpt>
<trkpt lat="44.1590318" lon="14.8073984">
	<ele>-44.79</ele>
	<time>2026-08-09T10:56:34.989Z</time>
	<hdop>3.79</hdop>
	<extensions>
		<gpxtpx:TrackPointExtension>
			<gpxtpx:course>317.0</gpxtpx:course>
		</gpxtpx:TrackPointExtension>
	</extensions>
</trkpt>
<trkpt lat="44.1592730" lon="14.8071095">
	<ele>-48.82</ele>
	<time>2026-08-09T10:56:44.989Z</time>
	<hdop>3.79</hdop>
	<extensions>
		<gpxtpx:TrackPointExtension>
			<gpxtpx:course>318.0</gpxtpx:course>
		</gpxtpx:TrackPointExtension>
	</extensions>
</trkpt>
<trkpt lat="44.1595266" lon="14.8067857">
	<ele>-38.73</ele>
	<time>2026-08-09T10:56:55.990Z</time>
	<hdop>3.79</hdop>
	<extensions>
		<gpxtpx:TrackPointExtension>
			<gpxtpx:course>319.0</gpxtpx:course>
		</gpxtpx:TrackPointExtension>
	</extensions>
</trkpt>
<trkpt lat="44.1597811" lon="14.8064963">
	<ele>-35.87</ele>
	<time>2026-08-09T10:57:06.988Z</time>
	<hdop>3.79</hdop>
	<extensions>
		<gpxtpx:TrackPointExtension>
			<gpxtpx:course>324.0</gpxtpx:course>
		</gpxtpx:TrackPointExtension>
	</extensions>
</trkpt>
<trkpt lat="44.1600336" lon="14.8062288">
	<ele>-43.64</ele>
	<time>2026-08-09T10:57:16.989Z</time>
	<hdop>3.79</hdop>
	<extensions>
		<gpxtpx:TrackPointExtension>
			<gpxtpx:course>317.0</gpxtpx:course>
		</gpxtpx:TrackPointExtension>
	</extensions>
</trkpt>
<trkpt lat="44.1603037" lon="14.8059736">
	<ele>-31.66</ele>
	<time>2026-08-09T10:57:26.989Z</time>
	<hdop>3.79</hdop>
	<extensions>
		<gpxtpx:TrackPointExtension>
			<gpxtpx:course>322.0</gpxtpx:course>
		</gpxtpx:TrackPointExtension>
	</extensions>
</trkpt>
<trkpt lat="44.1605662" lon="14.8057147">
	<ele>-28.71</ele>
	<time>2026-08-09T10:57:36.989Z</time>
	<hdop>3.79</hdop>
	<extensions>
		<gpxtpx:TrackPointExtension>
			<gpxtpx:course>323.0</gpxtpx:course>
		</gpxtpx:TrackPointExtension>
	</extensions>
</trkpt>
<trkpt lat="44.1608180" lon="14.8054599">
	<ele>-15.55</ele>
	<time>2026-08-09T10:57:46.989Z</time>
	<hdop>3.79</hdop>
	<extensions>
		<gpxtpx:TrackPointExtension>
			<gpxtpx:course>323.0</gpxtpx:course>
		</gpxtpx:TrackPointExtension>
	</extensions>
</trkpt>
<trkpt lat="44.1610848" lon="14.8051823">
	<ele>2.79</ele>
	<time>2026-08-09T10:57:57.988Z</time>
	<hdop>3.79</hdop>
	<extensions>
		<gpxtpx:TrackPointExtension>
			<gpxtpx:course>322.0</gpxtpx:course>
		</gpxtpx:TrackPointExtension>
	</extensions>
</trkpt>
<trkpt lat="44.1613263" lon="14.8049238">
	<ele>3.53</ele>
	<time>2026-08-09T10:58:07.988Z</time>
	<hdop>3.79</hdop>
	<extensions>
		<gpxtpx:TrackPointExtension>
			<gpxtpx:course>322.0</gpxtpx:course>
		</gpxtpx:TrackPointExtension>
	</extensions>
</trkpt>
<trkpt lat="44.1615708" lon="14.8046656">
	<ele>3.33</ele>
	<time>2026-08-09T10:58:17.988Z</time>
	<hdop>3.79</hdop>
	<extensions>
		<gpxtpx:TrackPointExtension>
			<gpxtpx:course>323.0</gpxtpx:course>
		</gpxtpx:TrackPointExtension>
	</extensions>
</trkpt>
<trkpt lat="44.1618148" lon="14.8044060">
	<ele>12.86</ele>
	<time>2026-08-09T10:58:27.989Z</time>
	<hdop>3.79</hdop>
	<extensions>
		<gpxtpx:TrackPointExtension>
			<gpxtpx:course>322.0</gpxtpx:course>
		</gpxtpx:TrackPointExtension>
	</extensions>
</trkpt>
<trkpt lat="44.1620649" lon="14.8041511">
	<ele>9.69</ele>
	<time>2026-08-09T10:58:37.989Z</time>
	<hdop>3.79</hdop>
	<extensions>
		<gpxtpx:TrackPointExtension>
			<gpxtpx:course>322.0</gpxtpx:course>
		</gpxtpx:TrackPointExtension>
	</extensions>
</trkpt>
<trkpt lat="44.1623360" lon="14.8038694">
	<ele>11.49</ele>
	<time>2026-08-09T10:58:48.989Z</time>
	<hdop>3.79</hdop>
	<extensions>
		<gpxtpx:TrackPointExtension>
			<gpxtpx:course>322.0</gpxtpx:course>
		</gpxtpx:TrackPointExtension>
	</extensions>
</trkpt>
<trkpt lat="44.1626130" lon="14.8035897">
	<ele>16.30</ele>
	<time>2026-08-09T10:58:59.988Z</time>
	<hdop>3.79</hdop>
	<extensions>
		<gpxtpx:TrackPointExtension>
			<gpxtpx:course>324.0</gpxtpx:course>
		</gpxtpx:TrackPointExtension>
	</extensions>
</trkpt>
<trkpt lat="44.1628621" lon="14.8033296">
	<ele>7.65</ele>
	<time>2026-08-09T10:59:09.989Z</time>
	<hdop>3.79</hdop>
	<extensions>
		<gpxtpx:TrackPointExtension>
			<gpxtpx:course>323.0</gpxtpx:course>
		</gpxtpx:TrackPointExtension>
	</extensions>
</trkpt>
<trkpt lat="44.1631326" lon="14.8030485">
	<ele>14.44</ele>
	<time>2026-08-09T10:59:20.988Z</time>
	<hdop>3.79</hdop>
	<extensions>
		<gpxtpx:TrackPointExtension>
			<gpxtpx:course>323.0</gpxtpx:course>
		</gpxtpx:TrackPointExtension>
	</extensions>
</trkpt>
<trkpt lat="44.1633795" lon="14.8027931">
	<ele>18.18</ele>
	<time>2026-08-09T10:59:30.989Z</time>
	<hdop>3.79</hdop>
	<extensions>
		<gpxtpx:TrackPointExtension>
			<gpxtpx:course>323.0</gpxtpx:course>
		</gpxtpx:TrackPointExtension>
	</extensions>
</trkpt>
<trkpt lat="44.1636557" lon="14.8025083">
	<ele>11.49</ele>
	<time>2026-08-09T10:59:41.987Z</time>
	<hdop>3.79</hdop>
	<extensions>
		<gpxtpx:TrackPointExtension>
			<gpxtpx:course>322.0</gpxtpx:course>
		</gpxtpx:TrackPointExtension>
	</extensions>
</trkpt>
<trkpt lat="44.1639050" lon="14.8022548">
	<ele>14.24</ele>
	<time>2026-08-09T10:59:51.988Z</time>
	<hdop>3.79</hdop>
	<extensions>
		<gpxtpx:TrackPointExtension>
			<gpxtpx:course>323.0</gpxtpx:course>
		</gpxtpx:TrackPointExtension>
	</extensions>
</trkpt>
<trkpt lat="44.1641509" lon="14.8020067">
	<ele>16.30</ele>
	<time>2026-08-09T11:00:01.989Z</time>
	<hdop>3.79</hdop>
	<extensions>
		<gpxtpx:TrackPointExtension>
			<gpxtpx:course>323.0</gpxtpx:course>
		</gpxtpx:TrackPointExtension>
	</extensions>
</trkpt>
<trkpt lat="44.1644216" lon="14.8017205">
	<ele>9.18</ele>
	<time>2026-08-09T11:00:12.988Z</time>
	<hdop>3.79</hdop>
	<extensions>
		<gpxtpx:TrackPointExtension>
			<gpxtpx:course>322.0</gpxtpx:course>
		</gpxtpx:TrackPointExtension>
	</extensions>
</trkpt>
<trkpt lat="44.1646717" lon="14.8014638">
	<ele>10.49</ele>
	<time>2026-08-09T11:00:22.988Z</time>
	<hdop>3.79</hdop>
	<extensions>
		<gpxtpx:TrackPointExtension>
			<gpxtpx:course>323.0</gpxtpx:course>
		</gpxtpx:TrackPointExtension>
	</extensions>
</trkpt>
<trkpt lat="44.1649436" lon="14.8012481">
	<ele>6.94</ele>
	<time>2026-08-09T11:00:32.989Z</time>
	<hdop>3.79</hdop>
	<extensions>
		<gpxtpx:TrackPointExtension>
			<gpxtpx:course>333.0</gpxtpx:course>
		</gpxtpx:TrackPointExtension>
	</extensions>
</trkpt>
<trkpt lat="44.1652255" lon="14.8010609">
	<ele>3.22</ele>
	<time>2026-08-09T11:00:42.989Z</time>
	<hdop>3.79</hdop>
	<extensions>
		<gpxtpx:TrackPointExtension>
			<gpxtpx:course>335.0</gpxtpx:course>
		</gpxtpx:TrackPointExtension>
	</extensions>
</trkpt>
<trkpt lat="44.1655219" lon="14.8009370">
	<ele>-1.75</ele>
	<time>2026-08-09T11:00:52.989Z</time>
	<hdop>3.79</hdop>
	<extensions>
		<gpxtpx:TrackPointExtension>
			<gpxtpx:course>343.0</gpxtpx:course>
		</gpxtpx:TrackPointExtension>
	</extensions>
</trkpt>
<trkpt lat="44.1658548" lon="14.8008172">
	<ele>-6.26</ele>
	<time>2026-08-09T11:01:03.988Z</time>
	<hdop>3.79</hdop>
	<extensions>
		<gpxtpx:TrackPointExtension>
			<gpxtpx:course>346.0</gpxtpx:course>
		</gpxtpx:TrackPointExtension>
	</extensions>
</trkpt>
<trkpt lat="44.1661608" lon="14.8007107">
	<ele>-4.06</ele>
	<time>2026-08-09T11:01:13.988Z</time>
	<hdop>3.79</hdop>
	<extensions>
		<gpxtpx:TrackPointExtension>
			<gpxtpx:course>345.0</gpxtpx:course>
		</gpxtpx:TrackPointExtension>
	</extensions>
</trkpt>
<trkpt lat="44.1664659" lon="14.8006038">
	<ele>0.13</ele>
	<time>2026-08-09T11:01:23.989Z</time>
	<hdop>3.79</hdop>
	<extensions>
		<gpxtpx:TrackPointExtension>
			<gpxtpx:course>346.0</gpxtpx:course>
		</gpxtpx:TrackPointExtension>
	</extensions>
</trkpt>
<trkpt lat="44.1668026" lon="14.8004870">
	<ele>1.21</ele>
	<time>2026-08-09T11:01:34.988Z</time>
	<hdop>3.79</hdop>
	<extensions>
		<gpxtpx:TrackPointExtension>
			<gpxtpx:course>346.0</gpxtpx:course>
		</gpxtpx:TrackPointExtension>
	</extensions>
</trkpt>
<trkpt lat="44.1671106" lon="14.8003844">
	<ele>6.81</ele>
	<time>2026-08-09T11:01:44.988Z</time>
	<hdop>3.79</hdop>
	<extensions>
		<gpxtpx:TrackPointExtension>
			<gpxtpx:course>346.0</gpxtpx:course>
		</gpxtpx:TrackPointExtension>
	</extensions>
</trkpt>
<trkpt lat="44.1674503" lon="14.8002699">
	<ele>7.43</ele>
	<time>2026-08-09T11:01:55.987Z</time>
	<hdop>3.79</hdop>
	<extensions>
		<gpxtpx:TrackPointExtension>
			<gpxtpx:course>345.0</gpxtpx:course>
		</gpxtpx:TrackPointExtension>
	</extensions>
</trkpt>
<trkpt lat="44.1677906" lon="14.8001563">
	<ele>-9.20</ele>
	<time>2026-08-09T11:02:06.987Z</time>
	<hdop>3.79</hdop>
	<extensions>
		<gpxtpx:TrackPointExtension>
			<gpxtpx:course>346.0</gpxtpx:course>
		</gpxtpx:TrackPointExtension>
	</extensions>
</trkpt>
<trkpt lat="44.1680999" lon="14.8000575">
	<ele>-3.11</ele>
	<time>2026-08-09T11:02:16.988Z</time>
	<hdop>3.79</hdop>
	<extensions>
		<gpxtpx:TrackPointExtension>
			<gpxtpx:course>346.0</gpxtpx:course>
		</gpxtpx:TrackPointExtension>
	</extensions>
</trkpt>
<trkpt lat="44.1684034" lon="14.7999565">
	<ele>3.96</ele>
	<time>2026-08-09T11:02:26.988Z</time>
	<hdop>3.79</hdop>
	<extensions>
		<gpxtpx:TrackPointExtension>
			<gpxtpx:course>348.0</gpxtpx:course>
		</gpxtpx:TrackPointExtension>
	</extensions>
</trkpt>
<trkpt lat="44.1687097" lon="14.7998540">
	<ele>4.20</ele>
	<time>2026-08-09T11:02:36.988Z</time>
	<hdop>3.79</hdop>
	<extensions>
		<gpxtpx:TrackPointExtension>
			<gpxtpx:course>346.0</gpxtpx:course>
		</gpxtpx:TrackPointExtension>
	</extensions>
</trkpt>
<trkpt lat="44.1690158" lon="14.7997526">
	<ele>8.97</ele>
	<time>2026-08-09T11:02:46.988Z</time>
	<hdop>3.79</hdop>
	<extensions>
		<gpxtpx:TrackPointExtension>
			<gpxtpx:course>346.0</gpxtpx:course>
		</gpxtpx:TrackPointExtension>
	</extensions>
</trkpt>
<trkpt lat="44.1693574" lon="14.7996383">
	<ele>8.31</ele>
	<time>2026-08-09T11:02:57.987Z</time>
	<hdop>3.79</hdop>
	<extensions>
		<gpxtpx:TrackPointExtension>
			<gpxtpx:course>346.0</gpxtpx:course>
		</gpxtpx:TrackPointExtension>
	</extensions>
</trkpt>
<trkpt lat="44.1696686" lon="14.7995326">
	<ele>8.38</ele>
	<time>2026-08-09T11:03:07.987Z</time>
	<hdop>3.79</hdop>
	<extensions>
		<gpxtpx:TrackPointExtension>
			<gpxtpx:course>345.0</gpxtpx:course>
		</gpxtpx:TrackPointExtension>
	</extensions>
</trkpt>
<trkpt lat="44.1699827" lon="14.7994265">
	<ele>6.37</ele>
	<time>2026-08-09T11:03:17.987Z</time>
	<hdop>3.79</hdop>
	<extensions>
		<gpxtpx:TrackPointExtension>
			<gpxtpx:course>345.0</gpxtpx:course>
		</gpxtpx:TrackPointExtension>
	</extensions>
</trkpt>
<trkpt lat="44.1702958" lon="14.7993184">
	<ele>2.59</ele>
	<time>2026-08-09T11:03:27.987Z</time>
	<hdop>3.79</hdop>
	<extensions>
		<gpxtpx:TrackPointExtension>
			<gpxtpx:course>346.0</gpxtpx:course>
		</gpxtpx:TrackPointExtension>
	</extensions>
</trkpt>
<trkpt lat="44.1706080" lon="14.7992130">
	<ele>-1.17</ele>
	<time>2026-08-09T11:03:37.987Z</time>
	<hdop>3.90</hdop>
	<extensions>
		<gpxtpx:TrackPointExtension>
			<gpxtpx:course>345.0</gpxtpx:course>
		</gpxtpx:TrackPointExtension>
	</extensions>
</trkpt>
<trkpt lat="44.1709190" lon="14.7991077">
	<ele>-3.35</ele>
	<time>2026-08-09T11:03:47.988Z</time>
	<hdop>3.91</hdop>
	<extensions>
		<gpxtpx:TrackPointExtension>
			<gpxtpx:course>346.0</gpxtpx:course>
		</gpxtpx:TrackPointExtension>
	</extensions>
</trkpt>
<trkpt lat="44.1712289" lon="14.7990049">
	<ele>-7.92</ele>
	<time>2026-08-09T11:03:57.988Z</time>
	<hdop>3.81</hdop>
	<extensions>
		<gpxtpx:TrackPointExtension>
			<gpxtpx:course>346.0</gpxtpx:course>
		</gpxtpx:TrackPointExtension>
	</extensions>
</trkpt>
<trkpt lat="44.1715692" lon="14.7988910">
	<ele>-4.69</ele>
	<time>2026-08-09T11:04:08.987Z</time>
	<hdop>4.02</hdop>
	<extensions>
		<gpxtpx:TrackPointExtension>
			<gpxtpx:course>347.0</gpxtpx:course>
		</gpxtpx:TrackPointExtension>
	</extensions>
</trkpt>
<trkpt lat="44.1718773" lon="14.7987908">
	<ele>-4.01</ele>
	<time>2026-08-09T11:04:18.987Z</time>
	<hdop>3.79</hdop>
	<extensions>
		<gpxtpx:TrackPointExtension>
			<gpxtpx:course>346.0</gpxtpx:course>
		</gpxtpx:TrackPointExtension>
	</extensions>
</trkpt>
<trkpt lat="44.1721868" lon="14.7986876">
	<ele>-3.51</ele>
	<time>2026-08-09T11:04:28.988Z</time>
	<hdop>3.79</hdop>
	<extensions>
		<gpxtpx:TrackPointExtension>
			<gpxtpx:course>345.0</gpxtpx:course>
		</gpxtpx:TrackPointExtension>
	</extensions>
</trkpt>
<trkpt lat="44.1725242" lon="14.7985724">
	<ele>-0.56</ele>
	<time>2026-08-09T11:04:39.987Z</time>
	<hdop>3.80</hdop>
	<extensions>
		<gpxtpx:TrackPointExtension>
			<gpxtpx:course>346.0</gpxtpx:course>
		</gpxtpx:TrackPointExtension>
	</extensions>
</trkpt>
<trkpt lat="44.1728322" lon="14.7984715">
	<ele>3.69</ele>
	<time>2026-08-09T11:04:49.987Z</time>
	<hdop>3.93</hdop>
	<extensions>
		<gpxtpx:TrackPointExtension>
			<gpxtpx:course>346.0</gpxtpx:course>
		</gpxtpx:TrackPointExtension>
	</extensions>
</trkpt>
<trkpt lat="44.1731416" lon="14.7983655">
	<ele>0.42</ele>
	<time>2026-08-09T11:04:59.988Z</time>
	<hdop>3.79</hdop>
	<extensions>
		<gpxtpx:TrackPointExtension>
			<gpxtpx:course>346.0</gpxtpx:course>
		</gpxtpx:TrackPointExtension>
	</extensions>
</trkpt>
<trkpt lat="44.1734507" lon="14.7982647">
	<ele>5.50</ele>
	<time>2026-08-09T11:05:09.988Z</time>
	<hdop>3.79</hdop>
	<extensions>
		<gpxtpx:TrackPointExtension>
			<gpxtpx:course>345.0</gpxtpx:course>
		</gpxtpx:TrackPointExtension>
	</extensions>
</trkpt>
<trkpt lat="44.1737601" lon="14.7981597">
	<ele>3.24</ele>
	<time>2026-08-09T11:05:19.988Z</time>
	<hdop>3.79</hdop>
	<extensions>
		<gpxtpx:TrackPointExtension>
			<gpxtpx:course>346.0</gpxtpx:course>
		</gpxtpx:TrackPointExtension>
	</extensions>
</trkpt>
<trkpt lat="44.1741039" lon="14.7980438">
	<ele>3.35</ele>
	<time>2026-08-09T11:05:30.988Z</time>
	<hdop>3.79</hdop>
	<extensions>
		<gpxtpx:TrackPointExtension>
			<gpxtpx:course>345.0</gpxtpx:course>
		</gpxtpx:TrackPointExtension>
	</extensions>
</trkpt>
<trkpt lat="44.1744177" lon="14.7979356">
	<ele>4.50</ele>
	<time>2026-08-09T11:05:40.988Z</time>
	<hdop>3.79</hdop>
	<extensions>
		<gpxtpx:TrackPointExtension>
			<gpxtpx:course>345.0</gpxtpx:course>
		</gpxtpx:TrackPointExtension>
	</extensions>
</trkpt>
<trkpt lat="44.1747614" lon="14.7978173">
	<ele>2.40</ele>
	<time>2026-08-09T11:05:51.988Z</time>
	<hdop>3.79</hdop>
	<extensions>
		<gpxtpx:TrackPointExtension>
			<gpxtpx:course>345.0</gpxtpx:course>
		</gpxtpx:TrackPointExtension>
	</extensions>
</trkpt>
<trkpt lat="44.1751036" lon="14.7976941">
	<ele>-1.08</ele>
	<time>2026-08-09T11:06:02.987Z</time>
	<hdop>3.79</hdop>
	<extensions>
		<gpxtpx:TrackPointExtension>
			<gpxtpx:course>345.0</gpxtpx:course>
		</gpxtpx:TrackPointExtension>
	</extensions>
</trkpt>
<trkpt lat="44.1754149" lon="14.7975876">
	<ele>-3.86</ele>
	<time>2026-08-09T11:06:12.987Z</time>
	<hdop>3.82</hdop>
	<extensions>
		<gpxtpx:TrackPointExtension>
			<gpxtpx:course>346.0</gpxtpx:course>
		</gpxtpx:TrackPointExtension>
	</extensions>
</trkpt>
<trkpt lat="44.1757285" lon="14.7974791">
	<ele>-11.20</ele>
	<time>2026-08-09T11:06:22.988Z</time>
	<hdop>4.17</hdop>
	<extensions>
		<gpxtpx:TrackPointExtension>
			<gpxtpx:course>346.0</gpxtpx:course>
		</gpxtpx:TrackPointExtension>
	</extensions>
</trkpt>
<trkpt lat="44.1760729" lon="14.7973595">
	<ele>-6.63</ele>
	<time>2026-08-09T11:06:33.987Z</time>
	<hdop>4.25</hdop>
	<extensions>
		<gpxtpx:TrackPointExtension>
			<gpxtpx:course>346.0</gpxtpx:course>
		</gpxtpx:TrackPointExtension>
	</extensions>
</trkpt>
<trkpt lat="44.1764181" lon="14.7972435">
	<ele>-3.65</ele>
	<time>2026-08-09T11:06:44.988Z</time>
	<hdop>4.27</hdop>
	<extensions>
		<gpxtpx:TrackPointExtension>
			<gpxtpx:course>346.0</gpxtpx:course>
		</gpxtpx:TrackPointExtension>
	</extensions>
</trkpt>
<trkpt lat="44.1767608" lon="14.7971264">
	<ele>-4.34</ele>
	<time>2026-08-09T11:06:55.987Z</time>
	<hdop>4.37</hdop>
	<extensions>
		<gpxtpx:TrackPointExtension>
			<gpxtpx:course>346.0</gpxtpx:course>
		</gpxtpx:TrackPointExtension>
	</extensions>
</trkpt>
<trkpt lat="44.1770722" lon="14.7970204">
	<ele>-0.22</ele>
	<time>2026-08-09T11:07:05.987Z</time>
	<hdop>3.86</hdop>
	<extensions>
		<gpxtpx:TrackPointExtension>
			<gpxtpx:course>346.0</gpxtpx:course>
		</gpxtpx:TrackPointExtension>
	</extensions>
</trkpt>
<trkpt lat="44.1773826" lon="14.7969143">
	<ele>-0.68</ele>
	<time>2026-08-09T11:07:15.988Z</time>
	<hdop>4.22</hdop>
	<extensions>
		<gpxtpx:TrackPointExtension>
			<gpxtpx:course>346.0</gpxtpx:course>
		</gpxtpx:TrackPointExtension>
	</extensions>
</trkpt>
<trkpt lat="44.1776943" lon="14.7968096">
	<ele>0.59</ele>
	<time>2026-08-09T11:07:25.988Z</time>
	<hdop>4.37</hdop>
	<extensions>
		<gpxtpx:TrackPointExtension>
			<gpxtpx:course>347.0</gpxtpx:course>
		</gpxtpx:TrackPointExtension>
	</extensions>
</trkpt>
<trkpt lat="44.1780385" lon="14.7966916">
	<ele>0.52</ele>
	<time>2026-08-09T11:07:36.987Z</time>
	<hdop>4.41</hdop>
	<extensions>
		<gpxtpx:TrackPointExtension>
			<gpxtpx:course>345.0</gpxtpx:course>
		</gpxtpx:TrackPointExtension>
	</extensions>
</trkpt>
<trkpt lat="44.1783484" lon="14.7965882">
	<ele>1.23</ele>
	<time>2026-08-09T11:07:46.988Z</time>
	<hdop>4.28</hdop>
	<extensions>
		<gpxtpx:TrackPointExtension>
			<gpxtpx:course>346.0</gpxtpx:course>
		</gpxtpx:TrackPointExtension>
	</extensions>
</trkpt>
<trkpt lat="44.1786534" lon="14.7964802">
	<ele>3.55</ele>
	<time>2026-08-09T11:07:56.988Z</time>
	<hdop>3.79</hdop>
	<extensions>
		<gpxtpx:TrackPointExtension>
			<gpxtpx:course>346.0</gpxtpx:course>
		</gpxtpx:TrackPointExtension>
	</extensions>
</trkpt>
<trkpt lat="44.1789617" lon="14.7963780">
	<ele>0.45</ele>
	<time>2026-08-09T11:08:06.988Z</time>
	<hdop>3.79</hdop>
	<extensions>
		<gpxtpx:TrackPointExtension>
			<gpxtpx:course>346.0</gpxtpx:course>
		</gpxtpx:TrackPointExtension>
	</extensions>
</trkpt>
<trkpt lat="44.1793051" lon="14.7962691">
	<ele>-2.31</ele>
	<time>2026-08-09T11:08:17.987Z</time>
	<hdop>3.79</hdop>
	<extensions>
		<gpxtpx:TrackPointExtension>
			<gpxtpx:course>345.0</gpxtpx:course>
		</gpxtpx:TrackPointExtension>
	</extensions>
</trkpt>
<trkpt lat="44.1796509" lon="14.7961527">
	<ele>-23.49</ele>
	<time>2026-08-09T11:08:28.987Z</time>
	<hdop>3.79</hdop>
	<extensions>
		<gpxtpx:TrackPointExtension>
			<gpxtpx:course>347.0</gpxtpx:course>
		</gpxtpx:TrackPointExtension>
	</extensions>
</trkpt>
<trkpt lat="44.1799644" lon="14.7960573">
	<ele>-14.27</ele>
	<time>2026-08-09T11:08:38.987Z</time>
	<hdop>3.79</hdop>
	<extensions>
		<gpxtpx:TrackPointExtension>
			<gpxtpx:course>347.0</gpxtpx:course>
		</gpxtpx:TrackPointExtension>
	</extensions>
</trkpt>
<trkpt lat="44.1802749" lon="14.7959571">
	<ele>-0.48</ele>
	<time>2026-08-09T11:08:48.987Z</time>
	<hdop>3.79</hdop>
	<extensions>
		<gpxtpx:TrackPointExtension>
			<gpxtpx:course>346.0</gpxtpx:course>
		</gpxtpx:TrackPointExtension>
	</extensions>
</trkpt>
<trkpt lat="44.1805894" lon="14.7958574">
	<ele>7.53</ele>
	<time>2026-08-09T11:08:58.987Z</time>
	<hdop>3.79</hdop>
	<extensions>
		<gpxtpx:TrackPointExtension>
			<gpxtpx:course>347.0</gpxtpx:course>
		</gpxtpx:TrackPointExtension>
	</extensions>
</trkpt>
<trkpt lat="44.1809390" lon="14.7957373">
	<ele>13.58</ele>
	<time>2026-08-09T11:09:09.986Z</time>
	<hdop>3.79</hdop>
	<extensions>
		<gpxtpx:TrackPointExtension>
			<gpxtpx:course>344.0</gpxtpx:course>
		</gpxtpx:TrackPointExtension>
	</extensions>
</trkpt>
<trkpt lat="44.1812549" lon="14.7956287">
	<ele>10.23</ele>
	<time>2026-08-09T11:09:19.987Z</time>
	<hdop>3.79</hdop>
	<extensions>
		<gpxtpx:TrackPointExtension>
			<gpxtpx:course>345.0</gpxtpx:course>
		</gpxtpx:TrackPointExtension>
	</extensions>
</trkpt>
<trkpt lat="44.1815734" lon="14.7955174">
	<ele>13.19</ele>
	<time>2026-08-09T11:09:29.987Z</time>
	<hdop>3.79</hdop>
	<extensions>
		<gpxtpx:TrackPointExtension>
			<gpxtpx:course>347.0</gpxtpx:course>
		</gpxtpx:TrackPointExtension>
	</extensions>
</trkpt>
<trkpt lat="44.1818819" lon="14.7954111">
	<ele>15.73</ele>
	<time>2026-08-09T11:09:39.987Z</time>
	<hdop>3.79</hdop>
	<extensions>
		<gpxtpx:TrackPointExtension>
			<gpxtpx:course>345.0</gpxtpx:course>
		</gpxtpx:TrackPointExtension>
	</extensions>
</trkpt>
<trkpt lat="44.1822127" lon="14.7952929">
	<ele>15.95</ele>
	<time>2026-08-09T11:09:50.986Z</time>
	<hdop>3.79</hdop>
	<extensions>
		<gpxtpx:TrackPointExtension>
			<gpxtpx:course>346.0</gpxtpx:course>
		</gpxtpx:TrackPointExtension>
	</extensions>
</trkpt>
<trkpt lat="44.1825210" lon="14.7951853">
	<ele>14.15</ele>
	<time>2026-08-09T11:10:00.986Z</time>
	<hdop>3.79</hdop>
	<extensions>
		<gpxtpx:TrackPointExtension>
			<gpxtpx:course>346.0</gpxtpx:course>
		</gpxtpx:TrackPointExtension>
	</extensions>
</trkpt>
<trkpt lat="44.1828356" lon="14.7950964">
	<ele>14.54</ele>
	<time>2026-08-09T11:10:10.987Z</time>
	<hdop>3.79</hdop>
	<extensions>
		<gpxtpx:TrackPointExtension>
			<gpxtpx:course>347.0</gpxtpx:course>
		</gpxtpx:TrackPointExtension>
	</extensions>
</trkpt>
<trkpt lat="44.1831445" lon="14.7950106">
	<ele>13.61</ele>
	<time>2026-08-09T11:10:20.987Z</time>
	<hdop>3.79</hdop>
	<extensions>
		<gpxtpx:TrackPointExtension>
			<gpxtpx:course>346.0</gpxtpx:course>
		</gpxtpx:TrackPointExtension>
	</extensions>
</trkpt>
<trkpt lat="44.1834574" lon="14.7949225">
	<ele>14.71</ele>
	<time>2026-08-09T11:10:30.988Z</time>
	<hdop>3.79</hdop>
	<extensions>
		<gpxtpx:TrackPointExtension>
			<gpxtpx:course>350.0</gpxtpx:course>
		</gpxtpx:TrackPointExtension>
	</extensions>
</trkpt>
<trkpt lat="44.1838053" lon="14.7948163">
	<ele>11.90</ele>
	<time>2026-08-09T11:10:41.987Z</time>
	<hdop>3.79</hdop>
	<extensions>
		<gpxtpx:TrackPointExtension>
			<gpxtpx:course>347.0</gpxtpx:course>
		</gpxtpx:TrackPointExtension>
	</extensions>
</trkpt>
<trkpt lat="44.1841499" lon="14.7947303">
	<ele>13.76</ele>
	<time>2026-08-09T11:10:52.987Z</time>
	<hdop>3.79</hdop>
	<extensions>
		<gpxtpx:TrackPointExtension>
			<gpxtpx:course>349.0</gpxtpx:course>
		</gpxtpx:TrackPointExtension>
	</extensions>
</trkpt>
<trkpt lat="44.1844627" lon="14.7946426">
	<ele>11.78</ele>
	<time>2026-08-09T11:11:02.987Z</time>
	<hdop>3.79</hdop>
	<extensions>
		<gpxtpx:TrackPointExtension>
			<gpxtpx:course>348.0</gpxtpx:course>
		</gpxtpx:TrackPointExtension>
	</extensions>
</trkpt>
<trkpt lat="44.1848102" lon="14.7945478">
	<ele>11.87</ele>
	<time>2026-08-09T11:11:13.986Z</time>
	<hdop>3.79</hdop>
	<extensions>
		<gpxtpx:TrackPointExtension>
			<gpxtpx:course>347.0</gpxtpx:course>
		</gpxtpx:TrackPointExtension>
	</extensions>
</trkpt>
<trkpt lat="44.1851234" lon="14.7944538">
	<ele>9.76</ele>
	<time>2026-08-09T11:11:23.986Z</time>
	<hdop>3.79</hdop>
	<extensions>
		<gpxtpx:TrackPointExtension>
			<gpxtpx:course>348.0</gpxtpx:course>
		</gpxtpx:TrackPointExtension>
	</extensions>
</trkpt>
<trkpt lat="44.1854349" lon="14.7943687">
	<ele>12.53</ele>
	<time>2026-08-09T11:11:33.986Z</time>
	<hdop>3.79</hdop>
	<extensions>
		<gpxtpx:TrackPointExtension>
			<gpxtpx:course>348.0</gpxtpx:course>
		</gpxtpx:TrackPointExtension>
	</extensions>
</trkpt>
<trkpt lat="44.1857541" lon="14.7942817">
	<ele>12.09</ele>
	<time>2026-08-09T11:11:43.986Z</time>
	<hdop>3.79</hdop>
	<extensions>
		<gpxtpx:TrackPointExtension>
			<gpxtpx:course>348.0</gpxtpx:course>
		</gpxtpx:TrackPointExtension>
	</extensions>
</trkpt>
<trkpt lat="44.1860649" lon="14.7941933">
	<ele>13.41</ele>
	<time>2026-08-09T11:11:53.987Z</time>
	<hdop>3.79</hdop>
	<extensions>
		<gpxtpx:TrackPointExtension>
			<gpxtpx:course>347.0</gpxtpx:course>
		</gpxtpx:TrackPointExtension>
	</extensions>
</trkpt>
<trkpt lat="44.1864082" lon="14.7940928">
	<ele>13.22</ele>
	<time>2026-08-09T11:12:04.986Z</time>
	<hdop>3.79</hdop>
	<extensions>
		<gpxtpx:TrackPointExtension>
			<gpxtpx:course>347.0</gpxtpx:course>
		</gpxtpx:TrackPointExtension>
	</extensions>
</trkpt>
<trkpt lat="44.1867573" lon="14.7939921">
	<ele>13.65</ele>
	<time>2026-08-09T11:12:15.987Z</time>
	<hdop>3.79</hdop>
	<extensions>
		<gpxtpx:TrackPointExtension>
			<gpxtpx:course>348.0</gpxtpx:course>
		</gpxtpx:TrackPointExtension>
	</extensions>
</trkpt>
<trkpt lat="44.1871042" lon="14.7939003">
	<ele>12.16</ele>
	<time>2026-08-09T11:12:26.987Z</time>
	<hdop>3.79</hdop>
	<extensions>
		<gpxtpx:TrackPointExtension>
			<gpxtpx:course>348.0</gpxtpx:course>
		</gpxtpx:TrackPointExtension>
	</extensions>
</trkpt>
<trkpt lat="44.1874539" lon="14.7937993">
	<ele>9.86</ele>
	<time>2026-08-09T11:12:37.986Z</time>
	<hdop>3.79</hdop>
	<extensions>
		<gpxtpx:TrackPointExtension>
			<gpxtpx:course>348.0</gpxtpx:course>
		</gpxtpx:TrackPointExtension>
	</extensions>
</trkpt>
<trkpt lat="44.1877687" lon="14.7937060">
	<ele>10.74</ele>
	<time>2026-08-09T11:12:47.986Z</time>
	<hdop>3.79</hdop>
	<extensions>
		<gpxtpx:TrackPointExtension>
			<gpxtpx:course>346.0</gpxtpx:course>
		</gpxtpx:TrackPointExtension>
	</extensions>
</trkpt>
<trkpt lat="44.1880835" lon="14.7936155">
	<ele>11.87</ele>
	<time>2026-08-09T11:12:57.986Z</time>
	<hdop>3.79</hdop>
	<extensions>
		<gpxtpx:TrackPointExtension>
			<gpxtpx:course>347.0</gpxtpx:course>
		</gpxtpx:TrackPointExtension>
	</extensions>
</trkpt>
<trkpt lat="44.1884315" lon="14.7935092">
	<ele>11.42</ele>
	<time>2026-08-09T11:13:08.986Z</time>
	<hdop>3.79</hdop>
	<extensions>
		<gpxtpx:TrackPointExtension>
			<gpxtpx:course>348.0</gpxtpx:course>
		</gpxtpx:TrackPointExtension>
	</extensions>
</trkpt>
<trkpt lat="44.1887514" lon="14.7934118">
	<ele>9.11</ele>
	<time>2026-08-09T11:13:18.987Z</time>
	<hdop>3.79</hdop>
	<extensions>
		<gpxtpx:TrackPointExtension>
			<gpxtpx:course>347.0</gpxtpx:course>
		</gpxtpx:TrackPointExtension>
	</extensions>
</trkpt>
<trkpt lat="44.1890984" lon="14.7933120">
	<ele>9.11</ele>
	<time>2026-08-09T11:13:29.986Z</time>
	<hdop>3.79</hdop>
	<extensions>
		<gpxtpx:TrackPointExtension>
			<gpxtpx:course>348.0</gpxtpx:course>
		</gpxtpx:TrackPointExtension>
	</extensions>
</trkpt>
<trkpt lat="44.1894090" lon="14.7932225">
	<ele>7.78</ele>
	<time>2026-08-09T11:13:39.987Z</time>
	<hdop>3.79</hdop>
	<extensions>
		<gpxtpx:TrackPointExtension>
			<gpxtpx:course>347.0</gpxtpx:course>
		</gpxtpx:TrackPointExtension>
	</extensions>
</trkpt>
<trkpt lat="44.1897273" lon="14.7931288">
	<ele>7.66</ele>
	<time>2026-08-09T11:13:49.987Z</time>
	<hdop>3.79</hdop>
	<extensions>
		<gpxtpx:TrackPointExtension>
			<gpxtpx:course>347.0</gpxtpx:course>
		</gpxtpx:TrackPointExtension>
	</extensions>
</trkpt>
<trkpt lat="44.1900683" lon="14.7930394">
	<ele>6.78</ele>
	<time>2026-08-09T11:14:00.986Z</time>
	<hdop>3.79</hdop>
	<extensions>
		<gpxtpx:TrackPointExtension>
			<gpxtpx:course>346.0</gpxtpx:course>
		</gpxtpx:TrackPointExtension>
	</extensions>
</trkpt>
<trkpt lat="44.1903835" lon="14.7929464">
	<ele>8.58</ele>
	<time>2026-08-09T11:14:10.986Z</time>
	<hdop>3.79</hdop>
	<extensions>
		<gpxtpx:TrackPointExtension>
			<gpxtpx:course>346.0</gpxtpx:course>
		</gpxtpx:TrackPointExtension>
	</extensions>
</trkpt>
<trkpt lat="44.1906954" lon="14.7928581">
	<ele>6.93</ele>
	<time>2026-08-09T11:14:20.986Z</time>
	<hdop>3.79</hdop>
	<extensions>
		<gpxtpx:TrackPointExtension>
			<gpxtpx:course>347.0</gpxtpx:course>
		</gpxtpx:TrackPointExtension>
	</extensions>
</trkpt>
<trkpt lat="44.1910117" lon="14.7927701">
	<ele>7.34</ele>
	<time>2026-08-09T11:14:30.986Z</time>
	<hdop>3.79</hdop>
	<extensions>
		<gpxtpx:TrackPointExtension>
			<gpxtpx:course>347.0</gpxtpx:course>
		</gpxtpx:TrackPointExtension>
	</extensions>
</trkpt>
<trkpt lat="44.1913291" lon="14.7926734">
	<ele>8.35</ele>
	<time>2026-08-09T11:14:40.986Z</time>
	<hdop>3.79</hdop>
	<extensions>
		<gpxtpx:TrackPointExtension>
			<gpxtpx:course>346.0</gpxtpx:course>
		</gpxtpx:TrackPointExtension>
	</extensions>
</trkpt>
<trkpt lat="44.1916721" lon="14.7925716">
	<ele>7.54</ele>
	<time>2026-08-09T11:14:51.987Z</time>
	<hdop>3.79</hdop>
	<extensions>
		<gpxtpx:TrackPointExtension>
			<gpxtpx:course>346.0</gpxtpx:course>
		</gpxtpx:TrackPointExtension>
	</extensions>
</trkpt>
<trkpt lat="44.1920153" lon="14.7924740">
	<ele>6.74</ele>
	<time>2026-08-09T11:15:02.985Z</time>
	<hdop>3.79</hdop>
	<extensions>
		<gpxtpx:TrackPointExtension>
			<gpxtpx:course>348.0</gpxtpx:course>
		</gpxtpx:TrackPointExtension>
	</extensions>
</trkpt>
<trkpt lat="44.1923393" lon="14.7923835">
	<ele>6.14</ele>
	<time>2026-08-09T11:15:12.985Z</time>
	<hdop>3.79</hdop>
	<extensions>
		<gpxtpx:TrackPointExtension>
			<gpxtpx:course>348.0</gpxtpx:course>
		</gpxtpx:TrackPointExtension>
	</extensions>
</trkpt>
<trkpt lat="44.1926627" lon="14.7922759">
	<ele>6.68</ele>
	<time>2026-08-09T11:15:22.986Z</time>
	<hdop>3.79</hdop>
	<extensions>
		<gpxtpx:TrackPointExtension>
			<gpxtpx:course>349.0</gpxtpx:course>
		</gpxtpx:TrackPointExtension>
	</extensions>
</trkpt>
<trkpt lat="44.1930089" lon="14.7921765">
	<ele>5.95</ele>
	<time>2026-08-09T11:15:33.987Z</time>
	<hdop>3.79</hdop>
	<extensions>
		<gpxtpx:TrackPointExtension>
			<gpxtpx:course>346.0</gpxtpx:course>
		</gpxtpx:TrackPointExtension>
	</extensions>
</trkpt>
<trkpt lat="44.1933571" lon="14.7920657">
	<ele>5.91</ele>
	<time>2026-08-09T11:15:44.986Z</time>
	<hdop>3.79</hdop>
	<extensions>
		<gpxtpx:TrackPointExtension>
			<gpxtpx:course>347.0</gpxtpx:course>
		</gpxtpx:TrackPointExtension>
	</extensions>
</trkpt>
<trkpt lat="44.1937081" lon="14.7919550">
	<ele>6.86</ele>
	<time>2026-08-09T11:15:55.986Z</time>
	<hdop>3.79</hdop>
	<extensions>
		<gpxtpx:TrackPointExtension>
			<gpxtpx:course>348.0</gpxtpx:course>
		</gpxtpx:TrackPointExtension>
	</extensions>
</trkpt>
<trkpt lat="44.1940598" lon="14.7918431">
	<ele>7.55</ele>
	<time>2026-08-09T11:16:06.986Z</time>
	<hdop>3.79</hdop>
	<extensions>
		<gpxtpx:TrackPointExtension>
			<gpxtpx:course>347.0</gpxtpx:course>
		</gpxtpx:TrackPointExtension>
	</extensions>
</trkpt>
<trkpt lat="44.1943725" lon="14.7917435">
	<ele>6.85</ele>
	<time>2026-08-09T11:16:16.986Z</time>
	<hdop>3.79</hdop>
	<extensions>
		<gpxtpx:TrackPointExtension>
			<gpxtpx:course>347.0</gpxtpx:course>
		</gpxtpx:TrackPointExtension>
	</extensions>
</trkpt>
<trkpt lat="44.1947210" lon="14.7916272">
	<ele>5.27</ele>
	<time>2026-08-09T11:16:27.986Z</time>
	<hdop>3.79</hdop>
	<extensions>
		<gpxtpx:TrackPointExtension>
			<gpxtpx:course>347.0</gpxtpx:course>
		</gpxtpx:TrackPointExtension>
	</extensions>
</trkpt>
<trkpt lat="44.1950402" lon="14.7915252">
	<ele>5.61</ele>
	<time>2026-08-09T11:16:37.986Z</time>
	<hdop>3.79</hdop>
	<extensions>
		<gpxtpx:TrackPointExtension>
			<gpxtpx:course>346.0</gpxtpx:course>
		</gpxtpx:TrackPointExtension>
	</extensions>
</trkpt>
<trkpt lat="44.1953849" lon="14.7914271">
	<ele>5.85</ele>
	<time>2026-08-09T11:16:48.985Z</time>
	<hdop>3.79</hdop>
	<extensions>
		<gpxtpx:TrackPointExtension>
			<gpxtpx:course>349.0</gpxtpx:course>
		</gpxtpx:TrackPointExtension>
	</extensions>
</trkpt>
<trkpt lat="44.1957026" lon="14.7913287">
	<ele>4.74</ele>
	<time>2026-08-09T11:16:58.985Z</time>
	<hdop>3.79</hdop>
	<extensions>
		<gpxtpx:TrackPointExtension>
			<gpxtpx:course>347.0</gpxtpx:course>
		</gpxtpx:TrackPointExtension>
	</extensions>
</trkpt>
<trkpt lat="44.1960199" lon="14.7912277">
	<ele>4.49</ele>
	<time>2026-08-09T11:17:08.986Z</time>
	<hdop>3.79</hdop>
	<extensions>
		<gpxtpx:TrackPointExtension>
			<gpxtpx:course>347.0</gpxtpx:course>
		</gpxtpx:TrackPointExtension>
	</extensions>
</trkpt>
<trkpt lat="44.1963403" lon="14.7911165">
	<ele>3.02</ele>
	<time>2026-08-09T11:17:18.986Z</time>
	<hdop>3.79</hdop>
	<extensions>
		<gpxtpx:TrackPointExtension>
			<gpxtpx:course>346.0</gpxtpx:course>
		</gpxtpx:TrackPointExtension>
	</extensions>
</trkpt>
<trkpt lat="44.1966559" lon="14.7910143">
	<ele>0.91</ele>
	<time>2026-08-09T11:17:28.986Z</time>
	<hdop>3.79</hdop>
	<extensions>
		<gpxtpx:TrackPointExtension>
			<gpxtpx:course>347.0</gpxtpx:course>
		</gpxtpx:TrackPointExtension>
	</extensions>
</trkpt>
<trkpt lat="44.1969752" lon="14.7909176">
	<ele>-1.11</ele>
	<time>2026-08-09T11:17:38.986Z</time>
	<hdop>3.79</hdop>
	<extensions>
		<gpxtpx:TrackPointExtension>
			<gpxtpx:course>346.0</gpxtpx:course>
		</gpxtpx:TrackPointExtension>
	</extensions>
</trkpt>
<trkpt lat="44.1972926" lon="14.7908136">
	<ele>1.11</ele>
	<time>2026-08-09T11:17:48.986Z</time>
	<hdop>3.79</hdop>
	<extensions>
		<gpxtpx:TrackPointExtension>
			<gpxtpx:course>347.0</gpxtpx:course>
		</gpxtpx:TrackPointExtension>
	</extensions>
</trkpt>
<trkpt lat="44.1976033" lon="14.7907012">
	<ele>-1.09</ele>
	<time>2026-08-09T11:17:58.986Z</time>
	<hdop>3.79</hdop>
	<extensions>
		<gpxtpx:TrackPointExtension>
			<gpxtpx:course>345.0</gpxtpx:course>
		</gpxtpx:TrackPointExtension>
	</extensions>
</trkpt>
<trkpt lat="44.1979262" lon="14.7906005">
	<ele>-3.34</ele>
	<time>2026-08-09T11:18:08.986Z</time>
	<hdop>3.79</hdop>
	<extensions>
		<gpxtpx:TrackPointExtension>
			<gpxtpx:course>347.0</gpxtpx:course>
		</gpxtpx:TrackPointExtension>
	</extensions>
</trkpt>
<trkpt lat="44.1982634" lon="14.7904944">
	<ele>-2.79</ele>
	<time>2026-08-09T11:18:19.985Z</time>
	<hdop>3.79</hdop>
	<extensions>
		<gpxtpx:TrackPointExtension>
			<gpxtpx:course>343.0</gpxtpx:course>
		</gpxtpx:TrackPointExtension>
	</extensions>
</trkpt>
<trkpt lat="44.1985487" lon="14.7903974">
	<ele>-1.01</ele>
	<time>2026-08-09T11:18:29.985Z</time>
	<hdop>3.79</hdop>
	<extensions>
		<gpxtpx:TrackPointExtension>
			<gpxtpx:course>350.0</gpxtpx:course>
		</gpxtpx:TrackPointExtension>
	</extensions>
</trkpt>
<trkpt lat="44.1988701" lon="14.7902716">
	<ele>-0.41</ele>
	<time>2026-08-09T11:18:39.985Z</time>
	<hdop>7.56</hdop>
	<extensions>
		<gpxtpx:TrackPointExtension>
			<gpxtpx:course>348.0</gpxtpx:course>
		</gpxtpx:TrackPointExtension>
	</extensions>
</trkpt>
<trkpt lat="44.1991908" lon="14.7901714">
	<ele>-6.83</ele>
	<time>2026-08-09T11:18:49.985Z</time>
	<hdop>3.79</hdop>
	<extensions>
		<gpxtpx:TrackPointExtension>
			<gpxtpx:course>346.0</gpxtpx:course>
		</gpxtpx:TrackPointExtension>
	</extensions>
</trkpt>
<trkpt lat="44.1995122" lon="14.7900741">
	<ele>-33.47</ele>
	<time>2026-08-09T11:18:59.986Z</time>
	<hdop>3.79</hdop>
	<extensions>
		<gpxtpx:TrackPointExtension>
			<gpxtpx:course>348.0</gpxtpx:course>
		</gpxtpx:TrackPointExtension>
	</extensions>
</trkpt>
<trkpt lat="44.1998584" lon="14.7899687">
	<ele>-45.59</ele>
	<time>2026-08-09T11:19:10.985Z</time>
	<hdop>3.79</hdop>
	<extensions>
		<gpxtpx:TrackPointExtension>
			<gpxtpx:course>350.0</gpxtpx:course>
		</gpxtpx:TrackPointExtension>
	</extensions>
</trkpt>
<trkpt lat="44.2001884" lon="14.7898574">
	<ele>-37.63</ele>
	<time>2026-08-09T11:19:20.986Z</time>
	<hdop>3.79</hdop>
	<extensions>
		<gpxtpx:TrackPointExtension>
			<gpxtpx:course>348.0</gpxtpx:course>
		</gpxtpx:TrackPointExtension>
	</extensions>
</trkpt>
<trkpt lat="44.2005080" lon="14.7897467">
	<ele>-37.49</ele>
	<time>2026-08-09T11:19:30.986Z</time>
	<hdop>3.79</hdop>
	<extensions>
		<gpxtpx:TrackPointExtension>
			<gpxtpx:course>348.0</gpxtpx:course>
		</gpxtpx:TrackPointExtension>
	</extensions>
</trkpt>
<trkpt lat="44.2008673" lon="14.7896297">
	<ele>-34.25</ele>
	<time>2026-08-09T11:19:41.986Z</time>
	<hdop>3.79</hdop>
	<extensions>
		<gpxtpx:TrackPointExtension>
			<gpxtpx:course>348.0</gpxtpx:course>
		</gpxtpx:TrackPointExtension>
	</extensions>
</trkpt>
<trkpt lat="44.2012167" lon="14.7895149">
	<ele>-47.52</ele>
	<time>2026-08-09T11:19:52.985Z</time>
	<hdop>3.79</hdop>
	<extensions>
		<gpxtpx:TrackPointExtension>
			<gpxtpx:course>348.0</gpxtpx:course>
		</gpxtpx:TrackPointExtension>
	</extensions>
</trkpt>
<trkpt lat="44.2015376" lon="14.7894054">
	<ele>-47.47</ele>
	<time>2026-08-09T11:20:02.985Z</time>
	<hdop>3.79</hdop>
	<extensions>
		<gpxtpx:TrackPointExtension>
			<gpxtpx:course>345.0</gpxtpx:course>
		</gpxtpx:TrackPointExtension>
	</extensions>
</trkpt>
<trkpt lat="44.2018495" lon="14.7893182">
	<ele>-32.66</ele>
	<time>2026-08-09T11:20:12.985Z</time>
	<hdop>3.79</hdop>
	<extensions>
		<gpxtpx:TrackPointExtension>
			<gpxtpx:course>345.0</gpxtpx:course>
		</gpxtpx:TrackPointExtension>
	</extensions>
</trkpt>
<trkpt lat="44.2021730" lon="14.7892256">
	<ele>-24.35</ele>
	<time>2026-08-09T11:20:22.985Z</time>
	<hdop>3.79</hdop>
	<extensions>
		<gpxtpx:TrackPointExtension>
			<gpxtpx:course>346.0</gpxtpx:course>
		</gpxtpx:TrackPointExtension>
	</extensions>
</trkpt>
<trkpt lat="44.2024925" lon="14.7891314">
	<ele>-17.09</ele>
	<time>2026-08-09T11:20:32.985Z</time>
	<hdop>3.79</hdop>
	<extensions>
		<gpxtpx:TrackPointExtension>
			<gpxtpx:course>347.0</gpxtpx:course>
		</gpxtpx:TrackPointExtension>
	</extensions>
</trkpt>
<trkpt lat="44.2028141" lon="14.7890173">
	<ele>-3.97</ele>
	<time>2026-08-09T11:20:42.986Z</time>
	<hdop>3.79</hdop>
	<extensions>
		<gpxtpx:TrackPointExtension>
			<gpxtpx:course>347.0</gpxtpx:course>
		</gpxtpx:TrackPointExtension>
	</extensions>
</trkpt>
<trkpt lat="44.2031620" lon="14.7889011">
	<ele>-1.48</ele>
	<time>2026-08-09T11:20:53.985Z</time>
	<hdop>3.79</hdop>
	<extensions>
		<gpxtpx:TrackPointExtension>
			<gpxtpx:course>346.0</gpxtpx:course>
		</gpxtpx:TrackPointExtension>
	</extensions>
</trkpt>
<trkpt lat="44.2035119" lon="14.7887925">
	<ele>-1.37</ele>
	<time>2026-08-09T11:21:04.985Z</time>
	<hdop>3.79</hdop>
	<extensions>
		<gpxtpx:TrackPointExtension>
			<gpxtpx:course>345.0</gpxtpx:course>
		</gpxtpx:TrackPointExtension>
	</extensions>
</trkpt>
<trkpt lat="44.2038615" lon="14.7886730">
	<ele>-4.73</ele>
	<time>2026-08-09T11:21:15.985Z</time>
	<hdop>3.79</hdop>
	<extensions>
		<gpxtpx:TrackPointExtension>
			<gpxtpx:course>346.0</gpxtpx:course>
		</gpxtpx:TrackPointExtension>
	</extensions>
</trkpt>
<trkpt lat="44.2041873" lon="14.7885720">
	<ele>-3.74</ele>
	<time>2026-08-09T11:21:25.985Z</time>
	<hdop>3.79</hdop>
	<extensions>
		<gpxtpx:TrackPointExtension>
			<gpxtpx:course>347.0</gpxtpx:course>
		</gpxtpx:TrackPointExtension>
	</extensions>
</trkpt>
<trkpt lat="44.2045068" lon="14.7884684">
	<ele>-4.06</ele>
	<time>2026-08-09T11:21:35.985Z</time>
	<hdop>3.79</hdop>
	<extensions>
		<gpxtpx:TrackPointExtension>
			<gpxtpx:course>346.0</gpxtpx:course>
		</gpxtpx:TrackPointExtension>
	</extensions>
</trkpt>
<trkpt lat="44.2048214" lon="14.7883662">
	<ele>-4.44</ele>
	<time>2026-08-09T11:21:45.986Z</time>
	<hdop>3.79</hdop>
	<extensions>
		<gpxtpx:TrackPointExtension>
			<gpxtpx:course>346.0</gpxtpx:course>
		</gpxtpx:TrackPointExtension>
	</extensions>
</trkpt>
<trkpt lat="44.2051721" lon="14.7882524">
	<ele>-7.13</ele>
	<time>2026-08-09T11:21:56.985Z</time>
	<hdop>3.79</hdop>
	<extensions>
		<gpxtpx:TrackPointExtension>
			<gpxtpx:course>346.0</gpxtpx:course>
		</gpxtpx:TrackPointExtension>
	</extensions>
</trkpt>
<trkpt lat="44.2055165" lon="14.7881385">
	<ele>-6.46</ele>
	<time>2026-08-09T11:22:07.984Z</time>
	<hdop>3.79</hdop>
	<extensions>
		<gpxtpx:TrackPointExtension>
			<gpxtpx:course>348.0</gpxtpx:course>
		</gpxtpx:TrackPointExtension>
	</extensions>
</trkpt>
<trkpt lat="44.2058400" lon="14.7880370">
	<ele>-14.38</ele>
	<time>2026-08-09T11:22:17.985Z</time>
	<hdop>3.79</hdop>
	<extensions>
		<gpxtpx:TrackPointExtension>
			<gpxtpx:course>343.0</gpxtpx:course>
		</gpxtpx:TrackPointExtension>
	</extensions>
</trkpt>
<trkpt lat="44.2062020" lon="14.7879293">
	<ele>-35.13</ele>
	<time>2026-08-09T11:22:28.986Z</time>
	<hdop>3.79</hdop>
	<extensions>
		<gpxtpx:TrackPointExtension>
			<gpxtpx:course>346.0</gpxtpx:course>
		</gpxtpx:TrackPointExtension>
	</extensions>
</trkpt>
<trkpt lat="44.2065465" lon="14.7878098">
	<ele>-32.85</ele>
	<time>2026-08-09T11:22:39.985Z</time>
	<hdop>4.44</hdop>
	<extensions>
		<gpxtpx:TrackPointExtension>
			<gpxtpx:course>346.0</gpxtpx:course>
		</gpxtpx:TrackPointExtension>
	</extensions>
</trkpt>
<trkpt lat="44.2068918" lon="14.7877074">
	<ele>-18.70</ele>
	<time>2026-08-09T11:22:50.985Z</time>
	<hdop>3.79</hdop>
	<extensions>
		<gpxtpx:TrackPointExtension>
			<gpxtpx:course>345.0</gpxtpx:course>
		</gpxtpx:TrackPointExtension>
	</extensions>
</trkpt>
<trkpt lat="44.2072396" lon="14.7875983">
	<ele>-16.57</ele>
	<time>2026-08-09T11:23:01.984Z</time>
	<hdop>4.45</hdop>
	<extensions>
		<gpxtpx:TrackPointExtension>
			<gpxtpx:course>347.0</gpxtpx:course>
		</gpxtpx:TrackPointExtension>
	</extensions>
</trkpt>
<trkpt lat="44.2075599" lon="14.7874910">
	<ele>-14.42</ele>
	<time>2026-08-09T11:23:11.984Z</time>
	<hdop>3.79</hdop>
	<extensions>
		<gpxtpx:TrackPointExtension>
			<gpxtpx:course>347.0</gpxtpx:course>
		</gpxtpx:TrackPointExtension>
	</extensions>
</trkpt>
<trkpt lat="44.2078791" lon="14.7873852">
	<ele>-19.36</ele>
	<time>2026-08-09T11:23:21.985Z</time>
	<hdop>4.59</hdop>
	<extensions>
		<gpxtpx:TrackPointExtension>
			<gpxtpx:course>346.0</gpxtpx:course>
		</gpxtpx:TrackPointExtension>
	</extensions>
</trkpt>
<trkpt lat="44.2081965" lon="14.7872899">
	<ele>-20.31</ele>
	<time>2026-08-09T11:23:31.985Z</time>
	<hdop>3.79</hdop>
	<extensions>
		<gpxtpx:TrackPointExtension>
			<gpxtpx:course>343.0</gpxtpx:course>
		</gpxtpx:TrackPointExtension>
	</extensions>
</trkpt>
<trkpt lat="44.2085087" lon="14.7871892">
	<ele>-1.38</ele>
	<time>2026-08-09T11:23:41.985Z</time>
	<hdop>3.79</hdop>
	<extensions>
		<gpxtpx:TrackPointExtension>
			<gpxtpx:course>347.0</gpxtpx:course>
		</gpxtpx:TrackPointExtension>
	</extensions>
</trkpt>
<trkpt lat="44.2088531" lon="14.7870719">
	<ele>12.08</ele>
	<time>2026-08-09T11:23:52.985Z</time>
	<hdop>3.79</hdop>
	<extensions>
		<gpxtpx:TrackPointExtension>
			<gpxtpx:course>346.0</gpxtpx:course>
		</gpxtpx:TrackPointExtension>
	</extensions>
</trkpt>
<trkpt lat="44.2091713" lon="14.7869701">
	<ele>18.87</ele>
	<time>2026-08-09T11:24:02.985Z</time>
	<hdop>3.79</hdop>
	<extensions>
		<gpxtpx:TrackPointExtension>
			<gpxtpx:course>345.0</gpxtpx:course>
		</gpxtpx:TrackPointExtension>
	</extensions>
</trkpt>
<trkpt lat="44.2094842" lon="14.7868605">
	<ele>-0.99</ele>
	<time>2026-08-09T11:24:12.985Z</time>
	<hdop>3.79</hdop>
	<extensions>
		<gpxtpx:TrackPointExtension>
			<gpxtpx:course>344.0</gpxtpx:course>
		</gpxtpx:TrackPointExtension>
	</extensions>
</trkpt>
<trkpt lat="44.2098301" lon="14.7867359">
	<ele>-2.62</ele>
	<time>2026-08-09T11:24:23.985Z</time>
	<hdop>3.79</hdop>
	<extensions>
		<gpxtpx:TrackPointExtension>
			<gpxtpx:course>345.0</gpxtpx:course>
		</gpxtpx:TrackPointExtension>
	</extensions>
</trkpt>
<trkpt lat="44.2101426" lon="14.7866255">
	<ele>-20.79</ele>
	<time>2026-08-09T11:24:33.985Z</time>
	<hdop>3.79</hdop>
	<extensions>
		<gpxtpx:TrackPointExtension>
			<gpxtpx:course>346.0</gpxtpx:course>
		</gpxtpx:TrackPointExtension>
	</extensions>
</trkpt>
<trkpt lat="44.2104513" lon="14.7865163">
	<ele>-38.95</ele>
	<time>2026-08-09T11:24:43.985Z</time>
	<hdop>4.99</hdop>
	<extensions>
		<gpxtpx:TrackPointExtension>
			<gpxtpx:course>344.0</gpxtpx:course>
		</gpxtpx:TrackPointExtension>
	</extensions>
</trkpt>
<trkpt lat="44.2108015" lon="14.7863869">
	<ele>-48.88</ele>
	<time>2026-08-09T11:24:54.984Z</time>
	<hdop>3.79</hdop>
	<extensions>
		<gpxtpx:TrackPointExtension>
			<gpxtpx:course>346.0</gpxtpx:course>
		</gpxtpx:TrackPointExtension>
	</extensions>
</trkpt>
<trkpt lat="44.2111196" lon="14.7862704">
	<ele>-33.51</ele>
	<time>2026-08-09T11:25:04.985Z</time>
	<hdop>3.79</hdop>
	<extensions>
		<gpxtpx:TrackPointExtension>
			<gpxtpx:course>347.0</gpxtpx:course>
		</gpxtpx:TrackPointExtension>
	</extensions>
</trkpt>
<trkpt lat="44.2114426" lon="14.7861657">
	<ele>-15.88</ele>
	<time>2026-08-09T11:25:14.985Z</time>
	<hdop>3.79</hdop>
	<extensions>
		<gpxtpx:TrackPointExtension>
			<gpxtpx:course>348.0</gpxtpx:course>
		</gpxtpx:TrackPointExtension>
	</extensions>
</trkpt>
<trkpt lat="44.2117571" lon="14.7860525">
	<ele>-6.44</ele>
	<time>2026-08-09T11:25:24.985Z</time>
	<hdop>3.79</hdop>
	<extensions>
		<gpxtpx:TrackPointExtension>
			<gpxtpx:course>344.0</gpxtpx:course>
		</gpxtpx:TrackPointExtension>
	</extensions>
</trkpt>
<trkpt lat="44.2120754" lon="14.7859420">
	<ele>-6.55</ele>
	<time>2026-08-09T11:25:34.985Z</time>
	<hdop>3.79</hdop>
	<extensions>
		<gpxtpx:TrackPointExtension>
			<gpxtpx:course>345.0</gpxtpx:course>
		</gpxtpx:TrackPointExtension>
	</extensions>
</trkpt>
<trkpt lat="44.2123929" lon="14.7858282">
	<ele>-5.28</ele>
	<time>2026-08-09T11:25:44.985Z</time>
	<hdop>3.79</hdop>
	<extensions>
		<gpxtpx:TrackPointExtension>
			<gpxtpx:course>345.0</gpxtpx:course>
		</gpxtpx:TrackPointExtension>
	</extensions>
</trkpt>
<trkpt lat="44.2127132" lon="14.7857178">
	<ele>-9.90</ele>
	<time>2026-08-09T11:25:54.986Z</time>
	<hdop>3.79</hdop>
	<extensions>
		<gpxtpx:TrackPointExtension>
			<gpxtpx:course>345.0</gpxtpx:course>
		</gpxtpx:TrackPointExtension>
	</extensions>
</trkpt>
<trkpt lat="44.2130678" lon="14.7855973">
	<ele>-10.60</ele>
	<time>2026-08-09T11:26:05.985Z</time>
	<hdop>3.79</hdop>
	<extensions>
		<gpxtpx:TrackPointExtension>
			<gpxtpx:course>345.0</gpxtpx:course>
		</gpxtpx:TrackPointExtension>
	</extensions>
</trkpt>
<trkpt lat="44.2134101" lon="14.7854780">
	<ele>-14.22</ele>
	<time>2026-08-09T11:26:16.985Z</time>
	<hdop>3.79</hdop>
	<extensions>
		<gpxtpx:TrackPointExtension>
			<gpxtpx:course>343.0</gpxtpx:course>
		</gpxtpx:TrackPointExtension>
	</extensions>
</trkpt>
<trkpt lat="44.2137221" lon="14.7853524">
	<ele>-14.47</ele>
	<time>2026-08-09T11:26:26.985Z</time>
	<hdop>3.79</hdop>
	<extensions>
		<gpxtpx:TrackPointExtension>
			<gpxtpx:course>343.0</gpxtpx:course>
		</gpxtpx:TrackPointExtension>
	</extensions>
</trkpt>
<trkpt lat="44.2140707" lon="14.7852176">
	<ele>-13.90</ele>
	<time>2026-08-09T11:26:37.984Z</time>
	<hdop>3.79</hdop>
	<extensions>
		<gpxtpx:TrackPointExtension>
			<gpxtpx:course>343.0</gpxtpx:course>
		</gpxtpx:TrackPointExtension>
	</extensions>
</trkpt>
<trkpt lat="44.2143772" lon="14.7851116">
	<ele>-26.68</ele>
	<time>2026-08-09T11:26:47.985Z</time>
	<hdop>3.79</hdop>
	<extensions>
		<gpxtpx:TrackPointExtension>
			<gpxtpx:course>343.0</gpxtpx:course>
		</gpxtpx:TrackPointExtension>
	</extensions>
</trkpt>
<trkpt lat="44.2147221" lon="14.7849841">
	<ele>-46.22</ele>
	<time>2026-08-09T11:26:58.983Z</time>
	<hdop>3.79</hdop>
	<extensions>
		<gpxtpx:TrackPointExtension>
			<gpxtpx:course>345.0</gpxtpx:course>
		</gpxtpx:TrackPointExtension>
	</extensions>
</trkpt>
<trkpt lat="44.2150327" lon="14.7848752">
	<ele>-34.66</ele>
	<time>2026-08-09T11:27:08.984Z</time>
	<hdop>3.79</hdop>
	<extensions>
		<gpxtpx:TrackPointExtension>
			<gpxtpx:course>345.0</gpxtpx:course>
		</gpxtpx:TrackPointExtension>
	</extensions>
</trkpt>
<trkpt lat="44.2153561" lon="14.7847630">
	<ele>-18.37</ele>
	<time>2026-08-09T11:27:18.984Z</time>
	<hdop>3.79</hdop>
	<extensions>
		<gpxtpx:TrackPointExtension>
			<gpxtpx:course>348.0</gpxtpx:course>
		</gpxtpx:TrackPointExtension>
	</extensions>
</trkpt>
<trkpt lat="44.2157002" lon="14.7846609">
	<ele>-0.51</ele>
	<time>2026-08-09T11:27:29.984Z</time>
	<hdop>3.79</hdop>
	<extensions>
		<gpxtpx:TrackPointExtension>
			<gpxtpx:course>345.0</gpxtpx:course>
		</gpxtpx:TrackPointExtension>
	</extensions>
</trkpt>
<trkpt lat="44.2160175" lon="14.7845614">
	<ele>5.46</ele>
	<time>2026-08-09T11:27:39.984Z</time>
	<hdop>3.79</hdop>
	<extensions>
		<gpxtpx:TrackPointExtension>
			<gpxtpx:course>347.0</gpxtpx:course>
		</gpxtpx:TrackPointExtension>
	</extensions>
</trkpt>
<trkpt lat="44.2163275" lon="14.7844656">
	<ele>10.12</ele>
	<time>2026-08-09T11:27:49.984Z</time>
	<hdop>3.79</hdop>
	<extensions>
		<gpxtpx:TrackPointExtension>
			<gpxtpx:course>349.0</gpxtpx:course>
		</gpxtpx:TrackPointExtension>
	</extensions>
</trkpt>
<trkpt lat="44.2166410" lon="14.7843883">
	<ele>13.57</ele>
	<time>2026-08-09T11:27:59.985Z</time>
	<hdop>3.79</hdop>
	<extensions>
		<gpxtpx:TrackPointExtension>
			<gpxtpx:course>350.0</gpxtpx:course>
		</gpxtpx:TrackPointExtension>
	</extensions>
</trkpt>
<trkpt lat="44.2170197" lon="14.7843012">
	<ele>17.93</ele>
	<time>2026-08-09T11:28:10.984Z</time>
	<hdop>3.79</hdop>
	<extensions>
		<gpxtpx:TrackPointExtension>
			<gpxtpx:course>352.0</gpxtpx:course>
		</gpxtpx:TrackPointExtension>
	</extensions>
</trkpt>
<trkpt lat="44.2173474" lon="14.7842322">
	<ele>22.39</ele>
	<time>2026-08-09T11:28:20.984Z</time>
	<hdop>3.79</hdop>
	<extensions>
		<gpxtpx:TrackPointExtension>
			<gpxtpx:course>351.0</gpxtpx:course>
		</gpxtpx:TrackPointExtension>
	</extensions>
</trkpt>
<trkpt lat="44.2176741" lon="14.7841549">
	<ele>22.56</ele>
	<time>2026-08-09T11:28:30.984Z</time>
	<hdop>3.79</hdop>
	<extensions>
		<gpxtpx:TrackPointExtension>
			<gpxtpx:course>351.0</gpxtpx:course>
		</gpxtpx:TrackPointExtension>
	</extensions>
</trkpt>
<trkpt lat="44.2179895" lon="14.7840810">
	<ele>22.48</ele>
	<time>2026-08-09T11:28:40.984Z</time>
	<hdop>3.79</hdop>
	<extensions>
		<gpxtpx:TrackPointExtension>
			<gpxtpx:course>352.0</gpxtpx:course>
		</gpxtpx:TrackPointExtension>
	</extensions>
</trkpt>
<trkpt lat="44.2183331" lon="14.7840045">
	<ele>18.11</ele>
	<time>2026-08-09T11:28:51.985Z</time>
	<hdop>3.79</hdop>
	<extensions>
		<gpxtpx:TrackPointExtension>
			<gpxtpx:course>351.0</gpxtpx:course>
		</gpxtpx:TrackPointExtension>
	</extensions>
</trkpt>
<trkpt lat="44.2186869" lon="14.7839313">
	<ele>13.46</ele>
	<time>2026-08-09T11:29:02.984Z</time>
	<hdop>3.79</hdop>
	<extensions>
		<gpxtpx:TrackPointExtension>
			<gpxtpx:course>351.0</gpxtpx:course>
		</gpxtpx:TrackPointExtension>
	</extensions>
</trkpt>
<trkpt lat="44.2190034" lon="14.7838759">
	<ele>8.65</ele>
	<time>2026-08-09T11:29:12.985Z</time>
	<hdop>3.79</hdop>
	<extensions>
		<gpxtpx:TrackPointExtension>
			<gpxtpx:course>353.0</gpxtpx:course>
		</gpxtpx:TrackPointExtension>
	</extensions>
</trkpt>
<trkpt lat="44.2193449" lon="14.7838126">
	<ele>9.29</ele>
	<time>2026-08-09T11:29:23.983Z</time>
	<hdop>3.79</hdop>
	<extensions>
		<gpxtpx:TrackPointExtension>
			<gpxtpx:course>353.0</gpxtpx:course>
		</gpxtpx:TrackPointExtension>
	</extensions>
</trkpt>
<trkpt lat="44.2196616" lon="14.7837652">
	<ele>6.34</ele>
	<time>2026-08-09T11:29:33.983Z</time>
	<hdop>3.79</hdop>
	<extensions>
		<gpxtpx:TrackPointExtension>
			<gpxtpx:course>354.0</gpxtpx:course>
		</gpxtpx:TrackPointExtension>
	</extensions>
</trkpt>
<trkpt lat="44.2199744" lon="14.7837091">
	<ele>6.62</ele>
	<time>2026-08-09T11:29:43.984Z</time>
	<hdop>3.79</hdop>
	<extensions>
		<gpxtpx:TrackPointExtension>
			<gpxtpx:course>353.0</gpxtpx:course>
		</gpxtpx:TrackPointExtension>
	</extensions>
</trkpt>
<trkpt lat="44.2202933" lon="14.7836482">
	<ele>3.80</ele>
	<time>2026-08-09T11:29:53.984Z</time>
	<hdop>3.79</hdop>
	<extensions>
		<gpxtpx:TrackPointExtension>
			<gpxtpx:course>351.0</gpxtpx:course>
		</gpxtpx:TrackPointExtension>
	</extensions>
</trkpt>
<trkpt lat="44.2206171" lon="14.7835891">
	<ele>3.22</ele>
	<time>2026-08-09T11:30:03.985Z</time>
	<hdop>3.79</hdop>
	<extensions>
		<gpxtpx:TrackPointExtension>
			<gpxtpx:course>351.0</gpxtpx:course>
		</gpxtpx:TrackPointExtension>
	</extensions>
</trkpt>
<trkpt lat="44.2209794" lon="14.7835236">
	<ele>-1.51</ele>
	<time>2026-08-09T11:30:14.984Z</time>
	<hdop>3.79</hdop>
	<extensions>
		<gpxtpx:TrackPointExtension>
			<gpxtpx:course>353.0</gpxtpx:course>
		</gpxtpx:TrackPointExtension>
	</extensions>
</trkpt>
<trkpt lat="44.2213045" lon="14.7834735">
	<ele>-9.33</ele>
	<time>2026-08-09T11:30:24.984Z</time>
	<hdop>3.79</hdop>
	<extensions>
		<gpxtpx:TrackPointExtension>
			<gpxtpx:course>353.0</gpxtpx:course>
		</gpxtpx:TrackPointExtension>
	</extensions>
</trkpt>
<trkpt lat="44.2216261" lon="14.7834271">
	<ele>-38.17</ele>
	<time>2026-08-09T11:30:34.984Z</time>
	<hdop>3.79</hdop>
	<extensions>
		<gpxtpx:TrackPointExtension>
			<gpxtpx:course>353.0</gpxtpx:course>
		</gpxtpx:TrackPointExtension>
	</extensions>
</trkpt>
<trkpt lat="44.2219790" lon="14.7833609">
	<ele>-55.92</ele>
	<time>2026-08-09T11:30:45.984Z</time>
	<hdop>3.79</hdop>
	<extensions>
		<gpxtpx:TrackPointExtension>
			<gpxtpx:course>351.0</gpxtpx:course>
		</gpxtpx:TrackPointExtension>
	</extensions>
</trkpt>
<trkpt lat="44.2223266" lon="14.7832793">
	<ele>-69.02</ele>
	<time>2026-08-09T11:30:56.983Z</time>
	<hdop>3.79</hdop>
	<extensions>
		<gpxtpx:TrackPointExtension>
			<gpxtpx:course>350.0</gpxtpx:course>
		</gpxtpx:TrackPointExtension>
	</extensions>
</trkpt>
<trkpt lat="44.2226439" lon="14.7832115">
	<ele>-61.76</ele>
	<time>2026-08-09T11:31:06.984Z</time>
	<hdop>3.79</hdop>
	<extensions>
		<gpxtpx:TrackPointExtension>
			<gpxtpx:course>352.0</gpxtpx:course>
		</gpxtpx:TrackPointExtension>
	</extensions>
</trkpt>
<trkpt lat="44.2229917" lon="14.7831503">
	<ele>-37.75</ele>
	<time>2026-08-09T11:31:17.983Z</time>
	<hdop>3.79</hdop>
	<extensions>
		<gpxtpx:TrackPointExtension>
			<gpxtpx:course>353.0</gpxtpx:course>
		</gpxtpx:TrackPointExtension>
	</extensions>
</trkpt>
<trkpt lat="44.2233061" lon="14.7830907">
	<ele>-40.41</ele>
	<time>2026-08-09T11:31:27.983Z</time>
	<hdop>3.79</hdop>
	<extensions>
		<gpxtpx:TrackPointExtension>
			<gpxtpx:course>353.0</gpxtpx:course>
		</gpxtpx:TrackPointExtension>
	</extensions>
</trkpt>
<trkpt lat="44.2236212" lon="14.7830368">
	<ele>-42.03</ele>
	<time>2026-08-09T11:31:37.985Z</time>
	<hdop>3.79</hdop>
	<extensions>
		<gpxtpx:TrackPointExtension>
			<gpxtpx:course>353.0</gpxtpx:course>
		</gpxtpx:TrackPointExtension>
	</extensions>
</trkpt>
<trkpt lat="44.2239683" lon="14.7829756">
	<ele>-31.95</ele>
	<time>2026-08-09T11:31:48.984Z</time>
	<hdop>3.79</hdop>
	<extensions>
		<gpxtpx:TrackPointExtension>
			<gpxtpx:course>352.0</gpxtpx:course>
		</gpxtpx:TrackPointExtension>
	</extensions>
</trkpt>
<trkpt lat="44.2242846" lon="14.7829162">
	<ele>-35.77</ele>
	<time>2026-08-09T11:31:58.985Z</time>
	<hdop>3.79</hdop>
	<extensions>
		<gpxtpx:TrackPointExtension>
			<gpxtpx:course>353.0</gpxtpx:course>
		</gpxtpx:TrackPointExtension>
	</extensions>
</trkpt>
<trkpt lat="44.2246300" lon="14.7828607">
	<ele>-25.38</ele>
	<time>2026-08-09T11:32:09.984Z</time>
	<hdop>3.79</hdop>
	<extensions>
		<gpxtpx:TrackPointExtension>
			<gpxtpx:course>353.0</gpxtpx:course>
		</gpxtpx:TrackPointExtension>
	</extensions>
</trkpt>
<trkpt lat="44.2249340" lon="14.7828190">
	<ele>-11.88</ele>
	<time>2026-08-09T11:32:19.984Z</time>
	<hdop>3.79</hdop>
	<extensions>
		<gpxtpx:TrackPointExtension>
			<gpxtpx:course>353.0</gpxtpx:course>
		</gpxtpx:TrackPointExtension>
	</extensions>
</trkpt>
<trkpt lat="44.2252515" lon="14.7827624">
	<ele>1.93</ele>
	<time>2026-08-09T11:32:29.984Z</time>
	<hdop>3.79</hdop>
	<extensions>
		<gpxtpx:TrackPointExtension>
			<gpxtpx:course>354.0</gpxtpx:course>
		</gpxtpx:TrackPointExtension>
	</extensions>
</trkpt>
<trkpt lat="44.2255617" lon="14.7827054">
	<ele>8.92</ele>
	<time>2026-08-09T11:32:39.984Z</time>
	<hdop>3.79</hdop>
	<extensions>
		<gpxtpx:TrackPointExtension>
			<gpxtpx:course>353.0</gpxtpx:course>
		</gpxtpx:TrackPointExtension>
	</extensions>
</trkpt>
<trkpt lat="44.2259004" lon="14.7826527">
	<ele>12.43</ele>
	<time>2026-08-09T11:32:50.983Z</time>
	<hdop>3.79</hdop>
	<extensions>
		<gpxtpx:TrackPointExtension>
			<gpxtpx:course>353.0</gpxtpx:course>
		</gpxtpx:TrackPointExtension>
	</extensions>
</trkpt>
<trkpt lat="44.2262121" lon="14.7826026">
	<ele>14.85</ele>
	<time>2026-08-09T11:33:00.984Z</time>
	<hdop>3.79</hdop>
	<extensions>
		<gpxtpx:TrackPointExtension>
			<gpxtpx:course>354.0</gpxtpx:course>
		</gpxtpx:TrackPointExtension>
	</extensions>
</trkpt>
<trkpt lat="44.2265595" lon="14.7825487">
	<ele>20.13</ele>
	<time>2026-08-09T11:33:11.984Z</time>
	<hdop>3.79</hdop>
	<extensions>
		<gpxtpx:TrackPointExtension>
			<gpxtpx:course>353.0</gpxtpx:course>
		</gpxtpx:TrackPointExtension>
	</extensions>
</trkpt>
<trkpt lat="44.2268722" lon="14.7825084">
	<ele>13.71</ele>
	<time>2026-08-09T11:33:21.984Z</time>
	<hdop>3.79</hdop>
	<extensions>
		<gpxtpx:TrackPointExtension>
			<gpxtpx:course>352.0</gpxtpx:course>
		</gpxtpx:TrackPointExtension>
	</extensions>
</trkpt>
<trkpt lat="44.2272118" lon="14.7824296">
	<ele>6.50</ele>
	<time>2026-08-09T11:33:32.984Z</time>
	<hdop>3.79</hdop>
	<extensions>
		<gpxtpx:TrackPointExtension>
			<gpxtpx:course>347.0</gpxtpx:course>
		</gpxtpx:TrackPointExtension>
	</extensions>
</trkpt>
<trkpt lat="44.2275541" lon="14.7823122">
	<ele>-10.92</ele>
	<time>2026-08-09T11:33:43.984Z</time>
	<hdop>3.79</hdop>
	<extensions>
		<gpxtpx:TrackPointExtension>
			<gpxtpx:course>343.0</gpxtpx:course>
		</gpxtpx:TrackPointExtension>
	</extensions>
</trkpt>
<trkpt lat="44.2278421" lon="14.7821401">
	<ele>-38.20</ele>
	<time>2026-08-09T11:33:53.984Z</time>
	<hdop>3.79</hdop>
	<extensions>
		<gpxtpx:TrackPointExtension>
			<gpxtpx:course>335.0</gpxtpx:course>
		</gpxtpx:TrackPointExtension>
	</extensions>
</trkpt>
<trkpt lat="44.2281225" lon="14.7819594">
	<ele>-48.88</ele>
	<time>2026-08-09T11:34:03.984Z</time>
	<hdop>3.79</hdop>
	<extensions>
		<gpxtpx:TrackPointExtension>
			<gpxtpx:course>335.0</gpxtpx:course>
		</gpxtpx:TrackPointExtension>
	</extensions>
</trkpt>
<trkpt lat="44.2284100" lon="14.7817833">
	<ele>-64.64</ele>
	<time>2026-08-09T11:34:13.984Z</time>
	<hdop>3.79</hdop>
	<extensions>
		<gpxtpx:TrackPointExtension>
			<gpxtpx:course>339.0</gpxtpx:course>
		</gpxtpx:TrackPointExtension>
	</extensions>
</trkpt>
<trkpt lat="44.2286958" lon="14.7816123">
	<ele>-63.36</ele>
	<time>2026-08-09T11:34:23.984Z</time>
	<hdop>3.79</hdop>
	<extensions>
		<gpxtpx:TrackPointExtension>
			<gpxtpx:course>335.0</gpxtpx:course>
		</gpxtpx:TrackPointExtension>
	</extensions>
</trkpt>
<trkpt lat="44.2290140" lon="14.7814300">
	<ele>-52.88</ele>
	<time>2026-08-09T11:34:34.983Z</time>
	<hdop>3.79</hdop>
	<extensions>
		<gpxtpx:TrackPointExtension>
			<gpxtpx:course>337.0</gpxtpx:course>
		</gpxtpx:TrackPointExtension>
	</extensions>
</trkpt>
<trkpt lat="44.2293083" lon="14.7812427">
	<ele>-45.19</ele>
	<time>2026-08-09T11:34:44.984Z</time>
	<hdop>3.79</hdop>
	<extensions>
		<gpxtpx:TrackPointExtension>
			<gpxtpx:course>338.0</gpxtpx:course>
		</gpxtpx:TrackPointExtension>
	</extensions>
</trkpt>
<trkpt lat="44.2296336" lon="14.7810602">
	<ele>-47.54</ele>
	<time>2026-08-09T11:34:55.983Z</time>
	<hdop>3.79</hdop>
	<extensions>
		<gpxtpx:TrackPointExtension>
			<gpxtpx:course>339.0</gpxtpx:course>
		</gpxtpx:TrackPointExtension>
	</extensions>
</trkpt>
<trkpt lat="44.2299174" lon="14.7808976">
	<ele>-49.52</ele>
	<time>2026-08-09T11:35:05.983Z</time>
	<hdop>3.79</hdop>
	<extensions>
		<gpxtpx:TrackPointExtension>
			<gpxtpx:course>338.0</gpxtpx:course>
		</gpxtpx:TrackPointExtension>
	</extensions>
</trkpt>
<trkpt lat="44.2302135" lon="14.7807251">
	<ele>-49.86</ele>
	<time>2026-08-09T11:35:15.984Z</time>
	<hdop>3.79</hdop>
	<extensions>
		<gpxtpx:TrackPointExtension>
			<gpxtpx:course>334.0</gpxtpx:course>
		</gpxtpx:TrackPointExtension>
	</extensions>
</trkpt>
<trkpt lat="44.2304948" lon="14.7805422">
	<ele>-41.27</ele>
	<time>2026-08-09T11:35:25.984Z</time>
	<hdop>3.79</hdop>
	<extensions>
		<gpxtpx:TrackPointExtension>
			<gpxtpx:course>334.0</gpxtpx:course>
		</gpxtpx:TrackPointExtension>
	</extensions>
</trkpt>
<trkpt lat="44.2308079" lon="14.7803461">
	<ele>-24.59</ele>
	<time>2026-08-09T11:35:36.983Z</time>
	<hdop>3.79</hdop>
	<extensions>
		<gpxtpx:TrackPointExtension>
			<gpxtpx:course>336.0</gpxtpx:course>
		</gpxtpx:TrackPointExtension>
	</extensions>
</trkpt>
<trkpt lat="44.2311115" lon="14.7801685">
	<ele>-14.78</ele>
	<time>2026-08-09T11:35:46.983Z</time>
	<hdop>3.79</hdop>
	<extensions>
		<gpxtpx:TrackPointExtension>
			<gpxtpx:course>335.0</gpxtpx:course>
		</gpxtpx:TrackPointExtension>
	</extensions>
</trkpt>
<trkpt lat="44.2313940" lon="14.7799811">
	<ele>-4.42</ele>
	<time>2026-08-09T11:35:56.984Z</time>
	<hdop>3.79</hdop>
	<extensions>
		<gpxtpx:TrackPointExtension>
			<gpxtpx:course>336.0</gpxtpx:course>
		</gpxtpx:TrackPointExtension>
	</extensions>
</trkpt>
<trkpt lat="44.2317065" lon="14.7797841">
	<ele>-14.91</ele>
	<time>2026-08-09T11:36:07.983Z</time>
	<hdop>3.79</hdop>
	<extensions>
		<gpxtpx:TrackPointExtension>
			<gpxtpx:course>333.0</gpxtpx:course>
		</gpxtpx:TrackPointExtension>
	</extensions>
</trkpt>
<trkpt lat="44.2320011" lon="14.7795936">
	<ele>-23.94</ele>
	<time>2026-08-09T11:36:17.983Z</time>
	<hdop>3.79</hdop>
	<extensions>
		<gpxtpx:TrackPointExtension>
			<gpxtpx:course>337.0</gpxtpx:course>
		</gpxtpx:TrackPointExtension>
	</extensions>
</trkpt>
<trkpt lat="44.2322860" lon="14.7794293">
	<ele>-35.46</ele>
	<time>2026-08-09T11:36:27.983Z</time>
	<hdop>3.79</hdop>
	<extensions>
		<gpxtpx:TrackPointExtension>
			<gpxtpx:course>340.0</gpxtpx:course>
		</gpxtpx:TrackPointExtension>
	</extensions>
</trkpt>
<trkpt lat="44.2325924" lon="14.7792799">
	<ele>-30.14</ele>
	<time>2026-08-09T11:36:37.983Z</time>
	<hdop>3.79</hdop>
	<extensions>
		<gpxtpx:TrackPointExtension>
			<gpxtpx:course>340.0</gpxtpx:course>
		</gpxtpx:TrackPointExtension>
	</extensions>
</trkpt>
<trkpt lat="44.2329198" lon="14.7791263">
	<ele>-13.68</ele>
	<time>2026-08-09T11:36:48.984Z</time>
	<hdop>3.79</hdop>
	<extensions>
		<gpxtpx:TrackPointExtension>
			<gpxtpx:course>341.0</gpxtpx:course>
		</gpxtpx:TrackPointExtension>
	</extensions>
</trkpt>
<trkpt lat="44.2332198" lon="14.7789962">
	<ele>1.19</ele>
	<time>2026-08-09T11:36:58.984Z</time>
	<hdop>3.79</hdop>
	<extensions>
		<gpxtpx:TrackPointExtension>
			<gpxtpx:course>342.0</gpxtpx:course>
		</gpxtpx:TrackPointExtension>
	</extensions>
</trkpt>
<trkpt lat="44.2335613" lon="14.7788461">
	<ele>11.08</ele>
	<time>2026-08-09T11:37:09.982Z</time>
	<hdop>3.79</hdop>
	<extensions>
		<gpxtpx:TrackPointExtension>
			<gpxtpx:course>348.0</gpxtpx:course>
		</gpxtpx:TrackPointExtension>
	</extensions>
</trkpt>
<trkpt lat="44.2338754" lon="14.7787793">
	<ele>17.82</ele>
	<time>2026-08-09T11:37:19.983Z</time>
	<hdop>3.79</hdop>
	<extensions>
		<gpxtpx:TrackPointExtension>
			<gpxtpx:course>348.0</gpxtpx:course>
		</gpxtpx:TrackPointExtension>
	</extensions>
</trkpt>
<trkpt lat="44.2342280" lon="14.7787705">
	<ele>-3.83</ele>
	<time>2026-08-09T11:37:30.984Z</time>
	<hdop>3.79</hdop>
	<extensions>
		<gpxtpx:TrackPointExtension>
			<gpxtpx:course>2.0</gpxtpx:course>
		</gpxtpx:TrackPointExtension>
	</extensions>
</trkpt>
<trkpt lat="44.2345768" lon="14.7788021">
	<ele>-18.03</ele>
	<time>2026-08-09T11:37:41.982Z</time>
	<hdop>3.79</hdop>
	<extensions>
		<gpxtpx:TrackPointExtension>
			<gpxtpx:course>9.0</gpxtpx:course>
		</gpxtpx:TrackPointExtension>
	</extensions>
</trkpt>
<trkpt lat="44.2348947" lon="14.7789003">
	<ele>-18.98</ele>
	<time>2026-08-09T11:37:51.982Z</time>
	<hdop>3.79</hdop>
	<extensions>
		<gpxtpx:TrackPointExtension>
			<gpxtpx:course>11.0</gpxtpx:course>
		</gpxtpx:TrackPointExtension>
	</extensions>
</trkpt>
<trkpt lat="44.2352170" lon="14.7790048">
	<ele>-10.96</ele>
	<time>2026-08-09T11:38:01.983Z</time>
	<hdop>3.79</hdop>
	<extensions>
		<gpxtpx:TrackPointExtension>
			<gpxtpx:course>12.0</gpxtpx:course>
		</gpxtpx:TrackPointExtension>
	</extensions>
</trkpt>
<trkpt lat="44.2355412" lon="14.7791108">
	<ele>-4.13</ele>
	<time>2026-08-09T11:38:11.984Z</time>
	<hdop>3.79</hdop>
	<extensions>
		<gpxtpx:TrackPointExtension>
			<gpxtpx:course>14.0</gpxtpx:course>
		</gpxtpx:TrackPointExtension>
	</extensions>
</trkpt>
<trkpt lat="44.2358928" lon="14.7792365">
	<ele>2.75</ele>
	<time>2026-08-09T11:38:22.983Z</time>
	<hdop>3.79</hdop>
	<extensions>
		<gpxtpx:TrackPointExtension>
			<gpxtpx:course>13.0</gpxtpx:course>
		</gpxtpx:TrackPointExtension>
	</extensions>
</trkpt>
<trkpt lat="44.2362274" lon="14.7793439">
	<ele>11.82</ele>
	<time>2026-08-09T11:38:32.983Z</time>
	<hdop>4.32</hdop>
	<extensions>
		<gpxtpx:TrackPointExtension>
			<gpxtpx:course>16.729177</gpxtpx:course>
		</gpxtpx:TrackPointExtension>
	</extensions>
</trkpt>
<trkpt lat="44.2365827" lon="14.7794670">
	<ele>9.59</ele>
	<time>2026-08-09T11:38:43.983Z</time>
	<hdop>5.32</hdop>
	<extensions>
		<gpxtpx:TrackPointExtension>
			<gpxtpx:course>15.008215</gpxtpx:course>
		</gpxtpx:TrackPointExtension>
	</extensions>
</trkpt>
<trkpt lat="44.2368734" lon="14.7795573">
	<ele>12.03</ele>
	<time>2026-08-09T11:38:53.983Z</time>
	<hdop>4.01</hdop>
	<extensions>
		<gpxtpx:TrackPointExtension>
			<gpxtpx:course>14.0</gpxtpx:course>
		</gpxtpx:TrackPointExtension>
	</extensions>
</trkpt>
<trkpt lat="44.2371925" lon="14.7796744">
	<ele>-4.45</ele>
	<time>2026-08-09T11:39:03.983Z</time>
	<hdop>3.79</hdop>
	<extensions>
		<gpxtpx:TrackPointExtension>
			<gpxtpx:course>14.0</gpxtpx:course>
		</gpxtpx:TrackPointExtension>
	</extensions>
</trkpt>
<trkpt lat="44.2375392" lon="14.7797867">
	<ele>-6.70</ele>
	<time>2026-08-09T11:39:14.982Z</time>
	<hdop>3.79</hdop>
	<extensions>
		<gpxtpx:TrackPointExtension>
			<gpxtpx:course>14.0</gpxtpx:course>
		</gpxtpx:TrackPointExtension>
	</extensions>
</trkpt>
<trkpt lat="44.2378537" lon="14.7798828">
	<ele>-3.23</ele>
	<time>2026-08-09T11:39:24.982Z</time>
	<hdop>3.79</hdop>
	<extensions>
		<gpxtpx:TrackPointExtension>
			<gpxtpx:course>13.0</gpxtpx:course>
		</gpxtpx:TrackPointExtension>
	</extensions>
</trkpt>
<trkpt lat="44.2381594" lon="14.7799912">
	<ele>6.73</ele>
	<time>2026-08-09T11:39:34.982Z</time>
	<hdop>3.79</hdop>
	<extensions>
		<gpxtpx:TrackPointExtension>
			<gpxtpx:course>12.0</gpxtpx:course>
		</gpxtpx:TrackPointExtension>
	</extensions>
</trkpt>
<trkpt lat="44.2384856" lon="14.7801073">
	<ele>-4.39</ele>
	<time>2026-08-09T11:39:44.982Z</time>
	<hdop>3.79</hdop>
	<extensions>
		<gpxtpx:TrackPointExtension>
			<gpxtpx:course>15.0</gpxtpx:course>
		</gpxtpx:TrackPointExtension>
	</extensions>
</trkpt>
<trkpt lat="44.2388103" lon="14.7802036">
	<ele>-18.35</ele>
	<time>2026-08-09T11:39:54.983Z</time>
	<hdop>3.79</hdop>
	<extensions>
		<gpxtpx:TrackPointExtension>
			<gpxtpx:course>12.0</gpxtpx:course>
		</gpxtpx:TrackPointExtension>
	</extensions>
</trkpt>
<trkpt lat="44.2391568" lon="14.7803143">
	<ele>1.04</ele>
	<time>2026-08-09T11:40:05.984Z</time>
	<hdop>3.79</hdop>
	<extensions>
		<gpxtpx:TrackPointExtension>
			<gpxtpx:course>10.0</gpxtpx:course>
		</gpxtpx:TrackPointExtension>
	</extensions>
</trkpt>
<trkpt lat="44.2395016" lon="14.7804188">
	<ele>3.51</ele>
	<time>2026-08-09T11:40:16.982Z</time>
	<hdop>3.79</hdop>
	<extensions>
		<gpxtpx:TrackPointExtension>
			<gpxtpx:course>12.0</gpxtpx:course>
		</gpxtpx:TrackPointExtension>
	</extensions>
</trkpt>
<trkpt lat="44.2398190" lon="14.7805165">
	<ele>14.18</ele>
	<time>2026-08-09T11:40:26.983Z</time>
	<hdop>3.79</hdop>
	<extensions>
		<gpxtpx:TrackPointExtension>
			<gpxtpx:course>13.0</gpxtpx:course>
		</gpxtpx:TrackPointExtension>
	</extensions>
</trkpt>
<trkpt lat="44.2401347" lon="14.7806194">
	<ele>18.01</ele>
	<time>2026-08-09T11:40:36.983Z</time>
	<hdop>3.79</hdop>
	<extensions>
		<gpxtpx:TrackPointExtension>
			<gpxtpx:course>12.0</gpxtpx:course>
		</gpxtpx:TrackPointExtension>
	</extensions>
</trkpt>
<trkpt lat="44.2404806" lon="14.7807219">
	<ele>15.19</ele>
	<time>2026-08-09T11:40:47.981Z</time>
	<hdop>3.79</hdop>
	<extensions>
		<gpxtpx:TrackPointExtension>
			<gpxtpx:course>12.0</gpxtpx:course>
		</gpxtpx:TrackPointExtension>
	</extensions>
</trkpt>
<trkpt lat="44.2408027" lon="14.7808128">
	<ele>4.68</ele>
	<time>2026-08-09T11:40:57.982Z</time>
	<hdop>3.79</hdop>
	<extensions>
		<gpxtpx:TrackPointExtension>
			<gpxtpx:course>12.0</gpxtpx:course>
		</gpxtpx:TrackPointExtension>
	</extensions>
</trkpt>
<trkpt lat="44.2411203" lon="14.7809106">
	<ele>1.42</ele>
	<time>2026-08-09T11:41:07.982Z</time>
	<hdop>3.79</hdop>
	<extensions>
		<gpxtpx:TrackPointExtension>
			<gpxtpx:course>12.0</gpxtpx:course>
		</gpxtpx:TrackPointExtension>
	</extensions>
</trkpt>
<trkpt lat="44.2414325" lon="14.7810066">
	<ele>-2.78</ele>
	<time>2026-08-09T11:41:17.982Z</time>
	<hdop>3.79</hdop>
	<extensions>
		<gpxtpx:TrackPointExtension>
			<gpxtpx:course>11.0</gpxtpx:course>
		</gpxtpx:TrackPointExtension>
	</extensions>
</trkpt>
<trkpt lat="44.2417559" lon="14.7811095">
	<ele>-0.16</ele>
	<time>2026-08-09T11:41:27.983Z</time>
	<hdop>3.79</hdop>
	<extensions>
		<gpxtpx:TrackPointExtension>
			<gpxtpx:course>11.0</gpxtpx:course>
		</gpxtpx:TrackPointExtension>
	</extensions>
</trkpt>
<trkpt lat="44.2421091" lon="14.7812162">
	<ele>8.01</ele>
	<time>2026-08-09T11:41:38.982Z</time>
	<hdop>3.79</hdop>
	<extensions>
		<gpxtpx:TrackPointExtension>
			<gpxtpx:course>11.0</gpxtpx:course>
		</gpxtpx:TrackPointExtension>
	</extensions>
</trkpt>
<trkpt lat="44.2424235" lon="14.7813114">
	<ele>11.68</ele>
	<time>2026-08-09T11:41:48.982Z</time>
	<hdop>3.79</hdop>
	<extensions>
		<gpxtpx:TrackPointExtension>
			<gpxtpx:course>12.0</gpxtpx:course>
		</gpxtpx:TrackPointExtension>
	</extensions>
</trkpt>
<trkpt lat="44.2427448" lon="14.7814085">
	<ele>8.23</ele>
	<time>2026-08-09T11:41:58.982Z</time>
	<hdop>3.79</hdop>
	<extensions>
		<gpxtpx:TrackPointExtension>
			<gpxtpx:course>11.0</gpxtpx:course>
		</gpxtpx:TrackPointExtension>
	</extensions>
</trkpt>
<trkpt lat="44.2430573" lon="14.7814972">
	<ele>10.45</ele>
	<time>2026-08-09T11:42:08.983Z</time>
	<hdop>3.79</hdop>
	<extensions>
		<gpxtpx:TrackPointExtension>
			<gpxtpx:course>11.0</gpxtpx:course>
		</gpxtpx:TrackPointExtension>
	</extensions>
</trkpt>
<trkpt lat="44.2433705" lon="14.7815834">
	<ele>11.72</ele>
	<time>2026-08-09T11:42:18.983Z</time>
	<hdop>3.79</hdop>
	<extensions>
		<gpxtpx:TrackPointExtension>
			<gpxtpx:course>11.0</gpxtpx:course>
		</gpxtpx:TrackPointExtension>
	</extensions>
</trkpt>
<trkpt lat="44.2437202" lon="14.7816863">
	<ele>11.95</ele>
	<time>2026-08-09T11:42:29.982Z</time>
	<hdop>3.79</hdop>
	<extensions>
		<gpxtpx:TrackPointExtension>
			<gpxtpx:course>11.0</gpxtpx:course>
		</gpxtpx:TrackPointExtension>
	</extensions>
</trkpt>
<trkpt lat="44.2440362" lon="14.7817812">
	<ele>15.56</ele>
	<time>2026-08-09T11:42:39.983Z</time>
	<hdop>3.79</hdop>
	<extensions>
		<gpxtpx:TrackPointExtension>
			<gpxtpx:course>11.0</gpxtpx:course>
		</gpxtpx:TrackPointExtension>
	</extensions>
</trkpt>
<trkpt lat="44.2443875" lon="14.7818787">
	<ele>14.08</ele>
	<time>2026-08-09T11:42:50.981Z</time>
	<hdop>3.79</hdop>
	<extensions>
		<gpxtpx:TrackPointExtension>
			<gpxtpx:course>10.0</gpxtpx:course>
		</gpxtpx:TrackPointExtension>
	</extensions>
</trkpt>
<trkpt lat="44.2447078" lon="14.7819684">
	<ele>11.74</ele>
	<time>2026-08-09T11:43:00.982Z</time>
	<hdop>3.79</hdop>
	<extensions>
		<gpxtpx:TrackPointExtension>
			<gpxtpx:course>10.0</gpxtpx:course>
		</gpxtpx:TrackPointExtension>
	</extensions>
</trkpt>
<trkpt lat="44.2450313" lon="14.7820569">
	<ele>11.26</ele>
	<time>2026-08-09T11:43:10.983Z</time>
	<hdop>3.79</hdop>
	<extensions>
		<gpxtpx:TrackPointExtension>
			<gpxtpx:course>10.0</gpxtpx:course>
		</gpxtpx:TrackPointExtension>
	</extensions>
</trkpt>
<trkpt lat="44.2453901" lon="14.7821508">
	<ele>12.91</ele>
	<time>2026-08-09T11:43:21.981Z</time>
	<hdop>3.79</hdop>
	<extensions>
		<gpxtpx:TrackPointExtension>
			<gpxtpx:course>12.0</gpxtpx:course>
		</gpxtpx:TrackPointExtension>
	</extensions>
</trkpt>
<trkpt lat="44.2457185" lon="14.7822383">
	<ele>13.20</ele>
	<time>2026-08-09T11:43:31.982Z</time>
	<hdop>3.79</hdop>
	<extensions>
		<gpxtpx:TrackPointExtension>
			<gpxtpx:course>7.0</gpxtpx:course>
		</gpxtpx:TrackPointExtension>
	</extensions>
</trkpt>
<trkpt lat="44.2460336" lon="14.7823355">
	<ele>9.48</ele>
	<time>2026-08-09T11:43:41.982Z</time>
	<hdop>3.79</hdop>
	<extensions>
		<gpxtpx:TrackPointExtension>
			<gpxtpx:course>10.0</gpxtpx:course>
		</gpxtpx:TrackPointExtension>
	</extensions>
</trkpt>
<trkpt lat="44.2463485" lon="14.7824175">
	<ele>-6.53</ele>
	<time>2026-08-09T11:43:51.982Z</time>
	<hdop>3.79</hdop>
	<extensions>
		<gpxtpx:TrackPointExtension>
			<gpxtpx:course>8.0</gpxtpx:course>
		</gpxtpx:TrackPointExtension>
	</extensions>
</trkpt>
<trkpt lat="44.2467083" lon="14.7825057">
	<ele>-3.60</ele>
	<time>2026-08-09T11:44:02.982Z</time>
	<hdop>3.79</hdop>
	<extensions>
		<gpxtpx:TrackPointExtension>
			<gpxtpx:course>7.0</gpxtpx:course>
		</gpxtpx:TrackPointExtension>
	</extensions>
</trkpt>
<trkpt lat="44.2470512" lon="14.7825912">
	<ele>-0.32</ele>
	<time>2026-08-09T11:44:13.981Z</time>
	<hdop>3.79</hdop>
	<extensions>
		<gpxtpx:TrackPointExtension>
			<gpxtpx:course>9.0</gpxtpx:course>
		</gpxtpx:TrackPointExtension>
	</extensions>
</trkpt>
<trkpt lat="44.2473719" lon="14.7826776">
	<ele>-5.00</ele>
	<time>2026-08-09T11:44:23.983Z</time>
	<hdop>3.79</hdop>
	<extensions>
		<gpxtpx:TrackPointExtension>
			<gpxtpx:course>9.0</gpxtpx:course>
		</gpxtpx:TrackPointExtension>
	</extensions>
</trkpt>
<trkpt lat="44.2477297" lon="14.7827601">
	<ele>4.36</ele>
	<time>2026-08-09T11:44:34.982Z</time>
	<hdop>3.79</hdop>
	<extensions>
		<gpxtpx:TrackPointExtension>
			<gpxtpx:course>10.0</gpxtpx:course>
		</gpxtpx:TrackPointExtension>
	</extensions>
</trkpt>
<trkpt lat="44.2480533" lon="14.7828409">
	<ele>11.75</ele>
	<time>2026-08-09T11:44:44.982Z</time>
	<hdop>3.79</hdop>
	<extensions>
		<gpxtpx:TrackPointExtension>
			<gpxtpx:course>11.0</gpxtpx:course>
		</gpxtpx:TrackPointExtension>
	</extensions>
</trkpt>
<trkpt lat="44.2483797" lon="14.7829333">
	<ele>13.11</ele>
	<time>2026-08-09T11:44:54.982Z</time>
	<hdop>3.79</hdop>
	<extensions>
		<gpxtpx:TrackPointExtension>
			<gpxtpx:course>10.0</gpxtpx:course>
		</gpxtpx:TrackPointExtension>
	</extensions>
</trkpt>
<trkpt lat="44.2487345" lon="14.7830266">
	<ele>13.99</ele>
	<time>2026-08-09T11:45:05.983Z</time>
	<hdop>3.79</hdop>
	<extensions>
		<gpxtpx:TrackPointExtension>
			<gpxtpx:course>10.0</gpxtpx:course>
		</gpxtpx:TrackPointExtension>
	</extensions>
</trkpt>
<trkpt lat="44.2490910" lon="14.7831168">
	<ele>18.34</ele>
	<time>2026-08-09T11:45:16.981Z</time>
	<hdop>3.79</hdop>
	<extensions>
		<gpxtpx:TrackPointExtension>
			<gpxtpx:course>11.0</gpxtpx:course>
		</gpxtpx:TrackPointExtension>
	</extensions>
</trkpt>
<trkpt lat="44.2494161" lon="14.7832091">
	<ele>11.72</ele>
	<time>2026-08-09T11:45:26.982Z</time>
	<hdop>3.79</hdop>
	<extensions>
		<gpxtpx:TrackPointExtension>
			<gpxtpx:course>11.0</gpxtpx:course>
		</gpxtpx:TrackPointExtension>
	</extensions>
</trkpt>
<trkpt lat="44.2497348" lon="14.7832980">
	<ele>-4.70</ele>
	<time>2026-08-09T11:45:36.982Z</time>
	<hdop>3.79</hdop>
	<extensions>
		<gpxtpx:TrackPointExtension>
			<gpxtpx:course>10.0</gpxtpx:course>
		</gpxtpx:TrackPointExtension>
	</extensions>
</trkpt>
<trkpt lat="44.2500573" lon="14.7833711">
	<ele>-5.86</ele>
	<time>2026-08-09T11:45:46.982Z</time>
	<hdop>3.79</hdop>
	<extensions>
		<gpxtpx:TrackPointExtension>
			<gpxtpx:course>10.0</gpxtpx:course>
		</gpxtpx:TrackPointExtension>
	</extensions>
</trkpt>
<trkpt lat="44.2503773" lon="14.7834542">
	<ele>-6.16</ele>
	<time>2026-08-09T11:45:56.982Z</time>
	<hdop>3.79</hdop>
	<extensions>
		<gpxtpx:TrackPointExtension>
			<gpxtpx:course>11.0</gpxtpx:course>
		</gpxtpx:TrackPointExtension>
	</extensions>
</trkpt>
<trkpt lat="44.2507273" lon="14.7835445">
	<ele>-24.33</ele>
	<time>2026-08-09T11:46:07.982Z</time>
	<hdop>3.79</hdop>
	<extensions>
		<gpxtpx:TrackPointExtension>
			<gpxtpx:course>9.0</gpxtpx:course>
		</gpxtpx:TrackPointExtension>
	</extensions>
</trkpt>
<trkpt lat="44.2510497" lon="14.7836335">
	<ele>-29.93</ele>
	<time>2026-08-09T11:46:17.982Z</time>
	<hdop>3.79</hdop>
	<extensions>
		<gpxtpx:TrackPointExtension>
			<gpxtpx:course>11.0</gpxtpx:course>
		</gpxtpx:TrackPointExtension>
	</extensions>
</trkpt>
<trkpt lat="44.2514081" lon="14.7837187">
	<ele>-28.74</ele>
	<time>2026-08-09T11:46:28.981Z</time>
	<hdop>3.79</hdop>
	<extensions>
		<gpxtpx:TrackPointExtension>
			<gpxtpx:course>11.0</gpxtpx:course>
		</gpxtpx:TrackPointExtension>
	</extensions>
</trkpt>
<trkpt lat="44.2517228" lon="14.7837962">
	<ele>-33.60</ele>
	<time>2026-08-09T11:46:38.981Z</time>
	<hdop>3.79</hdop>
	<extensions>
		<gpxtpx:TrackPointExtension>
			<gpxtpx:course>8.0</gpxtpx:course>
		</gpxtpx:TrackPointExtension>
	</extensions>
</trkpt>
<trkpt lat="44.2520484" lon="14.7838813">
	<ele>-34.24</ele>
	<time>2026-08-09T11:46:48.981Z</time>
	<hdop>3.79</hdop>
	<extensions>
		<gpxtpx:TrackPointExtension>
			<gpxtpx:course>11.0</gpxtpx:course>
		</gpxtpx:TrackPointExtension>
	</extensions>
</trkpt>
<trkpt lat="44.2523741" lon="14.7839631">
	<ele>-20.48</ele>
	<time>2026-08-09T11:46:58.981Z</time>
	<hdop>3.79</hdop>
	<extensions>
		<gpxtpx:TrackPointExtension>
			<gpxtpx:course>9.0</gpxtpx:course>
		</gpxtpx:TrackPointExtension>
	</extensions>
</trkpt>
<trkpt lat="44.2527030" lon="14.7840506">
	<ele>-8.42</ele>
	<time>2026-08-09T11:47:08.982Z</time>
	<hdop>3.79</hdop>
	<extensions>
		<gpxtpx:TrackPointExtension>
			<gpxtpx:course>10.0</gpxtpx:course>
		</gpxtpx:TrackPointExtension>
	</extensions>
</trkpt>
<trkpt lat="44.2530208" lon="14.7841295">
	<ele>-3.57</ele>
	<time>2026-08-09T11:47:18.982Z</time>
	<hdop>3.79</hdop>
	<extensions>
		<gpxtpx:TrackPointExtension>
			<gpxtpx:course>10.0</gpxtpx:course>
		</gpxtpx:TrackPointExtension>
	</extensions>
</trkpt>
<trkpt lat="44.2533356" lon="14.7842059">
	<ele>0.20</ele>
	<time>2026-08-09T11:47:28.983Z</time>
	<hdop>3.79</hdop>
	<extensions>
		<gpxtpx:TrackPointExtension>
			<gpxtpx:course>12.0</gpxtpx:course>
		</gpxtpx:TrackPointExtension>
	</extensions>
</trkpt>
<trkpt lat="44.2536838" lon="14.7843092">
	<ele>2.44</ele>
	<time>2026-08-09T11:47:39.981Z</time>
	<hdop>3.79</hdop>
	<extensions>
		<gpxtpx:TrackPointExtension>
			<gpxtpx:course>11.0</gpxtpx:course>
		</gpxtpx:TrackPointExtension>
	</extensions>
</trkpt>
<trkpt lat="44.2540120" lon="14.7843866">
	<ele>1.68</ele>
	<time>2026-08-09T11:47:49.982Z</time>
	<hdop>3.79</hdop>
	<extensions>
		<gpxtpx:TrackPointExtension>
			<gpxtpx:course>9.0</gpxtpx:course>
		</gpxtpx:TrackPointExtension>
	</extensions>
</trkpt>
<trkpt lat="44.2543383" lon="14.7844576">
	<ele>-0.17</ele>
	<time>2026-08-09T11:47:59.982Z</time>
	<hdop>3.79</hdop>
	<extensions>
		<gpxtpx:TrackPointExtension>
			<gpxtpx:course>11.0</gpxtpx:course>
		</gpxtpx:TrackPointExtension>
	</extensions>
</trkpt>
<trkpt lat="44.2546800" lon="14.7845584">
	<ele>2.06</ele>
	<time>2026-08-09T11:48:10.981Z</time>
	<hdop>3.79</hdop>
	<extensions>
		<gpxtpx:TrackPointExtension>
			<gpxtpx:course>11.0</gpxtpx:course>
		</gpxtpx:TrackPointExtension>
	</extensions>
</trkpt>
<trkpt lat="44.2549802" lon="14.7846420">
	<ele>-2.39</ele>
	<time>2026-08-09T11:48:20.981Z</time>
	<hdop>3.79</hdop>
	<extensions>
		<gpxtpx:TrackPointExtension>
			<gpxtpx:course>9.0</gpxtpx:course>
		</gpxtpx:TrackPointExtension>
	</extensions>
</trkpt>
<trkpt lat="44.2552658" lon="14.7847122">
	<ele>-24.44</ele>
	<time>2026-08-09T11:48:30.982Z</time>
	<hdop>3.79</hdop>
	<extensions>
		<gpxtpx:TrackPointExtension>
			<gpxtpx:course>10.0</gpxtpx:course>
		</gpxtpx:TrackPointExtension>
	</extensions>
</trkpt>
<trkpt lat="44.2555751" lon="14.7847826">
	<ele>-48.52</ele>
	<time>2026-08-09T11:48:41.981Z</time>
	<hdop>3.79</hdop>
	<extensions>
		<gpxtpx:TrackPointExtension>
			<gpxtpx:course>6.0</gpxtpx:course>
		</gpxtpx:TrackPointExtension>
	</extensions>
</trkpt>
<trkpt lat="44.2558453" lon="14.7848467">
	<ele>-61.33</ele>
	<time>2026-08-09T11:48:51.981Z</time>
	<hdop>3.79</hdop>
	<extensions>
		<gpxtpx:TrackPointExtension>
			<gpxtpx:course>9.0</gpxtpx:course>
		</gpxtpx:TrackPointExtension>
	</extensions>
</trkpt>
<trkpt lat="44.2561253" lon="14.7849031">
	<ele>-58.92</ele>
	<time>2026-08-09T11:49:01.982Z</time>
	<hdop>3.79</hdop>
	<extensions>
		<gpxtpx:TrackPointExtension>
			<gpxtpx:course>11.0</gpxtpx:course>
		</gpxtpx:TrackPointExtension>
	</extensions>
</trkpt>
<trkpt lat="44.2564360" lon="14.7849678">
	<ele>-38.82</ele>
	<time>2026-08-09T11:49:12.982Z</time>
	<hdop>3.79</hdop>
	<extensions>
		<gpxtpx:TrackPointExtension>
			<gpxtpx:course>9.0</gpxtpx:course>
		</gpxtpx:TrackPointExtension>
	</extensions>
</trkpt>
<trkpt lat="44.2567417" lon="14.7850279">
	<ele>-27.62</ele>
	<time>2026-08-09T11:49:23.981Z</time>
	<hdop>3.79</hdop>
	<extensions>
		<gpxtpx:TrackPointExtension>
			<gpxtpx:course>11.0</gpxtpx:course>
		</gpxtpx:TrackPointExtension>
	</extensions>
</trkpt>
<trkpt lat="44.2570188" lon="14.7850956">
	<ele>-12.34</ele>
	<time>2026-08-09T11:49:33.982Z</time>
	<hdop>3.79</hdop>
	<extensions>
		<gpxtpx:TrackPointExtension>
			<gpxtpx:course>16.0</gpxtpx:course>
		</gpxtpx:TrackPointExtension>
	</extensions>
</trkpt>
<trkpt lat="44.2573101" lon="14.7851614">
	<ele>-8.92</ele>
	<time>2026-08-09T11:49:43.982Z</time>
	<hdop>3.79</hdop>
	<extensions>
		<gpxtpx:TrackPointExtension>
			<gpxtpx:course>9.0</gpxtpx:course>
		</gpxtpx:TrackPointExtension>
	</extensions>
</trkpt>
<trkpt lat="44.2575847" lon="14.7852380">
	<ele>-11.90</ele>
	<time>2026-08-09T11:49:53.982Z</time>
	<hdop>3.79</hdop>
	<extensions>
		<gpxtpx:TrackPointExtension>
			<gpxtpx:course>12.0</gpxtpx:course>
		</gpxtpx:TrackPointExtension>
	</extensions>
</trkpt>
<trkpt lat="44.2578701" lon="14.7853491">
	<ele>0.76</ele>
	<time>2026-08-09T11:50:04.981Z</time>
	<hdop>3.79</hdop>
	<extensions>
		<gpxtpx:TrackPointExtension>
			<gpxtpx:course>14.0</gpxtpx:course>
		</gpxtpx:TrackPointExtension>
	</extensions>
</trkpt>
<trkpt lat="44.2581197" lon="14.7854356">
	<ele>-9.69</ele>
	<time>2026-08-09T11:50:14.981Z</time>
	<hdop>3.79</hdop>
	<extensions>
		<gpxtpx:TrackPointExtension>
			<gpxtpx:course>16.0</gpxtpx:course>
		</gpxtpx:TrackPointExtension>
	</extensions>
</trkpt>
<trkpt lat="44.2583801" lon="14.7855426">
	<ele>-28.19</ele>
	<time>2026-08-09T11:50:24.982Z</time>
	<hdop>3.79</hdop>
	<extensions>
		<gpxtpx:TrackPointExtension>
			<gpxtpx:course>16.0</gpxtpx:course>
		</gpxtpx:TrackPointExtension>
	</extensions>
</trkpt>
<trkpt lat="44.2586591" lon="14.7856606">
	<ele>-29.90</ele>
	<time>2026-08-09T11:50:35.981Z</time>
	<hdop>3.79</hdop>
	<extensions>
		<gpxtpx:TrackPointExtension>
			<gpxtpx:course>16.0</gpxtpx:course>
		</gpxtpx:TrackPointExtension>
	</extensions>
</trkpt>
<trkpt lat="44.2589180" lon="14.7857765">
	<ele>-30.39</ele>
	<time>2026-08-09T11:50:45.981Z</time>
	<hdop>3.79</hdop>
	<extensions>
		<gpxtpx:TrackPointExtension>
			<gpxtpx:course>17.0</gpxtpx:course>
		</gpxtpx:TrackPointExtension>
	</extensions>
</trkpt>
<trkpt lat="44.2592014" lon="14.7859003">
	<ele>-31.36</ele>
	<time>2026-08-09T11:50:56.981Z</time>
	<hdop>3.79</hdop>
	<extensions>
		<gpxtpx:TrackPointExtension>
			<gpxtpx:course>11.0</gpxtpx:course>
		</gpxtpx:TrackPointExtension>
	</extensions>
</trkpt>
<trkpt lat="44.2594500" lon="14.7860319">
	<ele>-19.98</ele>
	<time>2026-08-09T11:51:06.981Z</time>
	<hdop>3.79</hdop>
	<extensions>
		<gpxtpx:TrackPointExtension>
			<gpxtpx:course>22.0</gpxtpx:course>
		</gpxtpx:TrackPointExtension>
	</extensions>
</trkpt>
<trkpt lat="44.2597242" lon="14.7861903">
	<ele>-4.13</ele>
	<time>2026-08-09T11:51:17.982Z</time>
	<hdop>3.79</hdop>
	<extensions>
		<gpxtpx:TrackPointExtension>
			<gpxtpx:course>24.0</gpxtpx:course>
		</gpxtpx:TrackPointExtension>
	</extensions>
</trkpt>
<trkpt lat="44.2600075" lon="14.7863783">
	<ele>12.17</ele>
	<time>2026-08-09T11:51:28.981Z</time>
	<hdop>3.91</hdop>
	<extensions>
		<gpxtpx:TrackPointExtension>
			<gpxtpx:course>35.6284</gpxtpx:course>
		</gpxtpx:TrackPointExtension>
	</extensions>
</trkpt>
<trkpt lat="44.2602781" lon="14.7865269">
	<ele>23.11</ele>
	<time>2026-08-09T11:51:39.980Z</time>
	<hdop>4.76</hdop>
	<extensions>
		<gpxtpx:TrackPointExtension>
			<gpxtpx:course>19.134922</gpxtpx:course>
		</gpxtpx:TrackPointExtension>
	</extensions>
</trkpt>
<trkpt lat="44.2605126" lon="14.7866793">
	<ele>28.03</ele>
	<time>2026-08-09T11:51:49.980Z</time>
	<hdop>4.97</hdop>
	<extensions>
		<gpxtpx:TrackPointExtension>
			<gpxtpx:course>28.179987</gpxtpx:course>
		</gpxtpx:TrackPointExtension>
	</extensions>
</trkpt>
<trkpt lat="44.2607264" lon="14.7868139">
	<ele>30.87</ele>
	<time>2026-08-09T11:51:59.980Z</time>
	<hdop>4.25</hdop>
	<extensions>
		<gpxtpx:TrackPointExtension>
			<gpxtpx:course>27.05847</gpxtpx:course>
		</gpxtpx:TrackPointExtension>
	</extensions>
</trkpt>
<trkpt lat="44.2609468" lon="14.7869732">
	<ele>31.60</ele>
	<time>2026-08-09T11:52:09.981Z</time>
	<hdop>4.16</hdop>
	<extensions>
		<gpxtpx:TrackPointExtension>
			<gpxtpx:course>26.412762</gpxtpx:course>
		</gpxtpx:TrackPointExtension>
	</extensions>
</trkpt>
<trkpt lat="44.2611599" lon="14.7871534">
	<ele>28.84</ele>
	<time>2026-08-09T11:52:19.982Z</time>
	<hdop>3.21</hdop>
	<extensions>
		<gpxtpx:TrackPointExtension>
			<gpxtpx:course>31.061733</gpxtpx:course>
		</gpxtpx:TrackPointExtension>
	</extensions>
</trkpt>
<trkpt lat="44.2613801" lon="14.7873705">
	<ele>29.88</ele>
	<time>2026-08-09T11:52:30.981Z</time>
	<hdop>3.23</hdop>
	<extensions>
		<gpxtpx:TrackPointExtension>
			<gpxtpx:course>27.80007</gpxtpx:course>
		</gpxtpx:TrackPointExtension>
	</extensions>
</trkpt>
<trkpt lat="44.2616051" lon="14.7875863">
	<ele>24.87</ele>
	<time>2026-08-09T11:52:40.981Z</time>
	<hdop>4.78</hdop>
	<extensions>
		<gpxtpx:TrackPointExtension>
			<gpxtpx:course>43.381027</gpxtpx:course>
		</gpxtpx:TrackPointExtension>
	</extensions>
</trkpt>
<trkpt lat="44.2618251" lon="14.7878247">
	<ele>10.50</ele>
	<time>2026-08-09T11:52:51.980Z</time>
	<hdop>3.48</hdop>
	<extensions>
		<gpxtpx:TrackPointExtension>
			<gpxtpx:course>32.97377</gpxtpx:course>
		</gpxtpx:TrackPointExtension>
	</extensions>
</trkpt>
<trkpt lat="44.2620133" lon="14.7880517">
	<ele>-11.87</ele>
	<time>2026-08-09T11:53:01.981Z</time>
	<hdop>3.03</hdop>
	<extensions>
		<gpxtpx:TrackPointExtension>
			<gpxtpx:course>58.616497</gpxtpx:course>
		</gpxtpx:TrackPointExtension>
	</extensions>
</trkpt>
<trkpt lat="44.2621547" lon="14.7883697">
	<ele>-16.61</ele>
	<time>2026-08-09T11:53:11.982Z</time>
	<hdop>3.02</hdop>
	<extensions>
		<gpxtpx:TrackPointExtension>
			<gpxtpx:course>32.880768</gpxtpx:course>
		</gpxtpx:TrackPointExtension>
	</extensions>
</trkpt>
<trkpt lat="44.2623894" lon="14.7886344">
	<ele>-22.51</ele>
	<time>2026-08-09T11:53:22.982Z</time>
	<hdop>3.49</hdop>
	<extensions>
		<gpxtpx:TrackPointExtension>
			<gpxtpx:course>57.970615</gpxtpx:course>
		</gpxtpx:TrackPointExtension>
	</extensions>
</trkpt>
<trkpt lat="44.2625691" lon="14.7889478">
	<ele>-13.21</ele>
	<time>2026-08-09T11:53:33.981Z</time>
	<hdop>3.75</hdop>
	<extensions>
		<gpxtpx:TrackPointExtension>
			<gpxtpx:course>47.267757</gpxtpx:course>
		</gpxtpx:TrackPointExtension>
	</extensions>
</trkpt>
<trkpt lat="44.2627603" lon="14.7892260">
	<ele>-3.62</ele>
	<time>2026-08-09T11:53:43.981Z</time>
	<hdop>4.23</hdop>
	<extensions>
		<gpxtpx:TrackPointExtension>
			<gpxtpx:course>50.621693</gpxtpx:course>
		</gpxtpx:TrackPointExtension>
	</extensions>
</trkpt>
<trkpt lat="44.2629110" lon="14.7895311">
	<ele>3.60</ele>
	<time>2026-08-09T11:53:53.981Z</time>
	<hdop>3.61</hdop>
	<extensions>
		<gpxtpx:TrackPointExtension>
			<gpxtpx:course>81.22433</gpxtpx:course>
		</gpxtpx:TrackPointExtension>
	</extensions>
</trkpt>
<trkpt lat="44.2631154" lon="14.7898280">
	<ele>3.69</ele>
	<time>2026-08-09T11:54:03.981Z</time>
	<hdop>3.47</hdop>
	<extensions>
		<gpxtpx:TrackPointExtension>
			<gpxtpx:course>19.194324</gpxtpx:course>
		</gpxtpx:TrackPointExtension>
	</extensions>
</trkpt>
<trkpt lat="44.2632035" lon="14.7902634">
	<ele>5.55</ele>
	<time>2026-08-09T11:54:14.323Z</time>
	<hdop>3.20</hdop>
	<extensions>
		<gpxtpx:TrackPointExtension>
			<gpxtpx:course>97.10197</gpxtpx:course>
		</gpxtpx:TrackPointExtension>
	</extensions>
</trkpt>
<trkpt lat="44.2633099" lon="14.7907330">
	<ele>6.36</ele>
	<time>2026-08-09T11:54:24.980Z</time>
	<hdop>3.07</hdop>
	<extensions>
		<gpxtpx:TrackPointExtension>
			<gpxtpx:course>80.23519</gpxtpx:course>
		</gpxtpx:TrackPointExtension>
	</extensions>
</trkpt>
<trkpt lat="44.2633865" lon="14.7911989">
	<ele>-5.63</ele>
	<time>2026-08-09T11:54:34.980Z</time>
	<hdop>3.67</hdop>
	<extensions>
		<gpxtpx:TrackPointExtension>
			<gpxtpx:course>75.0</gpxtpx:course>
		</gpxtpx:TrackPointExtension>
	</extensions>
</trkpt>
<trkpt lat="44.2634820" lon="14.7916548">
	<ele>-30.44</ele>
	<time>2026-08-09T11:54:44.982Z</time>
	<hdop>3.79</hdop>
	<extensions>
		<gpxtpx:TrackPointExtension>
			<gpxtpx:course>74.0</gpxtpx:course>
		</gpxtpx:TrackPointExtension>
	</extensions>
</trkpt>
<trkpt lat="44.2635860" lon="14.7921533">
	<ele>-27.15</ele>
	<time>2026-08-09T11:54:55.981Z</time>
	<hdop>3.79</hdop>
	<extensions>
		<gpxtpx:TrackPointExtension>
			<gpxtpx:course>73.0</gpxtpx:course>
		</gpxtpx:TrackPointExtension>
	</extensions>
</trkpt>
<trkpt lat="44.2636720" lon="14.7925976">
	<ele>-17.91</ele>
	<time>2026-08-09T11:55:05.981Z</time>
	<hdop>3.79</hdop>
	<extensions>
		<gpxtpx:TrackPointExtension>
			<gpxtpx:course>76.0</gpxtpx:course>
		</gpxtpx:TrackPointExtension>
	</extensions>
</trkpt>
<trkpt lat="44.2637613" lon="14.7930397">
	<ele>-27.90</ele>
	<time>2026-08-09T11:55:15.981Z</time>
	<hdop>3.79</hdop>
	<extensions>
		<gpxtpx:TrackPointExtension>
			<gpxtpx:course>72.0</gpxtpx:course>
		</gpxtpx:TrackPointExtension>
	</extensions>
</trkpt>
<trkpt lat="44.2638855" lon="14.7935429">
	<ele>-39.74</ele>
	<time>2026-08-09T11:55:26.981Z</time>
	<hdop>3.79</hdop>
	<extensions>
		<gpxtpx:TrackPointExtension>
			<gpxtpx:course>71.0</gpxtpx:course>
		</gpxtpx:TrackPointExtension>
	</extensions>
</trkpt>
<trkpt lat="44.2640067" lon="14.7940683">
	<ele>-30.29</ele>
	<time>2026-08-09T11:55:37.981Z</time>
	<hdop>3.79</hdop>
	<extensions>
		<gpxtpx:TrackPointExtension>
			<gpxtpx:course>71.0</gpxtpx:course>
		</gpxtpx:TrackPointExtension>
	</extensions>
</trkpt>
<trkpt lat="44.2641326" lon="14.7946076">
	<ele>-22.57</ele>
	<time>2026-08-09T11:55:48.981Z</time>
	<hdop>3.79</hdop>
	<extensions>
		<gpxtpx:TrackPointExtension>
			<gpxtpx:course>71.0</gpxtpx:course>
		</gpxtpx:TrackPointExtension>
	</extensions>
</trkpt>
<trkpt lat="44.2642481" lon="14.7951508">
	<ele>-12.36</ele>
	<time>2026-08-09T11:55:59.980Z</time>
	<hdop>3.79</hdop>
	<extensions>
		<gpxtpx:TrackPointExtension>
			<gpxtpx:course>73.0</gpxtpx:course>
		</gpxtpx:TrackPointExtension>
	</extensions>
</trkpt>
<trkpt lat="44.2643718" lon="14.7956382">
	<ele>-7.96</ele>
	<time>2026-08-09T11:56:09.980Z</time>
	<hdop>3.79</hdop>
	<extensions>
		<gpxtpx:TrackPointExtension>
			<gpxtpx:course>70.0</gpxtpx:course>
		</gpxtpx:TrackPointExtension>
	</extensions>
</trkpt>
<trkpt lat="44.2645227" lon="14.7960982">
	<ele>-5.83</ele>
	<time>2026-08-09T11:56:19.980Z</time>
	<hdop>3.79</hdop>
	<extensions>
		<gpxtpx:TrackPointExtension>
			<gpxtpx:course>61.0</gpxtpx:course>
		</gpxtpx:TrackPointExtension>
	</extensions>
</trkpt>
<trkpt lat="44.2646965" lon="14.7965185">
	<ele>-2.67</ele>
	<time>2026-08-09T11:56:29.980Z</time>
	<hdop>3.79</hdop>
	<extensions>
		<gpxtpx:TrackPointExtension>
			<gpxtpx:course>61.0</gpxtpx:course>
		</gpxtpx:TrackPointExtension>
	</extensions>
</trkpt>
<trkpt lat="44.2648651" lon="14.7969354">
	<ele>-21.99</ele>
	<time>2026-08-09T11:56:39.981Z</time>
	<hdop>3.79</hdop>
	<extensions>
		<gpxtpx:TrackPointExtension>
			<gpxtpx:course>61.0</gpxtpx:course>
		</gpxtpx:TrackPointExtension>
	</extensions>
</trkpt>
<trkpt lat="44.2650534" lon="14.7973911">
	<ele>0.73</ele>
	<time>2026-08-09T11:56:50.981Z</time>
	<hdop>3.00</hdop>
	<extensions>
		<gpxtpx:TrackPointExtension>
			<gpxtpx:course>58.005512</gpxtpx:course>
		</gpxtpx:TrackPointExtension>
	</extensions>
</trkpt>
<trkpt lat="44.2652548" lon="14.7978289">
	<ele>13.56</ele>
	<time>2026-08-09T11:57:01.980Z</time>
	<hdop>3.13</hdop>
	<extensions>
		<gpxtpx:TrackPointExtension>
			<gpxtpx:course>69.71999</gpxtpx:course>
		</gpxtpx:TrackPointExtension>
	</extensions>
</trkpt>
<trkpt lat="44.2654545" lon="14.7982202">
	<ele>11.09</ele>
	<time>2026-08-09T11:57:11.980Z</time>
	<hdop>3.94</hdop>
	<extensions>
		<gpxtpx:TrackPointExtension>
			<gpxtpx:course>46.553684</gpxtpx:course>
		</gpxtpx:TrackPointExtension>
	</extensions>
</trkpt>
<trkpt lat="44.2656433" lon="14.7986146">
	<ele>15.29</ele>
	<time>2026-08-09T11:57:21.981Z</time>
	<hdop>5.48</hdop>
	<extensions>
		<gpxtpx:TrackPointExtension>
			<gpxtpx:course>55.218216</gpxtpx:course>
		</gpxtpx:TrackPointExtension>
	</extensions>
</trkpt>
<trkpt lat="44.2658712" lon="14.7990207">
	<ele>17.86</ele>
	<time>2026-08-09T11:57:32.981Z</time>
	<hdop>5.09</hdop>
	<extensions>
		<gpxtpx:TrackPointExtension>
			<gpxtpx:course>56.585186</gpxtpx:course>
		</gpxtpx:TrackPointExtension>
	</extensions>
</trkpt>
<trkpt lat="44.2660617" lon="14.7993656">
	<ele>-1.47</ele>
	<time>2026-08-09T11:57:42.981Z</time>
	<hdop>3.28</hdop>
	<extensions>
		<gpxtpx:TrackPointExtension>
			<gpxtpx:course>44.997772</gpxtpx:course>
		</gpxtpx:TrackPointExtension>
	</extensions>
</trkpt>
<trkpt lat="44.2662359" lon="14.7997939">
	<ele>4.91</ele>
	<time>2026-08-09T11:57:52.981Z</time>
	<hdop>3.21</hdop>
	<extensions>
		<gpxtpx:TrackPointExtension>
			<gpxtpx:course>51.410748</gpxtpx:course>
		</gpxtpx:TrackPointExtension>
	</extensions>
</trkpt>
<trkpt lat="44.2664459" lon="14.8002157">
	<ele>-11.56</ele>
	<time>2026-08-09T11:58:03.980Z</time>
	<hdop>3.57</hdop>
	<extensions>
		<gpxtpx:TrackPointExtension>
			<gpxtpx:course>46.787376</gpxtpx:course>
		</gpxtpx:TrackPointExtension>
	</extensions>
</trkpt>
<trkpt lat="44.2666704" lon="14.8006394">
	<ele>-23.89</ele>
	<time>2026-08-09T11:58:14.980Z</time>
	<hdop>4.61</hdop>
	<extensions>
		<gpxtpx:TrackPointExtension>
			<gpxtpx:course>47.21615</gpxtpx:course>
		</gpxtpx:TrackPointExtension>
	</extensions>
</trkpt>
<trkpt lat="44.2669174" lon="14.8009708">
	<ele>-32.60</ele>
	<time>2026-08-09T11:58:24.980Z</time>
	<hdop>4.97</hdop>
	<extensions>
		<gpxtpx:TrackPointExtension>
			<gpxtpx:course>40.67084</gpxtpx:course>
		</gpxtpx:TrackPointExtension>
	</extensions>
</trkpt>
<trkpt lat="44.2672073" lon="14.8012491">
	<ele>-35.66</ele>
	<time>2026-08-09T11:58:35.981Z</time>
	<hdop>3.37</hdop>
	<extensions>
		<gpxtpx:TrackPointExtension>
			<gpxtpx:course>37.012524</gpxtpx:course>
		</gpxtpx:TrackPointExtension>
	</extensions>
</trkpt>
<trkpt lat="44.2675080" lon="14.8015306">
	<ele>-28.12</ele>
	<time>2026-08-09T11:58:46.980Z</time>
	<hdop>4.57</hdop>
	<extensions>
		<gpxtpx:TrackPointExtension>
			<gpxtpx:course>36.674255</gpxtpx:course>
		</gpxtpx:TrackPointExtension>
	</extensions>
</trkpt>
<trkpt lat="44.2677984" lon="14.8017330">
	<ele>-17.12</ele>
	<time>2026-08-09T11:58:56.980Z</time>
	<hdop>4.70</hdop>
	<extensions>
		<gpxtpx:TrackPointExtension>
			<gpxtpx:course>23.827868</gpxtpx:course>
		</gpxtpx:TrackPointExtension>
	</extensions>
</trkpt>
<trkpt lat="44.2680739" lon="14.8019069">
	<ele>-12.73</ele>
	<time>2026-08-09T11:59:06.980Z</time>
	<hdop>4.25</hdop>
	<extensions>
		<gpxtpx:TrackPointExtension>
			<gpxtpx:course>27.365091</gpxtpx:course>
		</gpxtpx:TrackPointExtension>
	</extensions>
</trkpt>
<trkpt lat="44.2683786" lon="14.8021064">
	<ele>-8.95</ele>
	<time>2026-08-09T11:59:17.187Z</time>
	<hdop>3.07</hdop>
	<extensions>
		<gpxtpx:TrackPointExtension>
			<gpxtpx:course>29.516302</gpxtpx:course>
		</gpxtpx:TrackPointExtension>
	</extensions>
</trkpt>
<trkpt lat="44.2687005" lon="14.8022681">
	<ele>-1.75</ele>
	<time>2026-08-09T11:59:27.980Z</time>
	<hdop>3.34</hdop>
	<extensions>
		<gpxtpx:TrackPointExtension>
			<gpxtpx:course>19.921513</gpxtpx:course>
		</gpxtpx:TrackPointExtension>
	</extensions>
</trkpt>
<trkpt lat="44.2690241" lon="14.8024643">
	<ele>4.90</ele>
	<time>2026-08-09T11:59:38.981Z</time>
	<hdop>3.21</hdop>
	<extensions>
		<gpxtpx:TrackPointExtension>
			<gpxtpx:course>21.271782</gpxtpx:course>
		</gpxtpx:TrackPointExtension>
	</extensions>
</trkpt>
<trkpt lat="44.2693147" lon="14.8026454">
	<ele>10.32</ele>
	<time>2026-08-09T11:59:48.981Z</time>
	<hdop>5.02</hdop>
	<extensions>
		<gpxtpx:TrackPointExtension>
			<gpxtpx:course>24.344744</gpxtpx:course>
		</gpxtpx:TrackPointExtension>
	</extensions>
</trkpt>
<trkpt lat="44.2696205" lon="14.8028289">
	<ele>18.50</ele>
	<time>2026-08-09T11:59:59.981Z</time>
	<hdop>3.79</hdop>
	<extensions>
		<gpxtpx:TrackPointExtension>
			<gpxtpx:course>23.0</gpxtpx:course>
		</gpxtpx:TrackPointExtension>
	</extensions>
</trkpt>
<trkpt lat="44.2699380" lon="14.8030129">
	<ele>25.30</ele>
	<time>2026-08-09T12:00:10.979Z</time>
	<hdop>3.79</hdop>
	<extensions>
		<gpxtpx:TrackPointExtension>
			<gpxtpx:course>23.0</gpxtpx:course>
		</gpxtpx:TrackPointExtension>
	</extensions>
</trkpt>
<trkpt lat="44.2702266" lon="14.8031990">
	<ele>29.18</ele>
	<time>2026-08-09T12:00:20.980Z</time>
	<hdop>3.79</hdop>
	<extensions>
		<gpxtpx:TrackPointExtension>
			<gpxtpx:course>24.0</gpxtpx:course>
		</gpxtpx:TrackPointExtension>
	</extensions>
</trkpt>
<trkpt lat="44.2705448" lon="14.8033936">
	<ele>21.15</ele>
	<time>2026-08-09T12:00:31.979Z</time>
	<hdop>3.79</hdop>
	<extensions>
		<gpxtpx:TrackPointExtension>
			<gpxtpx:course>24.0</gpxtpx:course>
		</gpxtpx:TrackPointExtension>
	</extensions>
</trkpt>
<trkpt lat="44.2708572" lon="14.8035936">
	<ele>21.63</ele>
	<time>2026-08-09T12:00:42.979Z</time>
	<hdop>3.79</hdop>
	<extensions>
		<gpxtpx:TrackPointExtension>
			<gpxtpx:course>24.0</gpxtpx:course>
		</gpxtpx:TrackPointExtension>
	</extensions>
</trkpt>
<trkpt lat="44.2711501" lon="14.8037568">
	<ele>23.34</ele>
	<time>2026-08-09T12:00:52.981Z</time>
	<hdop>3.79</hdop>
	<extensions>
		<gpxtpx:TrackPointExtension>
			<gpxtpx:course>21.0</gpxtpx:course>
		</gpxtpx:TrackPointExtension>
	</extensions>
</trkpt>
<trkpt lat="44.2714708" lon="14.8039393">
	<ele>20.62</ele>
	<time>2026-08-09T12:01:03.980Z</time>
	<hdop>3.79</hdop>
	<extensions>
		<gpxtpx:TrackPointExtension>
			<gpxtpx:course>22.0</gpxtpx:course>
		</gpxtpx:TrackPointExtension>
	</extensions>
</trkpt>
<trkpt lat="44.2717689" lon="14.8041149">
	<ele>23.22</ele>
	<time>2026-08-09T12:01:13.980Z</time>
	<hdop>3.79</hdop>
	<extensions>
		<gpxtpx:TrackPointExtension>
			<gpxtpx:course>23.0</gpxtpx:course>
		</gpxtpx:TrackPointExtension>
	</extensions>
</trkpt>
<trkpt lat="44.2720904" lon="14.8043034">
	<ele>21.31</ele>
	<time>2026-08-09T12:01:24.981Z</time>
	<hdop>3.79</hdop>
	<extensions>
		<gpxtpx:TrackPointExtension>
			<gpxtpx:course>24.0</gpxtpx:course>
		</gpxtpx:TrackPointExtension>
	</extensions>
</trkpt>
<trkpt lat="44.2724101" lon="14.8044978">
	<ele>20.46</ele>
	<time>2026-08-09T12:01:35.979Z</time>
	<hdop>3.79</hdop>
	<extensions>
		<gpxtpx:TrackPointExtension>
			<gpxtpx:course>21.0</gpxtpx:course>
		</gpxtpx:TrackPointExtension>
	</extensions>
</trkpt>
<trkpt lat="44.2727037" lon="14.8046755">
	<ele>19.89</ele>
	<time>2026-08-09T12:01:45.979Z</time>
	<hdop>3.79</hdop>
	<extensions>
		<gpxtpx:TrackPointExtension>
			<gpxtpx:course>22.0</gpxtpx:course>
		</gpxtpx:TrackPointExtension>
	</extensions>
</trkpt>
<trkpt lat="44.2730007" lon="14.8048296">
	<ele>18.32</ele>
	<time>2026-08-09T12:01:55.979Z</time>
	<hdop>3.79</hdop>
	<extensions>
		<gpxtpx:TrackPointExtension>
			<gpxtpx:course>20.0</gpxtpx:course>
		</gpxtpx:TrackPointExtension>
	</extensions>
</trkpt>
<trkpt lat="44.2732954" lon="14.8049876">
	<ele>18.04</ele>
	<time>2026-08-09T12:02:05.979Z</time>
	<hdop>3.79</hdop>
	<extensions>
		<gpxtpx:TrackPointExtension>
			<gpxtpx:course>21.0</gpxtpx:course>
		</gpxtpx:TrackPointExtension>
	</extensions>
</trkpt>
<trkpt lat="44.2735922" lon="14.8051372">
	<ele>16.04</ele>
	<time>2026-08-09T12:02:15.980Z</time>
	<hdop>3.79</hdop>
	<extensions>
		<gpxtpx:TrackPointExtension>
			<gpxtpx:course>18.0</gpxtpx:course>
		</gpxtpx:TrackPointExtension>
	</extensions>
</trkpt>
<trkpt lat="44.2739260" lon="14.8053075">
	<ele>11.20</ele>
	<time>2026-08-09T12:02:26.979Z</time>
	<hdop>3.79</hdop>
	<extensions>
		<gpxtpx:TrackPointExtension>
			<gpxtpx:course>19.0</gpxtpx:course>
		</gpxtpx:TrackPointExtension>
	</extensions>
</trkpt>
<trkpt lat="44.2742268" lon="14.8054460">
	<ele>14.00</ele>
	<time>2026-08-09T12:02:36.980Z</time>
	<hdop>3.79</hdop>
	<extensions>
		<gpxtpx:TrackPointExtension>
			<gpxtpx:course>18.0</gpxtpx:course>
		</gpxtpx:TrackPointExtension>
	</extensions>
</trkpt>
<trkpt lat="44.2745229" lon="14.8055954">
	<ele>9.18</ele>
	<time>2026-08-09T12:02:46.980Z</time>
	<hdop>3.79</hdop>
	<extensions>
		<gpxtpx:TrackPointExtension>
			<gpxtpx:course>19.0</gpxtpx:course>
		</gpxtpx:TrackPointExtension>
	</extensions>
</trkpt>
<trkpt lat="44.2748543" lon="14.8057522">
	<ele>-23.79</ele>
	<time>2026-08-09T12:02:57.979Z</time>
	<hdop>3.79</hdop>
	<extensions>
		<gpxtpx:TrackPointExtension>
			<gpxtpx:course>19.0</gpxtpx:course>
		</gpxtpx:TrackPointExtension>
	</extensions>
</trkpt>
<trkpt lat="44.2751545" lon="14.8059018">
	<ele>-28.41</ele>
	<time>2026-08-09T12:03:07.979Z</time>
	<hdop>3.79</hdop>
	<extensions>
		<gpxtpx:TrackPointExtension>
			<gpxtpx:course>20.0</gpxtpx:course>
		</gpxtpx:TrackPointExtension>
	</extensions>
</trkpt>
<trkpt lat="44.2754456" lon="14.8060401">
	<ele>-20.15</ele>
	<time>2026-08-09T12:03:17.980Z</time>
	<hdop>3.79</hdop>
	<extensions>
		<gpxtpx:TrackPointExtension>
			<gpxtpx:course>18.0</gpxtpx:course>
		</gpxtpx:TrackPointExtension>
	</extensions>
</trkpt>
<trkpt lat="44.2757475" lon="14.8061742">
	<ele>-12.82</ele>
	<time>2026-08-09T12:03:27.980Z</time>
	<hdop>3.79</hdop>
	<extensions>
		<gpxtpx:TrackPointExtension>
			<gpxtpx:course>18.0</gpxtpx:course>
		</gpxtpx:TrackPointExtension>
	</extensions>
</trkpt>
<trkpt lat="44.2760449" lon="14.8063227">
	<ele>-2.88</ele>
	<time>2026-08-09T12:03:37.980Z</time>
	<hdop>3.79</hdop>
	<extensions>
		<gpxtpx:TrackPointExtension>
			<gpxtpx:course>19.0</gpxtpx:course>
		</gpxtpx:TrackPointExtension>
	</extensions>
</trkpt>
<trkpt lat="44.2763785" lon="14.8064851">
	<ele>0.28</ele>
	<time>2026-08-09T12:03:48.979Z</time>
	<hdop>3.79</hdop>
	<extensions>
		<gpxtpx:TrackPointExtension>
			<gpxtpx:course>20.0</gpxtpx:course>
		</gpxtpx:TrackPointExtension>
	</extensions>
</trkpt>
<trkpt lat="44.2766763" lon="14.8066324">
	<ele>-2.14</ele>
	<time>2026-08-09T12:03:58.979Z</time>
	<hdop>3.79</hdop>
	<extensions>
		<gpxtpx:TrackPointExtension>
			<gpxtpx:course>19.0</gpxtpx:course>
		</gpxtpx:TrackPointExtension>
	</extensions>
</trkpt>
<trkpt lat="44.2769807" lon="14.8067826">
	<ele>-0.20</ele>
	<time>2026-08-09T12:04:08.980Z</time>
	<hdop>3.79</hdop>
	<extensions>
		<gpxtpx:TrackPointExtension>
			<gpxtpx:course>18.0</gpxtpx:course>
		</gpxtpx:TrackPointExtension>
	</extensions>
</trkpt>
<trkpt lat="44.2772805" lon="14.8069318">
	<ele>1.44</ele>
	<time>2026-08-09T12:04:18.980Z</time>
	<hdop>3.79</hdop>
	<extensions>
		<gpxtpx:TrackPointExtension>
			<gpxtpx:course>19.0</gpxtpx:course>
		</gpxtpx:TrackPointExtension>
	</extensions>
</trkpt>
<trkpt lat="44.2775825" lon="14.8070890">
	<ele>-0.90</ele>
	<time>2026-08-09T12:04:28.980Z</time>
	<hdop>3.79</hdop>
	<extensions>
		<gpxtpx:TrackPointExtension>
			<gpxtpx:course>20.0</gpxtpx:course>
		</gpxtpx:TrackPointExtension>
	</extensions>
</trkpt>
<trkpt lat="44.2779078" lon="14.8072511">
	<ele>-4.64</ele>
	<time>2026-08-09T12:04:39.980Z</time>
	<hdop>3.79</hdop>
	<extensions>
		<gpxtpx:TrackPointExtension>
			<gpxtpx:course>18.0</gpxtpx:course>
		</gpxtpx:TrackPointExtension>
	</extensions>
</trkpt>
<trkpt lat="44.2782329" lon="14.8074039">
	<ele>-6.11</ele>
	<time>2026-08-09T12:04:50.979Z</time>
	<hdop>3.79</hdop>
	<extensions>
		<gpxtpx:TrackPointExtension>
			<gpxtpx:course>19.0</gpxtpx:course>
		</gpxtpx:TrackPointExtension>
	</extensions>
</trkpt>
<trkpt lat="44.2785409" lon="14.8075569">
	<ele>-0.56</ele>
	<time>2026-08-09T12:05:00.979Z</time>
	<hdop>3.79</hdop>
	<extensions>
		<gpxtpx:TrackPointExtension>
			<gpxtpx:course>18.0</gpxtpx:course>
		</gpxtpx:TrackPointExtension>
	</extensions>
</trkpt>
<trkpt lat="44.2788424" lon="14.8077064">
	<ele>0.75</ele>
	<time>2026-08-09T12:05:10.979Z</time>
	<hdop>3.79</hdop>
	<extensions>
		<gpxtpx:TrackPointExtension>
			<gpxtpx:course>21.0</gpxtpx:course>
		</gpxtpx:TrackPointExtension>
	</extensions>
</trkpt>
<trkpt lat="44.2791406" lon="14.8078554">
	<ele>-1.25</ele>
	<time>2026-08-09T12:05:20.980Z</time>
	<hdop>3.79</hdop>
	<extensions>
		<gpxtpx:TrackPointExtension>
			<gpxtpx:course>19.0</gpxtpx:course>
		</gpxtpx:TrackPointExtension>
	</extensions>
</trkpt>
<trkpt lat="44.2794689" lon="14.8080327">
	<ele>1.60</ele>
	<time>2026-08-09T12:05:31.979Z</time>
	<hdop>3.79</hdop>
	<extensions>
		<gpxtpx:TrackPointExtension>
			<gpxtpx:course>18.0</gpxtpx:course>
		</gpxtpx:TrackPointExtension>
	</extensions>
</trkpt>
<trkpt lat="44.2797992" lon="14.8081955">
	<ele>1.88</ele>
	<time>2026-08-09T12:05:42.979Z</time>
	<hdop>3.79</hdop>
	<extensions>
		<gpxtpx:TrackPointExtension>
			<gpxtpx:course>20.0</gpxtpx:course>
		</gpxtpx:TrackPointExtension>
	</extensions>
</trkpt>
<trkpt lat="44.2800939" lon="14.8083462">
	<ele>-1.27</ele>
	<time>2026-08-09T12:05:52.979Z</time>
	<hdop>3.79</hdop>
	<extensions>
		<gpxtpx:TrackPointExtension>
			<gpxtpx:course>20.0</gpxtpx:course>
		</gpxtpx:TrackPointExtension>
	</extensions>
</trkpt>
<trkpt lat="44.2804171" lon="14.8085161">
	<ele>-0.20</ele>
	<time>2026-08-09T12:06:03.979Z</time>
	<hdop>3.79</hdop>
	<extensions>
		<gpxtpx:TrackPointExtension>
			<gpxtpx:course>19.0</gpxtpx:course>
		</gpxtpx:TrackPointExtension>
	</extensions>
</trkpt>
<trkpt lat="44.2807148" lon="14.8086658">
	<ele>-0.12</ele>
	<time>2026-08-09T12:06:13.979Z</time>
	<hdop>3.79</hdop>
	<extensions>
		<gpxtpx:TrackPointExtension>
			<gpxtpx:course>16.0</gpxtpx:course>
		</gpxtpx:TrackPointExtension>
	</extensions>
</trkpt>
<trkpt lat="44.2810179" lon="14.8088153">
	<ele>-2.31</ele>
	<time>2026-08-09T12:06:23.979Z</time>
	<hdop>3.79</hdop>
	<extensions>
		<gpxtpx:TrackPointExtension>
			<gpxtpx:course>20.0</gpxtpx:course>
		</gpxtpx:TrackPointExtension>
	</extensions>
</trkpt>
<trkpt lat="44.2813424" lon="14.8089761">
	<ele>-34.26</ele>
	<time>2026-08-09T12:06:34.979Z</time>
	<hdop>3.79</hdop>
	<extensions>
		<gpxtpx:TrackPointExtension>
			<gpxtpx:course>19.0</gpxtpx:course>
		</gpxtpx:TrackPointExtension>
	</extensions>
</trkpt>
<trkpt lat="44.2816330" lon="14.8091262">
	<ele>-45.65</ele>
	<time>2026-08-09T12:06:44.980Z</time>
	<hdop>3.79</hdop>
	<extensions>
		<gpxtpx:TrackPointExtension>
			<gpxtpx:course>19.0</gpxtpx:course>
		</gpxtpx:TrackPointExtension>
	</extensions>
</trkpt>
<trkpt lat="44.2819584" lon="14.8092939">
	<ele>-28.98</ele>
	<time>2026-08-09T12:06:55.979Z</time>
	<hdop>3.79</hdop>
	<extensions>
		<gpxtpx:TrackPointExtension>
			<gpxtpx:course>22.0</gpxtpx:course>
		</gpxtpx:TrackPointExtension>
	</extensions>
</trkpt>
<trkpt lat="44.2822844" lon="14.8094583">
	<ele>-9.67</ele>
	<time>2026-08-09T12:07:06.979Z</time>
	<hdop>3.79</hdop>
	<extensions>
		<gpxtpx:TrackPointExtension>
			<gpxtpx:course>20.0</gpxtpx:course>
		</gpxtpx:TrackPointExtension>
	</extensions>
</trkpt>
<trkpt lat="44.2826085" lon="14.8096250">
	<ele>-1.44</ele>
	<time>2026-08-09T12:07:17.979Z</time>
	<hdop>3.79</hdop>
	<extensions>
		<gpxtpx:TrackPointExtension>
			<gpxtpx:course>19.0</gpxtpx:course>
		</gpxtpx:TrackPointExtension>
	</extensions>
</trkpt>
<trkpt lat="44.2829061" lon="14.8097737">
	<ele>5.51</ele>
	<time>2026-08-09T12:07:27.979Z</time>
	<hdop>3.79</hdop>
	<extensions>
		<gpxtpx:TrackPointExtension>
			<gpxtpx:course>20.0</gpxtpx:course>
		</gpxtpx:TrackPointExtension>
	</extensions>
</trkpt>
<trkpt lat="44.2832040" lon="14.8099260">
	<ele>12.69</ele>
	<time>2026-08-09T12:07:37.979Z</time>
	<hdop>3.79</hdop>
	<extensions>
		<gpxtpx:TrackPointExtension>
			<gpxtpx:course>20.0</gpxtpx:course>
		</gpxtpx:TrackPointExtension>
	</extensions>
</trkpt>
<trkpt lat="44.2834984" lon="14.8100868">
	<ele>9.27</ele>
	<time>2026-08-09T12:07:47.979Z</time>
	<hdop>3.79</hdop>
	<extensions>
		<gpxtpx:TrackPointExtension>
			<gpxtpx:course>21.0</gpxtpx:course>
		</gpxtpx:TrackPointExtension>
	</extensions>
</trkpt>
<trkpt lat="44.2837955" lon="14.8102376">
	<ele>13.06</ele>
	<time>2026-08-09T12:07:57.979Z</time>
	<hdop>3.79</hdop>
	<extensions>
		<gpxtpx:TrackPointExtension>
			<gpxtpx:course>20.0</gpxtpx:course>
		</gpxtpx:TrackPointExtension>
	</extensions>
</trkpt>
<trkpt lat="44.2840934" lon="14.8103964">
	<ele>14.31</ele>
	<time>2026-08-09T12:08:07.979Z</time>
	<hdop>3.79</hdop>
	<extensions>
		<gpxtpx:TrackPointExtension>
			<gpxtpx:course>21.0</gpxtpx:course>
		</gpxtpx:TrackPointExtension>
	</extensions>
</trkpt>
<trkpt lat="44.2843902" lon="14.8105527">
	<ele>11.76</ele>
	<time>2026-08-09T12:08:17.980Z</time>
	<hdop>3.79</hdop>
	<extensions>
		<gpxtpx:TrackPointExtension>
			<gpxtpx:course>19.0</gpxtpx:course>
		</gpxtpx:TrackPointExtension>
	</extensions>
</trkpt>
<trkpt lat="44.2846891" lon="14.8106994">
	<ele>11.52</ele>
	<time>2026-08-09T12:08:27.980Z</time>
	<hdop>3.79</hdop>
	<extensions>
		<gpxtpx:TrackPointExtension>
			<gpxtpx:course>21.0</gpxtpx:course>
		</gpxtpx:TrackPointExtension>
	</extensions>
</trkpt>
<trkpt lat="44.2850109" lon="14.8108665">
	<ele>10.47</ele>
	<time>2026-08-09T12:08:38.979Z</time>
	<hdop>3.79</hdop>
	<extensions>
		<gpxtpx:TrackPointExtension>
			<gpxtpx:course>19.0</gpxtpx:course>
		</gpxtpx:TrackPointExtension>
	</extensions>
</trkpt>
<trkpt lat="44.2853096" lon="14.8110295">
	<ele>5.46</ele>
	<time>2026-08-09T12:08:48.979Z</time>
	<hdop>3.79</hdop>
	<extensions>
		<gpxtpx:TrackPointExtension>
			<gpxtpx:course>21.0</gpxtpx:course>
		</gpxtpx:TrackPointExtension>
	</extensions>
</trkpt>
<trkpt lat="44.2856386" lon="14.8111906">
	<ele>7.03</ele>
	<time>2026-08-09T12:08:59.978Z</time>
	<hdop>3.79</hdop>
	<extensions>
		<gpxtpx:TrackPointExtension>
			<gpxtpx:course>20.0</gpxtpx:course>
		</gpxtpx:TrackPointExtension>
	</extensions>
</trkpt>
<trkpt lat="44.2859329" lon="14.8113355">
	<ele>4.26</ele>
	<time>2026-08-09T12:09:09.978Z</time>
	<hdop>3.79</hdop>
	<extensions>
		<gpxtpx:TrackPointExtension>
			<gpxtpx:course>19.0</gpxtpx:course>
		</gpxtpx:TrackPointExtension>
	</extensions>
</trkpt>
<trkpt lat="44.2862329" lon="14.8114860">
	<ele>4.42</ele>
	<time>2026-08-09T12:09:19.979Z</time>
	<hdop>3.79</hdop>
	<extensions>
		<gpxtpx:TrackPointExtension>
			<gpxtpx:course>19.0</gpxtpx:course>
		</gpxtpx:TrackPointExtension>
	</extensions>
</trkpt>
<trkpt lat="44.2865291" lon="14.8116369">
	<ele>2.77</ele>
	<time>2026-08-09T12:09:29.979Z</time>
	<hdop>3.79</hdop>
	<extensions>
		<gpxtpx:TrackPointExtension>
			<gpxtpx:course>18.0</gpxtpx:course>
		</gpxtpx:TrackPointExtension>
	</extensions>
</trkpt>
<trkpt lat="44.2868237" lon="14.8117911">
	<ele>2.24</ele>
	<time>2026-08-09T12:09:39.979Z</time>
	<hdop>3.79</hdop>
	<extensions>
		<gpxtpx:TrackPointExtension>
			<gpxtpx:course>20.0</gpxtpx:course>
		</gpxtpx:TrackPointExtension>
	</extensions>
</trkpt>
<trkpt lat="44.2871245" lon="14.8119405">
	<ele>0.51</ele>
	<time>2026-08-09T12:09:49.979Z</time>
	<hdop>3.79</hdop>
	<extensions>
		<gpxtpx:TrackPointExtension>
			<gpxtpx:course>19.0</gpxtpx:course>
		</gpxtpx:TrackPointExtension>
	</extensions>
</trkpt>
<trkpt lat="44.2874244" lon="14.8120773">
	<ele>1.32</ele>
	<time>2026-08-09T12:09:59.979Z</time>
	<hdop>3.79</hdop>
	<extensions>
		<gpxtpx:TrackPointExtension>
			<gpxtpx:course>18.0</gpxtpx:course>
		</gpxtpx:TrackPointExtension>
	</extensions>
</trkpt>
<trkpt lat="44.2877240" lon="14.8122192">
	<ele>-1.86</ele>
	<time>2026-08-09T12:10:09.980Z</time>
	<hdop>3.79</hdop>
	<extensions>
		<gpxtpx:TrackPointExtension>
			<gpxtpx:course>20.0</gpxtpx:course>
		</gpxtpx:TrackPointExtension>
	</extensions>
</trkpt>
<trkpt lat="44.2880450" lon="14.8123794">
	<ele>-1.51</ele>
	<time>2026-08-09T12:10:20.978Z</time>
	<hdop>3.79</hdop>
	<extensions>
		<gpxtpx:TrackPointExtension>
			<gpxtpx:course>19.0</gpxtpx:course>
		</gpxtpx:TrackPointExtension>
	</extensions>
</trkpt>
<trkpt lat="44.2883475" lon="14.8125252">
	<ele>-3.18</ele>
	<time>2026-08-09T12:10:30.979Z</time>
	<hdop>3.79</hdop>
	<extensions>
		<gpxtpx:TrackPointExtension>
			<gpxtpx:course>19.0</gpxtpx:course>
		</gpxtpx:TrackPointExtension>
	</extensions>
</trkpt>
<trkpt lat="44.2886431" lon="14.8126693">
	<ele>-3.80</ele>
	<time>2026-08-09T12:10:40.980Z</time>
	<hdop>3.79</hdop>
	<extensions>
		<gpxtpx:TrackPointExtension>
			<gpxtpx:course>20.0</gpxtpx:course>
		</gpxtpx:TrackPointExtension>
	</extensions>
</trkpt>
<trkpt lat="44.2889663" lon="14.8128328">
	<ele>-4.35</ele>
	<time>2026-08-09T12:10:51.979Z</time>
	<hdop>3.79</hdop>
	<extensions>
		<gpxtpx:TrackPointExtension>
			<gpxtpx:course>17.0</gpxtpx:course>
		</gpxtpx:TrackPointExtension>
	</extensions>
</trkpt>
<trkpt lat="44.2892963" lon="14.8129982">
	<ele>-3.14</ele>
	<time>2026-08-09T12:11:02.980Z</time>
	<hdop>3.79</hdop>
	<extensions>
		<gpxtpx:TrackPointExtension>
			<gpxtpx:course>18.0</gpxtpx:course>
		</gpxtpx:TrackPointExtension>
	</extensions>
</trkpt>
<trkpt lat="44.2896290" lon="14.8131507">
	<ele>-6.21</ele>
	<time>2026-08-09T12:11:13.978Z</time>
	<hdop>3.79</hdop>
	<extensions>
		<gpxtpx:TrackPointExtension>
			<gpxtpx:course>20.0</gpxtpx:course>
		</gpxtpx:TrackPointExtension>
	</extensions>
</trkpt>
<trkpt lat="44.2899272" lon="14.8132963">
	<ele>-6.08</ele>
	<time>2026-08-09T12:11:23.979Z</time>
	<hdop>3.79</hdop>
	<extensions>
		<gpxtpx:TrackPointExtension>
			<gpxtpx:course>17.0</gpxtpx:course>
		</gpxtpx:TrackPointExtension>
	</extensions>
</trkpt>
<trkpt lat="44.2902277" lon="14.8134480">
	<ele>-8.24</ele>
	<time>2026-08-09T12:11:33.980Z</time>
	<hdop>3.79</hdop>
	<extensions>
		<gpxtpx:TrackPointExtension>
			<gpxtpx:course>18.0</gpxtpx:course>
		</gpxtpx:TrackPointExtension>
	</extensions>
</trkpt>
<trkpt lat="44.2905510" lon="14.8136106">
	<ele>-7.17</ele>
	<time>2026-08-09T12:11:44.978Z</time>
	<hdop>3.79</hdop>
	<extensions>
		<gpxtpx:TrackPointExtension>
			<gpxtpx:course>18.0</gpxtpx:course>
		</gpxtpx:TrackPointExtension>
	</extensions>
</trkpt>
<trkpt lat="44.2908466" lon="14.8137453">
	<ele>-7.86</ele>
	<time>2026-08-09T12:11:54.979Z</time>
	<hdop>3.79</hdop>
	<extensions>
		<gpxtpx:TrackPointExtension>
			<gpxtpx:course>18.0</gpxtpx:course>
		</gpxtpx:TrackPointExtension>
	</extensions>
</trkpt>
<trkpt lat="44.2911623" lon="14.8139068">
	<ele>-9.34</ele>
	<time>2026-08-09T12:12:05.980Z</time>
	<hdop>3.79</hdop>
	<extensions>
		<gpxtpx:TrackPointExtension>
			<gpxtpx:course>20.0</gpxtpx:course>
		</gpxtpx:TrackPointExtension>
	</extensions>
</trkpt>
<trkpt lat="44.2914635" lon="14.8140500">
	<ele>-8.63</ele>
	<time>2026-08-09T12:12:15.980Z</time>
	<hdop>3.79</hdop>
	<extensions>
		<gpxtpx:TrackPointExtension>
			<gpxtpx:course>19.0</gpxtpx:course>
		</gpxtpx:TrackPointExtension>
	</extensions>
</trkpt>
<trkpt lat="44.2917997" lon="14.8142041">
	<ele>-6.67</ele>
	<time>2026-08-09T12:12:26.978Z</time>
	<hdop>3.79</hdop>
	<extensions>
		<gpxtpx:TrackPointExtension>
			<gpxtpx:course>17.0</gpxtpx:course>
		</gpxtpx:TrackPointExtension>
	</extensions>
</trkpt>
<trkpt lat="44.2920968" lon="14.8143385">
	<ele>-6.99</ele>
	<time>2026-08-09T12:12:36.979Z</time>
	<hdop>3.79</hdop>
	<extensions>
		<gpxtpx:TrackPointExtension>
			<gpxtpx:course>19.0</gpxtpx:course>
		</gpxtpx:TrackPointExtension>
	</extensions>
</trkpt>
<trkpt lat="44.2923902" lon="14.8144720">
	<ele>-7.35</ele>
	<time>2026-08-09T12:12:46.979Z</time>
	<hdop>3.79</hdop>
	<extensions>
		<gpxtpx:TrackPointExtension>
			<gpxtpx:course>17.0</gpxtpx:course>
		</gpxtpx:TrackPointExtension>
	</extensions>
</trkpt>
<trkpt lat="44.2926850" lon="14.8146138">
	<ele>-17.11</ele>
	<time>2026-08-09T12:12:56.979Z</time>
	<hdop>6.83</hdop>
	<extensions>
		<gpxtpx:TrackPointExtension>
			<gpxtpx:course>17.0</gpxtpx:course>
		</gpxtpx:TrackPointExtension>
	</extensions>
</trkpt>
<trkpt lat="44.2930243" lon="14.8147625">
	<ele>-45.10</ele>
	<time>2026-08-09T12:13:07.979Z</time>
	<hdop>3.79</hdop>
	<extensions>
		<gpxtpx:TrackPointExtension>
			<gpxtpx:course>18.0</gpxtpx:course>
		</gpxtpx:TrackPointExtension>
	</extensions>
</trkpt>
<trkpt lat="44.2933194" lon="14.8149050">
	<ele>-52.24</ele>
	<time>2026-08-09T12:13:17.979Z</time>
	<hdop>7.08</hdop>
	<extensions>
		<gpxtpx:TrackPointExtension>
			<gpxtpx:course>19.0</gpxtpx:course>
		</gpxtpx:TrackPointExtension>
	</extensions>
</trkpt>
<trkpt lat="44.2936511" lon="14.8150557">
	<ele>-40.87</ele>
	<time>2026-08-09T12:13:28.979Z</time>
	<hdop>3.79</hdop>
	<extensions>
		<gpxtpx:TrackPointExtension>
			<gpxtpx:course>18.0</gpxtpx:course>
		</gpxtpx:TrackPointExtension>
	</extensions>
</trkpt>
<trkpt lat="44.2939498" lon="14.8151987">
	<ele>-30.08</ele>
	<time>2026-08-09T12:13:38.979Z</time>
	<hdop>3.79</hdop>
	<extensions>
		<gpxtpx:TrackPointExtension>
			<gpxtpx:course>18.0</gpxtpx:course>
		</gpxtpx:TrackPointExtension>
	</extensions>
</trkpt>
<trkpt lat="44.2942437" lon="14.8153444">
	<ele>-17.11</ele>
	<time>2026-08-09T12:13:48.979Z</time>
	<hdop>3.79</hdop>
	<extensions>
		<gpxtpx:TrackPointExtension>
			<gpxtpx:course>17.0</gpxtpx:course>
		</gpxtpx:TrackPointExtension>
	</extensions>
</trkpt>
<trkpt lat="44.2945701" lon="14.8155097">
	<ele>-3.35</ele>
	<time>2026-08-09T12:13:59.978Z</time>
	<hdop>3.79</hdop>
	<extensions>
		<gpxtpx:TrackPointExtension>
			<gpxtpx:course>17.0</gpxtpx:course>
		</gpxtpx:TrackPointExtension>
	</extensions>
</trkpt>
<trkpt lat="44.2948789" lon="14.8156661">
	<ele>1.56</ele>
	<time>2026-08-09T12:14:09.979Z</time>
	<hdop>3.79</hdop>
	<extensions>
		<gpxtpx:TrackPointExtension>
			<gpxtpx:course>16.0</gpxtpx:course>
		</gpxtpx:TrackPointExtension>
	</extensions>
</trkpt>
<trkpt lat="44.2951895" lon="14.8158069">
	<ele>6.83</ele>
	<time>2026-08-09T12:14:20.979Z</time>
	<hdop>3.79</hdop>
	<extensions>
		<gpxtpx:TrackPointExtension>
			<gpxtpx:course>22.0</gpxtpx:course>
		</gpxtpx:TrackPointExtension>
	</extensions>
</trkpt>
<trkpt lat="44.2955279" lon="14.8159735">
	<ele>6.05</ele>
	<time>2026-08-09T12:14:31.979Z</time>
	<hdop>3.79</hdop>
	<extensions>
		<gpxtpx:TrackPointExtension>
			<gpxtpx:course>18.0</gpxtpx:course>
		</gpxtpx:TrackPointExtension>
	</extensions>
</trkpt>
<trkpt lat="44.2958329" lon="14.8161326">
	<ele>8.87</ele>
	<time>2026-08-09T12:14:42.978Z</time>
	<hdop>3.79</hdop>
	<extensions>
		<gpxtpx:TrackPointExtension>
			<gpxtpx:course>20.0</gpxtpx:course>
		</gpxtpx:TrackPointExtension>
	</extensions>
</trkpt>
<trkpt lat="44.2961178" lon="14.8162730">
	<ele>7.44</ele>
	<time>2026-08-09T12:14:52.979Z</time>
	<hdop>3.79</hdop>
	<extensions>
		<gpxtpx:TrackPointExtension>
			<gpxtpx:course>19.0</gpxtpx:course>
		</gpxtpx:TrackPointExtension>
	</extensions>
</trkpt>
<trkpt lat="44.2964488" lon="14.8164526">
	<ele>8.23</ele>
	<time>2026-08-09T12:15:03.979Z</time>
	<hdop>3.79</hdop>
	<extensions>
		<gpxtpx:TrackPointExtension>
			<gpxtpx:course>22.0</gpxtpx:course>
		</gpxtpx:TrackPointExtension>
	</extensions>
</trkpt>
<trkpt lat="44.2967837" lon="14.8166095">
	<ele>5.97</ele>
	<time>2026-08-09T12:15:14.978Z</time>
	<hdop>3.79</hdop>
	<extensions>
		<gpxtpx:TrackPointExtension>
			<gpxtpx:course>19.0</gpxtpx:course>
		</gpxtpx:TrackPointExtension>
	</extensions>
</trkpt>
<trkpt lat="44.2970757" lon="14.8167643">
	<ele>1.84</ele>
	<time>2026-08-09T12:15:24.978Z</time>
	<hdop>3.79</hdop>
	<extensions>
		<gpxtpx:TrackPointExtension>
			<gpxtpx:course>20.0</gpxtpx:course>
		</gpxtpx:TrackPointExtension>
	</extensions>
</trkpt>
<trkpt lat="44.2973719" lon="14.8169103">
	<ele>-1.47</ele>
	<time>2026-08-09T12:15:34.978Z</time>
	<hdop>3.79</hdop>
	<extensions>
		<gpxtpx:TrackPointExtension>
			<gpxtpx:course>18.0</gpxtpx:course>
		</gpxtpx:TrackPointExtension>
	</extensions>
</trkpt>
<trkpt lat="44.2976698" lon="14.8170335">
	<ele>2.99</ele>
	<time>2026-08-09T12:15:44.978Z</time>
	<hdop>3.79</hdop>
	<extensions>
		<gpxtpx:TrackPointExtension>
			<gpxtpx:course>15.0</gpxtpx:course>
		</gpxtpx:TrackPointExtension>
	</extensions>
</trkpt>
<trkpt lat="44.2979972" lon="14.8171726">
	<ele>-6.66</ele>
	<time>2026-08-09T12:15:55.977Z</time>
	<hdop>3.79</hdop>
	<extensions>
		<gpxtpx:TrackPointExtension>
			<gpxtpx:course>17.0</gpxtpx:course>
		</gpxtpx:TrackPointExtension>
	</extensions>
</trkpt>
<trkpt lat="44.2983033" lon="14.8172903">
	<ele>-34.08</ele>
	<time>2026-08-09T12:16:05.978Z</time>
	<hdop>3.79</hdop>
	<extensions>
		<gpxtpx:TrackPointExtension>
			<gpxtpx:course>16.0</gpxtpx:course>
		</gpxtpx:TrackPointExtension>
	</extensions>
</trkpt>
<trkpt lat="44.2985964" lon="14.8174253">
	<ele>-58.29</ele>
	<time>2026-08-09T12:16:15.979Z</time>
	<hdop>3.79</hdop>
	<extensions>
		<gpxtpx:TrackPointExtension>
			<gpxtpx:course>18.0</gpxtpx:course>
		</gpxtpx:TrackPointExtension>
	</extensions>
</trkpt>
<trkpt lat="44.2989212" lon="14.8175649">
	<ele>-70.55</ele>
	<time>2026-08-09T12:16:26.979Z</time>
	<hdop>3.79</hdop>
	<extensions>
		<gpxtpx:TrackPointExtension>
			<gpxtpx:course>17.0</gpxtpx:course>
		</gpxtpx:TrackPointExtension>
	</extensions>
</trkpt>
<trkpt lat="44.2992581" lon="14.8176935">
	<ele>-55.94</ele>
	<time>2026-08-09T12:16:37.979Z</time>
	<hdop>3.79</hdop>
	<extensions>
		<gpxtpx:TrackPointExtension>
			<gpxtpx:course>17.0</gpxtpx:course>
		</gpxtpx:TrackPointExtension>
	</extensions>
</trkpt>
<trkpt lat="44.2995878" lon="14.8178339">
	<ele>-34.00</ele>
	<time>2026-08-09T12:16:48.977Z</time>
	<hdop>3.79</hdop>
	<extensions>
		<gpxtpx:TrackPointExtension>
			<gpxtpx:course>18.0</gpxtpx:course>
		</gpxtpx:TrackPointExtension>
	</extensions>
</trkpt>
<trkpt lat="44.2998848" lon="14.8179615">
	<ele>-13.44</ele>
	<time>2026-08-09T12:16:58.977Z</time>
	<hdop>3.79</hdop>
	<extensions>
		<gpxtpx:TrackPointExtension>
			<gpxtpx:course>17.0</gpxtpx:course>
		</gpxtpx:TrackPointExtension>
	</extensions>
</trkpt>
<trkpt lat="44.3001843" lon="14.8180833">
	<ele>-7.42</ele>
	<time>2026-08-09T12:17:08.978Z</time>
	<hdop>3.79</hdop>
	<extensions>
		<gpxtpx:TrackPointExtension>
			<gpxtpx:course>16.0</gpxtpx:course>
		</gpxtpx:TrackPointExtension>
	</extensions>
</trkpt>
<trkpt lat="44.3004879" lon="14.8182027">
	<ele>-3.56</ele>
	<time>2026-08-09T12:17:18.978Z</time>
	<hdop>3.79</hdop>
	<extensions>
		<gpxtpx:TrackPointExtension>
			<gpxtpx:course>19.0</gpxtpx:course>
		</gpxtpx:TrackPointExtension>
	</extensions>
</trkpt>
<trkpt lat="44.3007909" lon="14.8183284">
	<ele>1.66</ele>
	<time>2026-08-09T12:17:28.979Z</time>
	<hdop>3.79</hdop>
	<extensions>
		<gpxtpx:TrackPointExtension>
			<gpxtpx:course>14.0</gpxtpx:course>
		</gpxtpx:TrackPointExtension>
	</extensions>
</trkpt>
<trkpt lat="44.3011194" lon="14.8184674">
	<ele>2.42</ele>
	<time>2026-08-09T12:17:39.979Z</time>
	<hdop>3.79</hdop>
	<extensions>
		<gpxtpx:TrackPointExtension>
			<gpxtpx:course>18.0</gpxtpx:course>
		</gpxtpx:TrackPointExtension>
	</extensions>
</trkpt>
<trkpt lat="44.3014519" lon="14.8185950">
	<ele>-1.95</ele>
	<time>2026-08-09T12:17:50.979Z</time>
	<hdop>3.79</hdop>
	<extensions>
		<gpxtpx:TrackPointExtension>
			<gpxtpx:course>17.0</gpxtpx:course>
		</gpxtpx:TrackPointExtension>
	</extensions>
</trkpt>
<trkpt lat="44.3017851" lon="14.8187326">
	<ele>-23.42</ele>
	<time>2026-08-09T12:18:01.979Z</time>
	<hdop>3.79</hdop>
	<extensions>
		<gpxtpx:TrackPointExtension>
			<gpxtpx:course>15.0</gpxtpx:course>
		</gpxtpx:TrackPointExtension>
	</extensions>
</trkpt>
<trkpt lat="44.3021157" lon="14.8188446">
	<ele>-27.44</ele>
	<time>2026-08-09T12:18:12.978Z</time>
	<hdop>3.79</hdop>
	<extensions>
		<gpxtpx:TrackPointExtension>
			<gpxtpx:course>14.0</gpxtpx:course>
		</gpxtpx:TrackPointExtension>
	</extensions>
</trkpt>
<trkpt lat="44.3024486" lon="14.8189582">
	<ele>-9.30</ele>
	<time>2026-08-09T12:18:23.976Z</time>
	<hdop>3.79</hdop>
	<extensions>
		<gpxtpx:TrackPointExtension>
			<gpxtpx:course>11.0</gpxtpx:course>
		</gpxtpx:TrackPointExtension>
	</extensions>
</trkpt>
<trkpt lat="44.3027540" lon="14.8190508">
	<ele>4.49</ele>
	<time>2026-08-09T12:18:33.978Z</time>
	<hdop>3.79</hdop>
	<extensions>
		<gpxtpx:TrackPointExtension>
			<gpxtpx:course>12.0</gpxtpx:course>
		</gpxtpx:TrackPointExtension>
	</extensions>
</trkpt>
<trkpt lat="44.3030894" lon="14.8191597">
	<ele>8.04</ele>
	<time>2026-08-09T12:18:44.977Z</time>
	<hdop>3.79</hdop>
	<extensions>
		<gpxtpx:TrackPointExtension>
			<gpxtpx:course>13.0</gpxtpx:course>
		</gpxtpx:TrackPointExtension>
	</extensions>
</trkpt>
<trkpt lat="44.3033989" lon="14.8192657">
	<ele>-10.98</ele>
	<time>2026-08-09T12:18:54.977Z</time>
	<hdop>3.79</hdop>
	<extensions>
		<gpxtpx:TrackPointExtension>
			<gpxtpx:course>10.0</gpxtpx:course>
		</gpxtpx:TrackPointExtension>
	</extensions>
</trkpt>
<trkpt lat="44.3037208" lon="14.8193769">
	<ele>-12.39</ele>
	<time>2026-08-09T12:19:04.978Z</time>
	<hdop>3.79</hdop>
	<extensions>
		<gpxtpx:TrackPointExtension>
			<gpxtpx:course>13.0</gpxtpx:course>
		</gpxtpx:TrackPointExtension>
	</extensions>
</trkpt>
<trkpt lat="44.3040488" lon="14.8194625">
	<ele>-0.67</ele>
	<time>2026-08-09T12:19:15.977Z</time>
	<hdop>3.79</hdop>
	<extensions>
		<gpxtpx:TrackPointExtension>
			<gpxtpx:course>12.0</gpxtpx:course>
		</gpxtpx:TrackPointExtension>
	</extensions>
</trkpt>
<trkpt lat="44.3043521" lon="14.8195587">
	<ele>2.46</ele>
	<time>2026-08-09T12:19:25.978Z</time>
	<hdop>3.79</hdop>
	<extensions>
		<gpxtpx:TrackPointExtension>
			<gpxtpx:course>14.0</gpxtpx:course>
		</gpxtpx:TrackPointExtension>
	</extensions>
</trkpt>
<trkpt lat="44.3046625" lon="14.8196563">
	<ele>0.27</ele>
	<time>2026-08-09T12:19:35.978Z</time>
	<hdop>3.79</hdop>
	<extensions>
		<gpxtpx:TrackPointExtension>
			<gpxtpx:course>11.0</gpxtpx:course>
		</gpxtpx:TrackPointExtension>
	</extensions>
</trkpt>
<trkpt lat="44.3049699" lon="14.8197770">
	<ele>8.10</ele>
	<time>2026-08-09T12:19:45.978Z</time>
	<hdop>3.03</hdop>
	<extensions>
		<gpxtpx:TrackPointExtension>
			<gpxtpx:course>31.476395</gpxtpx:course>
		</gpxtpx:TrackPointExtension>
	</extensions>
</trkpt>
<trkpt lat="44.3053111" lon="14.8198622">
	<ele>9.14</ele>
	<time>2026-08-09T12:19:56.978Z</time>
	<hdop>3.12</hdop>
	<extensions>
		<gpxtpx:TrackPointExtension>
			<gpxtpx:course>9.074671</gpxtpx:course>
		</gpxtpx:TrackPointExtension>
	</extensions>
</trkpt>
<trkpt lat="44.3056105" lon="14.8199821">
	<ele>10.21</ele>
	<time>2026-08-09T12:20:06.978Z</time>
	<hdop>3.01</hdop>
	<extensions>
		<gpxtpx:TrackPointExtension>
			<gpxtpx:course>11.011236</gpxtpx:course>
		</gpxtpx:TrackPointExtension>
	</extensions>
</trkpt>
<trkpt lat="44.3059271" lon="14.8200896">
	<ele>11.96</ele>
	<time>2026-08-09T12:20:16.978Z</time>
	<hdop>4.74</hdop>
	<extensions>
		<gpxtpx:TrackPointExtension>
			<gpxtpx:course>7.4977984</gpxtpx:course>
		</gpxtpx:TrackPointExtension>
	</extensions>
</trkpt>
<trkpt lat="44.3062272" lon="14.8201752">
	<ele>2.96</ele>
	<time>2026-08-09T12:20:26.978Z</time>
	<hdop>4.45</hdop>
	<extensions>
		<gpxtpx:TrackPointExtension>
			<gpxtpx:course>12.67852</gpxtpx:course>
		</gpxtpx:TrackPointExtension>
	</extensions>
</trkpt>
<trkpt lat="44.3065358" lon="14.8202993">
	<ele>5.05</ele>
	<time>2026-08-09T12:20:36.978Z</time>
	<hdop>3.26</hdop>
	<extensions>
		<gpxtpx:TrackPointExtension>
			<gpxtpx:course>17.308754</gpxtpx:course>
		</gpxtpx:TrackPointExtension>
	</extensions>
</trkpt>
<trkpt lat="44.3068484" lon="14.8204025">
	<ele>-2.15</ele>
	<time>2026-08-09T12:20:46.978Z</time>
	<hdop>4.10</hdop>
	<extensions>
		<gpxtpx:TrackPointExtension>
			<gpxtpx:course>17.81302</gpxtpx:course>
		</gpxtpx:TrackPointExtension>
	</extensions>
</trkpt>
<trkpt lat="44.3071570" lon="14.8205044">
	<ele>-1.39</ele>
	<time>2026-08-09T12:20:56.979Z</time>
	<hdop>4.94</hdop>
	<extensions>
		<gpxtpx:TrackPointExtension>
			<gpxtpx:course>14.587306</gpxtpx:course>
		</gpxtpx:TrackPointExtension>
	</extensions>
</trkpt>
<trkpt lat="44.3074723" lon="14.8206124">
	<ele>6.19</ele>
	<time>2026-08-09T12:21:07.306Z</time>
	<hdop>5.09</hdop>
	<extensions>
		<gpxtpx:TrackPointExtension>
			<gpxtpx:course>14.489697</gpxtpx:course>
		</gpxtpx:TrackPointExtension>
	</extensions>
</trkpt>
<trkpt lat="44.3078007" lon="14.8207171">
	<ele>8.04</ele>
	<time>2026-08-09T12:21:17.978Z</time>
	<hdop>4.72</hdop>
	<extensions>
		<gpxtpx:TrackPointExtension>
			<gpxtpx:course>10.180484</gpxtpx:course>
		</gpxtpx:TrackPointExtension>
	</extensions>
</trkpt>
<trkpt lat="44.3081294" lon="14.8208153">
	<ele>4.00</ele>
	<time>2026-08-09T12:21:28.978Z</time>
	<hdop>4.67</hdop>
	<extensions>
		<gpxtpx:TrackPointExtension>
			<gpxtpx:course>9.397342</gpxtpx:course>
		</gpxtpx:TrackPointExtension>
	</extensions>
</trkpt>
<trkpt lat="44.3084237" lon="14.8209226">
	<ele>6.95</ele>
	<time>2026-08-09T12:21:38.978Z</time>
	<hdop>5.03</hdop>
	<extensions>
		<gpxtpx:TrackPointExtension>
			<gpxtpx:course>15.228533</gpxtpx:course>
		</gpxtpx:TrackPointExtension>
	</extensions>
</trkpt>
<trkpt lat="44.3087232" lon="14.8210176">
	<ele>4.88</ele>
	<time>2026-08-09T12:21:48.978Z</time>
	<hdop>4.48</hdop>
	<extensions>
		<gpxtpx:TrackPointExtension>
			<gpxtpx:course>10.407581</gpxtpx:course>
		</gpxtpx:TrackPointExtension>
	</extensions>
</trkpt>
<trkpt lat="44.3090567" lon="14.8211324">
	<ele>4.46</ele>
	<time>2026-08-09T12:21:59.977Z</time>
	<hdop>4.36</hdop>
	<extensions>
		<gpxtpx:TrackPointExtension>
			<gpxtpx:course>14.0</gpxtpx:course>
		</gpxtpx:TrackPointExtension>
	</extensions>
</trkpt>
<trkpt lat="44.3093449" lon="14.8212350">
	<ele>6.47</ele>
	<time>2026-08-09T12:22:09.978Z</time>
	<hdop>3.79</hdop>
	<extensions>
		<gpxtpx:TrackPointExtension>
			<gpxtpx:course>13.0</gpxtpx:course>
		</gpxtpx:TrackPointExtension>
	</extensions>
</trkpt>
<trkpt lat="44.3096859" lon="14.8213509">
	<ele>5.81</ele>
	<time>2026-08-09T12:22:20.978Z</time>
	<hdop>3.79</hdop>
	<extensions>
		<gpxtpx:TrackPointExtension>
			<gpxtpx:course>17.0</gpxtpx:course>
		</gpxtpx:TrackPointExtension>
	</extensions>
</trkpt>
<trkpt lat="44.3099925" lon="14.8214589">
	<ele>3.13</ele>
	<time>2026-08-09T12:22:30.978Z</time>
	<hdop>3.79</hdop>
	<extensions>
		<gpxtpx:TrackPointExtension>
			<gpxtpx:course>12.0</gpxtpx:course>
		</gpxtpx:TrackPointExtension>
	</extensions>
</trkpt>
<trkpt lat="44.3103360" lon="14.8215852">
	<ele>5.48</ele>
	<time>2026-08-09T12:22:41.978Z</time>
	<hdop>3.79</hdop>
	<extensions>
		<gpxtpx:TrackPointExtension>
			<gpxtpx:course>15.0</gpxtpx:course>
		</gpxtpx:TrackPointExtension>
	</extensions>
</trkpt>
<trkpt lat="44.3106420" lon="14.8216888">
	<ele>1.62</ele>
	<time>2026-08-09T12:22:51.978Z</time>
	<hdop>3.79</hdop>
	<extensions>
		<gpxtpx:TrackPointExtension>
			<gpxtpx:course>15.0</gpxtpx:course>
		</gpxtpx:TrackPointExtension>
	</extensions>
</trkpt>
<trkpt lat="44.3109461" lon="14.8218081">
	<ele>0.24</ele>
	<time>2026-08-09T12:23:01.978Z</time>
	<hdop>3.79</hdop>
	<extensions>
		<gpxtpx:TrackPointExtension>
			<gpxtpx:course>15.0</gpxtpx:course>
		</gpxtpx:TrackPointExtension>
	</extensions>
</trkpt>
<trkpt lat="44.3112726" lon="14.8219187">
	<ele>0.97</ele>
	<time>2026-08-09T12:23:12.978Z</time>
	<hdop>3.79</hdop>
	<extensions>
		<gpxtpx:TrackPointExtension>
			<gpxtpx:course>14.0</gpxtpx:course>
		</gpxtpx:TrackPointExtension>
	</extensions>
</trkpt>
<trkpt lat="44.3115837" lon="14.8220304">
	<ele>1.23</ele>
	<time>2026-08-09T12:23:22.978Z</time>
	<hdop>3.79</hdop>
	<extensions>
		<gpxtpx:TrackPointExtension>
			<gpxtpx:course>14.0</gpxtpx:course>
		</gpxtpx:TrackPointExtension>
	</extensions>
</trkpt>
<trkpt lat="44.3118914" lon="14.8221264">
	<ele>1.75</ele>
	<time>2026-08-09T12:23:32.978Z</time>
	<hdop>3.79</hdop>
	<extensions>
		<gpxtpx:TrackPointExtension>
			<gpxtpx:course>16.0</gpxtpx:course>
		</gpxtpx:TrackPointExtension>
	</extensions>
</trkpt>
<trkpt lat="44.3122150" lon="14.8222370">
	<ele>3.13</ele>
	<time>2026-08-09T12:23:43.978Z</time>
	<hdop>3.79</hdop>
	<extensions>
		<gpxtpx:TrackPointExtension>
			<gpxtpx:course>13.0</gpxtpx:course>
		</gpxtpx:TrackPointExtension>
	</extensions>
</trkpt>
<trkpt lat="44.3125630" lon="14.8223627">
	<ele>-1.44</ele>
	<time>2026-08-09T12:23:54.977Z</time>
	<hdop>3.79</hdop>
	<extensions>
		<gpxtpx:TrackPointExtension>
			<gpxtpx:course>14.0</gpxtpx:course>
		</gpxtpx:TrackPointExtension>
	</extensions>
</trkpt>
<trkpt lat="44.3128710" lon="14.8224771">
	<ele>0.91</ele>
	<time>2026-08-09T12:24:04.978Z</time>
	<hdop>3.79</hdop>
	<extensions>
		<gpxtpx:TrackPointExtension>
			<gpxtpx:course>14.0</gpxtpx:course>
		</gpxtpx:TrackPointExtension>
	</extensions>
</trkpt>
<trkpt lat="44.3132009" lon="14.8226112">
	<ele>-0.48</ele>
	<time>2026-08-09T12:24:15.978Z</time>
	<hdop>3.79</hdop>
	<extensions>
		<gpxtpx:TrackPointExtension>
			<gpxtpx:course>23.0</gpxtpx:course>
		</gpxtpx:TrackPointExtension>
	</extensions>
</trkpt>
<trkpt lat="44.3135106" lon="14.8227160">
	<ele>0.61</ele>
	<time>2026-08-09T12:24:25.978Z</time>
	<hdop>3.79</hdop>
	<extensions>
		<gpxtpx:TrackPointExtension>
			<gpxtpx:course>13.0</gpxtpx:course>
		</gpxtpx:TrackPointExtension>
	</extensions>
</trkpt>
<trkpt lat="44.3138399" lon="14.8228439">
	<ele>1.06</ele>
	<time>2026-08-09T12:24:36.977Z</time>
	<hdop>3.79</hdop>
	<extensions>
		<gpxtpx:TrackPointExtension>
			<gpxtpx:course>14.0</gpxtpx:course>
		</gpxtpx:TrackPointExtension>
	</extensions>
</trkpt>
<trkpt lat="44.3141369" lon="14.8229448">
	<ele>-0.21</ele>
	<time>2026-08-09T12:24:46.977Z</time>
	<hdop>3.79</hdop>
	<extensions>
		<gpxtpx:TrackPointExtension>
			<gpxtpx:course>14.0</gpxtpx:course>
		</gpxtpx:TrackPointExtension>
	</extensions>
</trkpt>
<trkpt lat="44.3144412" lon="14.8230480">
	<ele>-0.21</ele>
	<time>2026-08-09T12:24:56.977Z</time>
	<hdop>3.79</hdop>
	<extensions>
		<gpxtpx:TrackPointExtension>
			<gpxtpx:course>14.0</gpxtpx:course>
		</gpxtpx:TrackPointExtension>
	</extensions>
</trkpt>
<trkpt lat="44.3147576" lon="14.8231647">
	<ele>1.19</ele>
	<time>2026-08-09T12:25:06.977Z</time>
	<hdop>3.79</hdop>
	<extensions>
		<gpxtpx:TrackPointExtension>
			<gpxtpx:course>15.0</gpxtpx:course>
		</gpxtpx:TrackPointExtension>
	</extensions>
</trkpt>
<trkpt lat="44.3150742" lon="14.8232815">
	<ele>-2.02</ele>
	<time>2026-08-09T12:25:16.977Z</time>
	<hdop>3.79</hdop>
	<extensions>
		<gpxtpx:TrackPointExtension>
			<gpxtpx:course>17.0</gpxtpx:course>
		</gpxtpx:TrackPointExtension>
	</extensions>
</trkpt>
<trkpt lat="44.3154094" lon="14.8234144">
	<ele>-1.12</ele>
	<time>2026-08-09T12:25:27.976Z</time>
	<hdop>3.79</hdop>
	<extensions>
		<gpxtpx:TrackPointExtension>
			<gpxtpx:course>14.0</gpxtpx:course>
		</gpxtpx:TrackPointExtension>
	</extensions>
</trkpt>
<trkpt lat="44.3157093" lon="14.8235228">
	<ele>0.53</ele>
	<time>2026-08-09T12:25:37.977Z</time>
	<hdop>3.79</hdop>
	<extensions>
		<gpxtpx:TrackPointExtension>
			<gpxtpx:course>11.0</gpxtpx:course>
		</gpxtpx:TrackPointExtension>
	</extensions>
</trkpt>
<trkpt lat="44.3160096" lon="14.8236283">
	<ele>-0.00</ele>
	<time>2026-08-09T12:25:47.978Z</time>
	<hdop>3.79</hdop>
	<extensions>
		<gpxtpx:TrackPointExtension>
			<gpxtpx:course>15.0</gpxtpx:course>
		</gpxtpx:TrackPointExtension>
	</extensions>
</trkpt>
<trkpt lat="44.3163346" lon="14.8237666">
	<ele>2.02</ele>
	<time>2026-08-09T12:25:58.978Z</time>
	<hdop>3.79</hdop>
	<extensions>
		<gpxtpx:TrackPointExtension>
			<gpxtpx:course>14.0</gpxtpx:course>
		</gpxtpx:TrackPointExtension>
	</extensions>
</trkpt>
<trkpt lat="44.3166306" lon="14.8238747">
	<ele>0.27</ele>
	<time>2026-08-09T12:26:09.977Z</time>
	<hdop>3.79</hdop>
	<extensions>
		<gpxtpx:TrackPointExtension>
			<gpxtpx:course>15.0</gpxtpx:course>
		</gpxtpx:TrackPointExtension>
	</extensions>
</trkpt>
<trkpt lat="44.3169129" lon="14.8239918">
	<ele>0.63</ele>
	<time>2026-08-09T12:26:19.978Z</time>
	<hdop>3.79</hdop>
	<extensions>
		<gpxtpx:TrackPointExtension>
			<gpxtpx:course>17.0</gpxtpx:course>
		</gpxtpx:TrackPointExtension>
	</extensions>
</trkpt>
<trkpt lat="44.3172252" lon="14.8241063">
	<ele>0.64</ele>
	<time>2026-08-09T12:26:30.978Z</time>
	<hdop>3.79</hdop>
	<extensions>
		<gpxtpx:TrackPointExtension>
			<gpxtpx:course>11.0</gpxtpx:course>
		</gpxtpx:TrackPointExtension>
	</extensions>
</trkpt>
<trkpt lat="44.3175542" lon="14.8242280">
	<ele>0.78</ele>
	<time>2026-08-09T12:26:41.976Z</time>
	<hdop>3.79</hdop>
	<extensions>
		<gpxtpx:TrackPointExtension>
			<gpxtpx:course>13.0</gpxtpx:course>
		</gpxtpx:TrackPointExtension>
	</extensions>
</trkpt>
<trkpt lat="44.3178336" lon="14.8243419">
	<ele>-0.96</ele>
	<time>2026-08-09T12:26:51.976Z</time>
	<hdop>3.79</hdop>
	<extensions>
		<gpxtpx:TrackPointExtension>
			<gpxtpx:course>12.0</gpxtpx:course>
		</gpxtpx:TrackPointExtension>
	</extensions>
</trkpt>
<trkpt lat="44.3181349" lon="14.8244508">
	<ele>3.52</ele>
	<time>2026-08-09T12:27:01.977Z</time>
	<hdop>3.79</hdop>
	<extensions>
		<gpxtpx:TrackPointExtension>
			<gpxtpx:course>14.0</gpxtpx:course>
		</gpxtpx:TrackPointExtension>
	</extensions>
</trkpt>
<trkpt lat="44.3184281" lon="14.8245260">
	<ele>1.99</ele>
	<time>2026-08-09T12:27:11.978Z</time>
	<hdop>3.79</hdop>
	<extensions>
		<gpxtpx:TrackPointExtension>
			<gpxtpx:course>15.0</gpxtpx:course>
		</gpxtpx:TrackPointExtension>
	</extensions>
</trkpt>
<trkpt lat="44.3187312" lon="14.8246490">
	<ele>1.91</ele>
	<time>2026-08-09T12:27:21.978Z</time>
	<hdop>3.79</hdop>
	<extensions>
		<gpxtpx:TrackPointExtension>
			<gpxtpx:course>18.0</gpxtpx:course>
		</gpxtpx:TrackPointExtension>
	</extensions>
</trkpt>
<trkpt lat="44.3190178" lon="14.8247546">
	<ele>1.03</ele>
	<time>2026-08-09T12:27:31.978Z</time>
	<hdop>3.79</hdop>
	<extensions>
		<gpxtpx:TrackPointExtension>
			<gpxtpx:course>18.0</gpxtpx:course>
		</gpxtpx:TrackPointExtension>
	</extensions>
</trkpt>
<trkpt lat="44.3193023" lon="14.8248968">
	<ele>1.38</ele>
	<time>2026-08-09T12:27:41.978Z</time>
	<hdop>3.79</hdop>
	<extensions>
		<gpxtpx:TrackPointExtension>
			<gpxtpx:course>15.0</gpxtpx:course>
		</gpxtpx:TrackPointExtension>
	</extensions>
</trkpt>
<trkpt lat="44.3196257" lon="14.8249997">
	<ele>-0.25</ele>
	<time>2026-08-09T12:27:52.978Z</time>
	<hdop>3.79</hdop>
	<extensions>
		<gpxtpx:TrackPointExtension>
			<gpxtpx:course>15.0</gpxtpx:course>
		</gpxtpx:TrackPointExtension>
	</extensions>
</trkpt>
<trkpt lat="44.3199484" lon="14.8251239">
	<ele>2.03</ele>
	<time>2026-08-09T12:28:03.978Z</time>
	<hdop>3.79</hdop>
	<extensions>
		<gpxtpx:TrackPointExtension>
			<gpxtpx:course>14.0</gpxtpx:course>
		</gpxtpx:TrackPointExtension>
	</extensions>
</trkpt>
<trkpt lat="44.3202803" lon="14.8252490">
	<ele>-1.41</ele>
	<time>2026-08-09T12:28:14.976Z</time>
	<hdop>3.79</hdop>
	<extensions>
		<gpxtpx:TrackPointExtension>
			<gpxtpx:course>11.0</gpxtpx:course>
		</gpxtpx:TrackPointExtension>
	</extensions>
</trkpt>
<trkpt lat="44.3205694" lon="14.8253463">
	<ele>0.86</ele>
	<time>2026-08-09T12:28:24.976Z</time>
	<hdop>3.79</hdop>
	<extensions>
		<gpxtpx:TrackPointExtension>
			<gpxtpx:course>14.0</gpxtpx:course>
		</gpxtpx:TrackPointExtension>
	</extensions>
</trkpt>
<trkpt lat="44.3208771" lon="14.8254694">
	<ele>-2.19</ele>
	<time>2026-08-09T12:28:34.976Z</time>
	<hdop>3.79</hdop>
	<extensions>
		<gpxtpx:TrackPointExtension>
			<gpxtpx:course>17.0</gpxtpx:course>
		</gpxtpx:TrackPointExtension>
	</extensions>
</trkpt>
<trkpt lat="44.3211806" lon="14.8255809">
	<ele>-19.48</ele>
	<time>2026-08-09T12:28:44.977Z</time>
	<hdop>3.79</hdop>
	<extensions>
		<gpxtpx:TrackPointExtension>
			<gpxtpx:course>16.0</gpxtpx:course>
		</gpxtpx:TrackPointExtension>
	</extensions>
</trkpt>
<trkpt lat="44.3215096" lon="14.8257101">
	<ele>-30.60</ele>
	<time>2026-08-09T12:28:55.977Z</time>
	<hdop>3.79</hdop>
	<extensions>
		<gpxtpx:TrackPointExtension>
			<gpxtpx:course>17.0</gpxtpx:course>
		</gpxtpx:TrackPointExtension>
	</extensions>
</trkpt>
<trkpt lat="44.3218272" lon="14.8258327">
	<ele>-25.72</ele>
	<time>2026-08-09T12:29:06.978Z</time>
	<hdop>3.79</hdop>
	<extensions>
		<gpxtpx:TrackPointExtension>
			<gpxtpx:course>15.0</gpxtpx:course>
		</gpxtpx:TrackPointExtension>
	</extensions>
</trkpt>
<trkpt lat="44.3221442" lon="14.8259629">
	<ele>-30.55</ele>
	<time>2026-08-09T12:29:17.976Z</time>
	<hdop>3.79</hdop>
	<extensions>
		<gpxtpx:TrackPointExtension>
			<gpxtpx:course>16.0</gpxtpx:course>
		</gpxtpx:TrackPointExtension>
	</extensions>
</trkpt>
<trkpt lat="44.3224325" lon="14.8260751">
	<ele>-24.58</ele>
	<time>2026-08-09T12:29:27.976Z</time>
	<hdop>3.79</hdop>
	<extensions>
		<gpxtpx:TrackPointExtension>
			<gpxtpx:course>15.0</gpxtpx:course>
		</gpxtpx:TrackPointExtension>
	</extensions>
</trkpt>
<trkpt lat="44.3227175" lon="14.8261960">
	<ele>-24.58</ele>
	<time>2026-08-09T12:29:37.978Z</time>
	<hdop>3.79</hdop>
	<extensions>
		<gpxtpx:TrackPointExtension>
			<gpxtpx:course>13.0</gpxtpx:course>
		</gpxtpx:TrackPointExtension>
	</extensions>
</trkpt>
<trkpt lat="44.3230454" lon="14.8263251">
	<ele>-27.44</ele>
	<time>2026-08-09T12:29:48.976Z</time>
	<hdop>3.79</hdop>
	<extensions>
		<gpxtpx:TrackPointExtension>
			<gpxtpx:course>15.0</gpxtpx:course>
		</gpxtpx:TrackPointExtension>
	</extensions>
</trkpt>
<trkpt lat="44.3233441" lon="14.8264324">
	<ele>-21.09</ele>
	<time>2026-08-09T12:29:58.977Z</time>
	<hdop>3.79</hdop>
	<extensions>
		<gpxtpx:TrackPointExtension>
			<gpxtpx:course>12.0</gpxtpx:course>
		</gpxtpx:TrackPointExtension>
	</extensions>
</trkpt>
<trkpt lat="44.3236308" lon="14.8265379">
	<ele>-15.88</ele>
	<time>2026-08-09T12:30:08.977Z</time>
	<hdop>3.79</hdop>
	<extensions>
		<gpxtpx:TrackPointExtension>
			<gpxtpx:course>12.0</gpxtpx:course>
		</gpxtpx:TrackPointExtension>
	</extensions>
</trkpt>
<trkpt lat="44.3239260" lon="14.8266286">
	<ele>-17.96</ele>
	<time>2026-08-09T12:30:18.977Z</time>
	<hdop>3.79</hdop>
	<extensions>
		<gpxtpx:TrackPointExtension>
			<gpxtpx:course>14.0</gpxtpx:course>
		</gpxtpx:TrackPointExtension>
	</extensions>
</trkpt>
<trkpt lat="44.3242282" lon="14.8267220">
	<ele>-10.94</ele>
	<time>2026-08-09T12:30:28.977Z</time>
	<hdop>3.79</hdop>
	<extensions>
		<gpxtpx:TrackPointExtension>
			<gpxtpx:course>11.0</gpxtpx:course>
		</gpxtpx:TrackPointExtension>
	</extensions>
</trkpt>
<trkpt lat="44.3245558" lon="14.8268311">
	<ele>-1.84</ele>
	<time>2026-08-09T12:30:39.976Z</time>
	<hdop>3.79</hdop>
	<extensions>
		<gpxtpx:TrackPointExtension>
			<gpxtpx:course>11.0</gpxtpx:course>
		</gpxtpx:TrackPointExtension>
	</extensions>
</trkpt>
<trkpt lat="44.3248459" lon="14.8269061">
	<ele>4.76</ele>
	<time>2026-08-09T12:30:49.976Z</time>
	<hdop>3.79</hdop>
	<extensions>
		<gpxtpx:TrackPointExtension>
			<gpxtpx:course>12.0</gpxtpx:course>
		</gpxtpx:TrackPointExtension>
	</extensions>
</trkpt>
<trkpt lat="44.3251443" lon="14.8269985">
	<ele>8.23</ele>
	<time>2026-08-09T12:30:59.976Z</time>
	<hdop>3.79</hdop>
	<extensions>
		<gpxtpx:TrackPointExtension>
			<gpxtpx:course>7.0</gpxtpx:course>
		</gpxtpx:TrackPointExtension>
	</extensions>
</trkpt>
<trkpt lat="44.3254417" lon="14.8270799">
	<ele>6.30</ele>
	<time>2026-08-09T12:31:09.977Z</time>
	<hdop>3.79</hdop>
	<extensions>
		<gpxtpx:TrackPointExtension>
			<gpxtpx:course>8.0</gpxtpx:course>
		</gpxtpx:TrackPointExtension>
	</extensions>
</trkpt>
<trkpt lat="44.3257415" lon="14.8271595">
	<ele>9.11</ele>
	<time>2026-08-09T12:31:19.977Z</time>
	<hdop>3.79</hdop>
	<extensions>
		<gpxtpx:TrackPointExtension>
			<gpxtpx:course>10.0</gpxtpx:course>
		</gpxtpx:TrackPointExtension>
	</extensions>
</trkpt>
<trkpt lat="44.3260432" lon="14.8272357">
	<ele>8.21</ele>
	<time>2026-08-09T12:31:29.977Z</time>
	<hdop>3.79</hdop>
	<extensions>
		<gpxtpx:TrackPointExtension>
			<gpxtpx:course>10.0</gpxtpx:course>
		</gpxtpx:TrackPointExtension>
	</extensions>
</trkpt>
<trkpt lat="44.3263766" lon="14.8273317">
	<ele>3.52</ele>
	<time>2026-08-09T12:31:40.975Z</time>
	<hdop>3.79</hdop>
	<extensions>
		<gpxtpx:TrackPointExtension>
			<gpxtpx:course>13.0</gpxtpx:course>
		</gpxtpx:TrackPointExtension>
	</extensions>
</trkpt>
<trkpt lat="44.3266767" lon="14.8274148">
	<ele>-12.85</ele>
	<time>2026-08-09T12:31:50.976Z</time>
	<hdop>3.79</hdop>
	<extensions>
		<gpxtpx:TrackPointExtension>
			<gpxtpx:course>10.0</gpxtpx:course>
		</gpxtpx:TrackPointExtension>
	</extensions>
</trkpt>
<trkpt lat="44.3269742" lon="14.8274924">
	<ele>-22.08</ele>
	<time>2026-08-09T12:32:00.977Z</time>
	<hdop>3.79</hdop>
	<extensions>
		<gpxtpx:TrackPointExtension>
			<gpxtpx:course>8.0</gpxtpx:course>
		</gpxtpx:TrackPointExtension>
	</extensions>
</trkpt>
<trkpt lat="44.3273103" lon="14.8275827">
	<ele>-21.56</ele>
	<time>2026-08-09T12:32:11.976Z</time>
	<hdop>3.79</hdop>
	<extensions>
		<gpxtpx:TrackPointExtension>
			<gpxtpx:course>11.0</gpxtpx:course>
		</gpxtpx:TrackPointExtension>
	</extensions>
</trkpt>
<trkpt lat="44.3276106" lon="14.8276592">
	<ele>-9.96</ele>
	<time>2026-08-09T12:32:21.976Z</time>
	<hdop>3.79</hdop>
	<extensions>
		<gpxtpx:TrackPointExtension>
			<gpxtpx:course>11.0</gpxtpx:course>
		</gpxtpx:TrackPointExtension>
	</extensions>
</trkpt>
<trkpt lat="44.3279156" lon="14.8277405">
	<ele>-2.73</ele>
	<time>2026-08-09T12:32:31.977Z</time>
	<hdop>3.79</hdop>
	<extensions>
		<gpxtpx:TrackPointExtension>
			<gpxtpx:course>9.0</gpxtpx:course>
		</gpxtpx:TrackPointExtension>
	</extensions>
</trkpt>
<trkpt lat="44.3282495" lon="14.8278242">
	<ele>4.80</ele>
	<time>2026-08-09T12:32:42.976Z</time>
	<hdop>3.79</hdop>
	<extensions>
		<gpxtpx:TrackPointExtension>
			<gpxtpx:course>12.0</gpxtpx:course>
		</gpxtpx:TrackPointExtension>
	</extensions>
</trkpt>
<trkpt lat="44.3285517" lon="14.8279176">
	<ele>-4.72</ele>
	<time>2026-08-09T12:32:52.976Z</time>
	<hdop>3.79</hdop>
	<extensions>
		<gpxtpx:TrackPointExtension>
			<gpxtpx:course>11.0</gpxtpx:course>
		</gpxtpx:TrackPointExtension>
	</extensions>
</trkpt>
<trkpt lat="44.3288619" lon="14.8279938">
	<ele>-20.15</ele>
	<time>2026-08-09T12:33:02.976Z</time>
	<hdop>3.79</hdop>
	<extensions>
		<gpxtpx:TrackPointExtension>
			<gpxtpx:course>13.0</gpxtpx:course>
		</gpxtpx:TrackPointExtension>
	</extensions>
</trkpt>
<trkpt lat="44.3291677" lon="14.8280611">
	<ele>-21.02</ele>
	<time>2026-08-09T12:33:12.976Z</time>
	<hdop>3.79</hdop>
	<extensions>
		<gpxtpx:TrackPointExtension>
			<gpxtpx:course>6.0</gpxtpx:course>
		</gpxtpx:TrackPointExtension>
	</extensions>
</trkpt>
<trkpt lat="44.3294851" lon="14.8281155">
	<ele>-22.42</ele>
	<time>2026-08-09T12:33:22.976Z</time>
	<hdop>3.93</hdop>
	<extensions>
		<gpxtpx:TrackPointExtension>
			<gpxtpx:course>7.0</gpxtpx:course>
		</gpxtpx:TrackPointExtension>
	</extensions>
</trkpt>
<trkpt lat="44.3298257" lon="14.8281693">
	<ele>-15.37</ele>
	<time>2026-08-09T12:33:33.976Z</time>
	<hdop>3.79</hdop>
	<extensions>
		<gpxtpx:TrackPointExtension>
			<gpxtpx:course>4.0</gpxtpx:course>
		</gpxtpx:TrackPointExtension>
	</extensions>
</trkpt>
<trkpt lat="44.3301444" lon="14.8282181">
	<ele>-8.24</ele>
	<time>2026-08-09T12:33:43.976Z</time>
	<hdop>3.48</hdop>
	<extensions>
		<gpxtpx:TrackPointExtension>
			<gpxtpx:course>5.411829</gpxtpx:course>
		</gpxtpx:TrackPointExtension>
	</extensions>
</trkpt>
<trkpt lat="44.3304603" lon="14.8282745">
	<ele>-5.04</ele>
	<time>2026-08-09T12:33:53.977Z</time>
	<hdop>3.22</hdop>
	<extensions>
		<gpxtpx:TrackPointExtension>
			<gpxtpx:course>7.9658694</gpxtpx:course>
		</gpxtpx:TrackPointExtension>
	</extensions>
</trkpt>
<trkpt lat="44.3307978" lon="14.8283505">
	<ele>0.18</ele>
	<time>2026-08-09T12:34:04.976Z</time>
	<hdop>5.10</hdop>
	<extensions>
		<gpxtpx:TrackPointExtension>
			<gpxtpx:course>27.92707</gpxtpx:course>
		</gpxtpx:TrackPointExtension>
	</extensions>
</trkpt>
<trkpt lat="44.3311033" lon="14.8283472">
	<ele>4.37</ele>
	<time>2026-08-09T12:34:14.977Z</time>
	<hdop>3.72</hdop>
	<extensions>
		<gpxtpx:TrackPointExtension>
			<gpxtpx:course>350.377</gpxtpx:course>
		</gpxtpx:TrackPointExtension>
	</extensions>
</trkpt>
<trkpt lat="44.3314100" lon="14.8284146">
	<ele>4.28</ele>
	<time>2026-08-09T12:34:24.977Z</time>
	<hdop>3.12</hdop>
	<extensions>
		<gpxtpx:TrackPointExtension>
			<gpxtpx:course>6.6132584</gpxtpx:course>
		</gpxtpx:TrackPointExtension>
	</extensions>
</trkpt>
<trkpt lat="44.3317563" lon="14.8284577">
	<ele>-2.45</ele>
	<time>2026-08-09T12:34:35.976Z</time>
	<hdop>4.57</hdop>
	<extensions>
		<gpxtpx:TrackPointExtension>
			<gpxtpx:course>6.816533</gpxtpx:course>
		</gpxtpx:TrackPointExtension>
	</extensions>
</trkpt>
<trkpt lat="44.3320633" lon="14.8284982">
	<ele>1.97</ele>
	<time>2026-08-09T12:34:45.976Z</time>
	<hdop>4.70</hdop>
	<extensions>
		<gpxtpx:TrackPointExtension>
			<gpxtpx:course>3.674045</gpxtpx:course>
		</gpxtpx:TrackPointExtension>
	</extensions>
</trkpt>
<trkpt lat="44.3323742" lon="14.8285357">
	<ele>1.02</ele>
	<time>2026-08-09T12:34:55.977Z</time>
	<hdop>4.87</hdop>
	<extensions>
		<gpxtpx:TrackPointExtension>
			<gpxtpx:course>6.0109715</gpxtpx:course>
		</gpxtpx:TrackPointExtension>
	</extensions>
</trkpt>
<trkpt lat="44.3327133" lon="14.8285796">
	<ele>4.07</ele>
	<time>2026-08-09T12:35:06.976Z</time>
	<hdop>5.03</hdop>
	<extensions>
		<gpxtpx:TrackPointExtension>
			<gpxtpx:course>7.8968353</gpxtpx:course>
		</gpxtpx:TrackPointExtension>
	</extensions>
</trkpt>
<trkpt lat="44.3330286" lon="14.8286231">
	<ele>5.01</ele>
	<time>2026-08-09T12:35:16.977Z</time>
	<hdop>4.78</hdop>
	<extensions>
		<gpxtpx:TrackPointExtension>
			<gpxtpx:course>4.0153832</gpxtpx:course>
		</gpxtpx:TrackPointExtension>
	</extensions>
</trkpt>
<trkpt lat="44.3333401" lon="14.8286578">
	<ele>3.93</ele>
	<time>2026-08-09T12:35:26.977Z</time>
	<hdop>4.87</hdop>
	<extensions>
		<gpxtpx:TrackPointExtension>
			<gpxtpx:course>4.866263</gpxtpx:course>
		</gpxtpx:TrackPointExtension>
	</extensions>
</trkpt>
<trkpt lat="44.3336221" lon="14.8287104">
	<ele>-1.05</ele>
	<time>2026-08-09T12:35:36.977Z</time>
	<hdop>4.36</hdop>
	<extensions>
		<gpxtpx:TrackPointExtension>
			<gpxtpx:course>12.213563</gpxtpx:course>
		</gpxtpx:TrackPointExtension>
	</extensions>
</trkpt>
<trkpt lat="44.3339796" lon="14.8287382">
	<ele>-1.64</ele>
	<time>2026-08-09T12:35:47.977Z</time>
	<hdop>3.13</hdop>
	<extensions>
		<gpxtpx:TrackPointExtension>
			<gpxtpx:course>4.639755</gpxtpx:course>
		</gpxtpx:TrackPointExtension>
	</extensions>
</trkpt>
<trkpt lat="44.3343312" lon="14.8287914">
	<ele>-12.69</ele>
	<time>2026-08-09T12:35:58.977Z</time>
	<hdop>4.34</hdop>
	<extensions>
		<gpxtpx:TrackPointExtension>
			<gpxtpx:course>6.787855</gpxtpx:course>
		</gpxtpx:TrackPointExtension>
	</extensions>
</trkpt>
<trkpt lat="44.3346691" lon="14.8288205">
	<ele>-8.93</ele>
	<time>2026-08-09T12:36:09.978Z</time>
	<hdop>5.68</hdop>
	<extensions>
		<gpxtpx:TrackPointExtension>
			<gpxtpx:course>2.128434</gpxtpx:course>
		</gpxtpx:TrackPointExtension>
	</extensions>
</trkpt>
<trkpt lat="44.3349915" lon="14.8288670">
	<ele>-6.97</ele>
	<time>2026-08-09T12:36:20.957Z</time>
	<hdop>5.53</hdop>
	<extensions>
		<gpxtpx:TrackPointExtension>
			<gpxtpx:course>352.00925</gpxtpx:course>
		</gpxtpx:TrackPointExtension>
	</extensions>
</trkpt>
<trkpt lat="44.3353002" lon="14.8289235">
	<ele>-11.68</ele>
	<time>2026-08-09T12:36:30.976Z</time>
	<hdop>3.59</hdop>
	<extensions>
		<gpxtpx:TrackPointExtension>
			<gpxtpx:course>4.2838216</gpxtpx:course>
		</gpxtpx:TrackPointExtension>
	</extensions>
</trkpt>
<trkpt lat="44.3356084" lon="14.8289643">
	<ele>-17.61</ele>
	<time>2026-08-09T12:36:40.976Z</time>
	<hdop>3.05</hdop>
	<extensions>
		<gpxtpx:TrackPointExtension>
			<gpxtpx:course>7.8688107</gpxtpx:course>
		</gpxtpx:TrackPointExtension>
	</extensions>
</trkpt>
<trkpt lat="44.3359100" lon="14.8290146">
	<ele>-47.64</ele>
	<time>2026-08-09T12:36:50.976Z</time>
	<hdop>3.17</hdop>
	<extensions>
		<gpxtpx:TrackPointExtension>
			<gpxtpx:course>8.022708</gpxtpx:course>
		</gpxtpx:TrackPointExtension>
	</extensions>
</trkpt>
<trkpt lat="44.3362320" lon="14.8290535">
	<ele>-59.05</ele>
	<time>2026-08-09T12:37:00.977Z</time>
	<hdop>4.76</hdop>
	<extensions>
		<gpxtpx:TrackPointExtension>
			<gpxtpx:course>3.393861</gpxtpx:course>
		</gpxtpx:TrackPointExtension>
	</extensions>
</trkpt>
<trkpt lat="44.3365580" lon="14.8290827">
	<ele>-43.47</ele>
	<time>2026-08-09T12:37:11.976Z</time>
	<hdop>5.11</hdop>
	<extensions>
		<gpxtpx:TrackPointExtension>
			<gpxtpx:course>355.01648</gpxtpx:course>
		</gpxtpx:TrackPointExtension>
	</extensions>
</trkpt>
<trkpt lat="44.3368538" lon="14.8291760">
	<ele>-27.80</ele>
	<time>2026-08-09T12:37:21.976Z</time>
	<hdop>3.24</hdop>
	<extensions>
		<gpxtpx:TrackPointExtension>
			<gpxtpx:course>10.702107</gpxtpx:course>
		</gpxtpx:TrackPointExtension>
	</extensions>
</trkpt>
<trkpt lat="44.3371713" lon="14.8291807">
	<ele>-17.69</ele>
	<time>2026-08-09T12:37:31.977Z</time>
	<hdop>3.20</hdop>
	<extensions>
		<gpxtpx:TrackPointExtension>
			<gpxtpx:course>355.3987</gpxtpx:course>
		</gpxtpx:TrackPointExtension>
	</extensions>
</trkpt>
<trkpt lat="44.3374828" lon="14.8292340">
	<ele>-11.25</ele>
	<time>2026-08-09T12:37:41.977Z</time>
	<hdop>4.69</hdop>
	<extensions>
		<gpxtpx:TrackPointExtension>
			<gpxtpx:course>7.3836493</gpxtpx:course>
		</gpxtpx:TrackPointExtension>
	</extensions>
</trkpt>
<trkpt lat="44.3378196" lon="14.8292641">
	<ele>-16.94</ele>
	<time>2026-08-09T12:37:52.979Z</time>
	<hdop>3.44</hdop>
	<extensions>
		<gpxtpx:TrackPointExtension>
			<gpxtpx:course>358.39865</gpxtpx:course>
		</gpxtpx:TrackPointExtension>
	</extensions>
</trkpt>
<trkpt lat="44.3381488" lon="14.8293257">
	<ele>-16.73</ele>
	<time>2026-08-09T12:38:03.975Z</time>
	<hdop>3.04</hdop>
	<extensions>
		<gpxtpx:TrackPointExtension>
			<gpxtpx:course>2.2408705</gpxtpx:course>
		</gpxtpx:TrackPointExtension>
	</extensions>
</trkpt>
<trkpt lat="44.3384531" lon="14.8293524">
	<ele>-18.90</ele>
	<time>2026-08-09T12:38:13.977Z</time>
	<hdop>4.44</hdop>
	<extensions>
		<gpxtpx:TrackPointExtension>
			<gpxtpx:course>352.68723</gpxtpx:course>
		</gpxtpx:TrackPointExtension>
	</extensions>
</trkpt>
<trkpt lat="44.3387626" lon="14.8293700">
	<ele>-20.38</ele>
	<time>2026-08-09T12:38:23.980Z</time>
	<hdop>3.52</hdop>
	<extensions>
		<gpxtpx:TrackPointExtension>
			<gpxtpx:course>351.74002</gpxtpx:course>
		</gpxtpx:TrackPointExtension>
	</extensions>
</trkpt>
<trkpt lat="44.3391010" lon="14.8293997">
	<ele>-25.32</ele>
	<time>2026-08-09T12:38:34.974Z</time>
	<hdop>4.60</hdop>
	<extensions>
		<gpxtpx:TrackPointExtension>
			<gpxtpx:course>9.084124</gpxtpx:course>
		</gpxtpx:TrackPointExtension>
	</extensions>
</trkpt>
<trkpt lat="44.3394025" lon="14.8293780">
	<ele>-29.12</ele>
	<time>2026-08-09T12:38:44.976Z</time>
	<hdop>4.83</hdop>
	<extensions>
		<gpxtpx:TrackPointExtension>
			<gpxtpx:course>357.64685</gpxtpx:course>
		</gpxtpx:TrackPointExtension>
	</extensions>
</trkpt>
<trkpt lat="44.3397052" lon="14.8293857">
	<ele>-24.49</ele>
	<time>2026-08-09T12:38:54.976Z</time>
	<hdop>4.83</hdop>
	<extensions>
		<gpxtpx:TrackPointExtension>
			<gpxtpx:course>3.7564921</gpxtpx:course>
		</gpxtpx:TrackPointExtension>
	</extensions>
</trkpt>
<trkpt lat="44.3400082" lon="14.8293820">
	<ele>-20.45</ele>
	<time>2026-08-09T12:39:04.976Z</time>
	<hdop>4.89</hdop>
	<extensions>
		<gpxtpx:TrackPointExtension>
			<gpxtpx:course>2.2040198</gpxtpx:course>
		</gpxtpx:TrackPointExtension>
	</extensions>
</trkpt>
<trkpt lat="44.3403450" lon="14.8293786">
	<ele>-23.58</ele>
	<time>2026-08-09T12:39:15.977Z</time>
	<hdop>4.82</hdop>
	<extensions>
		<gpxtpx:TrackPointExtension>
			<gpxtpx:course>359.92618</gpxtpx:course>
		</gpxtpx:TrackPointExtension>
	</extensions>
</trkpt>
<trkpt lat="44.3406765" lon="14.8293788">
	<ele>-36.15</ele>
	<time>2026-08-09T12:39:26.975Z</time>
	<hdop>4.78</hdop>
	<extensions>
		<gpxtpx:TrackPointExtension>
			<gpxtpx:course>359.6711</gpxtpx:course>
		</gpxtpx:TrackPointExtension>
	</extensions>
</trkpt>
<trkpt lat="44.3409481" lon="14.8293821">
	<ele>-26.28</ele>
	<time>2026-08-09T12:39:36.976Z</time>
	<hdop>4.48</hdop>
	<extensions>
		<gpxtpx:TrackPointExtension>
			<gpxtpx:course>0.0</gpxtpx:course>
		</gpxtpx:TrackPointExtension>
	</extensions>
</trkpt>
<trkpt lat="44.3412555" lon="14.8293844">
	<ele>-21.93</ele>
	<time>2026-08-09T12:39:46.976Z</time>
	<hdop>3.79</hdop>
	<extensions>
		<gpxtpx:TrackPointExtension>
			<gpxtpx:course>355.0</gpxtpx:course>
		</gpxtpx:TrackPointExtension>
	</extensions>
</trkpt>
<trkpt lat="44.3415760" lon="14.8293808">
	<ele>-48.37</ele>
	<time>2026-08-09T12:39:57.975Z</time>
	<hdop>3.79</hdop>
	<extensions>
		<gpxtpx:TrackPointExtension>
			<gpxtpx:course>2.0</gpxtpx:course>
		</gpxtpx:TrackPointExtension>
	</extensions>
</trkpt>
<trkpt lat="44.3418816" lon="14.8293826">
	<ele>-53.95</ele>
	<time>2026-08-09T12:40:07.976Z</time>
	<hdop>3.79</hdop>
	<extensions>
		<gpxtpx:TrackPointExtension>
			<gpxtpx:course>358.0</gpxtpx:course>
		</gpxtpx:TrackPointExtension>
	</extensions>
</trkpt>
<trkpt lat="44.3421828" lon="14.8293830">
	<ele>-42.32</ele>
	<time>2026-08-09T12:40:17.976Z</time>
	<hdop>3.79</hdop>
	<extensions>
		<gpxtpx:TrackPointExtension>
			<gpxtpx:course>359.0</gpxtpx:course>
		</gpxtpx:TrackPointExtension>
	</extensions>
</trkpt>
<trkpt lat="44.3425157" lon="14.8293761">
	<ele>-36.07</ele>
	<time>2026-08-09T12:40:28.975Z</time>
	<hdop>3.79</hdop>
	<extensions>
		<gpxtpx:TrackPointExtension>
			<gpxtpx:course>358.0</gpxtpx:course>
		</gpxtpx:TrackPointExtension>
	</extensions>
</trkpt>
<trkpt lat="44.3428241" lon="14.8293824">
	<ele>-32.79</ele>
	<time>2026-08-09T12:40:38.977Z</time>
	<hdop>3.79</hdop>
	<extensions>
		<gpxtpx:TrackPointExtension>
			<gpxtpx:course>1.0</gpxtpx:course>
		</gpxtpx:TrackPointExtension>
	</extensions>
</trkpt>
<trkpt lat="44.3431486" lon="14.8293891">
	<ele>-35.62</ele>
	<time>2026-08-09T12:40:49.975Z</time>
	<hdop>3.79</hdop>
	<extensions>
		<gpxtpx:TrackPointExtension>
			<gpxtpx:course>1.0</gpxtpx:course>
		</gpxtpx:TrackPointExtension>
	</extensions>
</trkpt>
<trkpt lat="44.3434408" lon="14.8293924">
	<ele>-30.24</ele>
	<time>2026-08-09T12:40:59.975Z</time>
	<hdop>3.79</hdop>
	<extensions>
		<gpxtpx:TrackPointExtension>
			<gpxtpx:course>359.0</gpxtpx:course>
		</gpxtpx:TrackPointExtension>
	</extensions>
</trkpt>
<trkpt lat="44.3437403" lon="14.8293899">
	<ele>-20.56</ele>
	<time>2026-08-09T12:41:09.976Z</time>
	<hdop>3.79</hdop>
	<extensions>
		<gpxtpx:TrackPointExtension>
			<gpxtpx:course>357.0</gpxtpx:course>
		</gpxtpx:TrackPointExtension>
	</extensions>
</trkpt>
<trkpt lat="44.3440366" lon="14.8293838">
	<ele>-15.72</ele>
	<time>2026-08-09T12:41:19.977Z</time>
	<hdop>3.79</hdop>
	<extensions>
		<gpxtpx:TrackPointExtension>
			<gpxtpx:course>1.0</gpxtpx:course>
		</gpxtpx:TrackPointExtension>
	</extensions>
</trkpt>
<trkpt lat="44.3443555" lon="14.8293910">
	<ele>-8.20</ele>
	<time>2026-08-09T12:41:30.976Z</time>
	<hdop>3.79</hdop>
	<extensions>
		<gpxtpx:TrackPointExtension>
			<gpxtpx:course>1.0</gpxtpx:course>
		</gpxtpx:TrackPointExtension>
	</extensions>
</trkpt>
<trkpt lat="44.3446817" lon="14.8294020">
	<ele>-6.58</ele>
	<time>2026-08-09T12:41:41.975Z</time>
	<hdop>3.79</hdop>
	<extensions>
		<gpxtpx:TrackPointExtension>
			<gpxtpx:course>1.0</gpxtpx:course>
		</gpxtpx:TrackPointExtension>
	</extensions>
</trkpt>
<trkpt lat="44.3449821" lon="14.8294109">
	<ele>-6.27</ele>
	<time>2026-08-09T12:41:51.975Z</time>
	<hdop>4.06</hdop>
	<extensions>
		<gpxtpx:TrackPointExtension>
			<gpxtpx:course>0.0</gpxtpx:course>
		</gpxtpx:TrackPointExtension>
	</extensions>
</trkpt>
<trkpt lat="44.3452767" lon="14.8294166">
	<ele>-6.87</ele>
	<time>2026-08-09T12:42:01.975Z</time>
	<hdop>3.79</hdop>
	<extensions>
		<gpxtpx:TrackPointExtension>
			<gpxtpx:course>355.0</gpxtpx:course>
		</gpxtpx:TrackPointExtension>
	</extensions>
</trkpt>
<trkpt lat="44.3455806" lon="14.8293989">
	<ele>-6.93</ele>
	<time>2026-08-09T12:42:11.976Z</time>
	<hdop>3.79</hdop>
	<extensions>
		<gpxtpx:TrackPointExtension>
			<gpxtpx:course>354.0</gpxtpx:course>
		</gpxtpx:TrackPointExtension>
	</extensions>
</trkpt>
<trkpt lat="44.3458769" lon="14.8293694">
	<ele>-6.81</ele>
	<time>2026-08-09T12:42:21.976Z</time>
	<hdop>3.79</hdop>
	<extensions>
		<gpxtpx:TrackPointExtension>
			<gpxtpx:course>355.0</gpxtpx:course>
		</gpxtpx:TrackPointExtension>
	</extensions>
</trkpt>
<trkpt lat="44.3462119" lon="14.8293582">
	<ele>-7.69</ele>
	<time>2026-08-09T12:42:32.975Z</time>
	<hdop>3.79</hdop>
	<extensions>
		<gpxtpx:TrackPointExtension>
			<gpxtpx:course>357.0</gpxtpx:course>
		</gpxtpx:TrackPointExtension>
	</extensions>
</trkpt>
<trkpt lat="44.3465114" lon="14.8293357">
	<ele>-9.17</ele>
	<time>2026-08-09T12:42:42.976Z</time>
	<hdop>3.79</hdop>
	<extensions>
		<gpxtpx:TrackPointExtension>
			<gpxtpx:course>359.0</gpxtpx:course>
		</gpxtpx:TrackPointExtension>
	</extensions>
</trkpt>
<trkpt lat="44.3468095" lon="14.8293226">
	<ele>-5.83</ele>
	<time>2026-08-09T12:42:52.976Z</time>
	<hdop>3.79</hdop>
	<extensions>
		<gpxtpx:TrackPointExtension>
			<gpxtpx:course>357.0</gpxtpx:course>
		</gpxtpx:TrackPointExtension>
	</extensions>
</trkpt>
<trkpt lat="44.3471078" lon="14.8293057">
	<ele>-2.99</ele>
	<time>2026-08-09T12:43:02.976Z</time>
	<hdop>3.79</hdop>
	<extensions>
		<gpxtpx:TrackPointExtension>
			<gpxtpx:course>359.0</gpxtpx:course>
		</gpxtpx:TrackPointExtension>
	</extensions>
</trkpt>
<trkpt lat="44.3474450" lon="14.8292811">
	<ele>-4.13</ele>
	<time>2026-08-09T12:43:13.976Z</time>
	<hdop>3.79</hdop>
	<extensions>
		<gpxtpx:TrackPointExtension>
			<gpxtpx:course>353.0</gpxtpx:course>
		</gpxtpx:TrackPointExtension>
	</extensions>
</trkpt>
<trkpt lat="44.3477408" lon="14.8292271">
	<ele>-1.91</ele>
	<time>2026-08-09T12:43:23.976Z</time>
	<hdop>3.79</hdop>
	<extensions>
		<gpxtpx:TrackPointExtension>
			<gpxtpx:course>350.0</gpxtpx:course>
		</gpxtpx:TrackPointExtension>
	</extensions>
</trkpt>
<trkpt lat="44.3480650" lon="14.8291459">
	<ele>-17.28</ele>
	<time>2026-08-09T12:43:34.975Z</time>
	<hdop>3.79</hdop>
	<extensions>
		<gpxtpx:TrackPointExtension>
			<gpxtpx:course>349.0</gpxtpx:course>
		</gpxtpx:TrackPointExtension>
	</extensions>
</trkpt>
<trkpt lat="44.3483527" lon="14.8290694">
	<ele>-34.30</ele>
	<time>2026-08-09T12:43:44.976Z</time>
	<hdop>4.06</hdop>
	<extensions>
		<gpxtpx:TrackPointExtension>
			<gpxtpx:course>346.0</gpxtpx:course>
		</gpxtpx:TrackPointExtension>
	</extensions>
</trkpt>
<trkpt lat="44.3486483" lon="14.8289641">
	<ele>-30.02</ele>
	<time>2026-08-09T12:43:55.974Z</time>
	<hdop>3.79</hdop>
	<extensions>
		<gpxtpx:TrackPointExtension>
			<gpxtpx:course>350.0</gpxtpx:course>
		</gpxtpx:TrackPointExtension>
	</extensions>
</trkpt>
<trkpt lat="44.3489364" lon="14.8289192">
	<ele>-36.20</ele>
	<time>2026-08-09T12:44:05.974Z</time>
	<hdop>3.79</hdop>
	<extensions>
		<gpxtpx:TrackPointExtension>
			<gpxtpx:course>353.0</gpxtpx:course>
		</gpxtpx:TrackPointExtension>
	</extensions>
</trkpt>
<trkpt lat="44.3492368" lon="14.8288876">
	<ele>-37.85</ele>
	<time>2026-08-09T12:44:15.976Z</time>
	<hdop>3.79</hdop>
	<extensions>
		<gpxtpx:TrackPointExtension>
			<gpxtpx:course>357.0</gpxtpx:course>
		</gpxtpx:TrackPointExtension>
	</extensions>
</trkpt>
<trkpt lat="44.3495662" lon="14.8288803">
	<ele>-28.95</ele>
	<time>2026-08-09T12:44:26.974Z</time>
	<hdop>3.79</hdop>
	<extensions>
		<gpxtpx:TrackPointExtension>
			<gpxtpx:course>358.0</gpxtpx:course>
		</gpxtpx:TrackPointExtension>
	</extensions>
</trkpt>
<trkpt lat="44.3498552" lon="14.8288598">
	<ele>-42.01</ele>
	<time>2026-08-09T12:44:36.974Z</time>
	<hdop>3.79</hdop>
	<extensions>
		<gpxtpx:TrackPointExtension>
			<gpxtpx:course>359.0</gpxtpx:course>
		</gpxtpx:TrackPointExtension>
	</extensions>
</trkpt>
<trkpt lat="44.3501439" lon="14.8288628">
	<ele>-42.75</ele>
	<time>2026-08-09T12:44:46.974Z</time>
	<hdop>3.79</hdop>
	<extensions>
		<gpxtpx:TrackPointExtension>
			<gpxtpx:course>3.0</gpxtpx:course>
		</gpxtpx:TrackPointExtension>
	</extensions>
</trkpt>
<trkpt lat="44.3504264" lon="14.8288746">
	<ele>-46.67</ele>
	<time>2026-08-09T12:44:56.974Z</time>
	<hdop>3.79</hdop>
	<extensions>
		<gpxtpx:TrackPointExtension>
			<gpxtpx:course>1.0</gpxtpx:course>
		</gpxtpx:TrackPointExtension>
	</extensions>
</trkpt>
<trkpt lat="44.3507112" lon="14.8288953">
	<ele>-45.62</ele>
	<time>2026-08-09T12:45:06.975Z</time>
	<hdop>3.79</hdop>
	<extensions>
		<gpxtpx:TrackPointExtension>
			<gpxtpx:course>3.0</gpxtpx:course>
		</gpxtpx:TrackPointExtension>
	</extensions>
</trkpt>
<trkpt lat="44.3510232" lon="14.8289251">
	<ele>-29.44</ele>
	<time>2026-08-09T12:45:17.975Z</time>
	<hdop>3.79</hdop>
	<extensions>
		<gpxtpx:TrackPointExtension>
			<gpxtpx:course>2.0</gpxtpx:course>
		</gpxtpx:TrackPointExtension>
	</extensions>
</trkpt>
<trkpt lat="44.3513417" lon="14.8289417">
	<ele>-17.57</ele>
	<time>2026-08-09T12:45:28.974Z</time>
	<hdop>3.79</hdop>
	<extensions>
		<gpxtpx:TrackPointExtension>
			<gpxtpx:course>1.0</gpxtpx:course>
		</gpxtpx:TrackPointExtension>
	</extensions>
</trkpt>
<trkpt lat="44.3516253" lon="14.8289598">
	<ele>-8.73</ele>
	<time>2026-08-09T12:45:38.974Z</time>
	<hdop>3.79</hdop>
	<extensions>
		<gpxtpx:TrackPointExtension>
			<gpxtpx:course>4.0</gpxtpx:course>
		</gpxtpx:TrackPointExtension>
	</extensions>
</trkpt>
<trkpt lat="44.3519064" lon="14.8289853">
	<ele>-15.49</ele>
	<time>2026-08-09T12:45:48.975Z</time>
	<hdop>3.79</hdop>
	<extensions>
		<gpxtpx:TrackPointExtension>
			<gpxtpx:course>4.0</gpxtpx:course>
		</gpxtpx:TrackPointExtension>
	</extensions>
</trkpt>
<trkpt lat="44.3522156" lon="14.8290112">
	<ele>-33.18</ele>
	<time>2026-08-09T12:45:59.974Z</time>
	<hdop>3.79</hdop>
	<extensions>
		<gpxtpx:TrackPointExtension>
			<gpxtpx:course>2.0</gpxtpx:course>
		</gpxtpx:TrackPointExtension>
	</extensions>
</trkpt>
<trkpt lat="44.3524908" lon="14.8290175">
	<ele>-22.88</ele>
	<time>2026-08-09T12:46:09.974Z</time>
	<hdop>3.79</hdop>
	<extensions>
		<gpxtpx:TrackPointExtension>
			<gpxtpx:course>358.0</gpxtpx:course>
		</gpxtpx:TrackPointExtension>
	</extensions>
</trkpt>
<trkpt lat="44.3527521" lon="14.8289315">
	<ele>-15.76</ele>
	<time>2026-08-09T12:46:19.974Z</time>
	<hdop>3.79</hdop>
	<extensions>
		<gpxtpx:TrackPointExtension>
			<gpxtpx:course>340.0</gpxtpx:course>
		</gpxtpx:TrackPointExtension>
	</extensions>
</trkpt>
<trkpt lat="44.3530097" lon="14.8287953">
	<ele>-14.09</ele>
	<time>2026-08-09T12:46:29.974Z</time>
	<hdop>3.79</hdop>
	<extensions>
		<gpxtpx:TrackPointExtension>
			<gpxtpx:course>340.0</gpxtpx:course>
		</gpxtpx:TrackPointExtension>
	</extensions>
</trkpt>
<trkpt lat="44.3532659" lon="14.8286630">
	<ele>-19.81</ele>
	<time>2026-08-09T12:46:39.975Z</time>
	<hdop>3.79</hdop>
	<extensions>
		<gpxtpx:TrackPointExtension>
			<gpxtpx:course>338.0</gpxtpx:course>
		</gpxtpx:TrackPointExtension>
	</extensions>
</trkpt>
<trkpt lat="44.3535196" lon="14.8285053">
	<ele>-31.85</ele>
	<time>2026-08-09T12:46:49.975Z</time>
	<hdop>3.79</hdop>
	<extensions>
		<gpxtpx:TrackPointExtension>
			<gpxtpx:course>333.0</gpxtpx:course>
		</gpxtpx:TrackPointExtension>
	</extensions>
</trkpt>
<trkpt lat="44.3537655" lon="14.8283284">
	<ele>-32.24</ele>
	<time>2026-08-09T12:46:59.975Z</time>
	<hdop>3.79</hdop>
	<extensions>
		<gpxtpx:TrackPointExtension>
			<gpxtpx:course>332.0</gpxtpx:course>
		</gpxtpx:TrackPointExtension>
	</extensions>
</trkpt>
<trkpt lat="44.3540121" lon="14.8281604">
	<ele>-24.71</ele>
	<time>2026-08-09T12:47:09.975Z</time>
	<hdop>3.79</hdop>
	<extensions>
		<gpxtpx:TrackPointExtension>
			<gpxtpx:course>333.0</gpxtpx:course>
		</gpxtpx:TrackPointExtension>
	</extensions>
</trkpt>
<trkpt lat="44.3542592" lon="14.8279956">
	<ele>-19.90</ele>
	<time>2026-08-09T12:47:19.976Z</time>
	<hdop>3.79</hdop>
	<extensions>
		<gpxtpx:TrackPointExtension>
			<gpxtpx:course>334.0</gpxtpx:course>
		</gpxtpx:TrackPointExtension>
	</extensions>
</trkpt>
<trkpt lat="44.3545375" lon="14.8277986">
	<ele>-22.82</ele>
	<time>2026-08-09T12:47:30.975Z</time>
	<hdop>3.79</hdop>
	<extensions>
		<gpxtpx:TrackPointExtension>
			<gpxtpx:course>334.0</gpxtpx:course>
		</gpxtpx:TrackPointExtension>
	</extensions>
</trkpt>
<trkpt lat="44.3547945" lon="14.8276314">
	<ele>-19.93</ele>
	<time>2026-08-09T12:47:40.975Z</time>
	<hdop>3.79</hdop>
	<extensions>
		<gpxtpx:TrackPointExtension>
			<gpxtpx:course>334.0</gpxtpx:course>
		</gpxtpx:TrackPointExtension>
	</extensions>
</trkpt>
<trkpt lat="44.3550441" lon="14.8274638">
	<ele>-5.14</ele>
	<time>2026-08-09T12:47:50.976Z</time>
	<hdop>3.79</hdop>
	<extensions>
		<gpxtpx:TrackPointExtension>
			<gpxtpx:course>335.0</gpxtpx:course>
		</gpxtpx:TrackPointExtension>
	</extensions>
</trkpt>
<trkpt lat="44.3553225" lon="14.8272751">
	<ele>-14.81</ele>
	<time>2026-08-09T12:48:01.975Z</time>
	<hdop>3.79</hdop>
	<extensions>
		<gpxtpx:TrackPointExtension>
			<gpxtpx:course>336.0</gpxtpx:course>
		</gpxtpx:TrackPointExtension>
	</extensions>
</trkpt>
<trkpt lat="44.3555710" lon="14.8270962">
	<ele>-26.10</ele>
	<time>2026-08-09T12:48:11.975Z</time>
	<hdop>3.79</hdop>
	<extensions>
		<gpxtpx:TrackPointExtension>
			<gpxtpx:course>331.0</gpxtpx:course>
		</gpxtpx:TrackPointExtension>
	</extensions>
</trkpt>
<trkpt lat="44.3558099" lon="14.8269243">
	<ele>-23.31</ele>
	<time>2026-08-09T12:48:21.975Z</time>
	<hdop>3.79</hdop>
	<extensions>
		<gpxtpx:TrackPointExtension>
			<gpxtpx:course>332.0</gpxtpx:course>
		</gpxtpx:TrackPointExtension>
	</extensions>
</trkpt>
<trkpt lat="44.3560886" lon="14.8267258">
	<ele>-29.90</ele>
	<time>2026-08-09T12:48:32.974Z</time>
	<hdop>3.79</hdop>
	<extensions>
		<gpxtpx:TrackPointExtension>
			<gpxtpx:course>332.0</gpxtpx:course>
		</gpxtpx:TrackPointExtension>
	</extensions>
</trkpt>
<trkpt lat="44.3563310" lon="14.8265405">
	<ele>-26.47</ele>
	<time>2026-08-09T12:48:42.975Z</time>
	<hdop>3.79</hdop>
	<extensions>
		<gpxtpx:TrackPointExtension>
			<gpxtpx:course>331.0</gpxtpx:course>
		</gpxtpx:TrackPointExtension>
	</extensions>
</trkpt>
<trkpt lat="44.3566059" lon="14.8263355">
	<ele>-25.41</ele>
	<time>2026-08-09T12:48:53.974Z</time>
	<hdop>3.79</hdop>
	<extensions>
		<gpxtpx:TrackPointExtension>
			<gpxtpx:course>331.0</gpxtpx:course>
		</gpxtpx:TrackPointExtension>
	</extensions>
</trkpt>
<trkpt lat="44.3568550" lon="14.8261595">
	<ele>-14.28</ele>
	<time>2026-08-09T12:49:03.974Z</time>
	<hdop>3.79</hdop>
	<extensions>
		<gpxtpx:TrackPointExtension>
			<gpxtpx:course>333.0</gpxtpx:course>
		</gpxtpx:TrackPointExtension>
	</extensions>
</trkpt>
<trkpt lat="44.3570972" lon="14.8259870">
	<ele>-5.66</ele>
	<time>2026-08-09T12:49:13.975Z</time>
	<hdop>3.79</hdop>
	<extensions>
		<gpxtpx:TrackPointExtension>
			<gpxtpx:course>332.0</gpxtpx:course>
		</gpxtpx:TrackPointExtension>
	</extensions>
</trkpt>
<trkpt lat="44.3573701" lon="14.8257974">
	<ele>2.39</ele>
	<time>2026-08-09T12:49:24.975Z</time>
	<hdop>3.79</hdop>
	<extensions>
		<gpxtpx:TrackPointExtension>
			<gpxtpx:course>332.0</gpxtpx:course>
		</gpxtpx:TrackPointExtension>
	</extensions>
</trkpt>
<trkpt lat="44.3576508" lon="14.8256138">
	<ele>10.81</ele>
	<time>2026-08-09T12:49:35.974Z</time>
	<hdop>3.79</hdop>
	<extensions>
		<gpxtpx:TrackPointExtension>
			<gpxtpx:course>332.0</gpxtpx:course>
		</gpxtpx:TrackPointExtension>
	</extensions>
</trkpt>
<trkpt lat="44.3579001" lon="14.8254486">
	<ele>14.28</ele>
	<time>2026-08-09T12:49:45.974Z</time>
	<hdop>3.79</hdop>
	<extensions>
		<gpxtpx:TrackPointExtension>
			<gpxtpx:course>334.0</gpxtpx:course>
		</gpxtpx:TrackPointExtension>
	</extensions>
</trkpt>
<trkpt lat="44.3581425" lon="14.8252740">
	<ele>5.17</ele>
	<time>2026-08-09T12:49:55.974Z</time>
	<hdop>3.79</hdop>
	<extensions>
		<gpxtpx:TrackPointExtension>
			<gpxtpx:course>333.0</gpxtpx:course>
		</gpxtpx:TrackPointExtension>
	</extensions>
</trkpt>
<trkpt lat="44.3583821" lon="14.8251050">
	<ele>-5.98</ele>
	<time>2026-08-09T12:50:05.974Z</time>
	<hdop>3.79</hdop>
	<extensions>
		<gpxtpx:TrackPointExtension>
			<gpxtpx:course>334.0</gpxtpx:course>
		</gpxtpx:TrackPointExtension>
	</extensions>
</trkpt>
<trkpt lat="44.3586558" lon="14.8249105">
	<ele>-16.77</ele>
	<time>2026-08-09T12:50:16.974Z</time>
	<hdop>3.79</hdop>
	<extensions>
		<gpxtpx:TrackPointExtension>
			<gpxtpx:course>332.0</gpxtpx:course>
		</gpxtpx:TrackPointExtension>
	</extensions>
</trkpt>
<trkpt lat="44.3588938" lon="14.8247412">
	<ele>-20.37</ele>
	<time>2026-08-09T12:50:26.974Z</time>
	<hdop>3.79</hdop>
	<extensions>
		<gpxtpx:TrackPointExtension>
			<gpxtpx:course>332.0</gpxtpx:course>
		</gpxtpx:TrackPointExtension>
	</extensions>
</trkpt>
<trkpt lat="44.3591377" lon="14.8245552">
	<ele>-19.68</ele>
	<time>2026-08-09T12:50:36.975Z</time>
	<hdop>3.79</hdop>
	<extensions>
		<gpxtpx:TrackPointExtension>
			<gpxtpx:course>331.0</gpxtpx:course>
		</gpxtpx:TrackPointExtension>
	</extensions>
</trkpt>
<trkpt lat="44.3593999" lon="14.8243702">
	<ele>-13.10</ele>
	<time>2026-08-09T12:50:47.974Z</time>
	<hdop>3.79</hdop>
	<extensions>
		<gpxtpx:TrackPointExtension>
			<gpxtpx:course>332.0</gpxtpx:course>
		</gpxtpx:TrackPointExtension>
	</extensions>
</trkpt>
<trkpt lat="44.3596720" lon="14.8241849">
	<ele>8.27</ele>
	<time>2026-08-09T12:50:58.974Z</time>
	<hdop>3.79</hdop>
	<extensions>
		<gpxtpx:TrackPointExtension>
			<gpxtpx:course>334.0</gpxtpx:course>
		</gpxtpx:TrackPointExtension>
	</extensions>
</trkpt>
<trkpt lat="44.3599126" lon="14.8240147">
	<ele>23.00</ele>
	<time>2026-08-09T12:51:08.974Z</time>
	<hdop>3.79</hdop>
	<extensions>
		<gpxtpx:TrackPointExtension>
			<gpxtpx:course>333.0</gpxtpx:course>
		</gpxtpx:TrackPointExtension>
	</extensions>
</trkpt>
<trkpt lat="44.3601581" lon="14.8238414">
	<ele>30.88</ele>
	<time>2026-08-09T12:51:18.974Z</time>
	<hdop>3.79</hdop>
	<extensions>
		<gpxtpx:TrackPointExtension>
			<gpxtpx:course>332.0</gpxtpx:course>
		</gpxtpx:TrackPointExtension>
	</extensions>
</trkpt>
<trkpt lat="44.3603919" lon="14.8236698">
	<ele>32.66</ele>
	<time>2026-08-09T12:51:28.974Z</time>
	<hdop>3.79</hdop>
	<extensions>
		<gpxtpx:TrackPointExtension>
			<gpxtpx:course>332.0</gpxtpx:course>
		</gpxtpx:TrackPointExtension>
	</extensions>
</trkpt>
<trkpt lat="44.3606391" lon="14.8234795">
	<ele>34.38</ele>
	<time>2026-08-09T12:51:38.975Z</time>
	<hdop>3.79</hdop>
	<extensions>
		<gpxtpx:TrackPointExtension>
			<gpxtpx:course>330.0</gpxtpx:course>
		</gpxtpx:TrackPointExtension>
	</extensions>
</trkpt>
<trkpt lat="44.3608864" lon="14.8232573">
	<ele>31.12</ele>
	<time>2026-08-09T12:51:49.975Z</time>
	<hdop>3.79</hdop>
	<extensions>
		<gpxtpx:TrackPointExtension>
			<gpxtpx:course>330.0</gpxtpx:course>
		</gpxtpx:TrackPointExtension>
	</extensions>
</trkpt>
<trkpt lat="44.3611273" lon="14.8230650">
	<ele>30.08</ele>
	<time>2026-08-09T12:51:59.975Z</time>
	<hdop>3.79</hdop>
	<extensions>
		<gpxtpx:TrackPointExtension>
			<gpxtpx:course>330.0</gpxtpx:course>
		</gpxtpx:TrackPointExtension>
	</extensions>
</trkpt>
<trkpt lat="44.3613919" lon="14.8228439">
	<ele>26.91</ele>
	<time>2026-08-09T12:52:10.974Z</time>
	<hdop>3.79</hdop>
	<extensions>
		<gpxtpx:TrackPointExtension>
			<gpxtpx:course>329.0</gpxtpx:course>
		</gpxtpx:TrackPointExtension>
	</extensions>
</trkpt>
<trkpt lat="44.3616233" lon="14.8226497">
	<ele>9.36</ele>
	<time>2026-08-09T12:52:20.974Z</time>
	<hdop>3.79</hdop>
	<extensions>
		<gpxtpx:TrackPointExtension>
			<gpxtpx:course>328.0</gpxtpx:course>
		</gpxtpx:TrackPointExtension>
	</extensions>
</trkpt>
<trkpt lat="44.3618709" lon="14.8224438">
	<ele>-18.84</ele>
	<time>2026-08-09T12:52:30.974Z</time>
	<hdop>3.79</hdop>
	<extensions>
		<gpxtpx:TrackPointExtension>
			<gpxtpx:course>329.0</gpxtpx:course>
		</gpxtpx:TrackPointExtension>
	</extensions>
</trkpt>
<trkpt lat="44.3621370" lon="14.8222141">
	<ele>-33.99</ele>
	<time>2026-08-09T12:52:41.973Z</time>
	<hdop>3.79</hdop>
	<extensions>
		<gpxtpx:TrackPointExtension>
			<gpxtpx:course>329.0</gpxtpx:course>
		</gpxtpx:TrackPointExtension>
	</extensions>
</trkpt>
<trkpt lat="44.3623770" lon="14.8220232">
	<ele>-30.02</ele>
	<time>2026-08-09T12:52:51.974Z</time>
	<hdop>3.79</hdop>
	<extensions>
		<gpxtpx:TrackPointExtension>
			<gpxtpx:course>329.0</gpxtpx:course>
		</gpxtpx:TrackPointExtension>
	</extensions>
</trkpt>
<trkpt lat="44.3626068" lon="14.8218185">
	<ele>-11.88</ele>
	<time>2026-08-09T12:53:01.974Z</time>
	<hdop>3.79</hdop>
	<extensions>
		<gpxtpx:TrackPointExtension>
			<gpxtpx:course>330.0</gpxtpx:course>
		</gpxtpx:TrackPointExtension>
	</extensions>
</trkpt>
<trkpt lat="44.3628611" lon="14.8215994">
	<ele>-12.52</ele>
	<time>2026-08-09T12:53:12.973Z</time>
	<hdop>3.79</hdop>
	<extensions>
		<gpxtpx:TrackPointExtension>
			<gpxtpx:course>329.0</gpxtpx:course>
		</gpxtpx:TrackPointExtension>
	</extensions>
</trkpt>
<trkpt lat="44.3630956" lon="14.8213982">
	<ele>0.15</ele>
	<time>2026-08-09T12:53:22.974Z</time>
	<hdop>3.79</hdop>
	<extensions>
		<gpxtpx:TrackPointExtension>
			<gpxtpx:course>329.0</gpxtpx:course>
		</gpxtpx:TrackPointExtension>
	</extensions>
</trkpt>
<trkpt lat="44.3633308" lon="14.8212084">
	<ele>8.24</ele>
	<time>2026-08-09T12:53:32.974Z</time>
	<hdop>3.79</hdop>
	<extensions>
		<gpxtpx:TrackPointExtension>
			<gpxtpx:course>327.0</gpxtpx:course>
		</gpxtpx:TrackPointExtension>
	</extensions>
</trkpt>
<trkpt lat="44.3635964" lon="14.8209931">
	<ele>14.45</ele>
	<time>2026-08-09T12:53:43.974Z</time>
	<hdop>3.79</hdop>
	<extensions>
		<gpxtpx:TrackPointExtension>
			<gpxtpx:course>330.0</gpxtpx:course>
		</gpxtpx:TrackPointExtension>
	</extensions>
</trkpt>
<trkpt lat="44.3638352" lon="14.8207998">
	<ele>1.00</ele>
	<time>2026-08-09T12:53:53.975Z</time>
	<hdop>3.79</hdop>
	<extensions>
		<gpxtpx:TrackPointExtension>
			<gpxtpx:course>328.0</gpxtpx:course>
		</gpxtpx:TrackPointExtension>
	</extensions>
</trkpt>
<trkpt lat="44.3640963" lon="14.8205864">
	<ele>-10.70</ele>
	<time>2026-08-09T12:54:04.975Z</time>
	<hdop>3.79</hdop>
	<extensions>
		<gpxtpx:TrackPointExtension>
			<gpxtpx:course>329.0</gpxtpx:course>
		</gpxtpx:TrackPointExtension>
	</extensions>
</trkpt>
<trkpt lat="44.3643587" lon="14.8203607">
	<ele>-18.52</ele>
	<time>2026-08-09T12:54:15.973Z</time>
	<hdop>3.79</hdop>
	<extensions>
		<gpxtpx:TrackPointExtension>
			<gpxtpx:course>327.0</gpxtpx:course>
		</gpxtpx:TrackPointExtension>
	</extensions>
</trkpt>
<trkpt lat="44.3645875" lon="14.8201571">
	<ele>-7.33</ele>
	<time>2026-08-09T12:54:25.973Z</time>
	<hdop>3.79</hdop>
	<extensions>
		<gpxtpx:TrackPointExtension>
			<gpxtpx:course>328.0</gpxtpx:course>
		</gpxtpx:TrackPointExtension>
	</extensions>
</trkpt>
<trkpt lat="44.3648219" lon="14.8199490">
	<ele>-11.32</ele>
	<time>2026-08-09T12:54:35.973Z</time>
	<hdop>3.79</hdop>
	<extensions>
		<gpxtpx:TrackPointExtension>
			<gpxtpx:course>330.0</gpxtpx:course>
		</gpxtpx:TrackPointExtension>
	</extensions>
</trkpt>
<trkpt lat="44.3650520" lon="14.8197415">
	<ele>-11.36</ele>
	<time>2026-08-09T12:54:45.974Z</time>
	<hdop>3.79</hdop>
	<extensions>
		<gpxtpx:TrackPointExtension>
			<gpxtpx:course>329.0</gpxtpx:course>
		</gpxtpx:TrackPointExtension>
	</extensions>
</trkpt>
<trkpt lat="44.3652908" lon="14.8195449">
	<ele>-18.32</ele>
	<time>2026-08-09T12:54:55.974Z</time>
	<hdop>3.79</hdop>
	<extensions>
		<gpxtpx:TrackPointExtension>
			<gpxtpx:course>327.0</gpxtpx:course>
		</gpxtpx:TrackPointExtension>
	</extensions>
</trkpt>
<trkpt lat="44.3655502" lon="14.8193166">
	<ele>-21.94</ele>
	<time>2026-08-09T12:55:06.973Z</time>
	<hdop>3.79</hdop>
	<extensions>
		<gpxtpx:TrackPointExtension>
			<gpxtpx:course>327.0</gpxtpx:course>
		</gpxtpx:TrackPointExtension>
	</extensions>
</trkpt>
<trkpt lat="44.3657920" lon="14.8191065">
	<ele>-16.98</ele>
	<time>2026-08-09T12:55:16.973Z</time>
	<hdop>3.79</hdop>
	<extensions>
		<gpxtpx:TrackPointExtension>
			<gpxtpx:course>329.0</gpxtpx:course>
		</gpxtpx:TrackPointExtension>
	</extensions>
</trkpt>
<trkpt lat="44.3660450" lon="14.8189085">
	<ele>-56.57</ele>
	<time>2026-08-09T12:55:26.975Z</time>
	<hdop>3.79</hdop>
	<extensions>
		<gpxtpx:TrackPointExtension>
			<gpxtpx:course>327.0</gpxtpx:course>
		</gpxtpx:TrackPointExtension>
	</extensions>
</trkpt>
<trkpt lat="44.3663185" lon="14.8186774">
	<ele>-60.46</ele>
	<time>2026-08-09T12:55:37.974Z</time>
	<hdop>3.79</hdop>
	<extensions>
		<gpxtpx:TrackPointExtension>
			<gpxtpx:course>327.0</gpxtpx:course>
		</gpxtpx:TrackPointExtension>
	</extensions>
</trkpt>
<trkpt lat="44.3665746" lon="14.8184530">
	<ele>-31.73</ele>
	<time>2026-08-09T12:55:48.973Z</time>
	<hdop>3.79</hdop>
	<extensions>
		<gpxtpx:TrackPointExtension>
			<gpxtpx:course>328.0</gpxtpx:course>
		</gpxtpx:TrackPointExtension>
	</extensions>
</trkpt>
<trkpt lat="44.3668086" lon="14.8182445">
	<ele>-16.65</ele>
	<time>2026-08-09T12:55:58.974Z</time>
	<hdop>4.78</hdop>
	<extensions>
		<gpxtpx:TrackPointExtension>
			<gpxtpx:course>328.0</gpxtpx:course>
		</gpxtpx:TrackPointExtension>
	</extensions>
</trkpt>
<trkpt lat="44.3670526" lon="14.8180324">
	<ele>-20.15</ele>
	<time>2026-08-09T12:56:08.974Z</time>
	<hdop>3.79</hdop>
	<extensions>
		<gpxtpx:TrackPointExtension>
			<gpxtpx:course>327.0</gpxtpx:course>
		</gpxtpx:TrackPointExtension>
	</extensions>
</trkpt>
<trkpt lat="44.3673113" lon="14.8178048">
	<ele>-21.02</ele>
	<time>2026-08-09T12:56:19.974Z</time>
	<hdop>3.87</hdop>
	<extensions>
		<gpxtpx:TrackPointExtension>
			<gpxtpx:course>328.0</gpxtpx:course>
		</gpxtpx:TrackPointExtension>
	</extensions>
</trkpt>
<trkpt lat="44.3675551" lon="14.8175966">
	<ele>-6.31</ele>
	<time>2026-08-09T12:56:29.974Z</time>
	<hdop>3.79</hdop>
	<extensions>
		<gpxtpx:TrackPointExtension>
			<gpxtpx:course>328.0</gpxtpx:course>
		</gpxtpx:TrackPointExtension>
	</extensions>
</trkpt>
<trkpt lat="44.3678160" lon="14.8173695">
	<ele>17.84</ele>
	<time>2026-08-09T12:56:40.973Z</time>
	<hdop>3.79</hdop>
	<extensions>
		<gpxtpx:TrackPointExtension>
			<gpxtpx:course>328.0</gpxtpx:course>
		</gpxtpx:TrackPointExtension>
	</extensions>
</trkpt>
<trkpt lat="44.3680706" lon="14.8171599">
	<ele>15.00</ele>
	<time>2026-08-09T12:56:50.973Z</time>
	<hdop>3.79</hdop>
	<extensions>
		<gpxtpx:TrackPointExtension>
			<gpxtpx:course>329.0</gpxtpx:course>
		</gpxtpx:TrackPointExtension>
	</extensions>
</trkpt>
<trkpt lat="44.3683398" lon="14.8169325">
	<ele>4.60</ele>
	<time>2026-08-09T12:57:01.974Z</time>
	<hdop>3.79</hdop>
	<extensions>
		<gpxtpx:TrackPointExtension>
			<gpxtpx:course>329.0</gpxtpx:course>
		</gpxtpx:TrackPointExtension>
	</extensions>
</trkpt>
<trkpt lat="44.3685838" lon="14.8167269">
	<ele>22.88</ele>
	<time>2026-08-09T12:57:11.974Z</time>
	<hdop>3.79</hdop>
	<extensions>
		<gpxtpx:TrackPointExtension>
			<gpxtpx:course>328.0</gpxtpx:course>
		</gpxtpx:TrackPointExtension>
	</extensions>
</trkpt>
<trkpt lat="44.3688354" lon="14.8164921">
	<ele>36.73</ele>
	<time>2026-08-09T12:57:22.972Z</time>
	<hdop>3.79</hdop>
	<extensions>
		<gpxtpx:TrackPointExtension>
			<gpxtpx:course>327.0</gpxtpx:course>
		</gpxtpx:TrackPointExtension>
	</extensions>
</trkpt>
<trkpt lat="44.3690681" lon="14.8162946">
	<ele>38.75</ele>
	<time>2026-08-09T12:57:32.973Z</time>
	<hdop>3.79</hdop>
	<extensions>
		<gpxtpx:TrackPointExtension>
			<gpxtpx:course>327.0</gpxtpx:course>
		</gpxtpx:TrackPointExtension>
	</extensions>
</trkpt>
<trkpt lat="44.3693116" lon="14.8160885">
	<ele>37.74</ele>
	<time>2026-08-09T12:57:42.973Z</time>
	<hdop>3.79</hdop>
	<extensions>
		<gpxtpx:TrackPointExtension>
			<gpxtpx:course>330.0</gpxtpx:course>
		</gpxtpx:TrackPointExtension>
	</extensions>
</trkpt>
<trkpt lat="44.3695630" lon="14.8158874">
	<ele>31.66</ele>
	<time>2026-08-09T12:57:52.973Z</time>
	<hdop>3.79</hdop>
	<extensions>
		<gpxtpx:TrackPointExtension>
			<gpxtpx:course>330.0</gpxtpx:course>
		</gpxtpx:TrackPointExtension>
	</extensions>
</trkpt>
<trkpt lat="44.3698036" lon="14.8156663">
	<ele>2.41</ele>
	<time>2026-08-09T12:58:02.973Z</time>
	<hdop>3.79</hdop>
	<extensions>
		<gpxtpx:TrackPointExtension>
			<gpxtpx:course>328.0</gpxtpx:course>
		</gpxtpx:TrackPointExtension>
	</extensions>
</trkpt>
<trkpt lat="44.3700646" lon="14.8154635">
	<ele>-23.53</ele>
	<time>2026-08-09T12:58:12.973Z</time>
	<hdop>4.79</hdop>
	<extensions>
		<gpxtpx:TrackPointExtension>
			<gpxtpx:course>326.79523</gpxtpx:course>
		</gpxtpx:TrackPointExtension>
	</extensions>
</trkpt>
<trkpt lat="44.3703017" lon="14.8152720">
	<ele>-23.42</ele>
	<time>2026-08-09T12:58:22.973Z</time>
	<hdop>3.64</hdop>
	<extensions>
		<gpxtpx:TrackPointExtension>
			<gpxtpx:course>344.18198</gpxtpx:course>
		</gpxtpx:TrackPointExtension>
	</extensions>
</trkpt>
<trkpt lat="44.3705438" lon="14.8151006">
	<ele>-11.73</ele>
	<time>2026-08-09T12:58:32.974Z</time>
	<hdop>3.14</hdop>
	<extensions>
		<gpxtpx:TrackPointExtension>
			<gpxtpx:course>338.01495</gpxtpx:course>
		</gpxtpx:TrackPointExtension>
	</extensions>
</trkpt>
<trkpt lat="44.3707901" lon="14.8148649">
	<ele>-14.39</ele>
	<time>2026-08-09T12:58:42.974Z</time>
	<hdop>3.18</hdop>
	<extensions>
		<gpxtpx:TrackPointExtension>
			<gpxtpx:course>330.95746</gpxtpx:course>
		</gpxtpx:TrackPointExtension>
	</extensions>
</trkpt>
<trkpt lat="44.3710620" lon="14.8146224">
	<ele>-7.59</ele>
	<time>2026-08-09T12:58:53.973Z</time>
	<hdop>3.38</hdop>
	<extensions>
		<gpxtpx:TrackPointExtension>
			<gpxtpx:course>329.0</gpxtpx:course>
		</gpxtpx:TrackPointExtension>
	</extensions>
</trkpt>
<trkpt lat="44.3713497" lon="14.8144308">
	<ele>4.87</ele>
	<time>2026-08-09T12:59:04.982Z</time>
	<hdop>3.32</hdop>
	<extensions>
		<gpxtpx:TrackPointExtension>
			<gpxtpx:course>13.947897</gpxtpx:course>
		</gpxtpx:TrackPointExtension>
	</extensions>
</trkpt>
<trkpt lat="44.3716138" lon="14.8141609">
	<ele>20.94</ele>
	<time>2026-08-09T12:59:15.973Z</time>
	<hdop>3.65</hdop>
	<extensions>
		<gpxtpx:TrackPointExtension>
			<gpxtpx:course>328.42575</gpxtpx:course>
		</gpxtpx:TrackPointExtension>
	</extensions>
</trkpt>
<trkpt lat="44.3718659" lon="14.8139668">
	<ele>11.98</ele>
	<time>2026-08-09T12:59:25.973Z</time>
	<hdop>5.07</hdop>
	<extensions>
		<gpxtpx:TrackPointExtension>
			<gpxtpx:course>339.5633</gpxtpx:course>
		</gpxtpx:TrackPointExtension>
	</extensions>
</trkpt>
<trkpt lat="44.3721134" lon="14.8137543">
	<ele>7.55</ele>
	<time>2026-08-09T12:59:35.973Z</time>
	<hdop>4.89</hdop>
	<extensions>
		<gpxtpx:TrackPointExtension>
			<gpxtpx:course>331.75195</gpxtpx:course>
		</gpxtpx:TrackPointExtension>
	</extensions>
</trkpt>
<trkpt lat="44.3723639" lon="14.8135333">
	<ele>7.49</ele>
	<time>2026-08-09T12:59:45.973Z</time>
	<hdop>4.76</hdop>
	<extensions>
		<gpxtpx:TrackPointExtension>
			<gpxtpx:course>326.61746</gpxtpx:course>
		</gpxtpx:TrackPointExtension>
	</extensions>
</trkpt>
<trkpt lat="44.3726083" lon="14.8133275">
	<ele>2.69</ele>
	<time>2026-08-09T12:59:55.973Z</time>
	<hdop>4.58</hdop>
	<extensions>
		<gpxtpx:TrackPointExtension>
			<gpxtpx:course>327.48648</gpxtpx:course>
		</gpxtpx:TrackPointExtension>
	</extensions>
</trkpt>
<trkpt lat="44.3728658" lon="14.8131311">
	<ele>6.47</ele>
	<time>2026-08-09T13:00:05.973Z</time>
	<hdop>4.67</hdop>
	<extensions>
		<gpxtpx:TrackPointExtension>
			<gpxtpx:course>332.01373</gpxtpx:course>
		</gpxtpx:TrackPointExtension>
	</extensions>
</trkpt>
<trkpt lat="44.3730949" lon="14.8129843">
	<ele>6.22</ele>
	<time>2026-08-09T13:00:15.973Z</time>
	<hdop>4.44</hdop>
	<extensions>
		<gpxtpx:TrackPointExtension>
			<gpxtpx:course>51.53066</gpxtpx:course>
		</gpxtpx:TrackPointExtension>
	</extensions>
</trkpt>
<trkpt lat="44.3733541" lon="14.8127255">
	<ele>0.85</ele>
	<time>2026-08-09T13:00:25.973Z</time>
	<hdop>3.42</hdop>
	<extensions>
		<gpxtpx:TrackPointExtension>
			<gpxtpx:course>328.21887</gpxtpx:course>
		</gpxtpx:TrackPointExtension>
	</extensions>
</trkpt>
<trkpt lat="44.3736082" lon="14.8125094">
	<ele>6.96</ele>
	<time>2026-08-09T13:00:35.973Z</time>
	<hdop>4.11</hdop>
	<extensions>
		<gpxtpx:TrackPointExtension>
			<gpxtpx:course>314.59445</gpxtpx:course>
		</gpxtpx:TrackPointExtension>
	</extensions>
</trkpt>
<trkpt lat="44.3738979" lon="14.8122862">
	<ele>15.25</ele>
	<time>2026-08-09T13:00:46.972Z</time>
	<hdop>4.84</hdop>
	<extensions>
		<gpxtpx:TrackPointExtension>
			<gpxtpx:course>327.53973</gpxtpx:course>
		</gpxtpx:TrackPointExtension>
	</extensions>
</trkpt>
<trkpt lat="44.3741470" lon="14.8120837">
	<ele>3.90</ele>
	<time>2026-08-09T13:00:56.973Z</time>
	<hdop>4.84</hdop>
	<extensions>
		<gpxtpx:TrackPointExtension>
			<gpxtpx:course>331.5431</gpxtpx:course>
		</gpxtpx:TrackPointExtension>
	</extensions>
</trkpt>
<trkpt lat="44.3744253" lon="14.8118527">
	<ele>-5.66</ele>
	<time>2026-08-09T13:01:07.973Z</time>
	<hdop>4.49</hdop>
	<extensions>
		<gpxtpx:TrackPointExtension>
			<gpxtpx:course>325.05273</gpxtpx:course>
		</gpxtpx:TrackPointExtension>
	</extensions>
</trkpt>
<trkpt lat="44.3746879" lon="14.8116504">
	<ele>-14.99</ele>
	<time>2026-08-09T13:01:17.973Z</time>
	<hdop>4.82</hdop>
	<extensions>
		<gpxtpx:TrackPointExtension>
			<gpxtpx:course>327.71106</gpxtpx:course>
		</gpxtpx:TrackPointExtension>
	</extensions>
</trkpt>
<trkpt lat="44.3749449" lon="14.8114408">
	<ele>-3.68</ele>
	<time>2026-08-09T13:01:27.973Z</time>
	<hdop>4.75</hdop>
	<extensions>
		<gpxtpx:TrackPointExtension>
			<gpxtpx:course>335.36105</gpxtpx:course>
		</gpxtpx:TrackPointExtension>
	</extensions>
</trkpt>
<trkpt lat="44.3752064" lon="14.8112026">
	<ele>3.87</ele>
	<time>2026-08-09T13:01:38.799Z</time>
	<hdop>5.32</hdop>
	<extensions>
		<gpxtpx:TrackPointExtension>
			<gpxtpx:course>317.0718</gpxtpx:course>
		</gpxtpx:TrackPointExtension>
	</extensions>
</trkpt>
<trkpt lat="44.3754660" lon="14.8110228">
	<ele>-2.69</ele>
	<time>2026-08-09T13:01:48.972Z</time>
	<hdop>4.43</hdop>
	<extensions>
		<gpxtpx:TrackPointExtension>
			<gpxtpx:course>329.0555</gpxtpx:course>
		</gpxtpx:TrackPointExtension>
	</extensions>
</trkpt>
<trkpt lat="44.3757209" lon="14.8108242">
	<ele>7.97</ele>
	<time>2026-08-09T13:01:58.972Z</time>
	<hdop>4.81</hdop>
	<extensions>
		<gpxtpx:TrackPointExtension>
			<gpxtpx:course>331.79025</gpxtpx:course>
		</gpxtpx:TrackPointExtension>
	</extensions>
</trkpt>
<trkpt lat="44.3759737" lon="14.8106049">
	<ele>16.38</ele>
	<time>2026-08-09T13:02:08.973Z</time>
	<hdop>4.69</hdop>
	<extensions>
		<gpxtpx:TrackPointExtension>
			<gpxtpx:course>331.02545</gpxtpx:course>
		</gpxtpx:TrackPointExtension>
	</extensions>
</trkpt>
<trkpt lat="44.3762288" lon="14.8104084">
	<ele>13.18</ele>
	<time>2026-08-09T13:02:18.975Z</time>
	<hdop>5.03</hdop>
	<extensions>
		<gpxtpx:TrackPointExtension>
			<gpxtpx:course>320.6645</gpxtpx:course>
		</gpxtpx:TrackPointExtension>
	</extensions>
</trkpt>
<trkpt lat="44.3764838" lon="14.8101784">
	<ele>17.13</ele>
	<time>2026-08-09T13:02:29.796Z</time>
	<hdop>5.20</hdop>
	<extensions>
		<gpxtpx:TrackPointExtension>
			<gpxtpx:course>285.3244</gpxtpx:course>
		</gpxtpx:TrackPointExtension>
	</extensions>
</trkpt>
<trkpt lat="44.3767535" lon="14.8099812">
	<ele>20.47</ele>
	<time>2026-08-09T13:02:39.971Z</time>
	<hdop>4.63</hdop>
	<extensions>
		<gpxtpx:TrackPointExtension>
			<gpxtpx:course>326.74915</gpxtpx:course>
		</gpxtpx:TrackPointExtension>
	</extensions>
</trkpt>
<trkpt lat="44.3770135" lon="14.8098138">
	<ele>23.51</ele>
	<time>2026-08-09T13:02:49.981Z</time>
	<hdop>4.45</hdop>
	<extensions>
		<gpxtpx:TrackPointExtension>
			<gpxtpx:course>9.353447</gpxtpx:course>
		</gpxtpx:TrackPointExtension>
	</extensions>
</trkpt>
<trkpt lat="44.3772814" lon="14.8095518">
	<ele>32.34</ele>
	<time>2026-08-09T13:03:00.690Z</time>
	<hdop>5.04</hdop>
	<extensions>
		<gpxtpx:TrackPointExtension>
			<gpxtpx:course>320.5025</gpxtpx:course>
		</gpxtpx:TrackPointExtension>
	</extensions>
</trkpt>
<trkpt lat="44.3775551" lon="14.8093095">
	<ele>30.09</ele>
	<time>2026-08-09T13:03:11.639Z</time>
	<hdop>4.87</hdop>
	<extensions>
		<gpxtpx:TrackPointExtension>
			<gpxtpx:course>313.05292</gpxtpx:course>
		</gpxtpx:TrackPointExtension>
	</extensions>
</trkpt>
<trkpt lat="44.3778054" lon="14.8090983">
	<ele>20.21</ele>
	<time>2026-08-09T13:03:21.971Z</time>
	<hdop>3.52</hdop>
	<extensions>
		<gpxtpx:TrackPointExtension>
			<gpxtpx:course>312.907</gpxtpx:course>
		</gpxtpx:TrackPointExtension>
	</extensions>
</trkpt>
<trkpt lat="44.3780570" lon="14.8089136">
	<ele>13.45</ele>
	<time>2026-08-09T13:03:31.972Z</time>
	<hdop>3.23</hdop>
	<extensions>
		<gpxtpx:TrackPointExtension>
			<gpxtpx:course>328.61362</gpxtpx:course>
		</gpxtpx:TrackPointExtension>
	</extensions>
</trkpt>
<trkpt lat="44.3783175" lon="14.8087016">
	<ele>6.20</ele>
	<time>2026-08-09T13:03:41.973Z</time>
	<hdop>3.58</hdop>
	<extensions>
		<gpxtpx:TrackPointExtension>
			<gpxtpx:course>322.23953</gpxtpx:course>
		</gpxtpx:TrackPointExtension>
	</extensions>
</trkpt>
<trkpt lat="44.3785736" lon="14.8084943">
	<ele>-8.73</ele>
	<time>2026-08-09T13:03:51.973Z</time>
	<hdop>3.38</hdop>
	<extensions>
		<gpxtpx:TrackPointExtension>
			<gpxtpx:course>329.0223</gpxtpx:course>
		</gpxtpx:TrackPointExtension>
	</extensions>
</trkpt>
<trkpt lat="44.3788359" lon="14.8082458">
	<ele>5.24</ele>
	<time>2026-08-09T13:04:02.972Z</time>
	<hdop>4.00</hdop>
	<extensions>
		<gpxtpx:TrackPointExtension>
			<gpxtpx:course>325.0</gpxtpx:course>
		</gpxtpx:TrackPointExtension>
	</extensions>
</trkpt>
<trkpt lat="44.3790776" lon="14.8080019">
	<ele>18.72</ele>
	<time>2026-08-09T13:04:12.972Z</time>
	<hdop>3.79</hdop>
	<extensions>
		<gpxtpx:TrackPointExtension>
			<gpxtpx:course>322.0</gpxtpx:course>
		</gpxtpx:TrackPointExtension>
	</extensions>
</trkpt>
<trkpt lat="44.3793184" lon="14.8077545">
	<ele>28.51</ele>
	<time>2026-08-09T13:04:22.973Z</time>
	<hdop>3.79</hdop>
	<extensions>
		<gpxtpx:TrackPointExtension>
			<gpxtpx:course>322.0</gpxtpx:course>
		</gpxtpx:TrackPointExtension>
	</extensions>
</trkpt>
<trkpt lat="44.3795680" lon="14.8074612">
	<ele>34.46</ele>
	<time>2026-08-09T13:04:33.972Z</time>
	<hdop>3.79</hdop>
	<extensions>
		<gpxtpx:TrackPointExtension>
			<gpxtpx:course>322.0</gpxtpx:course>
		</gpxtpx:TrackPointExtension>
	</extensions>
</trkpt>
<trkpt lat="44.3797885" lon="14.8071985">
	<ele>34.93</ele>
	<time>2026-08-09T13:04:43.972Z</time>
	<hdop>3.79</hdop>
	<extensions>
		<gpxtpx:TrackPointExtension>
			<gpxtpx:course>319.0</gpxtpx:course>
		</gpxtpx:TrackPointExtension>
	</extensions>
</trkpt>
<trkpt lat="44.3800121" lon="14.8069343">
	<ele>31.15</ele>
	<time>2026-08-09T13:04:53.973Z</time>
	<hdop>3.79</hdop>
	<extensions>
		<gpxtpx:TrackPointExtension>
			<gpxtpx:course>318.0</gpxtpx:course>
		</gpxtpx:TrackPointExtension>
	</extensions>
</trkpt>
<trkpt lat="44.3802307" lon="14.8066495">
	<ele>36.16</ele>
	<time>2026-08-09T13:05:03.973Z</time>
	<hdop>3.79</hdop>
	<extensions>
		<gpxtpx:TrackPointExtension>
			<gpxtpx:course>315.0</gpxtpx:course>
		</gpxtpx:TrackPointExtension>
	</extensions>
</trkpt>
<trkpt lat="44.3804527" lon="14.8063186">
	<ele>33.59</ele>
	<time>2026-08-09T13:05:14.972Z</time>
	<hdop>3.79</hdop>
	<extensions>
		<gpxtpx:TrackPointExtension>
			<gpxtpx:course>312.0</gpxtpx:course>
		</gpxtpx:TrackPointExtension>
	</extensions>
</trkpt>
<trkpt lat="44.3806411" lon="14.8060174">
	<ele>28.60</ele>
	<time>2026-08-09T13:05:24.972Z</time>
	<hdop>3.79</hdop>
	<extensions>
		<gpxtpx:TrackPointExtension>
			<gpxtpx:course>309.0</gpxtpx:course>
		</gpxtpx:TrackPointExtension>
	</extensions>
</trkpt>
<trkpt lat="44.3808197" lon="14.8057014">
	<ele>30.11</ele>
	<time>2026-08-09T13:05:35.973Z</time>
	<hdop>3.79</hdop>
	<extensions>
		<gpxtpx:TrackPointExtension>
			<gpxtpx:course>307.0</gpxtpx:course>
		</gpxtpx:TrackPointExtension>
	</extensions>
</trkpt>
<trkpt lat="44.3809991" lon="14.8053860">
	<ele>26.52</ele>
	<time>2026-08-09T13:05:46.973Z</time>
	<hdop>3.79</hdop>
	<extensions>
		<gpxtpx:TrackPointExtension>
			<gpxtpx:course>307.0</gpxtpx:course>
		</gpxtpx:TrackPointExtension>
	</extensions>
</trkpt>
<trkpt lat="44.3811582" lon="14.8051003">
	<ele>23.49</ele>
	<time>2026-08-09T13:05:56.973Z</time>
	<hdop>3.79</hdop>
	<extensions>
		<gpxtpx:TrackPointExtension>
			<gpxtpx:course>307.0</gpxtpx:course>
		</gpxtpx:TrackPointExtension>
	</extensions>
</trkpt>
<trkpt lat="44.3813233" lon="14.8048112">
	<ele>20.65</ele>
	<time>2026-08-09T13:06:06.973Z</time>
	<hdop>3.79</hdop>
	<extensions>
		<gpxtpx:TrackPointExtension>
			<gpxtpx:course>309.0</gpxtpx:course>
		</gpxtpx:TrackPointExtension>
	</extensions>
</trkpt>
<trkpt lat="44.3814769" lon="14.8045187">
	<ele>21.19</ele>
	<time>2026-08-09T13:06:16.973Z</time>
	<hdop>3.79</hdop>
	<extensions>
		<gpxtpx:TrackPointExtension>
			<gpxtpx:course>309.0</gpxtpx:course>
		</gpxtpx:TrackPointExtension>
	</extensions>
</trkpt>
<trkpt lat="44.3816378" lon="14.8041875">
	<ele>25.46</ele>
	<time>2026-08-09T13:06:27.972Z</time>
	<hdop>3.79</hdop>
	<extensions>
		<gpxtpx:TrackPointExtension>
			<gpxtpx:course>300.0</gpxtpx:course>
		</gpxtpx:TrackPointExtension>
	</extensions>
</trkpt>
<trkpt lat="44.3817639" lon="14.8038934">
	<ele>25.23</ele>
	<time>2026-08-09T13:06:38.972Z</time>
	<hdop>3.79</hdop>
	<extensions>
		<gpxtpx:TrackPointExtension>
			<gpxtpx:course>298.0</gpxtpx:course>
		</gpxtpx:TrackPointExtension>
	</extensions>
</trkpt>
<trkpt lat="44.3818413" lon="14.8036856">
	<ele>19.93</ele>
	<time>2026-08-09T13:06:48.973Z</time>
	<hdop>3.79</hdop>
	<extensions>
		<gpxtpx:TrackPointExtension>
			<gpxtpx:course>296.0</gpxtpx:course>
		</gpxtpx:TrackPointExtension>
	</extensions>
</trkpt>
<trkpt lat="44.3819105" lon="14.8034624">
	<ele>22.55</ele>
	<time>2026-08-09T13:06:59.971Z</time>
	<hdop>3.79</hdop>
	<extensions>
		<gpxtpx:TrackPointExtension>
			<gpxtpx:course>291.0</gpxtpx:course>
		</gpxtpx:TrackPointExtension>
	</extensions>
</trkpt>
<trkpt lat="44.3819581" lon="14.8032863">
	<ele>21.02</ele>
	<time>2026-08-09T13:07:09.971Z</time>
	<hdop>3.79</hdop>
	<extensions>
		<gpxtpx:TrackPointExtension>
			<gpxtpx:course>293.0</gpxtpx:course>
		</gpxtpx:TrackPointExtension>
	</extensions>
</trkpt>
<trkpt lat="44.3820158" lon="14.8031281">
	<ele>15.81</ele>
	<time>2026-08-09T13:07:19.971Z</time>
	<hdop>3.79</hdop>
	<extensions>
		<gpxtpx:TrackPointExtension>
			<gpxtpx:course>298.0</gpxtpx:course>
		</gpxtpx:TrackPointExtension>
	</extensions>
</trkpt>
<trkpt lat="44.3820664" lon="14.8029762">
	<ele>19.49</ele>
	<time>2026-08-09T13:07:29.973Z</time>
	<hdop>3.79</hdop>
	<extensions>
		<gpxtpx:TrackPointExtension>
			<gpxtpx:course>298.0</gpxtpx:course>
		</gpxtpx:TrackPointExtension>
	</extensions>
</trkpt>
<trkpt lat="44.3821221" lon="14.8028159">
	<ele>11.74</ele>
	<time>2026-08-09T13:07:40.971Z</time>
	<hdop>3.79</hdop>
	<extensions>
		<gpxtpx:TrackPointExtension>
			<gpxtpx:course>296.0</gpxtpx:course>
		</gpxtpx:TrackPointExtension>
	</extensions>
</trkpt>
<trkpt lat="44.3821724" lon="14.8026611">
	<ele>7.95</ele>
	<time>2026-08-09T13:07:50.972Z</time>
	<hdop>3.79</hdop>
	<extensions>
		<gpxtpx:TrackPointExtension>
			<gpxtpx:course>291.0</gpxtpx:course>
		</gpxtpx:TrackPointExtension>
	</extensions>
</trkpt>
<trkpt lat="44.3822314" lon="14.8025137">
	<ele>9.09</ele>
	<time>2026-08-09T13:08:01.971Z</time>
	<hdop>3.79</hdop>
	<extensions>
		<gpxtpx:TrackPointExtension>
			<gpxtpx:course>297.0</gpxtpx:course>
		</gpxtpx:TrackPointExtension>
	</extensions>
</trkpt>
<trkpt lat="44.3822877" lon="14.8023722">
	<ele>8.09</ele>
	<time>2026-08-09T13:08:11.971Z</time>
	<hdop>3.79</hdop>
	<extensions>
		<gpxtpx:TrackPointExtension>
			<gpxtpx:course>303.0</gpxtpx:course>
		</gpxtpx:TrackPointExtension>
	</extensions>
</trkpt>
<trkpt lat="44.3823489" lon="14.8022404">
	<ele>9.47</ele>
	<time>2026-08-09T13:08:21.973Z</time>
	<hdop>3.79</hdop>
	<extensions>
		<gpxtpx:TrackPointExtension>
			<gpxtpx:course>305.0</gpxtpx:course>
		</gpxtpx:TrackPointExtension>
	</extensions>
</trkpt>
<trkpt lat="44.3824284" lon="14.8020938">
	<ele>7.87</ele>
	<time>2026-08-09T13:08:32.972Z</time>
	<hdop>3.79</hdop>
	<extensions>
		<gpxtpx:TrackPointExtension>
			<gpxtpx:course>308.0</gpxtpx:course>
		</gpxtpx:TrackPointExtension>
	</extensions>
</trkpt>
<trkpt lat="44.3825100" lon="14.8019608">
	<ele>2.57</ele>
	<time>2026-08-09T13:08:43.971Z</time>
	<hdop>3.79</hdop>
	<extensions>
		<gpxtpx:TrackPointExtension>
			<gpxtpx:course>311.0</gpxtpx:course>
		</gpxtpx:TrackPointExtension>
	</extensions>
</trkpt>
<trkpt lat="44.3826111" lon="14.8018292">
	<ele>0.81</ele>
	<time>2026-08-09T13:08:54.972Z</time>
	<hdop>3.79</hdop>
	<extensions>
		<gpxtpx:TrackPointExtension>
			<gpxtpx:course>315.0</gpxtpx:course>
		</gpxtpx:TrackPointExtension>
	</extensions>
</trkpt>
<trkpt lat="44.3826878" lon="14.8016938">
	<ele>5.94</ele>
	<time>2026-08-09T13:09:05.972Z</time>
	<hdop>3.79</hdop>
	<extensions>
		<gpxtpx:TrackPointExtension>
			<gpxtpx:course>309.0</gpxtpx:course>
		</gpxtpx:TrackPointExtension>
	</extensions>
</trkpt>
<trkpt lat="44.3827649" lon="14.8015567">
	<ele>1.90</ele>
	<time>2026-08-09T13:09:16.971Z</time>
	<hdop>3.79</hdop>
	<extensions>
		<gpxtpx:TrackPointExtension>
			<gpxtpx:course>304.0</gpxtpx:course>
		</gpxtpx:TrackPointExtension>
	</extensions>
</trkpt>
<trkpt lat="44.3828354" lon="14.8014167">
	<ele>4.83</ele>
	<time>2026-08-09T13:09:26.972Z</time>
	<hdop>3.79</hdop>
	<extensions>
		<gpxtpx:TrackPointExtension>
			<gpxtpx:course>301.0</gpxtpx:course>
		</gpxtpx:TrackPointExtension>
	</extensions>
</trkpt>
<trkpt lat="44.3828978" lon="14.8012905">
	<ele>5.07</ele>
	<time>2026-08-09T13:09:36.972Z</time>
	<hdop>3.79</hdop>
	<extensions>
		<gpxtpx:TrackPointExtension>
			<gpxtpx:course>298.0</gpxtpx:course>
		</gpxtpx:TrackPointExtension>
	</extensions>
</trkpt>
<trkpt lat="44.3829460" lon="14.8011489">
	<ele>0.78</ele>
	<time>2026-08-09T13:09:46.972Z</time>
	<hdop>3.79</hdop>
	<extensions>
		<gpxtpx:TrackPointExtension>
			<gpxtpx:course>290.0</gpxtpx:course>
		</gpxtpx:TrackPointExtension>
	</extensions>
</trkpt>
<trkpt lat="44.3829553" lon="14.8009816">
	<ele>-0.48</ele>
	<time>2026-08-09T13:09:57.972Z</time>
	<hdop>3.79</hdop>
	<extensions>
		<gpxtpx:TrackPointExtension>
			<gpxtpx:course>274.0</gpxtpx:course>
		</gpxtpx:TrackPointExtension>
	</extensions>
</trkpt>
<trkpt lat="44.3829493" lon="14.8008148">
	<ele>2.33</ele>
	<time>2026-08-09T13:10:08.971Z</time>
	<hdop>3.79</hdop>
	<extensions>
		<gpxtpx:TrackPointExtension>
			<gpxtpx:course>267.0</gpxtpx:course>
		</gpxtpx:TrackPointExtension>
	</extensions>
</trkpt>
<trkpt lat="44.3829424" lon="14.8006623">
	<ele>2.45</ele>
	<time>2026-08-09T13:10:18.971Z</time>
	<hdop>3.79</hdop>
	<extensions>
		<gpxtpx:TrackPointExtension>
			<gpxtpx:course>265.0</gpxtpx:course>
		</gpxtpx:TrackPointExtension>
	</extensions>
</trkpt>
<trkpt lat="44.3829220" lon="14.8005164">
	<ele>-2.69</ele>
	<time>2026-08-09T13:10:28.971Z</time>
	<hdop>3.79</hdop>
	<extensions>
		<gpxtpx:TrackPointExtension>
			<gpxtpx:course>256.0</gpxtpx:course>
		</gpxtpx:TrackPointExtension>
	</extensions>
</trkpt>
<trkpt lat="44.3829074" lon="14.8003655">
	<ele>-0.67</ele>
	<time>2026-08-09T13:10:38.972Z</time>
	<hdop>3.79</hdop>
	<extensions>
		<gpxtpx:TrackPointExtension>
			<gpxtpx:course>262.0</gpxtpx:course>
		</gpxtpx:TrackPointExtension>
	</extensions>
</trkpt>
<trkpt lat="44.3828951" lon="14.8001889">
	<ele>-0.44</ele>
	<time>2026-08-09T13:10:49.972Z</time>
	<hdop>3.79</hdop>
	<extensions>
		<gpxtpx:TrackPointExtension>
			<gpxtpx:course>263.0</gpxtpx:course>
		</gpxtpx:TrackPointExtension>
	</extensions>
</trkpt>
<trkpt lat="44.3828786" lon="14.8000566">
	<ele>-1.08</ele>
	<time>2026-08-09T13:10:59.972Z</time>
	<hdop>3.79</hdop>
	<extensions>
		<gpxtpx:TrackPointExtension>
			<gpxtpx:course>260.0</gpxtpx:course>
		</gpxtpx:TrackPointExtension>
	</extensions>
</trkpt>
<trkpt lat="44.3828686" lon="14.7999061">
	<ele>-5.76</ele>
	<time>2026-08-09T13:11:10.971Z</time>
	<hdop>3.79</hdop>
	<extensions>
		<gpxtpx:TrackPointExtension>
			<gpxtpx:course>266.0</gpxtpx:course>
		</gpxtpx:TrackPointExtension>
	</extensions>
</trkpt>
<trkpt lat="44.3828674" lon="14.7997801">
	<ele>-5.17</ele>
	<time>2026-08-09T13:11:20.972Z</time>
	<hdop>3.79</hdop>
	<extensions>
		<gpxtpx:TrackPointExtension>
			<gpxtpx:course>263.0</gpxtpx:course>
		</gpxtpx:TrackPointExtension>
	</extensions>
</trkpt>
<trkpt lat="44.3828457" lon="14.7996338">
	<ele>-2.47</ele>
	<time>2026-08-09T13:11:31.971Z</time>
	<hdop>3.79</hdop>
	<extensions>
		<gpxtpx:TrackPointExtension>
			<gpxtpx:course>264.0</gpxtpx:course>
		</gpxtpx:TrackPointExtension>
	</extensions>
</trkpt>
<trkpt lat="44.3828473" lon="14.7994988">
	<ele>-3.77</ele>
	<time>2026-08-09T13:11:42.970Z</time>
	<hdop>3.79</hdop>
	<extensions>
		<gpxtpx:TrackPointExtension>
			<gpxtpx:course>263.0</gpxtpx:course>
		</gpxtpx:TrackPointExtension>
	</extensions>
</trkpt>
<trkpt lat="44.3828385" lon="14.7993714">
	<ele>-4.85</ele>
	<time>2026-08-09T13:11:52.972Z</time>
	<hdop>3.79</hdop>
	<extensions>
		<gpxtpx:TrackPointExtension>
			<gpxtpx:course>264.0</gpxtpx:course>
		</gpxtpx:TrackPointExtension>
	</extensions>
</trkpt>
<trkpt lat="44.3828315" lon="14.7992362">
	<ele>-0.98</ele>
	<time>2026-08-09T13:12:03.970Z</time>
	<hdop>3.79</hdop>
	<extensions>
		<gpxtpx:TrackPointExtension>
			<gpxtpx:course>259.0</gpxtpx:course>
		</gpxtpx:TrackPointExtension>
	</extensions>
</trkpt>
<trkpt lat="44.3828155" lon="14.7991100">
	<ele>-0.97</ele>
	<time>2026-08-09T13:12:13.971Z</time>
	<hdop>3.79</hdop>
	<extensions>
		<gpxtpx:TrackPointExtension>
			<gpxtpx:course>263.0</gpxtpx:course>
		</gpxtpx:TrackPointExtension>
	</extensions>
</trkpt>
<trkpt lat="44.3828198" lon="14.7989752">
	<ele>-1.06</ele>
	<time>2026-08-09T13:12:24.969Z</time>
	<hdop>3.79</hdop>
	<extensions>
		<gpxtpx:TrackPointExtension>
			<gpxtpx:course>275.0</gpxtpx:course>
		</gpxtpx:TrackPointExtension>
	</extensions>
</trkpt>
<trkpt lat="44.3828171" lon="14.7988381">
	<ele>0.54</ele>
	<time>2026-08-09T13:12:35.972Z</time>
	<hdop>3.79</hdop>
	<extensions>
		<gpxtpx:TrackPointExtension>
			<gpxtpx:course>268.0</gpxtpx:course>
		</gpxtpx:TrackPointExtension>
	</extensions>
</trkpt>
<trkpt lat="44.3828189" lon="14.7987022">
	<ele>-7.44</ele>
	<time>2026-08-09T13:12:46.971Z</time>
	<hdop>3.79</hdop>
	<extensions>
		<gpxtpx:TrackPointExtension>
			<gpxtpx:course>273.0</gpxtpx:course>
		</gpxtpx:TrackPointExtension>
	</extensions>
</trkpt>
<trkpt lat="44.3828249" lon="14.7985750">
	<ele>-9.58</ele>
	<time>2026-08-09T13:12:56.972Z</time>
	<hdop>3.79</hdop>
	<extensions>
		<gpxtpx:TrackPointExtension>
			<gpxtpx:course>270.0</gpxtpx:course>
		</gpxtpx:TrackPointExtension>
	</extensions>
</trkpt>
<trkpt lat="44.3828209" lon="14.7984350">
	<ele>-8.23</ele>
	<time>2026-08-09T13:13:07.971Z</time>
	<hdop>3.79</hdop>
	<extensions>
		<gpxtpx:TrackPointExtension>
			<gpxtpx:course>268.0</gpxtpx:course>
		</gpxtpx:TrackPointExtension>
	</extensions>
</trkpt>
<trkpt lat="44.3828245" lon="14.7983078">
	<ele>-6.12</ele>
	<time>2026-08-09T13:13:17.971Z</time>
	<hdop>3.79</hdop>
	<extensions>
		<gpxtpx:TrackPointExtension>
			<gpxtpx:course>273.0</gpxtpx:course>
		</gpxtpx:TrackPointExtension>
	</extensions>
</trkpt>
<trkpt lat="44.3827297" lon="14.7982884">
	<ele>-3.28</ele>
	<time>2026-08-09T13:14:28.971Z</time>
	<hdop>4.14</hdop>
	<extensions>
		<gpxtpx:TrackPointExtension>
			<gpxtpx:course>152.17813</gpxtpx:course>
		</gpxtpx:TrackPointExtension>
	</extensions>
</trkpt>
<trkpt lat="44.3826404" lon="14.7983656">
	<ele>-0.97</ele>
	<time>2026-08-09T13:14:38.971Z</time>
	<hdop>4.01</hdop>
	<extensions>
		<gpxtpx:TrackPointExtension>
			<gpxtpx:course>123.10672</gpxtpx:course>
		</gpxtpx:TrackPointExtension>
	</extensions>
</trkpt>
<trkpt lat="44.3826634" lon="14.7985233">
	<ele>-5.45</ele>
	<time>2026-08-09T13:14:48.972Z</time>
	<hdop>4.12</hdop>
	<extensions>
		<gpxtpx:TrackPointExtension>
			<gpxtpx:course>36.486755</gpxtpx:course>
		</gpxtpx:TrackPointExtension>
	</extensions>
</trkpt>
<trkpt lat="44.3827553" lon="14.7985629">
	<ele>-4.09</ele>
	<time>2026-08-09T13:14:59.971Z</time>
	<hdop>3.70</hdop>
	<extensions>
		<gpxtpx:TrackPointExtension>
			<gpxtpx:course>344.12405</gpxtpx:course>
		</gpxtpx:TrackPointExtension>
	</extensions>
</trkpt>
<trkpt lat="44.3828131" lon="14.7984589">
	<ele>-1.00</ele>
	<time>2026-08-09T13:16:06.970Z</time>
	<hdop>3.06</hdop>
	<extensions>
		<gpxtpx:TrackPointExtension>
			<gpxtpx:course>324.82336</gpxtpx:course>
		</gpxtpx:TrackPointExtension>
	</extensions>
</trkpt>
<trkpt lat="44.3828919" lon="14.7983508">
	<ele>-1.01</ele>
	<time>2026-08-09T13:16:16.971Z</time>
	<hdop>3.36</hdop>
	<extensions>
		<gpxtpx:TrackPointExtension>
			<gpxtpx:course>307.14438</gpxtpx:course>
		</gpxtpx:TrackPointExtension>
	</extensions>
</trkpt>
<trkpt lat="44.3829430" lon="14.7982053">
	<ele>2.68</ele>
	<time>2026-08-09T13:16:26.971Z</time>
	<hdop>3.87</hdop>
	<extensions>
		<gpxtpx:TrackPointExtension>
			<gpxtpx:course>298.64752</gpxtpx:course>
		</gpxtpx:TrackPointExtension>
	</extensions>
</trkpt>
<trkpt lat="44.3830112" lon="14.7980727">
	<ele>6.53</ele>
	<time>2026-08-09T13:16:37.972Z</time>
	<hdop>3.76</hdop>
	<extensions>
		<gpxtpx:TrackPointExtension>
			<gpxtpx:course>306.6439</gpxtpx:course>
		</gpxtpx:TrackPointExtension>
	</extensions>
</trkpt>
<trkpt lat="44.3830784" lon="14.7979624">
	<ele>2.62</ele>
	<time>2026-08-09T13:16:48.970Z</time>
	<hdop>7.99</hdop>
	<extensions>
		<gpxtpx:TrackPointExtension>
			<gpxtpx:course>309.14844</gpxtpx:course>
		</gpxtpx:TrackPointExtension>
	</extensions>
</trkpt>
<trkpt lat="44.3831320" lon="14.7978457">
	<ele>-0.25</ele>
	<time>2026-08-09T13:16:58.970Z</time>
	<hdop>8.64</hdop>
	<extensions>
		<gpxtpx:TrackPointExtension>
			<gpxtpx:course>290.61935</gpxtpx:course>
		</gpxtpx:TrackPointExtension>
	</extensions>
</trkpt>
<trkpt lat="44.3831441" lon="14.7977174">
	<ele>-0.97</ele>
	<time>2026-08-09T13:17:09.972Z</time>
	<hdop>8.17</hdop>
	<extensions>
		<gpxtpx:TrackPointExtension>
			<gpxtpx:course>277.11807</gpxtpx:course>
		</gpxtpx:TrackPointExtension>
	</extensions>
</trkpt>
<trkpt lat="44.3831603" lon="14.7975817">
	<ele>-0.97</ele>
	<time>2026-08-09T13:17:20.970Z</time>
	<hdop>8.09</hdop>
	<extensions>
		<gpxtpx:TrackPointExtension>
			<gpxtpx:course>272.98993</gpxtpx:course>
		</gpxtpx:TrackPointExtension>
	</extensions>
</trkpt>
<trkpt lat="44.3831619" lon="14.7974472">
	<ele>-0.78</ele>
	<time>2026-08-09T13:17:31.970Z</time>
	<hdop>7.57</hdop>
	<extensions>
		<gpxtpx:TrackPointExtension>
			<gpxtpx:course>270.49738</gpxtpx:course>
		</gpxtpx:TrackPointExtension>
	</extensions>
</trkpt>
<trkpt lat="44.3832168" lon="14.7973472">
	<ele>0.39</ele>
	<time>2026-08-09T13:19:07.971Z</time>
	<hdop>7.07</hdop>
	<extensions>
		<gpxtpx:TrackPointExtension>
			<gpxtpx:course>266.7324</gpxtpx:course>
		</gpxtpx:TrackPointExtension>
	</extensions>
</trkpt>
<trkpt lat="44.3833036" lon="14.7973818">
	<ele>-0.97</ele>
	<time>2026-08-09T13:20:54.970Z</time>
	<hdop>3.79</hdop>
	<extensions>
		<gpxtpx:TrackPointExtension>
			<gpxtpx:course>41.0</gpxtpx:course>
		</gpxtpx:TrackPointExtension>
	</extensions>
</trkpt>
<trkpt lat="44.3832511" lon="14.7974946">
	<ele>-6.65</ele>
	<time>2026-08-09T13:21:24.970Z</time>
	<hdop>3.79</hdop>
	<extensions>
		<gpxtpx:TrackPointExtension>
			<gpxtpx:course>152.0</gpxtpx:course>
		</gpxtpx:TrackPointExtension>
	</extensions>
</trkpt>
<trkpt lat="44.3831256" lon="14.7974925">
	<ele>-4.99</ele>
	<time>2026-08-09T13:21:34.971Z</time>
	<hdop>3.79</hdop>
	<extensions>
		<gpxtpx:TrackPointExtension>
			<gpxtpx:course>204.0</gpxtpx:course>
		</gpxtpx:TrackPointExtension>
	</extensions>
</trkpt>
<trkpt lat="44.3830862" lon="14.7973743">
	<ele>-10.87</ele>
	<time>2026-08-09T13:21:59.969Z</time>
	<hdop>3.79</hdop>
	<extensions>
		<gpxtpx:TrackPointExtension>
			<gpxtpx:course>298.0</gpxtpx:course>
		</gpxtpx:TrackPointExtension>
	</extensions>
</trkpt>
<trkpt lat="44.3831693" lon="14.7973257">
	<ele>-8.31</ele>
	<time>2026-08-09T13:22:15.970Z</time>
	<hdop>3.79</hdop>
	<extensions>
		<gpxtpx:TrackPointExtension>
			<gpxtpx:course>346.0</gpxtpx:course>
		</gpxtpx:TrackPointExtension>
	</extensions>
</trkpt>
<trkpt lat="44.3831589" lon="14.7974517">
	<ele>-11.14</ele>
	<time>2026-08-09T13:23:04.971Z</time>
	<hdop>3.79</hdop>
	<extensions>
		<gpxtpx:TrackPointExtension>
			<gpxtpx:course>134.0</gpxtpx:course>
		</gpxtpx:TrackPointExtension>
	</extensions>
</trkpt>
<trkpt lat="44.3832531" lon="14.7974324">
	<ele>-4.23</ele>
	<time>2026-08-09T13:25:10.970Z</time>
	<hdop>3.79</hdop>
	<extensions>
		<gpxtpx:TrackPointExtension>
			<gpxtpx:course>318.0</gpxtpx:course>
		</gpxtpx:TrackPointExtension>
	</extensions>
</trkpt>
</trkseg>
</trk>
</gpx>
