<?xml version="1.0" encoding="utf-8" standalone="yes"?>
<gpx version="1.1" creator="Locus Map, Android"
 xmlns="http://www.topografix.com/GPX/1/1"
 xmlns:xsi="http://www.w3.org/2001/XMLSchema-instance"
 xsi:schemaLocation="http://www.topografix.com/GPX/1/1 http://www.topografix.com/GPX/1/1/gpx.xsd"
 xmlns:gpxx="http://www.garmin.com/xmlschemas/GpxExtensions/v3"
 xmlns:gpxtrkx="http://www.garmin.com/xmlschemas/TrackStatsExtension/v1"
 xmlns:gpxtpx="http://www.garmin.com/xmlschemas/TrackPointExtension/v2"
 xmlns:locus="http://www.locusmap.eu">
	<metadata>
		<desc>File with points/tracks from Locus Map Classic/3.70.17</desc>
		<time>2026-08-16T06:42:35.630Z</time>
	</metadata>
<trk>
<name>1. den sobota</name>
	<extensions>
		<line xmlns="http://www.topografix.com/GPX/gpx_style/0/2">
			<color>0000FF</color>
			<opacity>0.59</opacity>
			<width>6.0</width>
			<extensions>
				<locus:lsColorBase>#960000FF</locus:lsColorBase>
				<locus:lsWidth>6.0</locus:lsWidth>
				<locus:lsUnits>PIXELS</locus:lsUnits>
			</extensions>
		</line>
		<locus:activity>walking</locus:activity>
	</extensions>
<trkseg>
<trkpt lat="43.8898323" lon="15.5341902">
	<ele>-5.72</ele>
	<time>2026-08-08T16:07:11.988Z</time>
	<hdop>3.00</hdop>
</trkpt>
<trkpt lat="43.8898673" lon="15.5340659">
	<ele>2.45</ele>
	<time>2026-08-08T16:24:26.985Z</time>
	<hdop>3.43</hdop>
	<extensions>
		<gpxtpx:TrackPointExtension>
			<gpxtpx:course>288.65924</gpxtpx:course>
		</gpxtpx:TrackPointExtension>
	</extensions>
</trkpt>
<trkpt lat="43.8899209" lon="15.5339597">
	<ele>3.24</ele>
	<time>2026-08-08T16:24:39.985Z</time>
	<hdop>3.52</hdop>
	<extensions>
		<gpxtpx:TrackPointExtension>
			<gpxtpx:course>311.4166</gpxtpx:course>
		</gpxtpx:TrackPointExtension>
	</extensions>
</trkpt>
<trkpt lat="43.8899775" lon="15.5338616">
	<ele>2.45</ele>
	<time>2026-08-08T16:24:50.592Z</time>
	<hdop>3.76</hdop>
	<extensions>
		<gpxtpx:TrackPointExtension>
			<gpxtpx:course>312.2894</gpxtpx:course>
		</gpxtpx:TrackPointExtension>
	</extensions>
</trkpt>
<trkpt lat="43.8900487" lon="15.5337632">
	<ele>2.75</ele>
	<time>2026-08-08T16:25:00.996Z</time>
	<hdop>4.09</hdop>
	<extensions>
		<gpxtpx:TrackPointExtension>
			<gpxtpx:course>314.59665</gpxtpx:course>
		</gpxtpx:TrackPointExtension>
	</extensions>
</trkpt>
<trkpt lat="43.8901318" lon="15.5336653">
	<ele>0.61</ele>
	<time>2026-08-08T16:25:11.984Z</time>
	<hdop>3.95</hdop>
	<extensions>
		<gpxtpx:TrackPointExtension>
			<gpxtpx:course>318.3521</gpxtpx:course>
		</gpxtpx:TrackPointExtension>
	</extensions>
</trkpt>
<trkpt lat="43.8902180" lon="15.5335702">
	<ele>-20.28</ele>
	<time>2026-08-08T16:25:21.985Z</time>
	<hdop>6.62</hdop>
	<extensions>
		<gpxtpx:TrackPointExtension>
			<gpxtpx:course>321.5844</gpxtpx:course>
		</gpxtpx:TrackPointExtension>
	</extensions>
</trkpt>
<trkpt lat="43.8903143" lon="15.5334646">
	<ele>-0.43</ele>
	<time>2026-08-08T16:25:32.608Z</time>
	<hdop>3.79</hdop>
	<extensions>
		<gpxtpx:TrackPointExtension>
			<gpxtpx:course>322.0</gpxtpx:course>
		</gpxtpx:TrackPointExtension>
	</extensions>
</trkpt>
<trkpt lat="43.8904132" lon="15.5333633">
	<ele>2.42</ele>
	<time>2026-08-08T16:25:42.984Z</time>
	<hdop>9.31</hdop>
	<extensions>
		<gpxtpx:TrackPointExtension>
			<gpxtpx:course>324.52335</gpxtpx:course>
		</gpxtpx:TrackPointExtension>
	</extensions>
</trkpt>
<trkpt lat="43.8905310" lon="15.5332407">
	<ele>6.23</ele>
	<time>2026-08-08T16:25:52.985Z</time>
	<hdop>8.28</hdop>
	<extensions>
		<gpxtpx:TrackPointExtension>
			<gpxtpx:course>320.49564</gpxtpx:course>
		</gpxtpx:TrackPointExtension>
	</extensions>
</trkpt>
<trkpt lat="43.8906394" lon="15.5330874">
	<ele>14.18</ele>
	<time>2026-08-08T16:26:03.984Z</time>
	<hdop>8.88</hdop>
	<extensions>
		<gpxtpx:TrackPointExtension>
			<gpxtpx:course>311.35034</gpxtpx:course>
		</gpxtpx:TrackPointExtension>
	</extensions>
</trkpt>
<trkpt lat="43.8907250" lon="15.5329341">
	<ele>14.02</ele>
	<time>2026-08-08T16:26:13.984Z</time>
	<hdop>9.27</hdop>
	<extensions>
		<gpxtpx:TrackPointExtension>
			<gpxtpx:course>304.13666</gpxtpx:course>
		</gpxtpx:TrackPointExtension>
	</extensions>
</trkpt>
<trkpt lat="43.8908006" lon="15.5327744">
	<ele>16.88</ele>
	<time>2026-08-08T16:26:23.984Z</time>
	<hdop>8.98</hdop>
	<extensions>
		<gpxtpx:TrackPointExtension>
			<gpxtpx:course>297.5027</gpxtpx:course>
		</gpxtpx:TrackPointExtension>
	</extensions>
</trkpt>
<trkpt lat="43.8908537" lon="15.5326031">
	<ele>23.84</ele>
	<time>2026-08-08T16:26:33.984Z</time>
	<hdop>4.91</hdop>
	<extensions>
		<gpxtpx:TrackPointExtension>
			<gpxtpx:course>293.2401</gpxtpx:course>
		</gpxtpx:TrackPointExtension>
	</extensions>
</trkpt>
<trkpt lat="43.8908942" lon="15.5324189">
	<ele>29.00</ele>
	<time>2026-08-08T16:26:43.984Z</time>
	<hdop>4.17</hdop>
	<extensions>
		<gpxtpx:TrackPointExtension>
			<gpxtpx:course>280.32092</gpxtpx:course>
		</gpxtpx:TrackPointExtension>
	</extensions>
</trkpt>
<trkpt lat="43.8908886" lon="15.5322236">
	<ele>31.15</ele>
	<time>2026-08-08T16:26:53.984Z</time>
	<hdop>4.04</hdop>
	<extensions>
		<gpxtpx:TrackPointExtension>
			<gpxtpx:course>257.8454</gpxtpx:course>
		</gpxtpx:TrackPointExtension>
	</extensions>
</trkpt>
<trkpt lat="43.8908675" lon="15.5320284">
	<ele>31.63</ele>
	<time>2026-08-08T16:27:03.984Z</time>
	<hdop>4.14</hdop>
	<extensions>
		<gpxtpx:TrackPointExtension>
			<gpxtpx:course>259.15717</gpxtpx:course>
		</gpxtpx:TrackPointExtension>
	</extensions>
</trkpt>
<trkpt lat="43.8908344" lon="15.5318414">
	<ele>31.17</ele>
	<time>2026-08-08T16:27:13.984Z</time>
	<hdop>4.20</hdop>
	<extensions>
		<gpxtpx:TrackPointExtension>
			<gpxtpx:course>253.58194</gpxtpx:course>
		</gpxtpx:TrackPointExtension>
	</extensions>
</trkpt>
<trkpt lat="43.8907974" lon="15.5316539">
	<ele>30.52</ele>
	<time>2026-08-08T16:27:23.984Z</time>
	<hdop>3.92</hdop>
	<extensions>
		<gpxtpx:TrackPointExtension>
			<gpxtpx:course>250.10338</gpxtpx:course>
		</gpxtpx:TrackPointExtension>
	</extensions>
</trkpt>
<trkpt lat="43.8907571" lon="15.5314662">
	<ele>30.85</ele>
	<time>2026-08-08T16:27:33.984Z</time>
	<hdop>3.94</hdop>
	<extensions>
		<gpxtpx:TrackPointExtension>
			<gpxtpx:course>246.76593</gpxtpx:course>
		</gpxtpx:TrackPointExtension>
	</extensions>
</trkpt>
<trkpt lat="43.8907090" lon="15.5312834">
	<ele>28.78</ele>
	<time>2026-08-08T16:27:43.984Z</time>
	<hdop>4.09</hdop>
	<extensions>
		<gpxtpx:TrackPointExtension>
			<gpxtpx:course>248.62231</gpxtpx:course>
		</gpxtpx:TrackPointExtension>
	</extensions>
</trkpt>
<trkpt lat="43.8906472" lon="15.5310855">
	<ele>22.41</ele>
	<time>2026-08-08T16:27:54.984Z</time>
	<hdop>3.93</hdop>
	<extensions>
		<gpxtpx:TrackPointExtension>
			<gpxtpx:course>241.13028</gpxtpx:course>
		</gpxtpx:TrackPointExtension>
	</extensions>
</trkpt>
<trkpt lat="43.8905818" lon="15.5309090">
	<ele>23.80</ele>
	<time>2026-08-08T16:28:04.984Z</time>
	<hdop>4.24</hdop>
	<extensions>
		<gpxtpx:TrackPointExtension>
			<gpxtpx:course>240.04753</gpxtpx:course>
		</gpxtpx:TrackPointExtension>
	</extensions>
</trkpt>
<trkpt lat="43.8905189" lon="15.5307389">
	<ele>23.86</ele>
	<time>2026-08-08T16:28:14.984Z</time>
	<hdop>4.29</hdop>
	<extensions>
		<gpxtpx:TrackPointExtension>
			<gpxtpx:course>242.59225</gpxtpx:course>
		</gpxtpx:TrackPointExtension>
	</extensions>
</trkpt>
<trkpt lat="43.8904586" lon="15.5305606">
	<ele>24.41</ele>
	<time>2026-08-08T16:28:24.984Z</time>
	<hdop>4.06</hdop>
	<extensions>
		<gpxtpx:TrackPointExtension>
			<gpxtpx:course>243.99876</gpxtpx:course>
		</gpxtpx:TrackPointExtension>
	</extensions>
</trkpt>
<trkpt lat="43.8903844" lon="15.5303764">
	<ele>25.06</ele>
	<time>2026-08-08T16:28:35.983Z</time>
	<hdop>3.98</hdop>
	<extensions>
		<gpxtpx:TrackPointExtension>
			<gpxtpx:course>240.84587</gpxtpx:course>
		</gpxtpx:TrackPointExtension>
	</extensions>
</trkpt>
<trkpt lat="43.8903157" lon="15.5302021">
	<ele>24.60</ele>
	<time>2026-08-08T16:28:45.984Z</time>
	<hdop>3.79</hdop>
	<extensions>
		<gpxtpx:TrackPointExtension>
			<gpxtpx:course>242.98065</gpxtpx:course>
		</gpxtpx:TrackPointExtension>
	</extensions>
</trkpt>
<trkpt lat="43.8902358" lon="15.5300108">
	<ele>20.74</ele>
	<time>2026-08-08T16:28:56.983Z</time>
	<hdop>4.12</hdop>
	<extensions>
		<gpxtpx:TrackPointExtension>
			<gpxtpx:course>238.38922</gpxtpx:course>
		</gpxtpx:TrackPointExtension>
	</extensions>
</trkpt>
<trkpt lat="43.8901610" lon="15.5298368">
	<ele>17.07</ele>
	<time>2026-08-08T16:29:06.984Z</time>
	<hdop>3.86</hdop>
	<extensions>
		<gpxtpx:TrackPointExtension>
			<gpxtpx:course>236.77457</gpxtpx:course>
		</gpxtpx:TrackPointExtension>
	</extensions>
</trkpt>
<trkpt lat="43.8900800" lon="15.5296493">
	<ele>17.57</ele>
	<time>2026-08-08T16:29:17.983Z</time>
	<hdop>4.18</hdop>
	<extensions>
		<gpxtpx:TrackPointExtension>
			<gpxtpx:course>236.9865</gpxtpx:course>
		</gpxtpx:TrackPointExtension>
	</extensions>
</trkpt>
<trkpt lat="43.8900057" lon="15.5294753">
	<ele>18.10</ele>
	<time>2026-08-08T16:29:27.983Z</time>
	<hdop>4.08</hdop>
	<extensions>
		<gpxtpx:TrackPointExtension>
			<gpxtpx:course>237.15392</gpxtpx:course>
		</gpxtpx:TrackPointExtension>
	</extensions>
</trkpt>
<trkpt lat="43.8899286" lon="15.5293076">
	<ele>19.39</ele>
	<time>2026-08-08T16:29:37.983Z</time>
	<hdop>4.03</hdop>
	<extensions>
		<gpxtpx:TrackPointExtension>
			<gpxtpx:course>236.34293</gpxtpx:course>
		</gpxtpx:TrackPointExtension>
	</extensions>
</trkpt>
<trkpt lat="43.8898502" lon="15.5291425">
	<ele>19.06</ele>
	<time>2026-08-08T16:29:47.983Z</time>
	<hdop>3.67</hdop>
	<extensions>
		<gpxtpx:TrackPointExtension>
			<gpxtpx:course>232.13501</gpxtpx:course>
		</gpxtpx:TrackPointExtension>
	</extensions>
</trkpt>
<trkpt lat="43.8897689" lon="15.5289766">
	<ele>18.75</ele>
	<time>2026-08-08T16:29:57.983Z</time>
	<hdop>3.90</hdop>
	<extensions>
		<gpxtpx:TrackPointExtension>
			<gpxtpx:course>236.2976</gpxtpx:course>
		</gpxtpx:TrackPointExtension>
	</extensions>
</trkpt>
<trkpt lat="43.8896898" lon="15.5288122">
	<ele>18.55</ele>
	<time>2026-08-08T16:30:07.983Z</time>
	<hdop>4.00</hdop>
	<extensions>
		<gpxtpx:TrackPointExtension>
			<gpxtpx:course>235.44095</gpxtpx:course>
		</gpxtpx:TrackPointExtension>
	</extensions>
</trkpt>
<trkpt lat="43.8896090" lon="15.5286482">
	<ele>17.40</ele>
	<time>2026-08-08T16:30:17.983Z</time>
	<hdop>4.29</hdop>
	<extensions>
		<gpxtpx:TrackPointExtension>
			<gpxtpx:course>235.05219</gpxtpx:course>
		</gpxtpx:TrackPointExtension>
	</extensions>
</trkpt>
<trkpt lat="43.8895228" lon="15.5284892">
	<ele>17.36</ele>
	<time>2026-08-08T16:30:27.983Z</time>
	<hdop>4.02</hdop>
	<extensions>
		<gpxtpx:TrackPointExtension>
			<gpxtpx:course>232.12825</gpxtpx:course>
		</gpxtpx:TrackPointExtension>
	</extensions>
</trkpt>
<trkpt lat="43.8894415" lon="15.5283230">
	<ele>18.27</ele>
	<time>2026-08-08T16:30:37.983Z</time>
	<hdop>3.85</hdop>
	<extensions>
		<gpxtpx:TrackPointExtension>
			<gpxtpx:course>234.22176</gpxtpx:course>
		</gpxtpx:TrackPointExtension>
	</extensions>
</trkpt>
<trkpt lat="43.8893570" lon="15.5281592">
	<ele>19.13</ele>
	<time>2026-08-08T16:30:47.983Z</time>
	<hdop>3.92</hdop>
	<extensions>
		<gpxtpx:TrackPointExtension>
			<gpxtpx:course>232.78268</gpxtpx:course>
		</gpxtpx:TrackPointExtension>
	</extensions>
</trkpt>
<trkpt lat="43.8892729" lon="15.5279983">
	<ele>19.47</ele>
	<time>2026-08-08T16:30:57.983Z</time>
	<hdop>3.83</hdop>
	<extensions>
		<gpxtpx:TrackPointExtension>
			<gpxtpx:course>233.31766</gpxtpx:course>
		</gpxtpx:TrackPointExtension>
	</extensions>
</trkpt>
<trkpt lat="43.8891900" lon="15.5278363">
	<ele>19.01</ele>
	<time>2026-08-08T16:31:07.983Z</time>
	<hdop>3.90</hdop>
	<extensions>
		<gpxtpx:TrackPointExtension>
			<gpxtpx:course>236.0903</gpxtpx:course>
		</gpxtpx:TrackPointExtension>
	</extensions>
</trkpt>
<trkpt lat="43.8891007" lon="15.5276740">
	<ele>12.53</ele>
	<time>2026-08-08T16:31:17.983Z</time>
	<hdop>3.89</hdop>
	<extensions>
		<gpxtpx:TrackPointExtension>
			<gpxtpx:course>233.04495</gpxtpx:course>
		</gpxtpx:TrackPointExtension>
	</extensions>
</trkpt>
<trkpt lat="43.8890013" lon="15.5274956">
	<ele>11.68</ele>
	<time>2026-08-08T16:31:28.983Z</time>
	<hdop>4.05</hdop>
	<extensions>
		<gpxtpx:TrackPointExtension>
			<gpxtpx:course>228.64326</gpxtpx:course>
		</gpxtpx:TrackPointExtension>
	</extensions>
</trkpt>
<trkpt lat="43.8889101" lon="15.5273295">
	<ele>14.65</ele>
	<time>2026-08-08T16:31:38.983Z</time>
	<hdop>3.96</hdop>
	<extensions>
		<gpxtpx:TrackPointExtension>
			<gpxtpx:course>234.12889</gpxtpx:course>
		</gpxtpx:TrackPointExtension>
	</extensions>
</trkpt>
<trkpt lat="43.8888237" lon="15.5271642">
	<ele>17.07</ele>
	<time>2026-08-08T16:31:48.983Z</time>
	<hdop>4.04</hdop>
	<extensions>
		<gpxtpx:TrackPointExtension>
			<gpxtpx:course>236.49374</gpxtpx:course>
		</gpxtpx:TrackPointExtension>
	</extensions>
</trkpt>
<trkpt lat="43.8887412" lon="15.5269938">
	<ele>18.34</ele>
	<time>2026-08-08T16:31:58.983Z</time>
	<hdop>3.95</hdop>
	<extensions>
		<gpxtpx:TrackPointExtension>
			<gpxtpx:course>236.10736</gpxtpx:course>
		</gpxtpx:TrackPointExtension>
	</extensions>
</trkpt>
<trkpt lat="43.8886605" lon="15.5268226">
	<ele>20.09</ele>
	<time>2026-08-08T16:32:08.983Z</time>
	<hdop>4.01</hdop>
	<extensions>
		<gpxtpx:TrackPointExtension>
			<gpxtpx:course>238.66452</gpxtpx:course>
		</gpxtpx:TrackPointExtension>
	</extensions>
</trkpt>
<trkpt lat="43.8885784" lon="15.5266527">
	<ele>17.70</ele>
	<time>2026-08-08T16:32:18.983Z</time>
	<hdop>4.23</hdop>
	<extensions>
		<gpxtpx:TrackPointExtension>
			<gpxtpx:course>237.96005</gpxtpx:course>
		</gpxtpx:TrackPointExtension>
	</extensions>
</trkpt>
<trkpt lat="43.8884970" lon="15.5264837">
	<ele>18.01</ele>
	<time>2026-08-08T16:32:28.983Z</time>
	<hdop>3.88</hdop>
	<extensions>
		<gpxtpx:TrackPointExtension>
			<gpxtpx:course>234.7323</gpxtpx:course>
		</gpxtpx:TrackPointExtension>
	</extensions>
</trkpt>
<trkpt lat="43.8884152" lon="15.5263143">
	<ele>17.24</ele>
	<time>2026-08-08T16:32:38.983Z</time>
	<hdop>3.81</hdop>
	<extensions>
		<gpxtpx:TrackPointExtension>
			<gpxtpx:course>236.27129</gpxtpx:course>
		</gpxtpx:TrackPointExtension>
	</extensions>
</trkpt>
<trkpt lat="43.8883364" lon="15.5261365">
	<ele>0.89</ele>
	<time>2026-08-08T16:32:48.983Z</time>
	<hdop>4.16</hdop>
	<extensions>
		<gpxtpx:TrackPointExtension>
			<gpxtpx:course>242.7426</gpxtpx:course>
		</gpxtpx:TrackPointExtension>
	</extensions>
</trkpt>
<trkpt lat="43.8882634" lon="15.5259517">
	<ele>9.41</ele>
	<time>2026-08-08T16:32:58.983Z</time>
	<hdop>4.02</hdop>
	<extensions>
		<gpxtpx:TrackPointExtension>
			<gpxtpx:course>243.71498</gpxtpx:course>
		</gpxtpx:TrackPointExtension>
	</extensions>
</trkpt>
<trkpt lat="43.8881946" lon="15.5257730">
	<ele>15.95</ele>
	<time>2026-08-08T16:33:08.983Z</time>
	<hdop>3.97</hdop>
	<extensions>
		<gpxtpx:TrackPointExtension>
			<gpxtpx:course>241.33386</gpxtpx:course>
		</gpxtpx:TrackPointExtension>
	</extensions>
</trkpt>
<trkpt lat="43.8881301" lon="15.5255949">
	<ele>16.13</ele>
	<time>2026-08-08T16:33:18.983Z</time>
	<hdop>4.01</hdop>
	<extensions>
		<gpxtpx:TrackPointExtension>
			<gpxtpx:course>242.81898</gpxtpx:course>
		</gpxtpx:TrackPointExtension>
	</extensions>
</trkpt>
<trkpt lat="43.8880664" lon="15.5254162">
	<ele>16.03</ele>
	<time>2026-08-08T16:33:28.983Z</time>
	<hdop>4.03</hdop>
	<extensions>
		<gpxtpx:TrackPointExtension>
			<gpxtpx:course>243.96794</gpxtpx:course>
		</gpxtpx:TrackPointExtension>
	</extensions>
</trkpt>
<trkpt lat="43.8880034" lon="15.5252407">
	<ele>15.12</ele>
	<time>2026-08-08T16:33:38.983Z</time>
	<hdop>4.05</hdop>
	<extensions>
		<gpxtpx:TrackPointExtension>
			<gpxtpx:course>244.83815</gpxtpx:course>
		</gpxtpx:TrackPointExtension>
	</extensions>
</trkpt>
<trkpt lat="43.8879344" lon="15.5250440">
	<ele>15.17</ele>
	<time>2026-08-08T16:33:49.982Z</time>
	<hdop>3.93</hdop>
	<extensions>
		<gpxtpx:TrackPointExtension>
			<gpxtpx:course>244.76627</gpxtpx:course>
		</gpxtpx:TrackPointExtension>
	</extensions>
</trkpt>
<trkpt lat="43.8878754" lon="15.5248636">
	<ele>15.32</ele>
	<time>2026-08-08T16:33:59.982Z</time>
	<hdop>3.97</hdop>
	<extensions>
		<gpxtpx:TrackPointExtension>
			<gpxtpx:course>245.64043</gpxtpx:course>
		</gpxtpx:TrackPointExtension>
	</extensions>
</trkpt>
<trkpt lat="43.8878148" lon="15.5246849">
	<ele>14.27</ele>
	<time>2026-08-08T16:34:09.982Z</time>
	<hdop>3.95</hdop>
	<extensions>
		<gpxtpx:TrackPointExtension>
			<gpxtpx:course>245.78896</gpxtpx:course>
		</gpxtpx:TrackPointExtension>
	</extensions>
</trkpt>
<trkpt lat="43.8877484" lon="15.5245016">
	<ele>12.65</ele>
	<time>2026-08-08T16:34:19.982Z</time>
	<hdop>3.88</hdop>
	<extensions>
		<gpxtpx:TrackPointExtension>
			<gpxtpx:course>240.6994</gpxtpx:course>
		</gpxtpx:TrackPointExtension>
	</extensions>
</trkpt>
<trkpt lat="43.8876842" lon="15.5243144">
	<ele>15.76</ele>
	<time>2026-08-08T16:34:29.982Z</time>
	<hdop>3.93</hdop>
	<extensions>
		<gpxtpx:TrackPointExtension>
			<gpxtpx:course>242.6543</gpxtpx:course>
		</gpxtpx:TrackPointExtension>
	</extensions>
</trkpt>
<trkpt lat="43.8876183" lon="15.5241375">
	<ele>15.67</ele>
	<time>2026-08-08T16:34:39.982Z</time>
	<hdop>3.94</hdop>
	<extensions>
		<gpxtpx:TrackPointExtension>
			<gpxtpx:course>244.43549</gpxtpx:course>
		</gpxtpx:TrackPointExtension>
	</extensions>
</trkpt>
<trkpt lat="43.8875448" lon="15.5239629">
	<ele>12.47</ele>
	<time>2026-08-08T16:34:49.982Z</time>
	<hdop>4.06</hdop>
	<extensions>
		<gpxtpx:TrackPointExtension>
			<gpxtpx:course>239.1148</gpxtpx:course>
		</gpxtpx:TrackPointExtension>
	</extensions>
</trkpt>
<trkpt lat="43.8874704" lon="15.5237897">
	<ele>15.49</ele>
	<time>2026-08-08T16:34:59.982Z</time>
	<hdop>3.88</hdop>
	<extensions>
		<gpxtpx:TrackPointExtension>
			<gpxtpx:course>237.8012</gpxtpx:course>
		</gpxtpx:TrackPointExtension>
	</extensions>
</trkpt>
<trkpt lat="43.8873939" lon="15.5236161">
	<ele>13.17</ele>
	<time>2026-08-08T16:35:09.982Z</time>
	<hdop>3.98</hdop>
	<extensions>
		<gpxtpx:TrackPointExtension>
			<gpxtpx:course>239.58923</gpxtpx:course>
		</gpxtpx:TrackPointExtension>
	</extensions>
</trkpt>
<trkpt lat="43.8873130" lon="15.5234449">
	<ele>8.73</ele>
	<time>2026-08-08T16:35:19.982Z</time>
	<hdop>3.96</hdop>
	<extensions>
		<gpxtpx:TrackPointExtension>
			<gpxtpx:course>238.14233</gpxtpx:course>
		</gpxtpx:TrackPointExtension>
	</extensions>
</trkpt>
<trkpt lat="43.8872253" lon="15.5232532">
	<ele>7.24</ele>
	<time>2026-08-08T16:35:30.982Z</time>
	<hdop>3.85</hdop>
	<extensions>
		<gpxtpx:TrackPointExtension>
			<gpxtpx:course>237.31413</gpxtpx:course>
		</gpxtpx:TrackPointExtension>
	</extensions>
</trkpt>
<trkpt lat="43.8871426" lon="15.5230799">
	<ele>8.18</ele>
	<time>2026-08-08T16:35:40.982Z</time>
	<hdop>4.00</hdop>
	<extensions>
		<gpxtpx:TrackPointExtension>
			<gpxtpx:course>236.91673</gpxtpx:course>
		</gpxtpx:TrackPointExtension>
	</extensions>
</trkpt>
<trkpt lat="43.8870604" lon="15.5229039">
	<ele>9.24</ele>
	<time>2026-08-08T16:35:50.982Z</time>
	<hdop>4.07</hdop>
	<extensions>
		<gpxtpx:TrackPointExtension>
			<gpxtpx:course>236.25435</gpxtpx:course>
		</gpxtpx:TrackPointExtension>
	</extensions>
</trkpt>
<trkpt lat="43.8869829" lon="15.5227262">
	<ele>10.45</ele>
	<time>2026-08-08T16:36:00.982Z</time>
	<hdop>4.01</hdop>
	<extensions>
		<gpxtpx:TrackPointExtension>
			<gpxtpx:course>239.63326</gpxtpx:course>
		</gpxtpx:TrackPointExtension>
	</extensions>
</trkpt>
<trkpt lat="43.8869015" lon="15.5225500">
	<ele>9.14</ele>
	<time>2026-08-08T16:36:10.986Z</time>
	<hdop>4.24</hdop>
	<extensions>
		<gpxtpx:TrackPointExtension>
			<gpxtpx:course>239.15532</gpxtpx:course>
		</gpxtpx:TrackPointExtension>
	</extensions>
</trkpt>
<trkpt lat="43.8868131" lon="15.5223525">
	<ele>0.87</ele>
	<time>2026-08-08T16:36:21.983Z</time>
	<hdop>4.07</hdop>
	<extensions>
		<gpxtpx:TrackPointExtension>
			<gpxtpx:course>239.18895</gpxtpx:course>
		</gpxtpx:TrackPointExtension>
	</extensions>
</trkpt>
<trkpt lat="43.8867338" lon="15.5221730">
	<ele>2.35</ele>
	<time>2026-08-08T16:36:31.983Z</time>
	<hdop>3.95</hdop>
	<extensions>
		<gpxtpx:TrackPointExtension>
			<gpxtpx:course>238.08183</gpxtpx:course>
		</gpxtpx:TrackPointExtension>
	</extensions>
</trkpt>
<trkpt lat="43.8866431" lon="15.5219733">
	<ele>5.83</ele>
	<time>2026-08-08T16:36:42.982Z</time>
	<hdop>3.99</hdop>
	<extensions>
		<gpxtpx:TrackPointExtension>
			<gpxtpx:course>236.4075</gpxtpx:course>
		</gpxtpx:TrackPointExtension>
	</extensions>
</trkpt>
<trkpt lat="43.8865598" lon="15.5217982">
	<ele>10.19</ele>
	<time>2026-08-08T16:36:52.982Z</time>
	<hdop>3.94</hdop>
	<extensions>
		<gpxtpx:TrackPointExtension>
			<gpxtpx:course>235.16646</gpxtpx:course>
		</gpxtpx:TrackPointExtension>
	</extensions>
</trkpt>
<trkpt lat="43.8864727" lon="15.5216281">
	<ele>7.10</ele>
	<time>2026-08-08T16:37:02.982Z</time>
	<hdop>4.18</hdop>
	<extensions>
		<gpxtpx:TrackPointExtension>
			<gpxtpx:course>234.39696</gpxtpx:course>
		</gpxtpx:TrackPointExtension>
	</extensions>
</trkpt>
<trkpt lat="43.8863800" lon="15.5214596">
	<ele>6.62</ele>
	<time>2026-08-08T16:37:12.983Z</time>
	<hdop>4.17</hdop>
	<extensions>
		<gpxtpx:TrackPointExtension>
			<gpxtpx:course>232.61096</gpxtpx:course>
		</gpxtpx:TrackPointExtension>
	</extensions>
</trkpt>
<trkpt lat="43.8862375" lon="15.5212057">
	<ele>5.81</ele>
	<time>2026-08-08T16:37:23.983Z</time>
	<hdop>4.39</hdop>
	<extensions>
		<gpxtpx:TrackPointExtension>
			<gpxtpx:course>229.32637</gpxtpx:course>
		</gpxtpx:TrackPointExtension>
	</extensions>
</trkpt>
<trkpt lat="43.8860978" lon="15.5208714">
	<ele>8.09</ele>
	<time>2026-08-08T16:37:34.982Z</time>
	<hdop>4.79</hdop>
	<extensions>
		<gpxtpx:TrackPointExtension>
			<gpxtpx:course>242.29404</gpxtpx:course>
		</gpxtpx:TrackPointExtension>
	</extensions>
</trkpt>
<trkpt lat="43.8859817" lon="15.5205482">
	<ele>8.39</ele>
	<time>2026-08-08T16:37:44.982Z</time>
	<hdop>4.29</hdop>
	<extensions>
		<gpxtpx:TrackPointExtension>
			<gpxtpx:course>242.71635</gpxtpx:course>
		</gpxtpx:TrackPointExtension>
	</extensions>
</trkpt>
<trkpt lat="43.8858545" lon="15.5202340">
	<ele>8.43</ele>
	<time>2026-08-08T16:37:54.982Z</time>
	<hdop>4.47</hdop>
	<extensions>
		<gpxtpx:TrackPointExtension>
			<gpxtpx:course>238.44922</gpxtpx:course>
		</gpxtpx:TrackPointExtension>
	</extensions>
</trkpt>
<trkpt lat="43.8857147" lon="15.5199274">
	<ele>9.67</ele>
	<time>2026-08-08T16:38:04.982Z</time>
	<hdop>4.38</hdop>
	<extensions>
		<gpxtpx:TrackPointExtension>
			<gpxtpx:course>233.6835</gpxtpx:course>
		</gpxtpx:TrackPointExtension>
	</extensions>
</trkpt>
<trkpt lat="43.8855575" lon="15.5196334">
	<ele>7.78</ele>
	<time>2026-08-08T16:38:14.983Z</time>
	<hdop>4.34</hdop>
	<extensions>
		<gpxtpx:TrackPointExtension>
			<gpxtpx:course>238.2618</gpxtpx:course>
		</gpxtpx:TrackPointExtension>
	</extensions>
</trkpt>
<trkpt lat="43.8854055" lon="15.5192954">
	<ele>5.69</ele>
	<time>2026-08-08T16:38:25.982Z</time>
	<hdop>4.67</hdop>
	<extensions>
		<gpxtpx:TrackPointExtension>
			<gpxtpx:course>234.75278</gpxtpx:course>
		</gpxtpx:TrackPointExtension>
	</extensions>
</trkpt>
<trkpt lat="43.8852224" lon="15.5189758">
	<ele>6.18</ele>
	<time>2026-08-08T16:38:35.982Z</time>
	<hdop>4.54</hdop>
	<extensions>
		<gpxtpx:TrackPointExtension>
			<gpxtpx:course>230.30627</gpxtpx:course>
		</gpxtpx:TrackPointExtension>
	</extensions>
</trkpt>
<trkpt lat="43.8850116" lon="15.5186451">
	<ele>6.24</ele>
	<time>2026-08-08T16:38:45.982Z</time>
	<hdop>4.52</hdop>
	<extensions>
		<gpxtpx:TrackPointExtension>
			<gpxtpx:course>229.46213</gpxtpx:course>
		</gpxtpx:TrackPointExtension>
	</extensions>
</trkpt>
<trkpt lat="43.8848008" lon="15.5182986">
	<ele>8.21</ele>
	<time>2026-08-08T16:38:55.982Z</time>
	<hdop>4.64</hdop>
	<extensions>
		<gpxtpx:TrackPointExtension>
			<gpxtpx:course>229.14626</gpxtpx:course>
		</gpxtpx:TrackPointExtension>
	</extensions>
</trkpt>
<trkpt lat="43.8845702" lon="15.5179251">
	<ele>10.36</ele>
	<time>2026-08-08T16:39:06.981Z</time>
	<hdop>5.00</hdop>
	<extensions>
		<gpxtpx:TrackPointExtension>
			<gpxtpx:course>226.89522</gpxtpx:course>
		</gpxtpx:TrackPointExtension>
	</extensions>
</trkpt>
<trkpt lat="43.8843447" lon="15.5176246">
	<ele>8.44</ele>
	<time>2026-08-08T16:39:16.981Z</time>
	<hdop>4.49</hdop>
	<extensions>
		<gpxtpx:TrackPointExtension>
			<gpxtpx:course>226.53195</gpxtpx:course>
		</gpxtpx:TrackPointExtension>
	</extensions>
</trkpt>
<trkpt lat="43.8841288" lon="15.5173178">
	<ele>9.24</ele>
	<time>2026-08-08T16:39:26.981Z</time>
	<hdop>4.97</hdop>
	<extensions>
		<gpxtpx:TrackPointExtension>
			<gpxtpx:course>231.40752</gpxtpx:course>
		</gpxtpx:TrackPointExtension>
	</extensions>
</trkpt>
<trkpt lat="43.8839233" lon="15.5170050">
	<ele>8.50</ele>
	<time>2026-08-08T16:39:36.981Z</time>
	<hdop>4.95</hdop>
	<extensions>
		<gpxtpx:TrackPointExtension>
			<gpxtpx:course>232.82877</gpxtpx:course>
		</gpxtpx:TrackPointExtension>
	</extensions>
</trkpt>
<trkpt lat="43.8837344" lon="15.5166757">
	<ele>8.45</ele>
	<time>2026-08-08T16:39:46.981Z</time>
	<hdop>4.57</hdop>
	<extensions>
		<gpxtpx:TrackPointExtension>
			<gpxtpx:course>233.74913</gpxtpx:course>
		</gpxtpx:TrackPointExtension>
	</extensions>
</trkpt>
<trkpt lat="43.8835296" lon="15.5163575">
	<ele>8.33</ele>
	<time>2026-08-08T16:39:56.981Z</time>
	<hdop>4.67</hdop>
	<extensions>
		<gpxtpx:TrackPointExtension>
			<gpxtpx:course>230.38753</gpxtpx:course>
		</gpxtpx:TrackPointExtension>
	</extensions>
</trkpt>
<trkpt lat="43.8833145" lon="15.5160589">
	<ele>7.95</ele>
	<time>2026-08-08T16:40:06.981Z</time>
	<hdop>4.75</hdop>
	<extensions>
		<gpxtpx:TrackPointExtension>
			<gpxtpx:course>226.68777</gpxtpx:course>
		</gpxtpx:TrackPointExtension>
	</extensions>
</trkpt>
<trkpt lat="43.8831118" lon="15.5157444">
	<ele>8.00</ele>
	<time>2026-08-08T16:40:16.982Z</time>
	<hdop>5.06</hdop>
	<extensions>
		<gpxtpx:TrackPointExtension>
			<gpxtpx:course>230.70518</gpxtpx:course>
		</gpxtpx:TrackPointExtension>
	</extensions>
</trkpt>
<trkpt lat="43.8828717" lon="15.5154109">
	<ele>7.93</ele>
	<time>2026-08-08T16:40:27.981Z</time>
	<hdop>4.89</hdop>
	<extensions>
		<gpxtpx:TrackPointExtension>
			<gpxtpx:course>223.01865</gpxtpx:course>
		</gpxtpx:TrackPointExtension>
	</extensions>
</trkpt>
<trkpt lat="43.8826552" lon="15.5151072">
	<ele>7.69</ele>
	<time>2026-08-08T16:40:37.981Z</time>
	<hdop>4.59</hdop>
	<extensions>
		<gpxtpx:TrackPointExtension>
			<gpxtpx:course>227.81041</gpxtpx:course>
		</gpxtpx:TrackPointExtension>
	</extensions>
</trkpt>
<trkpt lat="43.8824393" lon="15.5148020">
	<ele>7.98</ele>
	<time>2026-08-08T16:40:47.981Z</time>
	<hdop>4.59</hdop>
	<extensions>
		<gpxtpx:TrackPointExtension>
			<gpxtpx:course>226.89658</gpxtpx:course>
		</gpxtpx:TrackPointExtension>
	</extensions>
</trkpt>
<trkpt lat="43.8822293" lon="15.5144910">
	<ele>7.82</ele>
	<time>2026-08-08T16:40:57.982Z</time>
	<hdop>4.46</hdop>
	<extensions>
		<gpxtpx:TrackPointExtension>
			<gpxtpx:course>227.32178</gpxtpx:course>
		</gpxtpx:TrackPointExtension>
	</extensions>
</trkpt>
<trkpt lat="43.8819989" lon="15.5141561">
	<ele>6.84</ele>
	<time>2026-08-08T16:41:08.981Z</time>
	<hdop>4.63</hdop>
	<extensions>
		<gpxtpx:TrackPointExtension>
			<gpxtpx:course>222.89098</gpxtpx:course>
		</gpxtpx:TrackPointExtension>
	</extensions>
</trkpt>
<trkpt lat="43.8817786" lon="15.5138602">
	<ele>7.34</ele>
	<time>2026-08-08T16:41:18.981Z</time>
	<hdop>4.82</hdop>
	<extensions>
		<gpxtpx:TrackPointExtension>
			<gpxtpx:course>225.9412</gpxtpx:course>
		</gpxtpx:TrackPointExtension>
	</extensions>
</trkpt>
<trkpt lat="43.8815620" lon="15.5135564">
	<ele>7.04</ele>
	<time>2026-08-08T16:41:28.981Z</time>
	<hdop>4.62</hdop>
	<extensions>
		<gpxtpx:TrackPointExtension>
			<gpxtpx:course>224.72292</gpxtpx:course>
		</gpxtpx:TrackPointExtension>
	</extensions>
</trkpt>
<trkpt lat="43.8813611" lon="15.5132394">
	<ele>5.40</ele>
	<time>2026-08-08T16:41:38.981Z</time>
	<hdop>4.70</hdop>
	<extensions>
		<gpxtpx:TrackPointExtension>
			<gpxtpx:course>230.33514</gpxtpx:course>
		</gpxtpx:TrackPointExtension>
	</extensions>
</trkpt>
<trkpt lat="43.8811807" lon="15.5129057">
	<ele>6.79</ele>
	<time>2026-08-08T16:41:48.981Z</time>
	<hdop>4.35</hdop>
	<extensions>
		<gpxtpx:TrackPointExtension>
			<gpxtpx:course>236.54155</gpxtpx:course>
		</gpxtpx:TrackPointExtension>
	</extensions>
</trkpt>
<trkpt lat="43.8810388" lon="15.5125431">
	<ele>7.85</ele>
	<time>2026-08-08T16:41:58.981Z</time>
	<hdop>4.51</hdop>
	<extensions>
		<gpxtpx:TrackPointExtension>
			<gpxtpx:course>246.36949</gpxtpx:course>
		</gpxtpx:TrackPointExtension>
	</extensions>
</trkpt>
<trkpt lat="43.8809050" lon="15.5121746">
	<ele>8.16</ele>
	<time>2026-08-08T16:42:08.981Z</time>
	<hdop>4.65</hdop>
	<extensions>
		<gpxtpx:TrackPointExtension>
			<gpxtpx:course>245.51424</gpxtpx:course>
		</gpxtpx:TrackPointExtension>
	</extensions>
</trkpt>
<trkpt lat="43.8807717" lon="15.5118011">
	<ele>7.28</ele>
	<time>2026-08-08T16:42:18.982Z</time>
	<hdop>4.55</hdop>
	<extensions>
		<gpxtpx:TrackPointExtension>
			<gpxtpx:course>240.9696</gpxtpx:course>
		</gpxtpx:TrackPointExtension>
	</extensions>
</trkpt>
<trkpt lat="43.8806411" lon="15.5113849">
	<ele>7.62</ele>
	<time>2026-08-08T16:42:29.981Z</time>
	<hdop>4.96</hdop>
	<extensions>
		<gpxtpx:TrackPointExtension>
			<gpxtpx:course>247.52882</gpxtpx:course>
		</gpxtpx:TrackPointExtension>
	</extensions>
</trkpt>
<trkpt lat="43.8805306" lon="15.5110061">
	<ele>7.72</ele>
	<time>2026-08-08T16:42:39.981Z</time>
	<hdop>4.30</hdop>
	<extensions>
		<gpxtpx:TrackPointExtension>
			<gpxtpx:course>251.66805</gpxtpx:course>
		</gpxtpx:TrackPointExtension>
	</extensions>
</trkpt>
<trkpt lat="43.8804233" lon="15.5106183">
	<ele>7.15</ele>
	<time>2026-08-08T16:42:49.981Z</time>
	<hdop>4.32</hdop>
	<extensions>
		<gpxtpx:TrackPointExtension>
			<gpxtpx:course>247.55124</gpxtpx:course>
		</gpxtpx:TrackPointExtension>
	</extensions>
</trkpt>
<trkpt lat="43.8803287" lon="15.5102280">
	<ele>6.78</ele>
	<time>2026-08-08T16:42:59.982Z</time>
	<hdop>4.53</hdop>
	<extensions>
		<gpxtpx:TrackPointExtension>
			<gpxtpx:course>251.75719</gpxtpx:course>
		</gpxtpx:TrackPointExtension>
	</extensions>
</trkpt>
<trkpt lat="43.8802078" lon="15.5098090">
	<ele>6.19</ele>
	<time>2026-08-08T16:43:10.981Z</time>
	<hdop>4.60</hdop>
	<extensions>
		<gpxtpx:TrackPointExtension>
			<gpxtpx:course>247.46771</gpxtpx:course>
		</gpxtpx:TrackPointExtension>
	</extensions>
</trkpt>
<trkpt lat="43.8801023" lon="15.5093800">
	<ele>6.24</ele>
	<time>2026-08-08T16:43:21.981Z</time>
	<hdop>4.90</hdop>
	<extensions>
		<gpxtpx:TrackPointExtension>
			<gpxtpx:course>250.23671</gpxtpx:course>
		</gpxtpx:TrackPointExtension>
	</extensions>
</trkpt>
<trkpt lat="43.8800323" lon="15.5090554">
	<ele>5.00</ele>
	<time>2026-08-08T16:43:32.445Z</time>
	<hdop>5.56</hdop>
	<extensions>
		<gpxtpx:TrackPointExtension>
			<gpxtpx:course>229.39302</gpxtpx:course>
		</gpxtpx:TrackPointExtension>
	</extensions>
</trkpt>
<trkpt lat="43.8799720" lon="15.5086598">
	<ele>-9.95</ele>
	<time>2026-08-08T16:43:42.982Z</time>
	<hdop>3.74</hdop>
	<extensions>
		<gpxtpx:TrackPointExtension>
			<gpxtpx:course>242.0788</gpxtpx:course>
		</gpxtpx:TrackPointExtension>
	</extensions>
</trkpt>
<trkpt lat="43.8799026" lon="15.5082174">
	<ele>-21.77</ele>
	<time>2026-08-08T16:43:53.981Z</time>
	<hdop>3.19</hdop>
	<extensions>
		<gpxtpx:TrackPointExtension>
			<gpxtpx:course>261.1821</gpxtpx:course>
		</gpxtpx:TrackPointExtension>
	</extensions>
</trkpt>
<trkpt lat="43.8798307" lon="15.5078285">
	<ele>-15.29</ele>
	<time>2026-08-08T16:44:04.427Z</time>
	<hdop>4.36</hdop>
	<extensions>
		<gpxtpx:TrackPointExtension>
			<gpxtpx:course>301.3172</gpxtpx:course>
		</gpxtpx:TrackPointExtension>
	</extensions>
</trkpt>
<trkpt lat="43.8797777" lon="15.5074040">
	<ele>-12.59</ele>
	<time>2026-08-08T16:44:14.980Z</time>
	<hdop>3.78</hdop>
	<extensions>
		<gpxtpx:TrackPointExtension>
			<gpxtpx:course>274.55682</gpxtpx:course>
		</gpxtpx:TrackPointExtension>
	</extensions>
</trkpt>
<trkpt lat="43.8796701" lon="15.5071008">
	<ele>-19.47</ele>
	<time>2026-08-08T16:44:24.981Z</time>
	<hdop>3.56</hdop>
	<extensions>
		<gpxtpx:TrackPointExtension>
			<gpxtpx:course>144.5591</gpxtpx:course>
		</gpxtpx:TrackPointExtension>
	</extensions>
</trkpt>
<trkpt lat="43.8796505" lon="15.5066505">
	<ele>-19.55</ele>
	<time>2026-08-08T16:44:34.981Z</time>
	<hdop>4.94</hdop>
	<extensions>
		<gpxtpx:TrackPointExtension>
			<gpxtpx:course>309.21008</gpxtpx:course>
		</gpxtpx:TrackPointExtension>
	</extensions>
</trkpt>
<trkpt lat="43.8795589" lon="15.5061867">
	<ele>-11.50</ele>
	<time>2026-08-08T16:44:45.981Z</time>
	<hdop>3.08</hdop>
	<extensions>
		<gpxtpx:TrackPointExtension>
			<gpxtpx:course>251.45972</gpxtpx:course>
		</gpxtpx:TrackPointExtension>
	</extensions>
</trkpt>
<trkpt lat="43.8795243" lon="15.5057826">
	<ele>-8.42</ele>
	<time>2026-08-08T16:44:55.981Z</time>
	<hdop>3.67</hdop>
	<extensions>
		<gpxtpx:TrackPointExtension>
			<gpxtpx:course>265.3874</gpxtpx:course>
		</gpxtpx:TrackPointExtension>
	</extensions>
</trkpt>
<trkpt lat="43.8794483" lon="15.5053389">
	<ele>0.50</ele>
	<time>2026-08-08T16:45:06.981Z</time>
	<hdop>5.54</hdop>
	<extensions>
		<gpxtpx:TrackPointExtension>
			<gpxtpx:course>243.6524</gpxtpx:course>
		</gpxtpx:TrackPointExtension>
	</extensions>
</trkpt>
<trkpt lat="43.8793998" lon="15.5049398">
	<ele>7.58</ele>
	<time>2026-08-08T16:45:16.982Z</time>
	<hdop>4.64</hdop>
	<extensions>
		<gpxtpx:TrackPointExtension>
			<gpxtpx:course>256.13657</gpxtpx:course>
		</gpxtpx:TrackPointExtension>
	</extensions>
</trkpt>
<trkpt lat="43.8793523" lon="15.5045176">
	<ele>22.64</ele>
	<time>2026-08-08T16:45:27.980Z</time>
	<hdop>4.04</hdop>
	<extensions>
		<gpxtpx:TrackPointExtension>
			<gpxtpx:course>262.0</gpxtpx:course>
		</gpxtpx:TrackPointExtension>
	</extensions>
</trkpt>
<trkpt lat="43.8793076" lon="15.5041273">
	<ele>31.95</ele>
	<time>2026-08-08T16:45:37.980Z</time>
	<hdop>3.79</hdop>
	<extensions>
		<gpxtpx:TrackPointExtension>
			<gpxtpx:course>260.0</gpxtpx:course>
		</gpxtpx:TrackPointExtension>
	</extensions>
</trkpt>
<trkpt lat="43.8792624" lon="15.5037268">
	<ele>37.88</ele>
	<time>2026-08-08T16:45:47.981Z</time>
	<hdop>3.79</hdop>
	<extensions>
		<gpxtpx:TrackPointExtension>
			<gpxtpx:course>260.0</gpxtpx:course>
		</gpxtpx:TrackPointExtension>
	</extensions>
</trkpt>
<trkpt lat="43.8792027" lon="15.5032841">
	<ele>37.61</ele>
	<time>2026-08-08T16:45:58.979Z</time>
	<hdop>3.79</hdop>
	<extensions>
		<gpxtpx:TrackPointExtension>
			<gpxtpx:course>260.0</gpxtpx:course>
		</gpxtpx:TrackPointExtension>
	</extensions>
</trkpt>
<trkpt lat="43.8791570" lon="15.5028934">
	<ele>38.47</ele>
	<time>2026-08-08T16:46:08.980Z</time>
	<hdop>3.79</hdop>
	<extensions>
		<gpxtpx:TrackPointExtension>
			<gpxtpx:course>257.0</gpxtpx:course>
		</gpxtpx:TrackPointExtension>
	</extensions>
</trkpt>
<trkpt lat="43.8791174" lon="15.5024951">
	<ele>37.21</ele>
	<time>2026-08-08T16:46:18.980Z</time>
	<hdop>3.79</hdop>
	<extensions>
		<gpxtpx:TrackPointExtension>
			<gpxtpx:course>261.0</gpxtpx:course>
		</gpxtpx:TrackPointExtension>
	</extensions>
</trkpt>
<trkpt lat="43.8790753" lon="15.5020920">
	<ele>38.09</ele>
	<time>2026-08-08T16:46:28.981Z</time>
	<hdop>3.79</hdop>
	<extensions>
		<gpxtpx:TrackPointExtension>
			<gpxtpx:course>259.0</gpxtpx:course>
		</gpxtpx:TrackPointExtension>
	</extensions>
</trkpt>
<trkpt lat="43.8790300" lon="15.5016423">
	<ele>34.93</ele>
	<time>2026-08-08T16:46:39.980Z</time>
	<hdop>3.79</hdop>
	<extensions>
		<gpxtpx:TrackPointExtension>
			<gpxtpx:course>260.0</gpxtpx:course>
		</gpxtpx:TrackPointExtension>
	</extensions>
</trkpt>
<trkpt lat="43.8789799" lon="15.5012572">
	<ele>34.24</ele>
	<time>2026-08-08T16:46:49.981Z</time>
	<hdop>3.79</hdop>
	<extensions>
		<gpxtpx:TrackPointExtension>
			<gpxtpx:course>259.0</gpxtpx:course>
		</gpxtpx:TrackPointExtension>
	</extensions>
</trkpt>
<trkpt lat="43.8789211" lon="15.5008110">
	<ele>23.04</ele>
	<time>2026-08-08T16:47:00.980Z</time>
	<hdop>3.79</hdop>
	<extensions>
		<gpxtpx:TrackPointExtension>
			<gpxtpx:course>260.0</gpxtpx:course>
		</gpxtpx:TrackPointExtension>
	</extensions>
</trkpt>
<trkpt lat="43.8788780" lon="15.5004165">
	<ele>9.04</ele>
	<time>2026-08-08T16:47:10.982Z</time>
	<hdop>3.79</hdop>
	<extensions>
		<gpxtpx:TrackPointExtension>
			<gpxtpx:course>261.0</gpxtpx:course>
		</gpxtpx:TrackPointExtension>
	</extensions>
</trkpt>
<trkpt lat="43.8788369" lon="15.5000261">
	<ele>12.59</ele>
	<time>2026-08-08T16:47:20.982Z</time>
	<hdop>3.79</hdop>
	<extensions>
		<gpxtpx:TrackPointExtension>
			<gpxtpx:course>264.0</gpxtpx:course>
		</gpxtpx:TrackPointExtension>
	</extensions>
</trkpt>
<trkpt lat="43.8788099" lon="15.4995885">
	<ele>24.50</ele>
	<time>2026-08-08T16:47:31.980Z</time>
	<hdop>3.79</hdop>
	<extensions>
		<gpxtpx:TrackPointExtension>
			<gpxtpx:course>265.0</gpxtpx:course>
		</gpxtpx:TrackPointExtension>
	</extensions>
</trkpt>
<trkpt lat="43.8787608" lon="15.4991791">
	<ele>27.66</ele>
	<time>2026-08-08T16:47:41.980Z</time>
	<hdop>3.79</hdop>
	<extensions>
		<gpxtpx:TrackPointExtension>
			<gpxtpx:course>263.0</gpxtpx:course>
		</gpxtpx:TrackPointExtension>
	</extensions>
</trkpt>
<trkpt lat="43.8787304" lon="15.4987767">
	<ele>19.12</ele>
	<time>2026-08-08T16:47:51.981Z</time>
	<hdop>3.79</hdop>
	<extensions>
		<gpxtpx:TrackPointExtension>
			<gpxtpx:course>262.0</gpxtpx:course>
		</gpxtpx:TrackPointExtension>
	</extensions>
</trkpt>
<trkpt lat="43.8787006" lon="15.4983763">
	<ele>6.73</ele>
	<time>2026-08-08T16:48:01.981Z</time>
	<hdop>3.79</hdop>
	<extensions>
		<gpxtpx:TrackPointExtension>
			<gpxtpx:course>263.0</gpxtpx:course>
		</gpxtpx:TrackPointExtension>
	</extensions>
</trkpt>
<trkpt lat="43.8786715" lon="15.4979300">
	<ele>14.08</ele>
	<time>2026-08-08T16:48:12.981Z</time>
	<hdop>3.79</hdop>
	<extensions>
		<gpxtpx:TrackPointExtension>
			<gpxtpx:course>264.0</gpxtpx:course>
		</gpxtpx:TrackPointExtension>
	</extensions>
</trkpt>
<trkpt lat="43.8786612" lon="15.4974935">
	<ele>8.37</ele>
	<time>2026-08-08T16:48:23.982Z</time>
	<hdop>3.79</hdop>
	<extensions>
		<gpxtpx:TrackPointExtension>
			<gpxtpx:course>266.0</gpxtpx:course>
		</gpxtpx:TrackPointExtension>
	</extensions>
</trkpt>
<trkpt lat="43.8786416" lon="15.4970520">
	<ele>7.61</ele>
	<time>2026-08-08T16:48:34.980Z</time>
	<hdop>3.79</hdop>
	<extensions>
		<gpxtpx:TrackPointExtension>
			<gpxtpx:course>266.0</gpxtpx:course>
		</gpxtpx:TrackPointExtension>
	</extensions>
</trkpt>
<trkpt lat="43.8786078" lon="15.4966473">
	<ele>16.50</ele>
	<time>2026-08-08T16:48:44.980Z</time>
	<hdop>3.79</hdop>
	<extensions>
		<gpxtpx:TrackPointExtension>
			<gpxtpx:course>263.0</gpxtpx:course>
		</gpxtpx:TrackPointExtension>
	</extensions>
</trkpt>
<trkpt lat="43.8785707" lon="15.4962481">
	<ele>21.56</ele>
	<time>2026-08-08T16:48:54.981Z</time>
	<hdop>3.79</hdop>
	<extensions>
		<gpxtpx:TrackPointExtension>
			<gpxtpx:course>263.0</gpxtpx:course>
		</gpxtpx:TrackPointExtension>
	</extensions>
</trkpt>
<trkpt lat="43.8785347" lon="15.4958471">
	<ele>26.45</ele>
	<time>2026-08-08T16:49:04.981Z</time>
	<hdop>3.79</hdop>
	<extensions>
		<gpxtpx:TrackPointExtension>
			<gpxtpx:course>261.0</gpxtpx:course>
		</gpxtpx:TrackPointExtension>
	</extensions>
</trkpt>
<trkpt lat="43.8784873" lon="15.4954047">
	<ele>31.78</ele>
	<time>2026-08-08T16:49:15.981Z</time>
	<hdop>3.79</hdop>
	<extensions>
		<gpxtpx:TrackPointExtension>
			<gpxtpx:course>264.0</gpxtpx:course>
		</gpxtpx:TrackPointExtension>
	</extensions>
</trkpt>
<trkpt lat="43.8784572" lon="15.4949724">
	<ele>36.13</ele>
	<time>2026-08-08T16:49:26.980Z</time>
	<hdop>3.79</hdop>
	<extensions>
		<gpxtpx:TrackPointExtension>
			<gpxtpx:course>262.0</gpxtpx:course>
		</gpxtpx:TrackPointExtension>
	</extensions>
</trkpt>
<trkpt lat="43.8784218" lon="15.4945633">
	<ele>33.36</ele>
	<time>2026-08-08T16:49:36.980Z</time>
	<hdop>3.79</hdop>
	<extensions>
		<gpxtpx:TrackPointExtension>
			<gpxtpx:course>261.0</gpxtpx:course>
		</gpxtpx:TrackPointExtension>
	</extensions>
</trkpt>
<trkpt lat="43.8783758" lon="15.4941587">
	<ele>24.94</ele>
	<time>2026-08-08T16:49:46.981Z</time>
	<hdop>3.79</hdop>
	<extensions>
		<gpxtpx:TrackPointExtension>
			<gpxtpx:course>261.0</gpxtpx:course>
		</gpxtpx:TrackPointExtension>
	</extensions>
</trkpt>
<trkpt lat="43.8783213" lon="15.4937279">
	<ele>22.27</ele>
	<time>2026-08-08T16:49:57.980Z</time>
	<hdop>3.79</hdop>
	<extensions>
		<gpxtpx:TrackPointExtension>
			<gpxtpx:course>269.0</gpxtpx:course>
		</gpxtpx:TrackPointExtension>
	</extensions>
</trkpt>
<trkpt lat="43.8782933" lon="15.4933398">
	<ele>19.99</ele>
	<time>2026-08-08T16:50:07.980Z</time>
	<hdop>3.79</hdop>
	<extensions>
		<gpxtpx:TrackPointExtension>
			<gpxtpx:course>264.0</gpxtpx:course>
		</gpxtpx:TrackPointExtension>
	</extensions>
</trkpt>
<trkpt lat="43.8782461" lon="15.4929031">
	<ele>21.60</ele>
	<time>2026-08-08T16:50:18.980Z</time>
	<hdop>3.79</hdop>
	<extensions>
		<gpxtpx:TrackPointExtension>
			<gpxtpx:course>258.0</gpxtpx:course>
		</gpxtpx:TrackPointExtension>
	</extensions>
</trkpt>
<trkpt lat="43.8781942" lon="15.4925096">
	<ele>27.50</ele>
	<time>2026-08-08T16:50:28.980Z</time>
	<hdop>3.79</hdop>
	<extensions>
		<gpxtpx:TrackPointExtension>
			<gpxtpx:course>257.0</gpxtpx:course>
		</gpxtpx:TrackPointExtension>
	</extensions>
</trkpt>
<trkpt lat="43.8781253" lon="15.4921082">
	<ele>27.63</ele>
	<time>2026-08-08T16:50:38.980Z</time>
	<hdop>3.79</hdop>
	<extensions>
		<gpxtpx:TrackPointExtension>
			<gpxtpx:course>254.0</gpxtpx:course>
		</gpxtpx:TrackPointExtension>
	</extensions>
</trkpt>
<trkpt lat="43.8780491" lon="15.4917122">
	<ele>29.53</ele>
	<time>2026-08-08T16:50:48.980Z</time>
	<hdop>3.79</hdop>
	<extensions>
		<gpxtpx:TrackPointExtension>
			<gpxtpx:course>257.0</gpxtpx:course>
		</gpxtpx:TrackPointExtension>
	</extensions>
</trkpt>
<trkpt lat="43.8779893" lon="15.4913109">
	<ele>31.14</ele>
	<time>2026-08-08T16:50:58.981Z</time>
	<hdop>3.79</hdop>
	<extensions>
		<gpxtpx:TrackPointExtension>
			<gpxtpx:course>257.0</gpxtpx:course>
		</gpxtpx:TrackPointExtension>
	</extensions>
</trkpt>
<trkpt lat="43.8779108" lon="15.4908813">
	<ele>34.12</ele>
	<time>2026-08-08T16:51:09.979Z</time>
	<hdop>3.79</hdop>
	<extensions>
		<gpxtpx:TrackPointExtension>
			<gpxtpx:course>255.0</gpxtpx:course>
		</gpxtpx:TrackPointExtension>
	</extensions>
</trkpt>
<trkpt lat="43.8778444" lon="15.4904791">
	<ele>34.99</ele>
	<time>2026-08-08T16:51:19.979Z</time>
	<hdop>3.79</hdop>
	<extensions>
		<gpxtpx:TrackPointExtension>
			<gpxtpx:course>255.0</gpxtpx:course>
		</gpxtpx:TrackPointExtension>
	</extensions>
</trkpt>
<trkpt lat="43.8777767" lon="15.4900843">
	<ele>36.69</ele>
	<time>2026-08-08T16:51:29.980Z</time>
	<hdop>3.79</hdop>
	<extensions>
		<gpxtpx:TrackPointExtension>
			<gpxtpx:course>255.0</gpxtpx:course>
		</gpxtpx:TrackPointExtension>
	</extensions>
</trkpt>
<trkpt lat="43.8777123" lon="15.4896475">
	<ele>19.12</ele>
	<time>2026-08-08T16:51:40.979Z</time>
	<hdop>3.79</hdop>
	<extensions>
		<gpxtpx:TrackPointExtension>
			<gpxtpx:course>255.0</gpxtpx:course>
		</gpxtpx:TrackPointExtension>
	</extensions>
</trkpt>
<trkpt lat="43.8776480" lon="15.4892519">
	<ele>15.43</ele>
	<time>2026-08-08T16:51:50.980Z</time>
	<hdop>3.79</hdop>
	<extensions>
		<gpxtpx:TrackPointExtension>
			<gpxtpx:course>257.0</gpxtpx:course>
		</gpxtpx:TrackPointExtension>
	</extensions>
</trkpt>
<trkpt lat="43.8775821" lon="15.4888402">
	<ele>19.35</ele>
	<time>2026-08-08T16:52:00.980Z</time>
	<hdop>3.79</hdop>
	<extensions>
		<gpxtpx:TrackPointExtension>
			<gpxtpx:course>252.0</gpxtpx:course>
		</gpxtpx:TrackPointExtension>
	</extensions>
</trkpt>
<trkpt lat="43.8774972" lon="15.4884592">
	<ele>24.74</ele>
	<time>2026-08-08T16:52:10.980Z</time>
	<hdop>3.79</hdop>
	<extensions>
		<gpxtpx:TrackPointExtension>
			<gpxtpx:course>249.0</gpxtpx:course>
		</gpxtpx:TrackPointExtension>
	</extensions>
</trkpt>
<trkpt lat="43.8774047" lon="15.4880746">
	<ele>28.51</ele>
	<time>2026-08-08T16:52:20.980Z</time>
	<hdop>3.79</hdop>
	<extensions>
		<gpxtpx:TrackPointExtension>
			<gpxtpx:course>250.0</gpxtpx:course>
		</gpxtpx:TrackPointExtension>
	</extensions>
</trkpt>
<trkpt lat="43.8772837" lon="15.4876550">
	<ele>33.32</ele>
	<time>2026-08-08T16:52:31.980Z</time>
	<hdop>3.79</hdop>
	<extensions>
		<gpxtpx:TrackPointExtension>
			<gpxtpx:course>251.0</gpxtpx:course>
		</gpxtpx:TrackPointExtension>
	</extensions>
</trkpt>
<trkpt lat="43.8771914" lon="15.4872252">
	<ele>22.92</ele>
	<time>2026-08-08T16:52:42.980Z</time>
	<hdop>3.79</hdop>
	<extensions>
		<gpxtpx:TrackPointExtension>
			<gpxtpx:course>257.0</gpxtpx:course>
		</gpxtpx:TrackPointExtension>
	</extensions>
</trkpt>
<trkpt lat="43.8771283" lon="15.4868268">
	<ele>8.62</ele>
	<time>2026-08-08T16:52:52.980Z</time>
	<hdop>3.79</hdop>
	<extensions>
		<gpxtpx:TrackPointExtension>
			<gpxtpx:course>259.0</gpxtpx:course>
		</gpxtpx:TrackPointExtension>
	</extensions>
</trkpt>
<trkpt lat="43.8770923" lon="15.4863712">
	<ele>4.11</ele>
	<time>2026-08-08T16:53:03.979Z</time>
	<hdop>3.79</hdop>
	<extensions>
		<gpxtpx:TrackPointExtension>
			<gpxtpx:course>266.0</gpxtpx:course>
		</gpxtpx:TrackPointExtension>
	</extensions>
</trkpt>
<trkpt lat="43.8770692" lon="15.4859686">
	<ele>-29.91</ele>
	<time>2026-08-08T16:53:13.980Z</time>
	<hdop>3.79</hdop>
	<extensions>
		<gpxtpx:TrackPointExtension>
			<gpxtpx:course>266.0</gpxtpx:course>
		</gpxtpx:TrackPointExtension>
	</extensions>
</trkpt>
<trkpt lat="43.8770526" lon="15.4855586">
	<ele>-93.48</ele>
	<time>2026-08-08T16:53:23.981Z</time>
	<hdop>3.79</hdop>
	<extensions>
		<gpxtpx:TrackPointExtension>
			<gpxtpx:course>263.0</gpxtpx:course>
		</gpxtpx:TrackPointExtension>
	</extensions>
</trkpt>
<trkpt lat="43.8770117" lon="15.4851154">
	<ele>-121.14</ele>
	<time>2026-08-08T16:53:34.979Z</time>
	<hdop>3.79</hdop>
	<extensions>
		<gpxtpx:TrackPointExtension>
			<gpxtpx:course>260.0</gpxtpx:course>
		</gpxtpx:TrackPointExtension>
	</extensions>
</trkpt>
<trkpt lat="43.8769560" lon="15.4847214">
	<ele>-113.71</ele>
	<time>2026-08-08T16:53:44.979Z</time>
	<hdop>3.79</hdop>
	<extensions>
		<gpxtpx:TrackPointExtension>
			<gpxtpx:course>259.0</gpxtpx:course>
		</gpxtpx:TrackPointExtension>
	</extensions>
</trkpt>
<trkpt lat="43.8768990" lon="15.4843220">
	<ele>-50.01</ele>
	<time>2026-08-08T16:53:54.981Z</time>
	<hdop>3.79</hdop>
	<extensions>
		<gpxtpx:TrackPointExtension>
			<gpxtpx:course>256.0</gpxtpx:course>
		</gpxtpx:TrackPointExtension>
	</extensions>
</trkpt>
<trkpt lat="43.8768134" lon="15.4838904">
	<ele>-16.89</ele>
	<time>2026-08-08T16:54:05.979Z</time>
	<hdop>3.79</hdop>
	<extensions>
		<gpxtpx:TrackPointExtension>
			<gpxtpx:course>255.0</gpxtpx:course>
		</gpxtpx:TrackPointExtension>
	</extensions>
</trkpt>
<trkpt lat="43.8767272" lon="15.4834948">
	<ele>0.35</ele>
	<time>2026-08-08T16:54:15.979Z</time>
	<hdop>3.79</hdop>
	<extensions>
		<gpxtpx:TrackPointExtension>
			<gpxtpx:course>254.0</gpxtpx:course>
		</gpxtpx:TrackPointExtension>
	</extensions>
</trkpt>
<trkpt lat="43.8766374" lon="15.4830975">
	<ele>12.03</ele>
	<time>2026-08-08T16:54:25.979Z</time>
	<hdop>3.79</hdop>
	<extensions>
		<gpxtpx:TrackPointExtension>
			<gpxtpx:course>254.0</gpxtpx:course>
		</gpxtpx:TrackPointExtension>
	</extensions>
</trkpt>
<trkpt lat="43.8765443" lon="15.4827081">
	<ele>26.41</ele>
	<time>2026-08-08T16:54:35.979Z</time>
	<hdop>3.79</hdop>
	<extensions>
		<gpxtpx:TrackPointExtension>
			<gpxtpx:course>252.0</gpxtpx:course>
		</gpxtpx:TrackPointExtension>
	</extensions>
</trkpt>
<trkpt lat="43.8765005" lon="15.4822960">
	<ele>41.08</ele>
	<time>2026-08-08T16:54:45.979Z</time>
	<hdop>3.79</hdop>
	<extensions>
		<gpxtpx:TrackPointExtension>
			<gpxtpx:course>262.0</gpxtpx:course>
		</gpxtpx:TrackPointExtension>
	</extensions>
</trkpt>
<trkpt lat="43.8764648" lon="15.4818937">
	<ele>49.28</ele>
	<time>2026-08-08T16:54:55.979Z</time>
	<hdop>3.79</hdop>
	<extensions>
		<gpxtpx:TrackPointExtension>
			<gpxtpx:course>261.0</gpxtpx:course>
		</gpxtpx:TrackPointExtension>
	</extensions>
</trkpt>
<trkpt lat="43.8764135" lon="15.4815052">
	<ele>52.20</ele>
	<time>2026-08-08T16:55:05.979Z</time>
	<hdop>3.79</hdop>
	<extensions>
		<gpxtpx:TrackPointExtension>
			<gpxtpx:course>258.0</gpxtpx:course>
		</gpxtpx:TrackPointExtension>
	</extensions>
</trkpt>
<trkpt lat="43.8763754" lon="15.4811347">
	<ele>50.91</ele>
	<time>2026-08-08T16:55:16.979Z</time>
	<hdop>3.79</hdop>
	<extensions>
		<gpxtpx:TrackPointExtension>
			<gpxtpx:course>264.0</gpxtpx:course>
		</gpxtpx:TrackPointExtension>
	</extensions>
</trkpt>
<trkpt lat="43.8763319" lon="15.4808346">
	<ele>49.96</ele>
	<time>2026-08-08T16:55:26.979Z</time>
	<hdop>3.79</hdop>
	<extensions>
		<gpxtpx:TrackPointExtension>
			<gpxtpx:course>258.0</gpxtpx:course>
		</gpxtpx:TrackPointExtension>
	</extensions>
</trkpt>
<trkpt lat="43.8763110" lon="15.4805340">
	<ele>48.08</ele>
	<time>2026-08-08T16:55:36.980Z</time>
	<hdop>3.79</hdop>
	<extensions>
		<gpxtpx:TrackPointExtension>
			<gpxtpx:course>264.0</gpxtpx:course>
		</gpxtpx:TrackPointExtension>
	</extensions>
</trkpt>
<trkpt lat="43.8762860" lon="15.4802129">
	<ele>46.98</ele>
	<time>2026-08-08T16:55:47.978Z</time>
	<hdop>3.79</hdop>
	<extensions>
		<gpxtpx:TrackPointExtension>
			<gpxtpx:course>261.0</gpxtpx:course>
		</gpxtpx:TrackPointExtension>
	</extensions>
</trkpt>
<trkpt lat="43.8762554" lon="15.4799071">
	<ele>42.70</ele>
	<time>2026-08-08T16:55:57.978Z</time>
	<hdop>3.79</hdop>
	<extensions>
		<gpxtpx:TrackPointExtension>
			<gpxtpx:course>265.0</gpxtpx:course>
		</gpxtpx:TrackPointExtension>
	</extensions>
</trkpt>
<trkpt lat="43.8762292" lon="15.4795886">
	<ele>41.15</ele>
	<time>2026-08-08T16:56:07.978Z</time>
	<hdop>3.79</hdop>
	<extensions>
		<gpxtpx:TrackPointExtension>
			<gpxtpx:course>263.0</gpxtpx:course>
		</gpxtpx:TrackPointExtension>
	</extensions>
</trkpt>
<trkpt lat="43.8761940" lon="15.4792585">
	<ele>39.28</ele>
	<time>2026-08-08T16:56:17.978Z</time>
	<hdop>3.79</hdop>
	<extensions>
		<gpxtpx:TrackPointExtension>
			<gpxtpx:course>257.0</gpxtpx:course>
		</gpxtpx:TrackPointExtension>
	</extensions>
</trkpt>
<trkpt lat="43.8761390" lon="15.4789364">
	<ele>40.77</ele>
	<time>2026-08-08T16:56:27.979Z</time>
	<hdop>3.79</hdop>
	<extensions>
		<gpxtpx:TrackPointExtension>
			<gpxtpx:course>256.0</gpxtpx:course>
		</gpxtpx:TrackPointExtension>
	</extensions>
</trkpt>
<trkpt lat="43.8760869" lon="15.4785713">
	<ele>36.15</ele>
	<time>2026-08-08T16:56:38.979Z</time>
	<hdop>3.79</hdop>
	<extensions>
		<gpxtpx:TrackPointExtension>
			<gpxtpx:course>258.0</gpxtpx:course>
		</gpxtpx:TrackPointExtension>
	</extensions>
</trkpt>
<trkpt lat="43.8760228" lon="15.4782137">
	<ele>34.23</ele>
	<time>2026-08-08T16:56:49.978Z</time>
	<hdop>3.79</hdop>
	<extensions>
		<gpxtpx:TrackPointExtension>
			<gpxtpx:course>256.0</gpxtpx:course>
		</gpxtpx:TrackPointExtension>
	</extensions>
</trkpt>
<trkpt lat="43.8759876" lon="15.4778807">
	<ele>34.43</ele>
	<time>2026-08-08T16:56:59.978Z</time>
	<hdop>3.79</hdop>
	<extensions>
		<gpxtpx:TrackPointExtension>
			<gpxtpx:course>261.0</gpxtpx:course>
		</gpxtpx:TrackPointExtension>
	</extensions>
</trkpt>
<trkpt lat="43.8759443" lon="15.4775470">
	<ele>37.27</ele>
	<time>2026-08-08T16:57:09.978Z</time>
	<hdop>3.79</hdop>
	<extensions>
		<gpxtpx:TrackPointExtension>
			<gpxtpx:course>260.0</gpxtpx:course>
		</gpxtpx:TrackPointExtension>
	</extensions>
</trkpt>
<trkpt lat="43.8758898" lon="15.4772177">
	<ele>37.26</ele>
	<time>2026-08-08T16:57:19.978Z</time>
	<hdop>3.79</hdop>
	<extensions>
		<gpxtpx:TrackPointExtension>
			<gpxtpx:course>256.0</gpxtpx:course>
		</gpxtpx:TrackPointExtension>
	</extensions>
</trkpt>
<trkpt lat="43.8758345" lon="15.4768802">
	<ele>40.10</ele>
	<time>2026-08-08T16:57:29.979Z</time>
	<hdop>3.79</hdop>
	<extensions>
		<gpxtpx:TrackPointExtension>
			<gpxtpx:course>256.0</gpxtpx:course>
		</gpxtpx:TrackPointExtension>
	</extensions>
</trkpt>
<trkpt lat="43.8757592" lon="15.4765204">
	<ele>38.65</ele>
	<time>2026-08-08T16:57:40.978Z</time>
	<hdop>3.79</hdop>
	<extensions>
		<gpxtpx:TrackPointExtension>
			<gpxtpx:course>250.0</gpxtpx:course>
		</gpxtpx:TrackPointExtension>
	</extensions>
</trkpt>
<trkpt lat="43.8756797" lon="15.4762066">
	<ele>-33.19</ele>
	<time>2026-08-08T16:57:50.978Z</time>
	<hdop>3.79</hdop>
	<extensions>
		<gpxtpx:TrackPointExtension>
			<gpxtpx:course>243.0</gpxtpx:course>
		</gpxtpx:TrackPointExtension>
	</extensions>
</trkpt>
<trkpt lat="43.8756263" lon="15.4758907">
	<ele>-107.83</ele>
	<time>2026-08-08T16:58:00.979Z</time>
	<hdop>3.79</hdop>
	<extensions>
		<gpxtpx:TrackPointExtension>
			<gpxtpx:course>255.0</gpxtpx:course>
		</gpxtpx:TrackPointExtension>
	</extensions>
</trkpt>
<trkpt lat="43.8755751" lon="15.4755704">
	<ele>-134.39</ele>
	<time>2026-08-08T16:58:10.979Z</time>
	<hdop>3.79</hdop>
	<extensions>
		<gpxtpx:TrackPointExtension>
			<gpxtpx:course>258.0</gpxtpx:course>
		</gpxtpx:TrackPointExtension>
	</extensions>
</trkpt>
<trkpt lat="43.8755097" lon="15.4752028">
	<ele>-118.05</ele>
	<time>2026-08-08T16:58:21.978Z</time>
	<hdop>3.79</hdop>
	<extensions>
		<gpxtpx:TrackPointExtension>
			<gpxtpx:course>255.0</gpxtpx:course>
		</gpxtpx:TrackPointExtension>
	</extensions>
</trkpt>
<trkpt lat="43.8754497" lon="15.4748760">
	<ele>-91.36</ele>
	<time>2026-08-08T16:58:31.979Z</time>
	<hdop>3.79</hdop>
	<extensions>
		<gpxtpx:TrackPointExtension>
			<gpxtpx:course>255.0</gpxtpx:course>
		</gpxtpx:TrackPointExtension>
	</extensions>
</trkpt>
<trkpt lat="43.8753804" lon="15.4745150">
	<ele>-67.57</ele>
	<time>2026-08-08T16:58:42.978Z</time>
	<hdop>3.79</hdop>
	<extensions>
		<gpxtpx:TrackPointExtension>
			<gpxtpx:course>255.0</gpxtpx:course>
		</gpxtpx:TrackPointExtension>
	</extensions>
</trkpt>
<trkpt lat="43.8753102" lon="15.4741942">
	<ele>-45.47</ele>
	<time>2026-08-08T16:58:52.978Z</time>
	<hdop>3.79</hdop>
	<extensions>
		<gpxtpx:TrackPointExtension>
			<gpxtpx:course>257.0</gpxtpx:course>
		</gpxtpx:TrackPointExtension>
	</extensions>
</trkpt>
<trkpt lat="43.8752570" lon="15.4738701">
	<ele>47.76</ele>
	<time>2026-08-08T16:59:02.978Z</time>
	<hdop>3.79</hdop>
	<extensions>
		<gpxtpx:TrackPointExtension>
			<gpxtpx:course>254.0</gpxtpx:course>
		</gpxtpx:TrackPointExtension>
	</extensions>
</trkpt>
<trkpt lat="43.8751971" lon="15.4735498">
	<ele>62.62</ele>
	<time>2026-08-08T16:59:12.979Z</time>
	<hdop>3.79</hdop>
	<extensions>
		<gpxtpx:TrackPointExtension>
			<gpxtpx:course>254.0</gpxtpx:course>
		</gpxtpx:TrackPointExtension>
	</extensions>
</trkpt>
<trkpt lat="43.8751259" lon="15.4731982">
	<ele>70.09</ele>
	<time>2026-08-08T16:59:23.978Z</time>
	<hdop>3.79</hdop>
	<extensions>
		<gpxtpx:TrackPointExtension>
			<gpxtpx:course>254.0</gpxtpx:course>
		</gpxtpx:TrackPointExtension>
	</extensions>
</trkpt>
<trkpt lat="43.8750544" lon="15.4728718">
	<ele>73.15</ele>
	<time>2026-08-08T16:59:33.978Z</time>
	<hdop>3.79</hdop>
	<extensions>
		<gpxtpx:TrackPointExtension>
			<gpxtpx:course>252.0</gpxtpx:course>
		</gpxtpx:TrackPointExtension>
	</extensions>
</trkpt>
<trkpt lat="43.8749746" lon="15.4725522">
	<ele>70.87</ele>
	<time>2026-08-08T16:59:43.979Z</time>
	<hdop>3.79</hdop>
	<extensions>
		<gpxtpx:TrackPointExtension>
			<gpxtpx:course>251.0</gpxtpx:course>
		</gpxtpx:TrackPointExtension>
	</extensions>
</trkpt>
<trkpt lat="43.8749055" lon="15.4721928">
	<ele>65.21</ele>
	<time>2026-08-08T16:59:54.978Z</time>
	<hdop>3.79</hdop>
	<extensions>
		<gpxtpx:TrackPointExtension>
			<gpxtpx:course>254.0</gpxtpx:course>
		</gpxtpx:TrackPointExtension>
	</extensions>
</trkpt>
<trkpt lat="43.8748313" lon="15.4718778">
	<ele>65.71</ele>
	<time>2026-08-08T17:00:04.978Z</time>
	<hdop>3.79</hdop>
	<extensions>
		<gpxtpx:TrackPointExtension>
			<gpxtpx:course>252.0</gpxtpx:course>
		</gpxtpx:TrackPointExtension>
	</extensions>
</trkpt>
<trkpt lat="43.8747514" lon="15.4715567">
	<ele>59.41</ele>
	<time>2026-08-08T17:00:14.978Z</time>
	<hdop>3.79</hdop>
	<extensions>
		<gpxtpx:TrackPointExtension>
			<gpxtpx:course>250.0</gpxtpx:course>
		</gpxtpx:TrackPointExtension>
	</extensions>
</trkpt>
<trkpt lat="43.8746756" lon="15.4712408">
	<ele>51.62</ele>
	<time>2026-08-08T17:00:24.978Z</time>
	<hdop>3.79</hdop>
	<extensions>
		<gpxtpx:TrackPointExtension>
			<gpxtpx:course>252.0</gpxtpx:course>
		</gpxtpx:TrackPointExtension>
	</extensions>
</trkpt>
<trkpt lat="43.8746059" lon="15.4709234">
	<ele>54.57</ele>
	<time>2026-08-08T17:00:34.978Z</time>
	<hdop>3.79</hdop>
	<extensions>
		<gpxtpx:TrackPointExtension>
			<gpxtpx:course>252.0</gpxtpx:course>
		</gpxtpx:TrackPointExtension>
	</extensions>
</trkpt>
<trkpt lat="43.8745431" lon="15.4706022">
	<ele>43.88</ele>
	<time>2026-08-08T17:00:44.978Z</time>
	<hdop>3.79</hdop>
	<extensions>
		<gpxtpx:TrackPointExtension>
			<gpxtpx:course>256.0</gpxtpx:course>
		</gpxtpx:TrackPointExtension>
	</extensions>
</trkpt>
<trkpt lat="43.8744893" lon="15.4702675">
	<ele>36.34</ele>
	<time>2026-08-08T17:00:54.978Z</time>
	<hdop>3.79</hdop>
	<extensions>
		<gpxtpx:TrackPointExtension>
			<gpxtpx:course>256.0</gpxtpx:course>
		</gpxtpx:TrackPointExtension>
	</extensions>
</trkpt>
<trkpt lat="43.8744353" lon="15.4699464">
	<ele>47.78</ele>
	<time>2026-08-08T17:01:04.978Z</time>
	<hdop>3.79</hdop>
	<extensions>
		<gpxtpx:TrackPointExtension>
			<gpxtpx:course>255.0</gpxtpx:course>
		</gpxtpx:TrackPointExtension>
	</extensions>
</trkpt>
<trkpt lat="43.8743721" lon="15.4696248">
	<ele>33.28</ele>
	<time>2026-08-08T17:01:14.978Z</time>
	<hdop>3.79</hdop>
	<extensions>
		<gpxtpx:TrackPointExtension>
			<gpxtpx:course>254.0</gpxtpx:course>
		</gpxtpx:TrackPointExtension>
	</extensions>
</trkpt>
<trkpt lat="43.8743032" lon="15.4692952">
	<ele>34.11</ele>
	<time>2026-08-08T17:01:24.978Z</time>
	<hdop>3.79</hdop>
	<extensions>
		<gpxtpx:TrackPointExtension>
			<gpxtpx:course>253.0</gpxtpx:course>
		</gpxtpx:TrackPointExtension>
	</extensions>
</trkpt>
<trkpt lat="43.8742281" lon="15.4689416">
	<ele>32.01</ele>
	<time>2026-08-08T17:01:35.979Z</time>
	<hdop>3.79</hdop>
	<extensions>
		<gpxtpx:TrackPointExtension>
			<gpxtpx:course>254.0</gpxtpx:course>
		</gpxtpx:TrackPointExtension>
	</extensions>
</trkpt>
<trkpt lat="43.8741597" lon="15.4685856">
	<ele>28.59</ele>
	<time>2026-08-08T17:01:46.978Z</time>
	<hdop>3.79</hdop>
	<extensions>
		<gpxtpx:TrackPointExtension>
			<gpxtpx:course>253.0</gpxtpx:course>
		</gpxtpx:TrackPointExtension>
	</extensions>
</trkpt>
<trkpt lat="43.8740904" lon="15.4682514">
	<ele>25.04</ele>
	<time>2026-08-08T17:01:56.979Z</time>
	<hdop>3.79</hdop>
	<extensions>
		<gpxtpx:TrackPointExtension>
			<gpxtpx:course>255.0</gpxtpx:course>
		</gpxtpx:TrackPointExtension>
	</extensions>
</trkpt>
<trkpt lat="43.8740228" lon="15.4678938">
	<ele>25.59</ele>
	<time>2026-08-08T17:02:07.978Z</time>
	<hdop>3.79</hdop>
	<extensions>
		<gpxtpx:TrackPointExtension>
			<gpxtpx:course>260.0</gpxtpx:course>
		</gpxtpx:TrackPointExtension>
	</extensions>
</trkpt>
<trkpt lat="43.8739930" lon="15.4675456">
	<ele>22.98</ele>
	<time>2026-08-08T17:02:17.979Z</time>
	<hdop>3.79</hdop>
	<extensions>
		<gpxtpx:TrackPointExtension>
			<gpxtpx:course>266.0</gpxtpx:course>
		</gpxtpx:TrackPointExtension>
	</extensions>
</trkpt>
<trkpt lat="43.8739689" lon="15.4671755">
	<ele>18.93</ele>
	<time>2026-08-08T17:02:28.977Z</time>
	<hdop>3.79</hdop>
	<extensions>
		<gpxtpx:TrackPointExtension>
			<gpxtpx:course>265.0</gpxtpx:course>
		</gpxtpx:TrackPointExtension>
	</extensions>
</trkpt>
<trkpt lat="43.8739456" lon="15.4668353">
	<ele>18.79</ele>
	<time>2026-08-08T17:02:38.978Z</time>
	<hdop>3.79</hdop>
	<extensions>
		<gpxtpx:TrackPointExtension>
			<gpxtpx:course>262.0</gpxtpx:course>
		</gpxtpx:TrackPointExtension>
	</extensions>
</trkpt>
<trkpt lat="43.8738996" lon="15.4665018">
	<ele>16.54</ele>
	<time>2026-08-08T17:02:48.978Z</time>
	<hdop>3.79</hdop>
	<extensions>
		<gpxtpx:TrackPointExtension>
			<gpxtpx:course>258.0</gpxtpx:course>
		</gpxtpx:TrackPointExtension>
	</extensions>
</trkpt>
<trkpt lat="43.8738271" lon="15.4661261">
	<ele>13.76</ele>
	<time>2026-08-08T17:02:59.977Z</time>
	<hdop>3.79</hdop>
	<extensions>
		<gpxtpx:TrackPointExtension>
			<gpxtpx:course>254.0</gpxtpx:course>
		</gpxtpx:TrackPointExtension>
	</extensions>
</trkpt>
<trkpt lat="43.8737706" lon="15.4657894">
	<ele>14.63</ele>
	<time>2026-08-08T17:03:09.978Z</time>
	<hdop>3.79</hdop>
	<extensions>
		<gpxtpx:TrackPointExtension>
			<gpxtpx:course>258.0</gpxtpx:course>
		</gpxtpx:TrackPointExtension>
	</extensions>
</trkpt>
<trkpt lat="43.8737019" lon="15.4654209">
	<ele>14.01</ele>
	<time>2026-08-08T17:03:20.977Z</time>
	<hdop>3.79</hdop>
	<extensions>
		<gpxtpx:TrackPointExtension>
			<gpxtpx:course>257.0</gpxtpx:course>
		</gpxtpx:TrackPointExtension>
	</extensions>
</trkpt>
<trkpt lat="43.8736545" lon="15.4650802">
	<ele>7.90</ele>
	<time>2026-08-08T17:03:30.978Z</time>
	<hdop>3.79</hdop>
	<extensions>
		<gpxtpx:TrackPointExtension>
			<gpxtpx:course>256.0</gpxtpx:course>
		</gpxtpx:TrackPointExtension>
	</extensions>
</trkpt>
<trkpt lat="43.8736200" lon="15.4647285">
	<ele>12.00</ele>
	<time>2026-08-08T17:03:40.979Z</time>
	<hdop>3.79</hdop>
	<extensions>
		<gpxtpx:TrackPointExtension>
			<gpxtpx:course>262.0</gpxtpx:course>
		</gpxtpx:TrackPointExtension>
	</extensions>
</trkpt>
<trkpt lat="43.8735725" lon="15.4643497">
	<ele>8.20</ele>
	<time>2026-08-08T17:03:51.977Z</time>
	<hdop>3.79</hdop>
	<extensions>
		<gpxtpx:TrackPointExtension>
			<gpxtpx:course>261.0</gpxtpx:course>
		</gpxtpx:TrackPointExtension>
	</extensions>
</trkpt>
<trkpt lat="43.8735430" lon="15.4640143">
	<ele>6.03</ele>
	<time>2026-08-08T17:04:01.977Z</time>
	<hdop>3.79</hdop>
	<extensions>
		<gpxtpx:TrackPointExtension>
			<gpxtpx:course>262.0</gpxtpx:course>
		</gpxtpx:TrackPointExtension>
	</extensions>
</trkpt>
<trkpt lat="43.8735209" lon="15.4636725">
	<ele>7.32</ele>
	<time>2026-08-08T17:04:11.978Z</time>
	<hdop>3.79</hdop>
	<extensions>
		<gpxtpx:TrackPointExtension>
			<gpxtpx:course>266.0</gpxtpx:course>
		</gpxtpx:TrackPointExtension>
	</extensions>
</trkpt>
<trkpt lat="43.8735332" lon="15.4633266">
	<ele>-1.81</ele>
	<time>2026-08-08T17:04:21.978Z</time>
	<hdop>3.79</hdop>
	<extensions>
		<gpxtpx:TrackPointExtension>
			<gpxtpx:course>275.0</gpxtpx:course>
		</gpxtpx:TrackPointExtension>
	</extensions>
</trkpt>
<trkpt lat="43.8735629" lon="15.4629559">
	<ele>-20.85</ele>
	<time>2026-08-08T17:04:32.978Z</time>
	<hdop>3.79</hdop>
	<extensions>
		<gpxtpx:TrackPointExtension>
			<gpxtpx:course>277.0</gpxtpx:course>
		</gpxtpx:TrackPointExtension>
	</extensions>
</trkpt>
<trkpt lat="43.8735801" lon="15.4626185">
	<ele>-29.69</ele>
	<time>2026-08-08T17:04:42.978Z</time>
	<hdop>3.79</hdop>
	<extensions>
		<gpxtpx:TrackPointExtension>
			<gpxtpx:course>273.0</gpxtpx:course>
		</gpxtpx:TrackPointExtension>
	</extensions>
</trkpt>
<trkpt lat="43.8735853" lon="15.4622554">
	<ele>-44.51</ele>
	<time>2026-08-08T17:04:53.977Z</time>
	<hdop>3.79</hdop>
	<extensions>
		<gpxtpx:TrackPointExtension>
			<gpxtpx:course>268.0</gpxtpx:course>
		</gpxtpx:TrackPointExtension>
	</extensions>
</trkpt>
<trkpt lat="43.8735644" lon="15.4619175">
	<ele>-24.30</ele>
	<time>2026-08-08T17:05:03.977Z</time>
	<hdop>3.79</hdop>
	<extensions>
		<gpxtpx:TrackPointExtension>
			<gpxtpx:course>264.0</gpxtpx:course>
		</gpxtpx:TrackPointExtension>
	</extensions>
</trkpt>
<trkpt lat="43.8735333" lon="15.4615743">
	<ele>-4.13</ele>
	<time>2026-08-08T17:05:13.977Z</time>
	<hdop>3.79</hdop>
	<extensions>
		<gpxtpx:TrackPointExtension>
			<gpxtpx:course>264.0</gpxtpx:course>
		</gpxtpx:TrackPointExtension>
	</extensions>
</trkpt>
<trkpt lat="43.8735210" lon="15.4612431">
	<ele>2.81</ele>
	<time>2026-08-08T17:05:23.978Z</time>
	<hdop>3.79</hdop>
	<extensions>
		<gpxtpx:TrackPointExtension>
			<gpxtpx:course>266.0</gpxtpx:course>
		</gpxtpx:TrackPointExtension>
	</extensions>
</trkpt>
<trkpt lat="43.8735094" lon="15.4608715">
	<ele>5.04</ele>
	<time>2026-08-08T17:05:34.977Z</time>
	<hdop>3.79</hdop>
	<extensions>
		<gpxtpx:TrackPointExtension>
			<gpxtpx:course>269.0</gpxtpx:course>
		</gpxtpx:TrackPointExtension>
	</extensions>
</trkpt>
<trkpt lat="43.8734848" lon="15.4605337">
	<ele>6.15</ele>
	<time>2026-08-08T17:05:44.977Z</time>
	<hdop>3.79</hdop>
	<extensions>
		<gpxtpx:TrackPointExtension>
			<gpxtpx:course>266.0</gpxtpx:course>
		</gpxtpx:TrackPointExtension>
	</extensions>
</trkpt>
<trkpt lat="43.8734479" lon="15.4601973">
	<ele>1.71</ele>
	<time>2026-08-08T17:05:54.977Z</time>
	<hdop>3.79</hdop>
	<extensions>
		<gpxtpx:TrackPointExtension>
			<gpxtpx:course>263.0</gpxtpx:course>
		</gpxtpx:TrackPointExtension>
	</extensions>
</trkpt>
<trkpt lat="43.8734210" lon="15.4598616">
	<ele>6.67</ele>
	<time>2026-08-08T17:06:04.977Z</time>
	<hdop>3.79</hdop>
	<extensions>
		<gpxtpx:TrackPointExtension>
			<gpxtpx:course>266.0</gpxtpx:course>
		</gpxtpx:TrackPointExtension>
	</extensions>
</trkpt>
<trkpt lat="43.8734275" lon="15.4595327">
	<ele>0.45</ele>
	<time>2026-08-08T17:06:14.977Z</time>
	<hdop>3.79</hdop>
	<extensions>
		<gpxtpx:TrackPointExtension>
			<gpxtpx:course>270.0</gpxtpx:course>
		</gpxtpx:TrackPointExtension>
	</extensions>
</trkpt>
<trkpt lat="43.8734238" lon="15.4591938">
	<ele>-3.33</ele>
	<time>2026-08-08T17:06:24.978Z</time>
	<hdop>3.79</hdop>
	<extensions>
		<gpxtpx:TrackPointExtension>
			<gpxtpx:course>267.0</gpxtpx:course>
		</gpxtpx:TrackPointExtension>
	</extensions>
</trkpt>
<trkpt lat="43.8734010" lon="15.4588254">
	<ele>-4.16</ele>
	<time>2026-08-08T17:06:35.978Z</time>
	<hdop>3.79</hdop>
	<extensions>
		<gpxtpx:TrackPointExtension>
			<gpxtpx:course>267.0</gpxtpx:course>
		</gpxtpx:TrackPointExtension>
	</extensions>
</trkpt>
<trkpt lat="43.8733769" lon="15.4584623">
	<ele>-1.80</ele>
	<time>2026-08-08T17:06:46.978Z</time>
	<hdop>3.79</hdop>
	<extensions>
		<gpxtpx:TrackPointExtension>
			<gpxtpx:course>258.0</gpxtpx:course>
		</gpxtpx:TrackPointExtension>
	</extensions>
</trkpt>
<trkpt lat="43.8733366" lon="15.4580973">
	<ele>-3.71</ele>
	<time>2026-08-08T17:06:57.976Z</time>
	<hdop>3.79</hdop>
	<extensions>
		<gpxtpx:TrackPointExtension>
			<gpxtpx:course>262.0</gpxtpx:course>
		</gpxtpx:TrackPointExtension>
	</extensions>
</trkpt>
<trkpt lat="43.8733058" lon="15.4577704">
	<ele>1.85</ele>
	<time>2026-08-08T17:07:07.977Z</time>
	<hdop>3.79</hdop>
	<extensions>
		<gpxtpx:TrackPointExtension>
			<gpxtpx:course>259.0</gpxtpx:course>
		</gpxtpx:TrackPointExtension>
	</extensions>
</trkpt>
<trkpt lat="43.8732429" lon="15.4574350">
	<ele>1.02</ele>
	<time>2026-08-08T17:07:17.977Z</time>
	<hdop>3.79</hdop>
	<extensions>
		<gpxtpx:TrackPointExtension>
			<gpxtpx:course>256.0</gpxtpx:course>
		</gpxtpx:TrackPointExtension>
	</extensions>
</trkpt>
<trkpt lat="43.8731875" lon="15.4571138">
	<ele>2.47</ele>
	<time>2026-08-08T17:07:27.977Z</time>
	<hdop>3.79</hdop>
	<extensions>
		<gpxtpx:TrackPointExtension>
			<gpxtpx:course>258.0</gpxtpx:course>
		</gpxtpx:TrackPointExtension>
	</extensions>
</trkpt>
<trkpt lat="43.8731496" lon="15.4567780">
	<ele>4.66</ele>
	<time>2026-08-08T17:07:37.978Z</time>
	<hdop>3.79</hdop>
	<extensions>
		<gpxtpx:TrackPointExtension>
			<gpxtpx:course>261.0</gpxtpx:course>
		</gpxtpx:TrackPointExtension>
	</extensions>
</trkpt>
<trkpt lat="43.8731027" lon="15.4564153">
	<ele>-0.91</ele>
	<time>2026-08-08T17:07:48.977Z</time>
	<hdop>3.79</hdop>
	<extensions>
		<gpxtpx:TrackPointExtension>
			<gpxtpx:course>257.0</gpxtpx:course>
		</gpxtpx:TrackPointExtension>
	</extensions>
</trkpt>
<trkpt lat="43.8730501" lon="15.4560828">
	<ele>-1.58</ele>
	<time>2026-08-08T17:07:58.977Z</time>
	<hdop>3.79</hdop>
	<extensions>
		<gpxtpx:TrackPointExtension>
			<gpxtpx:course>261.0</gpxtpx:course>
		</gpxtpx:TrackPointExtension>
	</extensions>
</trkpt>
<trkpt lat="43.8730163" lon="15.4557528">
	<ele>-2.39</ele>
	<time>2026-08-08T17:08:08.977Z</time>
	<hdop>3.79</hdop>
	<extensions>
		<gpxtpx:TrackPointExtension>
			<gpxtpx:course>259.0</gpxtpx:course>
		</gpxtpx:TrackPointExtension>
	</extensions>
</trkpt>
<trkpt lat="43.8729874" lon="15.4553831">
	<ele>-8.26</ele>
	<time>2026-08-08T17:08:19.978Z</time>
	<hdop>3.79</hdop>
	<extensions>
		<gpxtpx:TrackPointExtension>
			<gpxtpx:course>259.0</gpxtpx:course>
		</gpxtpx:TrackPointExtension>
	</extensions>
</trkpt>
<trkpt lat="43.8729494" lon="15.4550225">
	<ele>-1.17</ele>
	<time>2026-08-08T17:08:30.977Z</time>
	<hdop>3.79</hdop>
	<extensions>
		<gpxtpx:TrackPointExtension>
			<gpxtpx:course>264.0</gpxtpx:course>
		</gpxtpx:TrackPointExtension>
	</extensions>
</trkpt>
<trkpt lat="43.8729266" lon="15.4546916">
	<ele>5.21</ele>
	<time>2026-08-08T17:08:40.977Z</time>
	<hdop>5.74</hdop>
	<extensions>
		<gpxtpx:TrackPointExtension>
			<gpxtpx:course>264.0</gpxtpx:course>
		</gpxtpx:TrackPointExtension>
	</extensions>
</trkpt>
<trkpt lat="43.8729011" lon="15.4543525">
	<ele>-6.24</ele>
	<time>2026-08-08T17:08:50.977Z</time>
	<hdop>3.79</hdop>
	<extensions>
		<gpxtpx:TrackPointExtension>
			<gpxtpx:course>266.0</gpxtpx:course>
		</gpxtpx:TrackPointExtension>
	</extensions>
</trkpt>
<trkpt lat="43.8728843" lon="15.4539826">
	<ele>-20.97</ele>
	<time>2026-08-08T17:09:01.977Z</time>
	<hdop>3.79</hdop>
	<extensions>
		<gpxtpx:TrackPointExtension>
			<gpxtpx:course>266.0</gpxtpx:course>
		</gpxtpx:TrackPointExtension>
	</extensions>
</trkpt>
<trkpt lat="43.8728704" lon="15.4536172">
	<ele>-17.33</ele>
	<time>2026-08-08T17:09:12.977Z</time>
	<hdop>3.79</hdop>
	<extensions>
		<gpxtpx:TrackPointExtension>
			<gpxtpx:course>266.0</gpxtpx:course>
		</gpxtpx:TrackPointExtension>
	</extensions>
</trkpt>
<trkpt lat="43.8728610" lon="15.4532852">
	<ele>-11.16</ele>
	<time>2026-08-08T17:09:22.977Z</time>
	<hdop>3.79</hdop>
	<extensions>
		<gpxtpx:TrackPointExtension>
			<gpxtpx:course>265.0</gpxtpx:course>
		</gpxtpx:TrackPointExtension>
	</extensions>
</trkpt>
<trkpt lat="43.8728487" lon="15.4529487">
	<ele>-2.87</ele>
	<time>2026-08-08T17:09:32.977Z</time>
	<hdop>3.79</hdop>
	<extensions>
		<gpxtpx:TrackPointExtension>
			<gpxtpx:course>267.0</gpxtpx:course>
		</gpxtpx:TrackPointExtension>
	</extensions>
</trkpt>
<trkpt lat="43.8728312" lon="15.4526072">
	<ele>1.81</ele>
	<time>2026-08-08T17:09:42.977Z</time>
	<hdop>3.79</hdop>
	<extensions>
		<gpxtpx:TrackPointExtension>
			<gpxtpx:course>265.0</gpxtpx:course>
		</gpxtpx:TrackPointExtension>
	</extensions>
</trkpt>
<trkpt lat="43.8728234" lon="15.4522368">
	<ele>1.52</ele>
	<time>2026-08-08T17:09:53.977Z</time>
	<hdop>3.79</hdop>
	<extensions>
		<gpxtpx:TrackPointExtension>
			<gpxtpx:course>268.0</gpxtpx:course>
		</gpxtpx:TrackPointExtension>
	</extensions>
</trkpt>
<trkpt lat="43.8728159" lon="15.4519044">
	<ele>4.33</ele>
	<time>2026-08-08T17:10:03.977Z</time>
	<hdop>3.79</hdop>
	<extensions>
		<gpxtpx:TrackPointExtension>
			<gpxtpx:course>269.0</gpxtpx:course>
		</gpxtpx:TrackPointExtension>
	</extensions>
</trkpt>
<trkpt lat="43.8728152" lon="15.4515806">
	<ele>3.45</ele>
	<time>2026-08-08T17:10:13.977Z</time>
	<hdop>3.79</hdop>
	<extensions>
		<gpxtpx:TrackPointExtension>
			<gpxtpx:course>269.0</gpxtpx:course>
		</gpxtpx:TrackPointExtension>
	</extensions>
</trkpt>
<trkpt lat="43.8728086" lon="15.4512137">
	<ele>5.65</ele>
	<time>2026-08-08T17:10:24.977Z</time>
	<hdop>3.79</hdop>
	<extensions>
		<gpxtpx:TrackPointExtension>
			<gpxtpx:course>268.0</gpxtpx:course>
		</gpxtpx:TrackPointExtension>
	</extensions>
</trkpt>
<trkpt lat="43.8727922" lon="15.4508417">
	<ele>5.21</ele>
	<time>2026-08-08T17:10:35.976Z</time>
	<hdop>3.79</hdop>
	<extensions>
		<gpxtpx:TrackPointExtension>
			<gpxtpx:course>265.0</gpxtpx:course>
		</gpxtpx:TrackPointExtension>
	</extensions>
</trkpt>
<trkpt lat="43.8727726" lon="15.4505134">
	<ele>5.30</ele>
	<time>2026-08-08T17:10:45.976Z</time>
	<hdop>3.79</hdop>
	<extensions>
		<gpxtpx:TrackPointExtension>
			<gpxtpx:course>265.0</gpxtpx:course>
		</gpxtpx:TrackPointExtension>
	</extensions>
</trkpt>
<trkpt lat="43.8727467" lon="15.4501816">
	<ele>2.51</ele>
	<time>2026-08-08T17:10:55.976Z</time>
	<hdop>3.79</hdop>
	<extensions>
		<gpxtpx:TrackPointExtension>
			<gpxtpx:course>263.0</gpxtpx:course>
		</gpxtpx:TrackPointExtension>
	</extensions>
</trkpt>
<trkpt lat="43.8727195" lon="15.4498483">
	<ele>4.11</ele>
	<time>2026-08-08T17:11:05.976Z</time>
	<hdop>3.79</hdop>
	<extensions>
		<gpxtpx:TrackPointExtension>
			<gpxtpx:course>263.0</gpxtpx:course>
		</gpxtpx:TrackPointExtension>
	</extensions>
</trkpt>
<trkpt lat="43.8727043" lon="15.4495133">
	<ele>3.86</ele>
	<time>2026-08-08T17:11:15.976Z</time>
	<hdop>3.79</hdop>
	<extensions>
		<gpxtpx:TrackPointExtension>
			<gpxtpx:course>263.0</gpxtpx:course>
		</gpxtpx:TrackPointExtension>
	</extensions>
</trkpt>
<trkpt lat="43.8726729" lon="15.4491786">
	<ele>8.24</ele>
	<time>2026-08-08T17:11:25.977Z</time>
	<hdop>3.79</hdop>
	<extensions>
		<gpxtpx:TrackPointExtension>
			<gpxtpx:course>262.0</gpxtpx:course>
		</gpxtpx:TrackPointExtension>
	</extensions>
</trkpt>
<trkpt lat="43.8726455" lon="15.4488346">
	<ele>6.76</ele>
	<time>2026-08-08T17:11:35.977Z</time>
	<hdop>3.79</hdop>
	<extensions>
		<gpxtpx:TrackPointExtension>
			<gpxtpx:course>266.0</gpxtpx:course>
		</gpxtpx:TrackPointExtension>
	</extensions>
</trkpt>
<trkpt lat="43.8726278" lon="15.4484719">
	<ele>-17.28</ele>
	<time>2026-08-08T17:11:46.976Z</time>
	<hdop>3.79</hdop>
	<extensions>
		<gpxtpx:TrackPointExtension>
			<gpxtpx:course>268.0</gpxtpx:course>
		</gpxtpx:TrackPointExtension>
	</extensions>
</trkpt>
<trkpt lat="43.8726287" lon="15.4481393">
	<ele>-27.68</ele>
	<time>2026-08-08T17:11:56.978Z</time>
	<hdop>3.79</hdop>
	<extensions>
		<gpxtpx:TrackPointExtension>
			<gpxtpx:course>271.0</gpxtpx:course>
		</gpxtpx:TrackPointExtension>
	</extensions>
</trkpt>
<trkpt lat="43.8726310" lon="15.4477667">
	<ele>-21.51</ele>
	<time>2026-08-08T17:12:07.977Z</time>
	<hdop>3.79</hdop>
	<extensions>
		<gpxtpx:TrackPointExtension>
			<gpxtpx:course>269.0</gpxtpx:course>
		</gpxtpx:TrackPointExtension>
	</extensions>
</trkpt>
<trkpt lat="43.8726418" lon="15.4473995">
	<ele>-15.00</ele>
	<time>2026-08-08T17:12:18.976Z</time>
	<hdop>3.79</hdop>
	<extensions>
		<gpxtpx:TrackPointExtension>
			<gpxtpx:course>269.0</gpxtpx:course>
		</gpxtpx:TrackPointExtension>
	</extensions>
</trkpt>
<trkpt lat="43.8726399" lon="15.4470575">
	<ele>-4.82</ele>
	<time>2026-08-08T17:12:28.976Z</time>
	<hdop>3.79</hdop>
	<extensions>
		<gpxtpx:TrackPointExtension>
			<gpxtpx:course>269.0</gpxtpx:course>
		</gpxtpx:TrackPointExtension>
	</extensions>
</trkpt>
<trkpt lat="43.8726394" lon="15.4467237">
	<ele>1.63</ele>
	<time>2026-08-08T17:12:38.976Z</time>
	<hdop>3.79</hdop>
	<extensions>
		<gpxtpx:TrackPointExtension>
			<gpxtpx:course>270.0</gpxtpx:course>
		</gpxtpx:TrackPointExtension>
	</extensions>
</trkpt>
<trkpt lat="43.8726488" lon="15.4463818">
	<ele>-1.17</ele>
	<time>2026-08-08T17:12:48.976Z</time>
	<hdop>3.79</hdop>
	<extensions>
		<gpxtpx:TrackPointExtension>
			<gpxtpx:course>272.0</gpxtpx:course>
		</gpxtpx:TrackPointExtension>
	</extensions>
</trkpt>
<trkpt lat="43.8726583" lon="15.4460337">
	<ele>-0.41</ele>
	<time>2026-08-08T17:12:58.976Z</time>
	<hdop>3.79</hdop>
	<extensions>
		<gpxtpx:TrackPointExtension>
			<gpxtpx:course>267.0</gpxtpx:course>
		</gpxtpx:TrackPointExtension>
	</extensions>
</trkpt>
<trkpt lat="43.8726491" lon="15.4456647">
	<ele>-0.56</ele>
	<time>2026-08-08T17:13:08.976Z</time>
	<hdop>3.79</hdop>
	<extensions>
		<gpxtpx:TrackPointExtension>
			<gpxtpx:course>271.0</gpxtpx:course>
		</gpxtpx:TrackPointExtension>
	</extensions>
</trkpt>
<trkpt lat="43.8726501" lon="15.4452569">
	<ele>2.75</ele>
	<time>2026-08-08T17:13:18.976Z</time>
	<hdop>3.79</hdop>
	<extensions>
		<gpxtpx:TrackPointExtension>
			<gpxtpx:course>269.0</gpxtpx:course>
		</gpxtpx:TrackPointExtension>
	</extensions>
</trkpt>
<trkpt lat="43.8726446" lon="15.4448392">
	<ele>7.31</ele>
	<time>2026-08-08T17:13:28.976Z</time>
	<hdop>3.79</hdop>
	<extensions>
		<gpxtpx:TrackPointExtension>
			<gpxtpx:course>270.0</gpxtpx:course>
		</gpxtpx:TrackPointExtension>
	</extensions>
</trkpt>
<trkpt lat="43.8726537" lon="15.4444153">
	<ele>8.58</ele>
	<time>2026-08-08T17:13:38.976Z</time>
	<hdop>3.79</hdop>
	<extensions>
		<gpxtpx:TrackPointExtension>
			<gpxtpx:course>272.0</gpxtpx:course>
		</gpxtpx:TrackPointExtension>
	</extensions>
</trkpt>
<trkpt lat="43.8726617" lon="15.4439782">
	<ele>2.20</ele>
	<time>2026-08-08T17:13:48.976Z</time>
	<hdop>3.79</hdop>
	<extensions>
		<gpxtpx:TrackPointExtension>
			<gpxtpx:course>270.0</gpxtpx:course>
		</gpxtpx:TrackPointExtension>
	</extensions>
</trkpt>
<trkpt lat="43.8726550" lon="15.4435418">
	<ele>6.12</ele>
	<time>2026-08-08T17:13:58.976Z</time>
	<hdop>3.79</hdop>
	<extensions>
		<gpxtpx:TrackPointExtension>
			<gpxtpx:course>266.0</gpxtpx:course>
		</gpxtpx:TrackPointExtension>
	</extensions>
</trkpt>
<trkpt lat="43.8726410" lon="15.4430975">
	<ele>8.88</ele>
	<time>2026-08-08T17:14:08.976Z</time>
	<hdop>3.79</hdop>
	<extensions>
		<gpxtpx:TrackPointExtension>
			<gpxtpx:course>268.0</gpxtpx:course>
		</gpxtpx:TrackPointExtension>
	</extensions>
</trkpt>
<trkpt lat="43.8726183" lon="15.4426538">
	<ele>10.75</ele>
	<time>2026-08-08T17:14:18.976Z</time>
	<hdop>3.79</hdop>
	<extensions>
		<gpxtpx:TrackPointExtension>
			<gpxtpx:course>268.0</gpxtpx:course>
		</gpxtpx:TrackPointExtension>
	</extensions>
</trkpt>
<trkpt lat="43.8726159" lon="15.4422203">
	<ele>12.78</ele>
	<time>2026-08-08T17:14:28.976Z</time>
	<hdop>3.79</hdop>
	<extensions>
		<gpxtpx:TrackPointExtension>
			<gpxtpx:course>274.0</gpxtpx:course>
		</gpxtpx:TrackPointExtension>
	</extensions>
</trkpt>
<trkpt lat="43.8726225" lon="15.4417874">
	<ele>11.48</ele>
	<time>2026-08-08T17:14:38.976Z</time>
	<hdop>3.79</hdop>
	<extensions>
		<gpxtpx:TrackPointExtension>
			<gpxtpx:course>270.0</gpxtpx:course>
		</gpxtpx:TrackPointExtension>
	</extensions>
</trkpt>
<trkpt lat="43.8726148" lon="15.4413028">
	<ele>12.87</ele>
	<time>2026-08-08T17:14:49.976Z</time>
	<hdop>3.79</hdop>
	<extensions>
		<gpxtpx:TrackPointExtension>
			<gpxtpx:course>268.0</gpxtpx:course>
		</gpxtpx:TrackPointExtension>
	</extensions>
</trkpt>
<trkpt lat="43.8726196" lon="15.4408744">
	<ele>13.08</ele>
	<time>2026-08-08T17:14:59.976Z</time>
	<hdop>3.79</hdop>
	<extensions>
		<gpxtpx:TrackPointExtension>
			<gpxtpx:course>272.0</gpxtpx:course>
		</gpxtpx:TrackPointExtension>
	</extensions>
</trkpt>
<trkpt lat="43.8726220" lon="15.4403987">
	<ele>12.44</ele>
	<time>2026-08-08T17:15:10.976Z</time>
	<hdop>3.79</hdop>
	<extensions>
		<gpxtpx:TrackPointExtension>
			<gpxtpx:course>269.0</gpxtpx:course>
		</gpxtpx:TrackPointExtension>
	</extensions>
</trkpt>
<trkpt lat="43.8726360" lon="15.4399672">
	<ele>13.83</ele>
	<time>2026-08-08T17:15:20.977Z</time>
	<hdop>3.79</hdop>
	<extensions>
		<gpxtpx:TrackPointExtension>
			<gpxtpx:course>272.0</gpxtpx:course>
		</gpxtpx:TrackPointExtension>
	</extensions>
</trkpt>
<trkpt lat="43.8726441" lon="15.4395334">
	<ele>14.09</ele>
	<time>2026-08-08T17:15:30.977Z</time>
	<hdop>3.79</hdop>
	<extensions>
		<gpxtpx:TrackPointExtension>
			<gpxtpx:course>272.0</gpxtpx:course>
		</gpxtpx:TrackPointExtension>
	</extensions>
</trkpt>
<trkpt lat="43.8726457" lon="15.4391032">
	<ele>14.31</ele>
	<time>2026-08-08T17:15:40.978Z</time>
	<hdop>3.79</hdop>
	<extensions>
		<gpxtpx:TrackPointExtension>
			<gpxtpx:course>271.0</gpxtpx:course>
		</gpxtpx:TrackPointExtension>
	</extensions>
</trkpt>
<trkpt lat="43.8726591" lon="15.4386320">
	<ele>13.58</ele>
	<time>2026-08-08T17:15:51.976Z</time>
	<hdop>3.79</hdop>
	<extensions>
		<gpxtpx:TrackPointExtension>
			<gpxtpx:course>270.0</gpxtpx:course>
		</gpxtpx:TrackPointExtension>
	</extensions>
</trkpt>
<trkpt lat="43.8726655" lon="15.4381637">
	<ele>14.08</ele>
	<time>2026-08-08T17:16:02.975Z</time>
	<hdop>3.79</hdop>
	<extensions>
		<gpxtpx:TrackPointExtension>
			<gpxtpx:course>268.0</gpxtpx:course>
		</gpxtpx:TrackPointExtension>
	</extensions>
</trkpt>
<trkpt lat="43.8726927" lon="15.4377383">
	<ele>-5.18</ele>
	<time>2026-08-08T17:16:12.976Z</time>
	<hdop>3.79</hdop>
	<extensions>
		<gpxtpx:TrackPointExtension>
			<gpxtpx:course>274.0</gpxtpx:course>
		</gpxtpx:TrackPointExtension>
	</extensions>
</trkpt>
<trkpt lat="43.8727305" lon="15.4373143">
	<ele>-46.41</ele>
	<time>2026-08-08T17:16:22.976Z</time>
	<hdop>3.79</hdop>
	<extensions>
		<gpxtpx:TrackPointExtension>
			<gpxtpx:course>277.0</gpxtpx:course>
		</gpxtpx:TrackPointExtension>
	</extensions>
</trkpt>
<trkpt lat="43.8727585" lon="15.4368492">
	<ele>-45.22</ele>
	<time>2026-08-08T17:16:33.975Z</time>
	<hdop>3.79</hdop>
	<extensions>
		<gpxtpx:TrackPointExtension>
			<gpxtpx:course>274.0</gpxtpx:course>
		</gpxtpx:TrackPointExtension>
	</extensions>
</trkpt>
<trkpt lat="43.8727732" lon="15.4364105">
	<ele>-30.72</ele>
	<time>2026-08-08T17:16:43.975Z</time>
	<hdop>3.79</hdop>
	<extensions>
		<gpxtpx:TrackPointExtension>
			<gpxtpx:course>273.0</gpxtpx:course>
		</gpxtpx:TrackPointExtension>
	</extensions>
</trkpt>
<trkpt lat="43.8727890" lon="15.4359923">
	<ele>-16.30</ele>
	<time>2026-08-08T17:16:53.975Z</time>
	<hdop>3.79</hdop>
	<extensions>
		<gpxtpx:TrackPointExtension>
			<gpxtpx:course>272.0</gpxtpx:course>
		</gpxtpx:TrackPointExtension>
	</extensions>
</trkpt>
<trkpt lat="43.8728028" lon="15.4355649">
	<ele>5.65</ele>
	<time>2026-08-08T17:17:03.975Z</time>
	<hdop>3.79</hdop>
	<extensions>
		<gpxtpx:TrackPointExtension>
			<gpxtpx:course>274.0</gpxtpx:course>
		</gpxtpx:TrackPointExtension>
	</extensions>
</trkpt>
<trkpt lat="43.8728313" lon="15.4351485">
	<ele>5.09</ele>
	<time>2026-08-08T17:17:13.975Z</time>
	<hdop>3.79</hdop>
	<extensions>
		<gpxtpx:TrackPointExtension>
			<gpxtpx:course>278.0</gpxtpx:course>
		</gpxtpx:TrackPointExtension>
	</extensions>
</trkpt>
<trkpt lat="43.8728567" lon="15.4347289">
	<ele>-13.93</ele>
	<time>2026-08-08T17:17:23.975Z</time>
	<hdop>3.79</hdop>
	<extensions>
		<gpxtpx:TrackPointExtension>
			<gpxtpx:course>273.0</gpxtpx:course>
		</gpxtpx:TrackPointExtension>
	</extensions>
</trkpt>
<trkpt lat="43.8728893" lon="15.4343044">
	<ele>-10.20</ele>
	<time>2026-08-08T17:17:33.977Z</time>
	<hdop>3.79</hdop>
	<extensions>
		<gpxtpx:TrackPointExtension>
			<gpxtpx:course>275.0</gpxtpx:course>
		</gpxtpx:TrackPointExtension>
	</extensions>
</trkpt>
<trkpt lat="43.8729305" lon="15.4338294">
	<ele>-1.10</ele>
	<time>2026-08-08T17:17:44.976Z</time>
	<hdop>3.79</hdop>
	<extensions>
		<gpxtpx:TrackPointExtension>
			<gpxtpx:course>278.0</gpxtpx:course>
		</gpxtpx:TrackPointExtension>
	</extensions>
</trkpt>
<trkpt lat="43.8729460" lon="15.4333541">
	<ele>4.79</ele>
	<time>2026-08-08T17:17:55.975Z</time>
	<hdop>3.79</hdop>
	<extensions>
		<gpxtpx:TrackPointExtension>
			<gpxtpx:course>271.0</gpxtpx:course>
		</gpxtpx:TrackPointExtension>
	</extensions>
</trkpt>
<trkpt lat="43.8729483" lon="15.4329243">
	<ele>8.26</ele>
	<time>2026-08-08T17:18:05.975Z</time>
	<hdop>3.79</hdop>
	<extensions>
		<gpxtpx:TrackPointExtension>
			<gpxtpx:course>268.0</gpxtpx:course>
		</gpxtpx:TrackPointExtension>
	</extensions>
</trkpt>
<trkpt lat="43.8729360" lon="15.4324976">
	<ele>8.32</ele>
	<time>2026-08-08T17:18:15.975Z</time>
	<hdop>3.79</hdop>
	<extensions>
		<gpxtpx:TrackPointExtension>
			<gpxtpx:course>267.0</gpxtpx:course>
		</gpxtpx:TrackPointExtension>
	</extensions>
</trkpt>
<trkpt lat="43.8729245" lon="15.4320692">
	<ele>8.35</ele>
	<time>2026-08-08T17:18:25.977Z</time>
	<hdop>3.79</hdop>
	<extensions>
		<gpxtpx:TrackPointExtension>
			<gpxtpx:course>269.0</gpxtpx:course>
		</gpxtpx:TrackPointExtension>
	</extensions>
</trkpt>
<trkpt lat="43.8729175" lon="15.4315983">
	<ele>8.08</ele>
	<time>2026-08-08T17:18:36.975Z</time>
	<hdop>3.79</hdop>
	<extensions>
		<gpxtpx:TrackPointExtension>
			<gpxtpx:course>269.0</gpxtpx:course>
		</gpxtpx:TrackPointExtension>
	</extensions>
</trkpt>
<trkpt lat="43.8729158" lon="15.4311697">
	<ele>3.79</ele>
	<time>2026-08-08T17:18:46.975Z</time>
	<hdop>3.79</hdop>
	<extensions>
		<gpxtpx:TrackPointExtension>
			<gpxtpx:course>270.0</gpxtpx:course>
		</gpxtpx:TrackPointExtension>
	</extensions>
</trkpt>
<trkpt lat="43.8729187" lon="15.4307544">
	<ele>3.14</ele>
	<time>2026-08-08T17:18:56.975Z</time>
	<hdop>3.79</hdop>
	<extensions>
		<gpxtpx:TrackPointExtension>
			<gpxtpx:course>273.0</gpxtpx:course>
		</gpxtpx:TrackPointExtension>
	</extensions>
</trkpt>
<trkpt lat="43.8729403" lon="15.4303301">
	<ele>1.17</ele>
	<time>2026-08-08T17:19:06.975Z</time>
	<hdop>3.79</hdop>
	<extensions>
		<gpxtpx:TrackPointExtension>
			<gpxtpx:course>275.0</gpxtpx:course>
		</gpxtpx:TrackPointExtension>
	</extensions>
</trkpt>
<trkpt lat="43.8729521" lon="15.4299036">
	<ele>1.60</ele>
	<time>2026-08-08T17:19:16.975Z</time>
	<hdop>3.79</hdop>
	<extensions>
		<gpxtpx:TrackPointExtension>
			<gpxtpx:course>272.0</gpxtpx:course>
		</gpxtpx:TrackPointExtension>
	</extensions>
</trkpt>
<trkpt lat="43.8729678" lon="15.4294830">
	<ele>6.29</ele>
	<time>2026-08-08T17:19:26.976Z</time>
	<hdop>3.79</hdop>
	<extensions>
		<gpxtpx:TrackPointExtension>
			<gpxtpx:course>272.0</gpxtpx:course>
		</gpxtpx:TrackPointExtension>
	</extensions>
</trkpt>
<trkpt lat="43.8729935" lon="15.4290135">
	<ele>10.31</ele>
	<time>2026-08-08T17:19:37.975Z</time>
	<hdop>3.79</hdop>
	<extensions>
		<gpxtpx:TrackPointExtension>
			<gpxtpx:course>272.0</gpxtpx:course>
		</gpxtpx:TrackPointExtension>
	</extensions>
</trkpt>
<trkpt lat="43.8730135" lon="15.4285928">
	<ele>12.53</ele>
	<time>2026-08-08T17:19:47.975Z</time>
	<hdop>3.79</hdop>
	<extensions>
		<gpxtpx:TrackPointExtension>
			<gpxtpx:course>274.0</gpxtpx:course>
		</gpxtpx:TrackPointExtension>
	</extensions>
</trkpt>
<trkpt lat="43.8730383" lon="15.4281675">
	<ele>14.91</ele>
	<time>2026-08-08T17:19:57.975Z</time>
	<hdop>3.79</hdop>
	<extensions>
		<gpxtpx:TrackPointExtension>
			<gpxtpx:course>274.0</gpxtpx:course>
		</gpxtpx:TrackPointExtension>
	</extensions>
</trkpt>
<trkpt lat="43.8730729" lon="15.4277396">
	<ele>12.54</ele>
	<time>2026-08-08T17:20:07.975Z</time>
	<hdop>3.79</hdop>
	<extensions>
		<gpxtpx:TrackPointExtension>
			<gpxtpx:course>274.0</gpxtpx:course>
		</gpxtpx:TrackPointExtension>
	</extensions>
</trkpt>
<trkpt lat="43.8730889" lon="15.4273076">
	<ele>14.88</ele>
	<time>2026-08-08T17:20:17.975Z</time>
	<hdop>3.79</hdop>
	<extensions>
		<gpxtpx:TrackPointExtension>
			<gpxtpx:course>271.0</gpxtpx:course>
		</gpxtpx:TrackPointExtension>
	</extensions>
</trkpt>
<trkpt lat="43.8731040" lon="15.4268556">
	<ele>15.63</ele>
	<time>2026-08-08T17:20:28.975Z</time>
	<hdop>3.79</hdop>
	<extensions>
		<gpxtpx:TrackPointExtension>
			<gpxtpx:course>269.0</gpxtpx:course>
		</gpxtpx:TrackPointExtension>
	</extensions>
</trkpt>
<trkpt lat="43.8731162" lon="15.4263895">
	<ele>16.74</ele>
	<time>2026-08-08T17:20:39.974Z</time>
	<hdop>3.79</hdop>
	<extensions>
		<gpxtpx:TrackPointExtension>
			<gpxtpx:course>270.0</gpxtpx:course>
		</gpxtpx:TrackPointExtension>
	</extensions>
</trkpt>
<trkpt lat="43.8731189" lon="15.4259712">
	<ele>17.18</ele>
	<time>2026-08-08T17:20:49.975Z</time>
	<hdop>3.79</hdop>
	<extensions>
		<gpxtpx:TrackPointExtension>
			<gpxtpx:course>270.0</gpxtpx:course>
		</gpxtpx:TrackPointExtension>
	</extensions>
</trkpt>
<trkpt lat="43.8731215" lon="15.4255495">
	<ele>17.54</ele>
	<time>2026-08-08T17:20:59.975Z</time>
	<hdop>3.79</hdop>
	<extensions>
		<gpxtpx:TrackPointExtension>
			<gpxtpx:course>270.0</gpxtpx:course>
		</gpxtpx:TrackPointExtension>
	</extensions>
</trkpt>
<trkpt lat="43.8731168" lon="15.4251340">
	<ele>15.06</ele>
	<time>2026-08-08T17:21:09.975Z</time>
	<hdop>3.79</hdop>
	<extensions>
		<gpxtpx:TrackPointExtension>
			<gpxtpx:course>270.0</gpxtpx:course>
		</gpxtpx:TrackPointExtension>
	</extensions>
</trkpt>
<trkpt lat="43.8731311" lon="15.4247088">
	<ele>13.99</ele>
	<time>2026-08-08T17:21:19.975Z</time>
	<hdop>3.79</hdop>
	<extensions>
		<gpxtpx:TrackPointExtension>
			<gpxtpx:course>276.0</gpxtpx:course>
		</gpxtpx:TrackPointExtension>
	</extensions>
</trkpt>
<trkpt lat="43.8731533" lon="15.4242843">
	<ele>12.86</ele>
	<time>2026-08-08T17:21:29.975Z</time>
	<hdop>3.79</hdop>
	<extensions>
		<gpxtpx:TrackPointExtension>
			<gpxtpx:course>274.0</gpxtpx:course>
		</gpxtpx:TrackPointExtension>
	</extensions>
</trkpt>
<trkpt lat="43.8731749" lon="15.4238277">
	<ele>17.13</ele>
	<time>2026-08-08T17:21:40.975Z</time>
	<hdop>3.79</hdop>
	<extensions>
		<gpxtpx:TrackPointExtension>
			<gpxtpx:course>276.0</gpxtpx:course>
		</gpxtpx:TrackPointExtension>
	</extensions>
</trkpt>
<trkpt lat="43.8732205" lon="15.4233695">
	<ele>17.01</ele>
	<time>2026-08-08T17:21:51.975Z</time>
	<hdop>3.79</hdop>
	<extensions>
		<gpxtpx:TrackPointExtension>
			<gpxtpx:course>278.0</gpxtpx:course>
		</gpxtpx:TrackPointExtension>
	</extensions>
</trkpt>
<trkpt lat="43.8732678" lon="15.4229456">
	<ele>19.62</ele>
	<time>2026-08-08T17:22:01.976Z</time>
	<hdop>3.79</hdop>
	<extensions>
		<gpxtpx:TrackPointExtension>
			<gpxtpx:course>276.0</gpxtpx:course>
		</gpxtpx:TrackPointExtension>
	</extensions>
</trkpt>
<trkpt lat="43.8732983" lon="15.4224737">
	<ele>19.52</ele>
	<time>2026-08-08T17:22:12.973Z</time>
	<hdop>3.79</hdop>
	<extensions>
		<gpxtpx:TrackPointExtension>
			<gpxtpx:course>274.0</gpxtpx:course>
		</gpxtpx:TrackPointExtension>
	</extensions>
</trkpt>
<trkpt lat="43.8733223" lon="15.4220399">
	<ele>17.45</ele>
	<time>2026-08-08T17:22:22.975Z</time>
	<hdop>3.79</hdop>
	<extensions>
		<gpxtpx:TrackPointExtension>
			<gpxtpx:course>277.0</gpxtpx:course>
		</gpxtpx:TrackPointExtension>
	</extensions>
</trkpt>
<trkpt lat="43.8733743" lon="15.4215886">
	<ele>-9.06</ele>
	<time>2026-08-08T17:22:33.974Z</time>
	<hdop>3.79</hdop>
	<extensions>
		<gpxtpx:TrackPointExtension>
			<gpxtpx:course>277.0</gpxtpx:course>
		</gpxtpx:TrackPointExtension>
	</extensions>
</trkpt>
<trkpt lat="43.8733952" lon="15.4211631">
	<ele>-25.67</ele>
	<time>2026-08-08T17:22:43.974Z</time>
	<hdop>3.79</hdop>
	<extensions>
		<gpxtpx:TrackPointExtension>
			<gpxtpx:course>271.0</gpxtpx:course>
		</gpxtpx:TrackPointExtension>
	</extensions>
</trkpt>
<trkpt lat="43.8733931" lon="15.4207401">
	<ele>-11.87</ele>
	<time>2026-08-08T17:22:53.975Z</time>
	<hdop>3.79</hdop>
	<extensions>
		<gpxtpx:TrackPointExtension>
			<gpxtpx:course>269.0</gpxtpx:course>
		</gpxtpx:TrackPointExtension>
	</extensions>
</trkpt>
<trkpt lat="43.8733814" lon="15.4203067">
	<ele>5.73</ele>
	<time>2026-08-08T17:23:03.975Z</time>
	<hdop>3.79</hdop>
	<extensions>
		<gpxtpx:TrackPointExtension>
			<gpxtpx:course>267.0</gpxtpx:course>
		</gpxtpx:TrackPointExtension>
	</extensions>
</trkpt>
<trkpt lat="43.8733803" lon="15.4198390">
	<ele>14.89</ele>
	<time>2026-08-08T17:23:14.975Z</time>
	<hdop>3.79</hdop>
	<extensions>
		<gpxtpx:TrackPointExtension>
			<gpxtpx:course>268.0</gpxtpx:course>
		</gpxtpx:TrackPointExtension>
	</extensions>
</trkpt>
<trkpt lat="43.8733682" lon="15.4193660">
	<ele>21.13</ele>
	<time>2026-08-08T17:23:25.974Z</time>
	<hdop>3.79</hdop>
	<extensions>
		<gpxtpx:TrackPointExtension>
			<gpxtpx:course>266.0</gpxtpx:course>
		</gpxtpx:TrackPointExtension>
	</extensions>
</trkpt>
<trkpt lat="43.8733479" lon="15.4189425">
	<ele>22.67</ele>
	<time>2026-08-08T17:23:35.976Z</time>
	<hdop>3.79</hdop>
	<extensions>
		<gpxtpx:TrackPointExtension>
			<gpxtpx:course>267.0</gpxtpx:course>
		</gpxtpx:TrackPointExtension>
	</extensions>
</trkpt>
<trkpt lat="43.8733367" lon="15.4184778">
	<ele>21.65</ele>
	<time>2026-08-08T17:23:46.975Z</time>
	<hdop>3.79</hdop>
	<extensions>
		<gpxtpx:TrackPointExtension>
			<gpxtpx:course>268.0</gpxtpx:course>
		</gpxtpx:TrackPointExtension>
	</extensions>
</trkpt>
<trkpt lat="43.8733371" lon="15.4180517">
	<ele>25.17</ele>
	<time>2026-08-08T17:23:56.975Z</time>
	<hdop>3.79</hdop>
	<extensions>
		<gpxtpx:TrackPointExtension>
			<gpxtpx:course>271.0</gpxtpx:course>
		</gpxtpx:TrackPointExtension>
	</extensions>
</trkpt>
<trkpt lat="43.8733422" lon="15.4176232">
	<ele>25.19</ele>
	<time>2026-08-08T17:24:06.975Z</time>
	<hdop>3.79</hdop>
	<extensions>
		<gpxtpx:TrackPointExtension>
			<gpxtpx:course>271.0</gpxtpx:course>
		</gpxtpx:TrackPointExtension>
	</extensions>
</trkpt>
<trkpt lat="43.8733796" lon="15.4171576">
	<ele>27.24</ele>
	<time>2026-08-08T17:24:17.975Z</time>
	<hdop>3.79</hdop>
	<extensions>
		<gpxtpx:TrackPointExtension>
			<gpxtpx:course>274.0</gpxtpx:course>
		</gpxtpx:TrackPointExtension>
	</extensions>
</trkpt>
<trkpt lat="43.8734311" lon="15.4166982">
	<ele>26.62</ele>
	<time>2026-08-08T17:24:28.974Z</time>
	<hdop>3.79</hdop>
	<extensions>
		<gpxtpx:TrackPointExtension>
			<gpxtpx:course>276.0</gpxtpx:course>
		</gpxtpx:TrackPointExtension>
	</extensions>
</trkpt>
<trkpt lat="43.8734672" lon="15.4162720">
	<ele>27.10</ele>
	<time>2026-08-08T17:24:38.975Z</time>
	<hdop>3.79</hdop>
	<extensions>
		<gpxtpx:TrackPointExtension>
			<gpxtpx:course>275.0</gpxtpx:course>
		</gpxtpx:TrackPointExtension>
	</extensions>
</trkpt>
<trkpt lat="43.8734914" lon="15.4158424">
	<ele>27.86</ele>
	<time>2026-08-08T17:24:48.975Z</time>
	<hdop>3.79</hdop>
	<extensions>
		<gpxtpx:TrackPointExtension>
			<gpxtpx:course>275.0</gpxtpx:course>
		</gpxtpx:TrackPointExtension>
	</extensions>
</trkpt>
<trkpt lat="43.8735314" lon="15.4154222">
	<ele>27.19</ele>
	<time>2026-08-08T17:24:58.975Z</time>
	<hdop>3.79</hdop>
	<extensions>
		<gpxtpx:TrackPointExtension>
			<gpxtpx:course>276.0</gpxtpx:course>
		</gpxtpx:TrackPointExtension>
	</extensions>
</trkpt>
<trkpt lat="43.8735504" lon="15.4149984">
	<ele>24.55</ele>
	<time>2026-08-08T17:25:08.975Z</time>
	<hdop>3.79</hdop>
	<extensions>
		<gpxtpx:TrackPointExtension>
			<gpxtpx:course>275.0</gpxtpx:course>
		</gpxtpx:TrackPointExtension>
	</extensions>
</trkpt>
<trkpt lat="43.8735810" lon="15.4145274">
	<ele>25.83</ele>
	<time>2026-08-08T17:25:19.974Z</time>
	<hdop>3.79</hdop>
	<extensions>
		<gpxtpx:TrackPointExtension>
			<gpxtpx:course>274.0</gpxtpx:course>
		</gpxtpx:TrackPointExtension>
	</extensions>
</trkpt>
<trkpt lat="43.8736050" lon="15.4140933">
	<ele>23.69</ele>
	<time>2026-08-08T17:25:29.975Z</time>
	<hdop>3.79</hdop>
	<extensions>
		<gpxtpx:TrackPointExtension>
			<gpxtpx:course>273.0</gpxtpx:course>
		</gpxtpx:TrackPointExtension>
	</extensions>
</trkpt>
<trkpt lat="43.8736164" lon="15.4136606">
	<ele>24.01</ele>
	<time>2026-08-08T17:25:39.975Z</time>
	<hdop>3.79</hdop>
	<extensions>
		<gpxtpx:TrackPointExtension>
			<gpxtpx:course>270.0</gpxtpx:course>
		</gpxtpx:TrackPointExtension>
	</extensions>
</trkpt>
<trkpt lat="43.8736394" lon="15.4132307">
	<ele>22.51</ele>
	<time>2026-08-08T17:25:49.975Z</time>
	<hdop>3.79</hdop>
	<extensions>
		<gpxtpx:TrackPointExtension>
			<gpxtpx:course>274.0</gpxtpx:course>
		</gpxtpx:TrackPointExtension>
	</extensions>
</trkpt>
<trkpt lat="43.8736719" lon="15.4127579">
	<ele>22.70</ele>
	<time>2026-08-08T17:26:00.974Z</time>
	<hdop>3.79</hdop>
	<extensions>
		<gpxtpx:TrackPointExtension>
			<gpxtpx:course>278.0</gpxtpx:course>
		</gpxtpx:TrackPointExtension>
	</extensions>
</trkpt>
<trkpt lat="43.8737192" lon="15.4123275">
	<ele>18.66</ele>
	<time>2026-08-08T17:26:10.974Z</time>
	<hdop>3.79</hdop>
	<extensions>
		<gpxtpx:TrackPointExtension>
			<gpxtpx:course>280.0</gpxtpx:course>
		</gpxtpx:TrackPointExtension>
	</extensions>
</trkpt>
<trkpt lat="43.8737820" lon="15.4119057">
	<ele>20.44</ele>
	<time>2026-08-08T17:26:20.974Z</time>
	<hdop>3.79</hdop>
	<extensions>
		<gpxtpx:TrackPointExtension>
			<gpxtpx:course>276.0</gpxtpx:course>
		</gpxtpx:TrackPointExtension>
	</extensions>
</trkpt>
<trkpt lat="43.8738253" lon="15.4114675">
	<ele>17.72</ele>
	<time>2026-08-08T17:26:30.974Z</time>
	<hdop>3.79</hdop>
	<extensions>
		<gpxtpx:TrackPointExtension>
			<gpxtpx:course>277.0</gpxtpx:course>
		</gpxtpx:TrackPointExtension>
	</extensions>
</trkpt>
<trkpt lat="43.8738616" lon="15.4110302">
	<ele>17.64</ele>
	<time>2026-08-08T17:26:40.974Z</time>
	<hdop>3.79</hdop>
	<extensions>
		<gpxtpx:TrackPointExtension>
			<gpxtpx:course>277.0</gpxtpx:course>
		</gpxtpx:TrackPointExtension>
	</extensions>
</trkpt>
<trkpt lat="43.8739003" lon="15.4106005">
	<ele>16.61</ele>
	<time>2026-08-08T17:26:50.974Z</time>
	<hdop>3.79</hdop>
	<extensions>
		<gpxtpx:TrackPointExtension>
			<gpxtpx:course>279.0</gpxtpx:course>
		</gpxtpx:TrackPointExtension>
	</extensions>
</trkpt>
<trkpt lat="43.8739601" lon="15.4101747">
	<ele>17.27</ele>
	<time>2026-08-08T17:27:00.974Z</time>
	<hdop>3.79</hdop>
	<extensions>
		<gpxtpx:TrackPointExtension>
			<gpxtpx:course>283.0</gpxtpx:course>
		</gpxtpx:TrackPointExtension>
	</extensions>
</trkpt>
<trkpt lat="43.8740123" lon="15.4097447">
	<ele>16.12</ele>
	<time>2026-08-08T17:27:10.974Z</time>
	<hdop>3.79</hdop>
	<extensions>
		<gpxtpx:TrackPointExtension>
			<gpxtpx:course>278.0</gpxtpx:course>
		</gpxtpx:TrackPointExtension>
	</extensions>
</trkpt>
<trkpt lat="43.8740744" lon="15.4093085">
	<ele>19.02</ele>
	<time>2026-08-08T17:27:20.974Z</time>
	<hdop>3.79</hdop>
	<extensions>
		<gpxtpx:TrackPointExtension>
			<gpxtpx:course>281.0</gpxtpx:course>
		</gpxtpx:TrackPointExtension>
	</extensions>
</trkpt>
<trkpt lat="43.8741423" lon="15.4088835">
	<ele>15.79</ele>
	<time>2026-08-08T17:27:30.974Z</time>
	<hdop>3.79</hdop>
	<extensions>
		<gpxtpx:TrackPointExtension>
			<gpxtpx:course>282.0</gpxtpx:course>
		</gpxtpx:TrackPointExtension>
	</extensions>
</trkpt>
<trkpt lat="43.8742171" lon="15.4084025">
	<ele>18.53</ele>
	<time>2026-08-08T17:27:41.974Z</time>
	<hdop>3.79</hdop>
	<extensions>
		<gpxtpx:TrackPointExtension>
			<gpxtpx:course>281.0</gpxtpx:course>
		</gpxtpx:TrackPointExtension>
	</extensions>
</trkpt>
<trkpt lat="43.8742955" lon="15.4079720">
	<ele>7.08</ele>
	<time>2026-08-08T17:27:51.974Z</time>
	<hdop>3.79</hdop>
	<extensions>
		<gpxtpx:TrackPointExtension>
			<gpxtpx:course>283.0</gpxtpx:course>
		</gpxtpx:TrackPointExtension>
	</extensions>
</trkpt>
<trkpt lat="43.8743712" lon="15.4075443">
	<ele>5.87</ele>
	<time>2026-08-08T17:28:01.974Z</time>
	<hdop>3.79</hdop>
	<extensions>
		<gpxtpx:TrackPointExtension>
			<gpxtpx:course>283.0</gpxtpx:course>
		</gpxtpx:TrackPointExtension>
	</extensions>
</trkpt>
<trkpt lat="43.8744594" lon="15.4071266">
	<ele>6.33</ele>
	<time>2026-08-08T17:28:11.974Z</time>
	<hdop>3.79</hdop>
	<extensions>
		<gpxtpx:TrackPointExtension>
			<gpxtpx:course>287.0</gpxtpx:course>
		</gpxtpx:TrackPointExtension>
	</extensions>
</trkpt>
<trkpt lat="43.8745495" lon="15.4067091">
	<ele>12.69</ele>
	<time>2026-08-08T17:28:21.974Z</time>
	<hdop>3.79</hdop>
	<extensions>
		<gpxtpx:TrackPointExtension>
			<gpxtpx:course>287.0</gpxtpx:course>
		</gpxtpx:TrackPointExtension>
	</extensions>
</trkpt>
<trkpt lat="43.8746338" lon="15.4062863">
	<ele>14.96</ele>
	<time>2026-08-08T17:28:31.974Z</time>
	<hdop>3.79</hdop>
	<extensions>
		<gpxtpx:TrackPointExtension>
			<gpxtpx:course>286.0</gpxtpx:course>
		</gpxtpx:TrackPointExtension>
	</extensions>
</trkpt>
<trkpt lat="43.8747246" lon="15.4058170">
	<ele>17.92</ele>
	<time>2026-08-08T17:28:42.975Z</time>
	<hdop>3.79</hdop>
	<extensions>
		<gpxtpx:TrackPointExtension>
			<gpxtpx:course>284.0</gpxtpx:course>
		</gpxtpx:TrackPointExtension>
	</extensions>
</trkpt>
<trkpt lat="43.8748113" lon="15.4053594">
	<ele>16.13</ele>
	<time>2026-08-08T17:28:53.975Z</time>
	<hdop>3.79</hdop>
	<extensions>
		<gpxtpx:TrackPointExtension>
			<gpxtpx:course>284.0</gpxtpx:course>
		</gpxtpx:TrackPointExtension>
	</extensions>
</trkpt>
<trkpt lat="43.8748865" lon="15.4048964">
	<ele>16.09</ele>
	<time>2026-08-08T17:29:04.974Z</time>
	<hdop>3.79</hdop>
	<extensions>
		<gpxtpx:TrackPointExtension>
			<gpxtpx:course>281.0</gpxtpx:course>
		</gpxtpx:TrackPointExtension>
	</extensions>
</trkpt>
<trkpt lat="43.8749517" lon="15.4044706">
	<ele>17.24</ele>
	<time>2026-08-08T17:29:14.974Z</time>
	<hdop>3.79</hdop>
	<extensions>
		<gpxtpx:TrackPointExtension>
			<gpxtpx:course>282.0</gpxtpx:course>
		</gpxtpx:TrackPointExtension>
	</extensions>
</trkpt>
<trkpt lat="43.8750200" lon="15.4040515">
	<ele>18.24</ele>
	<time>2026-08-08T17:29:24.974Z</time>
	<hdop>3.79</hdop>
	<extensions>
		<gpxtpx:TrackPointExtension>
			<gpxtpx:course>282.0</gpxtpx:course>
		</gpxtpx:TrackPointExtension>
	</extensions>
</trkpt>
<trkpt lat="43.8750839" lon="15.4036309">
	<ele>16.23</ele>
	<time>2026-08-08T17:29:34.975Z</time>
	<hdop>3.79</hdop>
	<extensions>
		<gpxtpx:TrackPointExtension>
			<gpxtpx:course>282.0</gpxtpx:course>
		</gpxtpx:TrackPointExtension>
	</extensions>
</trkpt>
<trkpt lat="43.8751480" lon="15.4031506">
	<ele>7.53</ele>
	<time>2026-08-08T17:29:45.974Z</time>
	<hdop>3.79</hdop>
	<extensions>
		<gpxtpx:TrackPointExtension>
			<gpxtpx:course>281.0</gpxtpx:course>
		</gpxtpx:TrackPointExtension>
	</extensions>
</trkpt>
<trkpt lat="43.8752042" lon="15.4027328">
	<ele>-11.05</ele>
	<time>2026-08-08T17:29:55.974Z</time>
	<hdop>3.79</hdop>
	<extensions>
		<gpxtpx:TrackPointExtension>
			<gpxtpx:course>279.0</gpxtpx:course>
		</gpxtpx:TrackPointExtension>
	</extensions>
</trkpt>
<trkpt lat="43.8752421" lon="15.4023035">
	<ele>-7.77</ele>
	<time>2026-08-08T17:30:05.974Z</time>
	<hdop>3.79</hdop>
	<extensions>
		<gpxtpx:TrackPointExtension>
			<gpxtpx:course>274.0</gpxtpx:course>
		</gpxtpx:TrackPointExtension>
	</extensions>
</trkpt>
<trkpt lat="43.8752709" lon="15.4018702">
	<ele>1.90</ele>
	<time>2026-08-08T17:30:15.974Z</time>
	<hdop>3.79</hdop>
	<extensions>
		<gpxtpx:TrackPointExtension>
			<gpxtpx:course>272.0</gpxtpx:course>
		</gpxtpx:TrackPointExtension>
	</extensions>
</trkpt>
<trkpt lat="43.8752652" lon="15.4014463">
	<ele>5.30</ele>
	<time>2026-08-08T17:30:25.974Z</time>
	<hdop>3.79</hdop>
	<extensions>
		<gpxtpx:TrackPointExtension>
			<gpxtpx:course>265.0</gpxtpx:course>
		</gpxtpx:TrackPointExtension>
	</extensions>
</trkpt>
<trkpt lat="43.8752560" lon="15.4009704">
	<ele>9.59</ele>
	<time>2026-08-08T17:30:36.973Z</time>
	<hdop>3.79</hdop>
	<extensions>
		<gpxtpx:TrackPointExtension>
			<gpxtpx:course>270.0</gpxtpx:course>
		</gpxtpx:TrackPointExtension>
	</extensions>
</trkpt>
<trkpt lat="43.8752502" lon="15.4005245">
	<ele>12.33</ele>
	<time>2026-08-08T17:30:46.974Z</time>
	<hdop>3.79</hdop>
	<extensions>
		<gpxtpx:TrackPointExtension>
			<gpxtpx:course>269.0</gpxtpx:course>
		</gpxtpx:TrackPointExtension>
	</extensions>
</trkpt>
<trkpt lat="43.8752636" lon="15.4000633">
	<ele>15.71</ele>
	<time>2026-08-08T17:30:57.974Z</time>
	<hdop>3.79</hdop>
	<extensions>
		<gpxtpx:TrackPointExtension>
			<gpxtpx:course>277.0</gpxtpx:course>
		</gpxtpx:TrackPointExtension>
	</extensions>
</trkpt>
<trkpt lat="43.8752996" lon="15.3995988">
	<ele>15.77</ele>
	<time>2026-08-08T17:31:08.973Z</time>
	<hdop>3.79</hdop>
	<extensions>
		<gpxtpx:TrackPointExtension>
			<gpxtpx:course>277.0</gpxtpx:course>
		</gpxtpx:TrackPointExtension>
	</extensions>
</trkpt>
<trkpt lat="43.8753350" lon="15.3991692">
	<ele>15.38</ele>
	<time>2026-08-08T17:31:18.973Z</time>
	<hdop>3.79</hdop>
	<extensions>
		<gpxtpx:TrackPointExtension>
			<gpxtpx:course>276.0</gpxtpx:course>
		</gpxtpx:TrackPointExtension>
	</extensions>
</trkpt>
<trkpt lat="43.8753655" lon="15.3987427">
	<ele>14.64</ele>
	<time>2026-08-08T17:31:28.974Z</time>
	<hdop>3.79</hdop>
	<extensions>
		<gpxtpx:TrackPointExtension>
			<gpxtpx:course>274.0</gpxtpx:course>
		</gpxtpx:TrackPointExtension>
	</extensions>
</trkpt>
<trkpt lat="43.8753842" lon="15.3983133">
	<ele>15.57</ele>
	<time>2026-08-08T17:31:38.975Z</time>
	<hdop>3.79</hdop>
	<extensions>
		<gpxtpx:TrackPointExtension>
			<gpxtpx:course>273.0</gpxtpx:course>
		</gpxtpx:TrackPointExtension>
	</extensions>
</trkpt>
<trkpt lat="43.8753957" lon="15.3978455">
	<ele>13.43</ele>
	<time>2026-08-08T17:31:49.973Z</time>
	<hdop>3.79</hdop>
	<extensions>
		<gpxtpx:TrackPointExtension>
			<gpxtpx:course>267.0</gpxtpx:course>
		</gpxtpx:TrackPointExtension>
	</extensions>
</trkpt>
<trkpt lat="43.8753928" lon="15.3974246">
	<ele>15.58</ele>
	<time>2026-08-08T17:31:59.973Z</time>
	<hdop>3.79</hdop>
	<extensions>
		<gpxtpx:TrackPointExtension>
			<gpxtpx:course>270.0</gpxtpx:course>
		</gpxtpx:TrackPointExtension>
	</extensions>
</trkpt>
<trkpt lat="43.8754203" lon="15.3969972">
	<ele>15.36</ele>
	<time>2026-08-08T17:32:09.973Z</time>
	<hdop>3.79</hdop>
	<extensions>
		<gpxtpx:TrackPointExtension>
			<gpxtpx:course>277.0</gpxtpx:course>
		</gpxtpx:TrackPointExtension>
	</extensions>
</trkpt>
<trkpt lat="43.8754520" lon="15.3965851">
	<ele>13.58</ele>
	<time>2026-08-08T17:32:19.974Z</time>
	<hdop>3.79</hdop>
	<extensions>
		<gpxtpx:TrackPointExtension>
			<gpxtpx:course>277.0</gpxtpx:course>
		</gpxtpx:TrackPointExtension>
	</extensions>
</trkpt>
<trkpt lat="43.8754823" lon="15.3961543">
	<ele>12.56</ele>
	<time>2026-08-08T17:32:29.974Z</time>
	<hdop>3.79</hdop>
	<extensions>
		<gpxtpx:TrackPointExtension>
			<gpxtpx:course>275.0</gpxtpx:course>
		</gpxtpx:TrackPointExtension>
	</extensions>
</trkpt>
<trkpt lat="43.8755027" lon="15.3956891">
	<ele>11.74</ele>
	<time>2026-08-08T17:32:40.974Z</time>
	<hdop>3.79</hdop>
	<extensions>
		<gpxtpx:TrackPointExtension>
			<gpxtpx:course>271.0</gpxtpx:course>
		</gpxtpx:TrackPointExtension>
	</extensions>
</trkpt>
<trkpt lat="43.8755103" lon="15.3952154">
	<ele>9.56</ele>
	<time>2026-08-08T17:32:51.973Z</time>
	<hdop>3.79</hdop>
	<extensions>
		<gpxtpx:TrackPointExtension>
			<gpxtpx:course>268.0</gpxtpx:course>
		</gpxtpx:TrackPointExtension>
	</extensions>
</trkpt>
<trkpt lat="43.8755246" lon="15.3947978">
	<ele>13.64</ele>
	<time>2026-08-08T17:33:01.973Z</time>
	<hdop>3.79</hdop>
	<extensions>
		<gpxtpx:TrackPointExtension>
			<gpxtpx:course>275.0</gpxtpx:course>
		</gpxtpx:TrackPointExtension>
	</extensions>
</trkpt>
<trkpt lat="43.8755471" lon="15.3943785">
	<ele>10.89</ele>
	<time>2026-08-08T17:33:11.973Z</time>
	<hdop>3.79</hdop>
	<extensions>
		<gpxtpx:TrackPointExtension>
			<gpxtpx:course>274.0</gpxtpx:course>
		</gpxtpx:TrackPointExtension>
	</extensions>
</trkpt>
<trkpt lat="43.8755770" lon="15.3939667">
	<ele>9.15</ele>
	<time>2026-08-08T17:33:21.973Z</time>
	<hdop>3.79</hdop>
	<extensions>
		<gpxtpx:TrackPointExtension>
			<gpxtpx:course>277.0</gpxtpx:course>
		</gpxtpx:TrackPointExtension>
	</extensions>
</trkpt>
<trkpt lat="43.8756078" lon="15.3935571">
	<ele>11.69</ele>
	<time>2026-08-08T17:33:31.973Z</time>
	<hdop>3.79</hdop>
	<extensions>
		<gpxtpx:TrackPointExtension>
			<gpxtpx:course>275.0</gpxtpx:course>
		</gpxtpx:TrackPointExtension>
	</extensions>
</trkpt>
<trkpt lat="43.8756385" lon="15.3931304">
	<ele>10.92</ele>
	<time>2026-08-08T17:33:41.973Z</time>
	<hdop>3.79</hdop>
	<extensions>
		<gpxtpx:TrackPointExtension>
			<gpxtpx:course>279.0</gpxtpx:course>
		</gpxtpx:TrackPointExtension>
	</extensions>
</trkpt>
<trkpt lat="43.8756918" lon="15.3927089">
	<ele>5.06</ele>
	<time>2026-08-08T17:33:51.973Z</time>
	<hdop>3.79</hdop>
	<extensions>
		<gpxtpx:TrackPointExtension>
			<gpxtpx:course>277.0</gpxtpx:course>
		</gpxtpx:TrackPointExtension>
	</extensions>
</trkpt>
<trkpt lat="43.8757096" lon="15.3922922">
	<ele>-4.09</ele>
	<time>2026-08-08T17:34:01.973Z</time>
	<hdop>3.79</hdop>
	<extensions>
		<gpxtpx:TrackPointExtension>
			<gpxtpx:course>274.0</gpxtpx:course>
		</gpxtpx:TrackPointExtension>
	</extensions>
</trkpt>
<trkpt lat="43.8757223" lon="15.3918746">
	<ele>-24.92</ele>
	<time>2026-08-08T17:34:11.975Z</time>
	<hdop>3.79</hdop>
	<extensions>
		<gpxtpx:TrackPointExtension>
			<gpxtpx:course>271.0</gpxtpx:course>
		</gpxtpx:TrackPointExtension>
	</extensions>
</trkpt>
<trkpt lat="43.8757175" lon="15.3914138">
	<ele>-15.83</ele>
	<time>2026-08-08T17:34:22.974Z</time>
	<hdop>3.79</hdop>
	<extensions>
		<gpxtpx:TrackPointExtension>
			<gpxtpx:course>270.0</gpxtpx:course>
		</gpxtpx:TrackPointExtension>
	</extensions>
</trkpt>
<trkpt lat="43.8757527" lon="15.3909497">
	<ele>-5.67</ele>
	<time>2026-08-08T17:34:33.973Z</time>
	<hdop>3.79</hdop>
	<extensions>
		<gpxtpx:TrackPointExtension>
			<gpxtpx:course>278.0</gpxtpx:course>
		</gpxtpx:TrackPointExtension>
	</extensions>
</trkpt>
<trkpt lat="43.8758219" lon="15.3905513">
	<ele>0.97</ele>
	<time>2026-08-08T17:34:43.974Z</time>
	<hdop>3.79</hdop>
	<extensions>
		<gpxtpx:TrackPointExtension>
			<gpxtpx:course>281.0</gpxtpx:course>
		</gpxtpx:TrackPointExtension>
	</extensions>
</trkpt>
<trkpt lat="43.8758901" lon="15.3901125">
	<ele>6.77</ele>
	<time>2026-08-08T17:34:54.973Z</time>
	<hdop>3.79</hdop>
	<extensions>
		<gpxtpx:TrackPointExtension>
			<gpxtpx:course>283.0</gpxtpx:course>
		</gpxtpx:TrackPointExtension>
	</extensions>
</trkpt>
<trkpt lat="43.8759556" lon="15.3897100">
	<ele>8.56</ele>
	<time>2026-08-08T17:35:04.973Z</time>
	<hdop>3.79</hdop>
	<extensions>
		<gpxtpx:TrackPointExtension>
			<gpxtpx:course>283.0</gpxtpx:course>
		</gpxtpx:TrackPointExtension>
	</extensions>
</trkpt>
<trkpt lat="43.8760255" lon="15.3893046">
	<ele>8.04</ele>
	<time>2026-08-08T17:35:14.973Z</time>
	<hdop>3.79</hdop>
	<extensions>
		<gpxtpx:TrackPointExtension>
			<gpxtpx:course>280.0</gpxtpx:course>
		</gpxtpx:TrackPointExtension>
	</extensions>
</trkpt>
<trkpt lat="43.8760887" lon="15.3889000">
	<ele>11.17</ele>
	<time>2026-08-08T17:35:24.973Z</time>
	<hdop>3.79</hdop>
	<extensions>
		<gpxtpx:TrackPointExtension>
			<gpxtpx:course>282.0</gpxtpx:course>
		</gpxtpx:TrackPointExtension>
	</extensions>
</trkpt>
<trkpt lat="43.8761486" lon="15.3884897">
	<ele>8.34</ele>
	<time>2026-08-08T17:35:34.973Z</time>
	<hdop>3.79</hdop>
	<extensions>
		<gpxtpx:TrackPointExtension>
			<gpxtpx:course>281.0</gpxtpx:course>
		</gpxtpx:TrackPointExtension>
	</extensions>
</trkpt>
<trkpt lat="43.8762132" lon="15.3880793">
	<ele>9.57</ele>
	<time>2026-08-08T17:35:44.973Z</time>
	<hdop>3.79</hdop>
	<extensions>
		<gpxtpx:TrackPointExtension>
			<gpxtpx:course>284.0</gpxtpx:course>
		</gpxtpx:TrackPointExtension>
	</extensions>
</trkpt>
<trkpt lat="43.8762903" lon="15.3876825">
	<ele>9.13</ele>
	<time>2026-08-08T17:35:54.973Z</time>
	<hdop>3.79</hdop>
	<extensions>
		<gpxtpx:TrackPointExtension>
			<gpxtpx:course>285.0</gpxtpx:course>
		</gpxtpx:TrackPointExtension>
	</extensions>
</trkpt>
<trkpt lat="43.8763625" lon="15.3872800">
	<ele>9.55</ele>
	<time>2026-08-08T17:36:04.973Z</time>
	<hdop>3.79</hdop>
	<extensions>
		<gpxtpx:TrackPointExtension>
			<gpxtpx:course>283.0</gpxtpx:course>
		</gpxtpx:TrackPointExtension>
	</extensions>
</trkpt>
<trkpt lat="43.8764413" lon="15.3868769">
	<ele>7.23</ele>
	<time>2026-08-08T17:36:14.973Z</time>
	<hdop>3.79</hdop>
	<extensions>
		<gpxtpx:TrackPointExtension>
			<gpxtpx:course>284.0</gpxtpx:course>
		</gpxtpx:TrackPointExtension>
	</extensions>
</trkpt>
<trkpt lat="43.8765247" lon="15.3864776">
	<ele>8.14</ele>
	<time>2026-08-08T17:36:24.973Z</time>
	<hdop>3.79</hdop>
	<extensions>
		<gpxtpx:TrackPointExtension>
			<gpxtpx:course>287.0</gpxtpx:course>
		</gpxtpx:TrackPointExtension>
	</extensions>
</trkpt>
<trkpt lat="43.8766171" lon="15.3860422">
	<ele>6.82</ele>
	<time>2026-08-08T17:36:35.973Z</time>
	<hdop>3.79</hdop>
	<extensions>
		<gpxtpx:TrackPointExtension>
			<gpxtpx:course>286.0</gpxtpx:course>
		</gpxtpx:TrackPointExtension>
	</extensions>
</trkpt>
<trkpt lat="43.8766975" lon="15.3856317">
	<ele>7.03</ele>
	<time>2026-08-08T17:36:45.973Z</time>
	<hdop>3.79</hdop>
	<extensions>
		<gpxtpx:TrackPointExtension>
			<gpxtpx:course>284.0</gpxtpx:course>
		</gpxtpx:TrackPointExtension>
	</extensions>
</trkpt>
<trkpt lat="43.8767681" lon="15.3852257">
	<ele>-2.44</ele>
	<time>2026-08-08T17:36:55.973Z</time>
	<hdop>3.79</hdop>
	<extensions>
		<gpxtpx:TrackPointExtension>
			<gpxtpx:course>278.0</gpxtpx:course>
		</gpxtpx:TrackPointExtension>
	</extensions>
</trkpt>
<trkpt lat="43.8768013" lon="15.3848181">
	<ele>-61.73</ele>
	<time>2026-08-08T17:37:05.973Z</time>
	<hdop>3.79</hdop>
	<extensions>
		<gpxtpx:TrackPointExtension>
			<gpxtpx:course>274.0</gpxtpx:course>
		</gpxtpx:TrackPointExtension>
	</extensions>
</trkpt>
<trkpt lat="43.8768208" lon="15.3843902">
	<ele>-119.89</ele>
	<time>2026-08-08T17:37:15.973Z</time>
	<hdop>3.79</hdop>
	<extensions>
		<gpxtpx:TrackPointExtension>
			<gpxtpx:course>269.0</gpxtpx:course>
		</gpxtpx:TrackPointExtension>
	</extensions>
</trkpt>
<trkpt lat="43.8768014" lon="15.3839707">
	<ele>-114.20</ele>
	<time>2026-08-08T17:37:25.973Z</time>
	<hdop>3.79</hdop>
	<extensions>
		<gpxtpx:TrackPointExtension>
			<gpxtpx:course>269.0</gpxtpx:course>
		</gpxtpx:TrackPointExtension>
	</extensions>
</trkpt>
<trkpt lat="43.8768606" lon="15.3835609">
	<ele>-100.66</ele>
	<time>2026-08-08T17:37:35.973Z</time>
	<hdop>3.79</hdop>
	<extensions>
		<gpxtpx:TrackPointExtension>
			<gpxtpx:course>287.0</gpxtpx:course>
		</gpxtpx:TrackPointExtension>
	</extensions>
</trkpt>
<trkpt lat="43.8769651" lon="15.3831889">
	<ele>-73.81</ele>
	<time>2026-08-08T17:37:45.973Z</time>
	<hdop>3.79</hdop>
	<extensions>
		<gpxtpx:TrackPointExtension>
			<gpxtpx:course>290.0</gpxtpx:course>
		</gpxtpx:TrackPointExtension>
	</extensions>
</trkpt>
<trkpt lat="43.8770719" lon="15.3828222">
	<ele>-48.15</ele>
	<time>2026-08-08T17:37:55.973Z</time>
	<hdop>3.79</hdop>
	<extensions>
		<gpxtpx:TrackPointExtension>
			<gpxtpx:course>290.0</gpxtpx:course>
		</gpxtpx:TrackPointExtension>
	</extensions>
</trkpt>
<trkpt lat="43.8771984" lon="15.3824592">
	<ele>-30.85</ele>
	<time>2026-08-08T17:38:05.973Z</time>
	<hdop>3.79</hdop>
	<extensions>
		<gpxtpx:TrackPointExtension>
			<gpxtpx:course>294.0</gpxtpx:course>
		</gpxtpx:TrackPointExtension>
	</extensions>
</trkpt>
<trkpt lat="43.8773472" lon="15.3820598">
	<ele>-6.57</ele>
	<time>2026-08-08T17:38:16.974Z</time>
	<hdop>3.79</hdop>
	<extensions>
		<gpxtpx:TrackPointExtension>
			<gpxtpx:course>296.0</gpxtpx:course>
		</gpxtpx:TrackPointExtension>
	</extensions>
</trkpt>
<trkpt lat="43.8775038" lon="15.3816727">
	<ele>6.96</ele>
	<time>2026-08-08T17:38:27.972Z</time>
	<hdop>3.79</hdop>
	<extensions>
		<gpxtpx:TrackPointExtension>
			<gpxtpx:course>297.0</gpxtpx:course>
		</gpxtpx:TrackPointExtension>
	</extensions>
</trkpt>
<trkpt lat="43.8776528" lon="15.3813322">
	<ele>13.68</ele>
	<time>2026-08-08T17:38:37.973Z</time>
	<hdop>3.79</hdop>
	<extensions>
		<gpxtpx:TrackPointExtension>
			<gpxtpx:course>303.0</gpxtpx:course>
		</gpxtpx:TrackPointExtension>
	</extensions>
</trkpt>
<trkpt lat="43.8777960" lon="15.3809826">
	<ele>16.40</ele>
	<time>2026-08-08T17:38:47.974Z</time>
	<hdop>3.79</hdop>
	<extensions>
		<gpxtpx:TrackPointExtension>
			<gpxtpx:course>299.0</gpxtpx:course>
		</gpxtpx:TrackPointExtension>
	</extensions>
</trkpt>
<trkpt lat="43.8779277" lon="15.3805855">
	<ele>17.80</ele>
	<time>2026-08-08T17:38:58.974Z</time>
	<hdop>3.79</hdop>
	<extensions>
		<gpxtpx:TrackPointExtension>
			<gpxtpx:course>292.0</gpxtpx:course>
		</gpxtpx:TrackPointExtension>
	</extensions>
</trkpt>
<trkpt lat="43.8780488" lon="15.3801686">
	<ele>18.15</ele>
	<time>2026-08-08T17:39:09.972Z</time>
	<hdop>3.79</hdop>
	<extensions>
		<gpxtpx:TrackPointExtension>
			<gpxtpx:course>288.0</gpxtpx:course>
		</gpxtpx:TrackPointExtension>
	</extensions>
</trkpt>
<trkpt lat="43.8781336" lon="15.3797804">
	<ele>5.61</ele>
	<time>2026-08-08T17:39:19.972Z</time>
	<hdop>3.79</hdop>
	<extensions>
		<gpxtpx:TrackPointExtension>
			<gpxtpx:course>287.0</gpxtpx:course>
		</gpxtpx:TrackPointExtension>
	</extensions>
</trkpt>
<trkpt lat="43.8782149" lon="15.3793886">
	<ele>-0.97</ele>
	<time>2026-08-08T17:39:29.972Z</time>
	<hdop>3.79</hdop>
	<extensions>
		<gpxtpx:TrackPointExtension>
			<gpxtpx:course>287.0</gpxtpx:course>
		</gpxtpx:TrackPointExtension>
	</extensions>
</trkpt>
<trkpt lat="43.8783010" lon="15.3789988">
	<ele>-10.61</ele>
	<time>2026-08-08T17:39:39.973Z</time>
	<hdop>3.79</hdop>
	<extensions>
		<gpxtpx:TrackPointExtension>
			<gpxtpx:course>289.0</gpxtpx:course>
		</gpxtpx:TrackPointExtension>
	</extensions>
</trkpt>
<trkpt lat="43.8784106" lon="15.3786168">
	<ele>-13.96</ele>
	<time>2026-08-08T17:39:49.973Z</time>
	<hdop>3.79</hdop>
	<extensions>
		<gpxtpx:TrackPointExtension>
			<gpxtpx:course>293.0</gpxtpx:course>
		</gpxtpx:TrackPointExtension>
	</extensions>
</trkpt>
<trkpt lat="43.8785531" lon="15.3782229">
	<ele>-3.31</ele>
	<time>2026-08-08T17:40:00.972Z</time>
	<hdop>3.79</hdop>
	<extensions>
		<gpxtpx:TrackPointExtension>
			<gpxtpx:course>294.0</gpxtpx:course>
		</gpxtpx:TrackPointExtension>
	</extensions>
</trkpt>
<trkpt lat="43.8786672" lon="15.3778482">
	<ele>6.07</ele>
	<time>2026-08-08T17:40:10.974Z</time>
	<hdop>3.79</hdop>
	<extensions>
		<gpxtpx:TrackPointExtension>
			<gpxtpx:course>291.0</gpxtpx:course>
		</gpxtpx:TrackPointExtension>
	</extensions>
</trkpt>
<trkpt lat="43.8787783" lon="15.3774279">
	<ele>8.87</ele>
	<time>2026-08-08T17:40:21.972Z</time>
	<hdop>3.79</hdop>
	<extensions>
		<gpxtpx:TrackPointExtension>
			<gpxtpx:course>287.0</gpxtpx:course>
		</gpxtpx:TrackPointExtension>
	</extensions>
</trkpt>
<trkpt lat="43.8788619" lon="15.3770363">
	<ele>8.86</ele>
	<time>2026-08-08T17:40:31.972Z</time>
	<hdop>3.79</hdop>
	<extensions>
		<gpxtpx:TrackPointExtension>
			<gpxtpx:course>286.0</gpxtpx:course>
		</gpxtpx:TrackPointExtension>
	</extensions>
</trkpt>
<trkpt lat="43.8789484" lon="15.3766398">
	<ele>10.68</ele>
	<time>2026-08-08T17:40:41.972Z</time>
	<hdop>3.79</hdop>
	<extensions>
		<gpxtpx:TrackPointExtension>
			<gpxtpx:course>286.0</gpxtpx:course>
		</gpxtpx:TrackPointExtension>
	</extensions>
</trkpt>
<trkpt lat="43.8790194" lon="15.3762432">
	<ele>5.13</ele>
	<time>2026-08-08T17:40:51.973Z</time>
	<hdop>3.79</hdop>
	<extensions>
		<gpxtpx:TrackPointExtension>
			<gpxtpx:course>283.0</gpxtpx:course>
		</gpxtpx:TrackPointExtension>
	</extensions>
</trkpt>
<trkpt lat="43.8791169" lon="15.3758090">
	<ele>-11.29</ele>
	<time>2026-08-08T17:41:02.973Z</time>
	<hdop>3.79</hdop>
	<extensions>
		<gpxtpx:TrackPointExtension>
			<gpxtpx:course>290.0</gpxtpx:course>
		</gpxtpx:TrackPointExtension>
	</extensions>
</trkpt>
<trkpt lat="43.8792175" lon="15.3754331">
	<ele>-7.13</ele>
	<time>2026-08-08T17:41:12.973Z</time>
	<hdop>3.79</hdop>
	<extensions>
		<gpxtpx:TrackPointExtension>
			<gpxtpx:course>289.0</gpxtpx:course>
		</gpxtpx:TrackPointExtension>
	</extensions>
</trkpt>
<trkpt lat="43.8793288" lon="15.3750559">
	<ele>-0.02</ele>
	<time>2026-08-08T17:41:22.973Z</time>
	<hdop>3.79</hdop>
	<extensions>
		<gpxtpx:TrackPointExtension>
			<gpxtpx:course>290.0</gpxtpx:course>
		</gpxtpx:TrackPointExtension>
	</extensions>
</trkpt>
<trkpt lat="43.8794443" lon="15.3746866">
	<ele>4.45</ele>
	<time>2026-08-08T17:41:32.973Z</time>
	<hdop>3.79</hdop>
	<extensions>
		<gpxtpx:TrackPointExtension>
			<gpxtpx:course>291.0</gpxtpx:course>
		</gpxtpx:TrackPointExtension>
	</extensions>
</trkpt>
<trkpt lat="43.8795566" lon="15.3742602">
	<ele>6.71</ele>
	<time>2026-08-08T17:41:43.973Z</time>
	<hdop>3.79</hdop>
	<extensions>
		<gpxtpx:TrackPointExtension>
			<gpxtpx:course>288.0</gpxtpx:course>
		</gpxtpx:TrackPointExtension>
	</extensions>
</trkpt>
<trkpt lat="43.8796614" lon="15.3738340">
	<ele>6.77</ele>
	<time>2026-08-08T17:41:54.972Z</time>
	<hdop>3.79</hdop>
	<extensions>
		<gpxtpx:TrackPointExtension>
			<gpxtpx:course>289.0</gpxtpx:course>
		</gpxtpx:TrackPointExtension>
	</extensions>
</trkpt>
<trkpt lat="43.8797728" lon="15.3734589">
	<ele>4.92</ele>
	<time>2026-08-08T17:42:04.973Z</time>
	<hdop>3.79</hdop>
	<extensions>
		<gpxtpx:TrackPointExtension>
			<gpxtpx:course>290.0</gpxtpx:course>
		</gpxtpx:TrackPointExtension>
	</extensions>
</trkpt>
<trkpt lat="43.8798653" lon="15.3730829">
	<ele>7.65</ele>
	<time>2026-08-08T17:42:14.973Z</time>
	<hdop>3.79</hdop>
	<extensions>
		<gpxtpx:TrackPointExtension>
			<gpxtpx:course>287.0</gpxtpx:course>
		</gpxtpx:TrackPointExtension>
	</extensions>
</trkpt>
<trkpt lat="43.8799550" lon="15.3726414">
	<ele>9.22</ele>
	<time>2026-08-08T17:42:25.973Z</time>
	<hdop>3.79</hdop>
	<extensions>
		<gpxtpx:TrackPointExtension>
			<gpxtpx:course>284.0</gpxtpx:course>
		</gpxtpx:TrackPointExtension>
	</extensions>
</trkpt>
<trkpt lat="43.8800240" lon="15.3722392">
	<ele>9.01</ele>
	<time>2026-08-08T17:42:35.973Z</time>
	<hdop>3.79</hdop>
	<extensions>
		<gpxtpx:TrackPointExtension>
			<gpxtpx:course>281.0</gpxtpx:course>
		</gpxtpx:TrackPointExtension>
	</extensions>
</trkpt>
<trkpt lat="43.8801199" lon="15.3718125">
	<ele>10.21</ele>
	<time>2026-08-08T17:42:46.973Z</time>
	<hdop>3.79</hdop>
	<extensions>
		<gpxtpx:TrackPointExtension>
			<gpxtpx:course>286.0</gpxtpx:course>
		</gpxtpx:TrackPointExtension>
	</extensions>
</trkpt>
<trkpt lat="43.8802142" lon="15.3713945">
	<ele>3.78</ele>
	<time>2026-08-08T17:42:57.973Z</time>
	<hdop>3.79</hdop>
	<extensions>
		<gpxtpx:TrackPointExtension>
			<gpxtpx:course>287.0</gpxtpx:course>
		</gpxtpx:TrackPointExtension>
	</extensions>
</trkpt>
<trkpt lat="43.8802978" lon="15.3709995">
	<ele>6.06</ele>
	<time>2026-08-08T17:43:07.974Z</time>
	<hdop>3.79</hdop>
	<extensions>
		<gpxtpx:TrackPointExtension>
			<gpxtpx:course>285.0</gpxtpx:course>
		</gpxtpx:TrackPointExtension>
	</extensions>
</trkpt>
<trkpt lat="43.8803985" lon="15.3705671">
	<ele>9.78</ele>
	<time>2026-08-08T17:43:18.973Z</time>
	<hdop>3.79</hdop>
	<extensions>
		<gpxtpx:TrackPointExtension>
			<gpxtpx:course>286.0</gpxtpx:course>
		</gpxtpx:TrackPointExtension>
	</extensions>
</trkpt>
<trkpt lat="43.8804817" lon="15.3701378">
	<ele>10.56</ele>
	<time>2026-08-08T17:43:29.972Z</time>
	<hdop>3.79</hdop>
	<extensions>
		<gpxtpx:TrackPointExtension>
			<gpxtpx:course>286.0</gpxtpx:course>
		</gpxtpx:TrackPointExtension>
	</extensions>
</trkpt>
<trkpt lat="43.8805646" lon="15.3697410">
	<ele>12.03</ele>
	<time>2026-08-08T17:43:39.972Z</time>
	<hdop>3.79</hdop>
	<extensions>
		<gpxtpx:TrackPointExtension>
			<gpxtpx:course>283.0</gpxtpx:course>
		</gpxtpx:TrackPointExtension>
	</extensions>
</trkpt>
<trkpt lat="43.8806141" lon="15.3693365">
	<ele>11.62</ele>
	<time>2026-08-08T17:43:49.972Z</time>
	<hdop>3.79</hdop>
	<extensions>
		<gpxtpx:TrackPointExtension>
			<gpxtpx:course>277.0</gpxtpx:course>
		</gpxtpx:TrackPointExtension>
	</extensions>
</trkpt>
<trkpt lat="43.8806490" lon="15.3689295">
	<ele>10.70</ele>
	<time>2026-08-08T17:43:59.972Z</time>
	<hdop>3.79</hdop>
	<extensions>
		<gpxtpx:TrackPointExtension>
			<gpxtpx:course>277.0</gpxtpx:course>
		</gpxtpx:TrackPointExtension>
	</extensions>
</trkpt>
<trkpt lat="43.8806992" lon="15.3685258">
	<ele>10.32</ele>
	<time>2026-08-08T17:44:09.972Z</time>
	<hdop>3.79</hdop>
	<extensions>
		<gpxtpx:TrackPointExtension>
			<gpxtpx:course>280.0</gpxtpx:course>
		</gpxtpx:TrackPointExtension>
	</extensions>
</trkpt>
<trkpt lat="43.8807605" lon="15.3681258">
	<ele>10.32</ele>
	<time>2026-08-08T17:44:19.972Z</time>
	<hdop>3.79</hdop>
	<extensions>
		<gpxtpx:TrackPointExtension>
			<gpxtpx:course>282.0</gpxtpx:course>
		</gpxtpx:TrackPointExtension>
	</extensions>
</trkpt>
<trkpt lat="43.8808267" lon="15.3677263">
	<ele>9.28</ele>
	<time>2026-08-08T17:44:29.972Z</time>
	<hdop>3.79</hdop>
	<extensions>
		<gpxtpx:TrackPointExtension>
			<gpxtpx:course>283.0</gpxtpx:course>
		</gpxtpx:TrackPointExtension>
	</extensions>
</trkpt>
<trkpt lat="43.8808990" lon="15.3673323">
	<ele>7.00</ele>
	<time>2026-08-08T17:44:39.972Z</time>
	<hdop>3.79</hdop>
	<extensions>
		<gpxtpx:TrackPointExtension>
			<gpxtpx:course>284.0</gpxtpx:course>
		</gpxtpx:TrackPointExtension>
	</extensions>
</trkpt>
<trkpt lat="43.8809637" lon="15.3669394">
	<ele>7.26</ele>
	<time>2026-08-08T17:44:49.972Z</time>
	<hdop>3.79</hdop>
	<extensions>
		<gpxtpx:TrackPointExtension>
			<gpxtpx:course>284.0</gpxtpx:course>
		</gpxtpx:TrackPointExtension>
	</extensions>
</trkpt>
<trkpt lat="43.8810333" lon="15.3665431">
	<ele>6.66</ele>
	<time>2026-08-08T17:44:59.972Z</time>
	<hdop>3.79</hdop>
	<extensions>
		<gpxtpx:TrackPointExtension>
			<gpxtpx:course>282.0</gpxtpx:course>
		</gpxtpx:TrackPointExtension>
	</extensions>
</trkpt>
<trkpt lat="43.8810987" lon="15.3661482">
	<ele>6.44</ele>
	<time>2026-08-08T17:45:09.972Z</time>
	<hdop>3.79</hdop>
	<extensions>
		<gpxtpx:TrackPointExtension>
			<gpxtpx:course>283.0</gpxtpx:course>
		</gpxtpx:TrackPointExtension>
	</extensions>
</trkpt>
<trkpt lat="43.8811671" lon="15.3657590">
	<ele>7.24</ele>
	<time>2026-08-08T17:45:19.972Z</time>
	<hdop>3.79</hdop>
	<extensions>
		<gpxtpx:TrackPointExtension>
			<gpxtpx:course>284.0</gpxtpx:course>
		</gpxtpx:TrackPointExtension>
	</extensions>
</trkpt>
<trkpt lat="43.8812392" lon="15.3653677">
	<ele>5.97</ele>
	<time>2026-08-08T17:45:29.973Z</time>
	<hdop>3.79</hdop>
	<extensions>
		<gpxtpx:TrackPointExtension>
			<gpxtpx:course>281.0</gpxtpx:course>
		</gpxtpx:TrackPointExtension>
	</extensions>
</trkpt>
<trkpt lat="43.8813046" lon="15.3649232">
	<ele>5.45</ele>
	<time>2026-08-08T17:45:40.972Z</time>
	<hdop>3.79</hdop>
	<extensions>
		<gpxtpx:TrackPointExtension>
			<gpxtpx:course>282.0</gpxtpx:course>
		</gpxtpx:TrackPointExtension>
	</extensions>
</trkpt>
<trkpt lat="43.8813841" lon="15.3645383">
	<ele>6.49</ele>
	<time>2026-08-08T17:45:50.972Z</time>
	<hdop>3.79</hdop>
	<extensions>
		<gpxtpx:TrackPointExtension>
			<gpxtpx:course>288.0</gpxtpx:course>
		</gpxtpx:TrackPointExtension>
	</extensions>
</trkpt>
<trkpt lat="43.8814771" lon="15.3641562">
	<ele>6.22</ele>
	<time>2026-08-08T17:46:00.973Z</time>
	<hdop>3.79</hdop>
	<extensions>
		<gpxtpx:TrackPointExtension>
			<gpxtpx:course>286.0</gpxtpx:course>
		</gpxtpx:TrackPointExtension>
	</extensions>
</trkpt>
<trkpt lat="43.8815831" lon="15.3637293">
	<ele>5.66</ele>
	<time>2026-08-08T17:46:11.972Z</time>
	<hdop>3.79</hdop>
	<extensions>
		<gpxtpx:TrackPointExtension>
			<gpxtpx:course>290.0</gpxtpx:course>
		</gpxtpx:TrackPointExtension>
	</extensions>
</trkpt>
<trkpt lat="43.8816892" lon="15.3633510">
	<ele>5.12</ele>
	<time>2026-08-08T17:46:21.972Z</time>
	<hdop>3.79</hdop>
	<extensions>
		<gpxtpx:TrackPointExtension>
			<gpxtpx:course>291.0</gpxtpx:course>
		</gpxtpx:TrackPointExtension>
	</extensions>
</trkpt>
<trkpt lat="43.8818084" lon="15.3629784">
	<ele>5.05</ele>
	<time>2026-08-08T17:46:31.972Z</time>
	<hdop>3.79</hdop>
	<extensions>
		<gpxtpx:TrackPointExtension>
			<gpxtpx:course>293.0</gpxtpx:course>
		</gpxtpx:TrackPointExtension>
	</extensions>
</trkpt>
<trkpt lat="43.8819359" lon="15.3626033">
	<ele>4.90</ele>
	<time>2026-08-08T17:46:41.972Z</time>
	<hdop>3.79</hdop>
	<extensions>
		<gpxtpx:TrackPointExtension>
			<gpxtpx:course>292.0</gpxtpx:course>
		</gpxtpx:TrackPointExtension>
	</extensions>
</trkpt>
<trkpt lat="43.8820520" lon="15.3622234">
	<ele>5.23</ele>
	<time>2026-08-08T17:46:51.972Z</time>
	<hdop>3.79</hdop>
	<extensions>
		<gpxtpx:TrackPointExtension>
			<gpxtpx:course>293.0</gpxtpx:course>
		</gpxtpx:TrackPointExtension>
	</extensions>
</trkpt>
<trkpt lat="43.8821700" lon="15.3618069">
	<ele>4.60</ele>
	<time>2026-08-08T17:47:02.972Z</time>
	<hdop>3.79</hdop>
	<extensions>
		<gpxtpx:TrackPointExtension>
			<gpxtpx:course>292.0</gpxtpx:course>
		</gpxtpx:TrackPointExtension>
	</extensions>
</trkpt>
<trkpt lat="43.8822905" lon="15.3613894">
	<ele>4.54</ele>
	<time>2026-08-08T17:47:13.972Z</time>
	<hdop>3.79</hdop>
	<extensions>
		<gpxtpx:TrackPointExtension>
			<gpxtpx:course>293.0</gpxtpx:course>
		</gpxtpx:TrackPointExtension>
	</extensions>
</trkpt>
<trkpt lat="43.8824232" lon="15.3609752">
	<ele>3.84</ele>
	<time>2026-08-08T17:47:24.972Z</time>
	<hdop>3.79</hdop>
	<extensions>
		<gpxtpx:TrackPointExtension>
			<gpxtpx:course>294.0</gpxtpx:course>
		</gpxtpx:TrackPointExtension>
	</extensions>
</trkpt>
<trkpt lat="43.8825364" lon="15.3605996">
	<ele>3.48</ele>
	<time>2026-08-08T17:47:34.972Z</time>
	<hdop>3.79</hdop>
	<extensions>
		<gpxtpx:TrackPointExtension>
			<gpxtpx:course>292.0</gpxtpx:course>
		</gpxtpx:TrackPointExtension>
	</extensions>
</trkpt>
<trkpt lat="43.8826425" lon="15.3602247">
	<ele>4.23</ele>
	<time>2026-08-08T17:47:44.972Z</time>
	<hdop>3.79</hdop>
	<extensions>
		<gpxtpx:TrackPointExtension>
			<gpxtpx:course>292.0</gpxtpx:course>
		</gpxtpx:TrackPointExtension>
	</extensions>
</trkpt>
<trkpt lat="43.8827457" lon="15.3598408">
	<ele>3.63</ele>
	<time>2026-08-08T17:47:54.973Z</time>
	<hdop>3.79</hdop>
	<extensions>
		<gpxtpx:TrackPointExtension>
			<gpxtpx:course>290.0</gpxtpx:course>
		</gpxtpx:TrackPointExtension>
	</extensions>
</trkpt>
<trkpt lat="43.8828585" lon="15.3594727">
	<ele>4.26</ele>
	<time>2026-08-08T17:48:04.973Z</time>
	<hdop>3.79</hdop>
	<extensions>
		<gpxtpx:TrackPointExtension>
			<gpxtpx:course>295.0</gpxtpx:course>
		</gpxtpx:TrackPointExtension>
	</extensions>
</trkpt>
<trkpt lat="43.8829938" lon="15.3590624">
	<ele>2.97</ele>
	<time>2026-08-08T17:48:15.973Z</time>
	<hdop>3.79</hdop>
	<extensions>
		<gpxtpx:TrackPointExtension>
			<gpxtpx:course>295.0</gpxtpx:course>
		</gpxtpx:TrackPointExtension>
	</extensions>
</trkpt>
<trkpt lat="43.8831467" lon="15.3586574">
	<ele>-0.71</ele>
	<time>2026-08-08T17:48:26.972Z</time>
	<hdop>3.79</hdop>
	<extensions>
		<gpxtpx:TrackPointExtension>
			<gpxtpx:course>297.0</gpxtpx:course>
		</gpxtpx:TrackPointExtension>
	</extensions>
</trkpt>
<trkpt lat="43.8832764" lon="15.3582891">
	<ele>0.00</ele>
	<time>2026-08-08T17:48:36.972Z</time>
	<hdop>3.79</hdop>
	<extensions>
		<gpxtpx:TrackPointExtension>
			<gpxtpx:course>295.0</gpxtpx:course>
		</gpxtpx:TrackPointExtension>
	</extensions>
</trkpt>
<trkpt lat="43.8834074" lon="15.3579142">
	<ele>1.50</ele>
	<time>2026-08-08T17:48:46.972Z</time>
	<hdop>3.79</hdop>
	<extensions>
		<gpxtpx:TrackPointExtension>
			<gpxtpx:course>297.0</gpxtpx:course>
		</gpxtpx:TrackPointExtension>
	</extensions>
</trkpt>
<trkpt lat="43.8835462" lon="15.3575633">
	<ele>2.59</ele>
	<time>2026-08-08T17:48:56.972Z</time>
	<hdop>3.79</hdop>
	<extensions>
		<gpxtpx:TrackPointExtension>
			<gpxtpx:course>301.0</gpxtpx:course>
		</gpxtpx:TrackPointExtension>
	</extensions>
</trkpt>
<trkpt lat="43.8837113" lon="15.3571852">
	<ele>1.30</ele>
	<time>2026-08-08T17:49:07.972Z</time>
	<hdop>3.79</hdop>
	<extensions>
		<gpxtpx:TrackPointExtension>
			<gpxtpx:course>299.0</gpxtpx:course>
		</gpxtpx:TrackPointExtension>
	</extensions>
</trkpt>
<trkpt lat="43.8838628" lon="15.3567876">
	<ele>1.79</ele>
	<time>2026-08-08T17:49:18.972Z</time>
	<hdop>3.79</hdop>
	<extensions>
		<gpxtpx:TrackPointExtension>
			<gpxtpx:course>294.0</gpxtpx:course>
		</gpxtpx:TrackPointExtension>
	</extensions>
</trkpt>
<trkpt lat="43.8839730" lon="15.3564212">
	<ele>-7.34</ele>
	<time>2026-08-08T17:49:28.972Z</time>
	<hdop>3.79</hdop>
	<extensions>
		<gpxtpx:TrackPointExtension>
			<gpxtpx:course>289.0</gpxtpx:course>
		</gpxtpx:TrackPointExtension>
	</extensions>
</trkpt>
<trkpt lat="43.8840617" lon="15.3559825">
	<ele>-32.41</ele>
	<time>2026-08-08T17:49:39.972Z</time>
	<hdop>3.79</hdop>
	<extensions>
		<gpxtpx:TrackPointExtension>
			<gpxtpx:course>283.0</gpxtpx:course>
		</gpxtpx:TrackPointExtension>
	</extensions>
</trkpt>
<trkpt lat="43.8841261" lon="15.3555942">
	<ele>-28.49</ele>
	<time>2026-08-08T17:49:49.973Z</time>
	<hdop>3.79</hdop>
	<extensions>
		<gpxtpx:TrackPointExtension>
			<gpxtpx:course>281.0</gpxtpx:course>
		</gpxtpx:TrackPointExtension>
	</extensions>
</trkpt>
<trkpt lat="43.8842227" lon="15.3551596">
	<ele>-16.84</ele>
	<time>2026-08-08T17:50:00.972Z</time>
	<hdop>3.79</hdop>
	<extensions>
		<gpxtpx:TrackPointExtension>
			<gpxtpx:course>290.0</gpxtpx:course>
		</gpxtpx:TrackPointExtension>
	</extensions>
</trkpt>
<trkpt lat="43.8843415" lon="15.3547487">
	<ele>-5.97</ele>
	<time>2026-08-08T17:50:11.971Z</time>
	<hdop>3.79</hdop>
	<extensions>
		<gpxtpx:TrackPointExtension>
			<gpxtpx:course>294.0</gpxtpx:course>
		</gpxtpx:TrackPointExtension>
	</extensions>
</trkpt>
<trkpt lat="43.8844650" lon="15.3543779">
	<ele>0.41</ele>
	<time>2026-08-08T17:50:21.972Z</time>
	<hdop>3.79</hdop>
	<extensions>
		<gpxtpx:TrackPointExtension>
			<gpxtpx:course>290.0</gpxtpx:course>
		</gpxtpx:TrackPointExtension>
	</extensions>
</trkpt>
<trkpt lat="43.8845640" lon="15.3540017">
	<ele>3.53</ele>
	<time>2026-08-08T17:50:31.973Z</time>
	<hdop>3.79</hdop>
	<extensions>
		<gpxtpx:TrackPointExtension>
			<gpxtpx:course>292.0</gpxtpx:course>
		</gpxtpx:TrackPointExtension>
	</extensions>
</trkpt>
<trkpt lat="43.8846669" lon="15.3535803">
	<ele>0.66</ele>
	<time>2026-08-08T17:50:42.971Z</time>
	<hdop>3.79</hdop>
	<extensions>
		<gpxtpx:TrackPointExtension>
			<gpxtpx:course>286.0</gpxtpx:course>
		</gpxtpx:TrackPointExtension>
	</extensions>
</trkpt>
<trkpt lat="43.8847570" lon="15.3531752">
	<ele>-21.83</ele>
	<time>2026-08-08T17:50:52.971Z</time>
	<hdop>4.60</hdop>
	<extensions>
		<gpxtpx:TrackPointExtension>
			<gpxtpx:course>286.97092</gpxtpx:course>
		</gpxtpx:TrackPointExtension>
	</extensions>
</trkpt>
<trkpt lat="43.8848507" lon="15.3527935">
	<ele>-44.58</ele>
	<time>2026-08-08T17:51:02.973Z</time>
	<hdop>4.99</hdop>
	<extensions>
		<gpxtpx:TrackPointExtension>
			<gpxtpx:course>288.38388</gpxtpx:course>
		</gpxtpx:TrackPointExtension>
	</extensions>
</trkpt>
<trkpt lat="43.8849510" lon="15.3524038">
	<ele>-57.90</ele>
	<time>2026-08-08T17:51:13.971Z</time>
	<hdop>3.97</hdop>
	<extensions>
		<gpxtpx:TrackPointExtension>
			<gpxtpx:course>287.0</gpxtpx:course>
		</gpxtpx:TrackPointExtension>
	</extensions>
</trkpt>
<trkpt lat="43.8850255" lon="15.3520224">
	<ele>-44.92</ele>
	<time>2026-08-08T17:51:23.972Z</time>
	<hdop>3.79</hdop>
	<extensions>
		<gpxtpx:TrackPointExtension>
			<gpxtpx:course>285.0</gpxtpx:course>
		</gpxtpx:TrackPointExtension>
	</extensions>
</trkpt>
<trkpt lat="43.8851176" lon="15.3515990">
	<ele>-20.88</ele>
	<time>2026-08-08T17:51:34.972Z</time>
	<hdop>3.79</hdop>
	<extensions>
		<gpxtpx:TrackPointExtension>
			<gpxtpx:course>288.0</gpxtpx:course>
		</gpxtpx:TrackPointExtension>
	</extensions>
</trkpt>
<trkpt lat="43.8852182" lon="15.3512103">
	<ele>-5.77</ele>
	<time>2026-08-08T17:51:44.972Z</time>
	<hdop>3.79</hdop>
	<extensions>
		<gpxtpx:TrackPointExtension>
			<gpxtpx:course>289.0</gpxtpx:course>
		</gpxtpx:TrackPointExtension>
	</extensions>
</trkpt>
<trkpt lat="43.8853142" lon="15.3508353">
	<ele>-1.58</ele>
	<time>2026-08-08T17:51:54.972Z</time>
	<hdop>3.79</hdop>
	<extensions>
		<gpxtpx:TrackPointExtension>
			<gpxtpx:course>287.0</gpxtpx:course>
		</gpxtpx:TrackPointExtension>
	</extensions>
</trkpt>
<trkpt lat="43.8854201" lon="15.3504155">
	<ele>5.11</ele>
	<time>2026-08-08T17:52:05.972Z</time>
	<hdop>3.79</hdop>
	<extensions>
		<gpxtpx:TrackPointExtension>
			<gpxtpx:course>290.0</gpxtpx:course>
		</gpxtpx:TrackPointExtension>
	</extensions>
</trkpt>
<trkpt lat="43.8855391" lon="15.3500129">
	<ele>9.20</ele>
	<time>2026-08-08T17:52:16.971Z</time>
	<hdop>3.79</hdop>
	<extensions>
		<gpxtpx:TrackPointExtension>
			<gpxtpx:course>296.0</gpxtpx:course>
		</gpxtpx:TrackPointExtension>
	</extensions>
</trkpt>
<trkpt lat="43.8856573" lon="15.3496446">
	<ele>10.48</ele>
	<time>2026-08-08T17:52:26.971Z</time>
	<hdop>3.79</hdop>
	<extensions>
		<gpxtpx:TrackPointExtension>
			<gpxtpx:course>295.0</gpxtpx:course>
		</gpxtpx:TrackPointExtension>
	</extensions>
</trkpt>
<trkpt lat="43.8857822" lon="15.3492798">
	<ele>9.19</ele>
	<time>2026-08-08T17:52:36.972Z</time>
	<hdop>3.79</hdop>
	<extensions>
		<gpxtpx:TrackPointExtension>
			<gpxtpx:course>294.0</gpxtpx:course>
		</gpxtpx:TrackPointExtension>
	</extensions>
</trkpt>
<trkpt lat="43.8859105" lon="15.3488761">
	<ele>-7.26</ele>
	<time>2026-08-08T17:52:47.971Z</time>
	<hdop>3.79</hdop>
	<extensions>
		<gpxtpx:TrackPointExtension>
			<gpxtpx:course>292.0</gpxtpx:course>
		</gpxtpx:TrackPointExtension>
	</extensions>
</trkpt>
<trkpt lat="43.8860264" lon="15.3485108">
	<ele>-11.20</ele>
	<time>2026-08-08T17:52:57.971Z</time>
	<hdop>3.79</hdop>
	<extensions>
		<gpxtpx:TrackPointExtension>
			<gpxtpx:course>292.0</gpxtpx:course>
		</gpxtpx:TrackPointExtension>
	</extensions>
</trkpt>
<trkpt lat="43.8861282" lon="15.3481292">
	<ele>-4.12</ele>
	<time>2026-08-08T17:53:07.971Z</time>
	<hdop>3.79</hdop>
	<extensions>
		<gpxtpx:TrackPointExtension>
			<gpxtpx:course>287.0</gpxtpx:course>
		</gpxtpx:TrackPointExtension>
	</extensions>
</trkpt>
<trkpt lat="43.8862256" lon="15.3477420">
	<ele>-1.87</ele>
	<time>2026-08-08T17:53:17.971Z</time>
	<hdop>3.79</hdop>
	<extensions>
		<gpxtpx:TrackPointExtension>
			<gpxtpx:course>287.0</gpxtpx:course>
		</gpxtpx:TrackPointExtension>
	</extensions>
</trkpt>
<trkpt lat="43.8863193" lon="15.3473612">
	<ele>3.99</ele>
	<time>2026-08-08T17:53:27.971Z</time>
	<hdop>3.79</hdop>
	<extensions>
		<gpxtpx:TrackPointExtension>
			<gpxtpx:course>288.0</gpxtpx:course>
		</gpxtpx:TrackPointExtension>
	</extensions>
</trkpt>
<trkpt lat="43.8863909" lon="15.3469718">
	<ele>6.89</ele>
	<time>2026-08-08T17:53:37.971Z</time>
	<hdop>3.79</hdop>
	<extensions>
		<gpxtpx:TrackPointExtension>
			<gpxtpx:course>283.0</gpxtpx:course>
		</gpxtpx:TrackPointExtension>
	</extensions>
</trkpt>
<trkpt lat="43.8864607" lon="15.3465855">
	<ele>5.93</ele>
	<time>2026-08-08T17:53:47.971Z</time>
	<hdop>3.79</hdop>
	<extensions>
		<gpxtpx:TrackPointExtension>
			<gpxtpx:course>288.0</gpxtpx:course>
		</gpxtpx:TrackPointExtension>
	</extensions>
</trkpt>
<trkpt lat="43.8865622" lon="15.3462035">
	<ele>6.24</ele>
	<time>2026-08-08T17:53:57.971Z</time>
	<hdop>3.79</hdop>
	<extensions>
		<gpxtpx:TrackPointExtension>
			<gpxtpx:course>291.0</gpxtpx:course>
		</gpxtpx:TrackPointExtension>
	</extensions>
</trkpt>
<trkpt lat="43.8866548" lon="15.3458181">
	<ele>6.96</ele>
	<time>2026-08-08T17:54:07.971Z</time>
	<hdop>3.79</hdop>
	<extensions>
		<gpxtpx:TrackPointExtension>
			<gpxtpx:course>286.0</gpxtpx:course>
		</gpxtpx:TrackPointExtension>
	</extensions>
</trkpt>
<trkpt lat="43.8867454" lon="15.3454318">
	<ele>7.26</ele>
	<time>2026-08-08T17:54:17.972Z</time>
	<hdop>3.79</hdop>
	<extensions>
		<gpxtpx:TrackPointExtension>
			<gpxtpx:course>289.0</gpxtpx:course>
		</gpxtpx:TrackPointExtension>
	</extensions>
</trkpt>
<trkpt lat="43.8868640" lon="15.3450194">
	<ele>8.03</ele>
	<time>2026-08-08T17:54:28.971Z</time>
	<hdop>3.79</hdop>
	<extensions>
		<gpxtpx:TrackPointExtension>
			<gpxtpx:course>293.0</gpxtpx:course>
		</gpxtpx:TrackPointExtension>
	</extensions>
</trkpt>
<trkpt lat="43.8869775" lon="15.3446504">
	<ele>7.76</ele>
	<time>2026-08-08T17:54:38.971Z</time>
	<hdop>3.79</hdop>
	<extensions>
		<gpxtpx:TrackPointExtension>
			<gpxtpx:course>293.0</gpxtpx:course>
		</gpxtpx:TrackPointExtension>
	</extensions>
</trkpt>
<trkpt lat="43.8870937" lon="15.3442836">
	<ele>5.64</ele>
	<time>2026-08-08T17:54:48.972Z</time>
	<hdop>3.79</hdop>
	<extensions>
		<gpxtpx:TrackPointExtension>
			<gpxtpx:course>289.0</gpxtpx:course>
		</gpxtpx:TrackPointExtension>
	</extensions>
</trkpt>
<trkpt lat="43.8871531" lon="15.3438517">
	<ele>7.40</ele>
	<time>2026-08-08T17:54:59.971Z</time>
	<hdop>3.79</hdop>
	<extensions>
		<gpxtpx:TrackPointExtension>
			<gpxtpx:course>276.0</gpxtpx:course>
		</gpxtpx:TrackPointExtension>
	</extensions>
</trkpt>
<trkpt lat="43.8871552" lon="15.3434441">
	<ele>8.69</ele>
	<time>2026-08-08T17:55:09.971Z</time>
	<hdop>3.79</hdop>
	<extensions>
		<gpxtpx:TrackPointExtension>
			<gpxtpx:course>266.0</gpxtpx:course>
		</gpxtpx:TrackPointExtension>
	</extensions>
</trkpt>
<trkpt lat="43.8871770" lon="15.3430447">
	<ele>8.56</ele>
	<time>2026-08-08T17:55:19.971Z</time>
	<hdop>3.79</hdop>
	<extensions>
		<gpxtpx:TrackPointExtension>
			<gpxtpx:course>276.0</gpxtpx:course>
		</gpxtpx:TrackPointExtension>
	</extensions>
</trkpt>
<trkpt lat="43.8872488" lon="15.3426365">
	<ele>6.89</ele>
	<time>2026-08-08T17:55:29.971Z</time>
	<hdop>3.79</hdop>
	<extensions>
		<gpxtpx:TrackPointExtension>
			<gpxtpx:course>285.0</gpxtpx:course>
		</gpxtpx:TrackPointExtension>
	</extensions>
</trkpt>
<trkpt lat="43.8873326" lon="15.3422591">
	<ele>3.77</ele>
	<time>2026-08-08T17:55:39.971Z</time>
	<hdop>3.79</hdop>
	<extensions>
		<gpxtpx:TrackPointExtension>
			<gpxtpx:course>289.0</gpxtpx:course>
		</gpxtpx:TrackPointExtension>
	</extensions>
</trkpt>
<trkpt lat="43.8874526" lon="15.3418941">
	<ele>6.31</ele>
	<time>2026-08-08T17:55:49.972Z</time>
	<hdop>3.79</hdop>
	<extensions>
		<gpxtpx:TrackPointExtension>
			<gpxtpx:course>295.0</gpxtpx:course>
		</gpxtpx:TrackPointExtension>
	</extensions>
</trkpt>
<trkpt lat="43.8875819" lon="15.3414955">
	<ele>7.92</ele>
	<time>2026-08-08T17:56:00.970Z</time>
	<hdop>3.79</hdop>
	<extensions>
		<gpxtpx:TrackPointExtension>
			<gpxtpx:course>292.0</gpxtpx:course>
		</gpxtpx:TrackPointExtension>
	</extensions>
</trkpt>
<trkpt lat="43.8876979" lon="15.3411250">
	<ele>6.83</ele>
	<time>2026-08-08T17:56:10.970Z</time>
	<hdop>3.79</hdop>
	<extensions>
		<gpxtpx:TrackPointExtension>
			<gpxtpx:course>293.0</gpxtpx:course>
		</gpxtpx:TrackPointExtension>
	</extensions>
</trkpt>
<trkpt lat="43.8878113" lon="15.3407601">
	<ele>7.07</ele>
	<time>2026-08-08T17:56:20.971Z</time>
	<hdop>3.79</hdop>
	<extensions>
		<gpxtpx:TrackPointExtension>
			<gpxtpx:course>292.0</gpxtpx:course>
		</gpxtpx:TrackPointExtension>
	</extensions>
</trkpt>
<trkpt lat="43.8879280" lon="15.3403876">
	<ele>7.94</ele>
	<time>2026-08-08T17:56:30.972Z</time>
	<hdop>3.79</hdop>
	<extensions>
		<gpxtpx:TrackPointExtension>
			<gpxtpx:course>292.0</gpxtpx:course>
		</gpxtpx:TrackPointExtension>
	</extensions>
</trkpt>
<trkpt lat="43.8880459" lon="15.3399755">
	<ele>8.06</ele>
	<time>2026-08-08T17:56:41.970Z</time>
	<hdop>3.79</hdop>
	<extensions>
		<gpxtpx:TrackPointExtension>
			<gpxtpx:course>292.0</gpxtpx:course>
		</gpxtpx:TrackPointExtension>
	</extensions>
</trkpt>
<trkpt lat="43.8881682" lon="15.3396132">
	<ele>8.97</ele>
	<time>2026-08-08T17:56:51.970Z</time>
	<hdop>3.79</hdop>
	<extensions>
		<gpxtpx:TrackPointExtension>
			<gpxtpx:course>294.0</gpxtpx:course>
		</gpxtpx:TrackPointExtension>
	</extensions>
</trkpt>
<trkpt lat="43.8882919" lon="15.3392501">
	<ele>8.02</ele>
	<time>2026-08-08T17:57:01.971Z</time>
	<hdop>3.79</hdop>
	<extensions>
		<gpxtpx:TrackPointExtension>
			<gpxtpx:course>293.0</gpxtpx:course>
		</gpxtpx:TrackPointExtension>
	</extensions>
</trkpt>
<trkpt lat="43.8884148" lon="15.3388877">
	<ele>-8.98</ele>
	<time>2026-08-08T17:57:11.971Z</time>
	<hdop>5.93</hdop>
	<extensions>
		<gpxtpx:TrackPointExtension>
			<gpxtpx:course>292.0</gpxtpx:course>
		</gpxtpx:TrackPointExtension>
	</extensions>
</trkpt>
<trkpt lat="43.8885201" lon="15.3385223">
	<ele>-31.01</ele>
	<time>2026-08-08T17:57:21.971Z</time>
	<hdop>3.79</hdop>
	<extensions>
		<gpxtpx:TrackPointExtension>
			<gpxtpx:course>291.0</gpxtpx:course>
		</gpxtpx:TrackPointExtension>
	</extensions>
</trkpt>
<trkpt lat="43.8886192" lon="15.3381421">
	<ele>-25.97</ele>
	<time>2026-08-08T17:57:31.971Z</time>
	<hdop>3.79</hdop>
	<extensions>
		<gpxtpx:TrackPointExtension>
			<gpxtpx:course>290.0</gpxtpx:course>
		</gpxtpx:TrackPointExtension>
	</extensions>
</trkpt>
<trkpt lat="43.8887194" lon="15.3377649">
	<ele>-17.22</ele>
	<time>2026-08-08T17:57:41.971Z</time>
	<hdop>3.79</hdop>
	<extensions>
		<gpxtpx:TrackPointExtension>
			<gpxtpx:course>288.0</gpxtpx:course>
		</gpxtpx:TrackPointExtension>
	</extensions>
</trkpt>
<trkpt lat="43.8888207" lon="15.3373849">
	<ele>-5.55</ele>
	<time>2026-08-08T17:57:51.972Z</time>
	<hdop>3.79</hdop>
	<extensions>
		<gpxtpx:TrackPointExtension>
			<gpxtpx:course>289.0</gpxtpx:course>
		</gpxtpx:TrackPointExtension>
	</extensions>
</trkpt>
<trkpt lat="43.8889215" lon="15.3369678">
	<ele>1.19</ele>
	<time>2026-08-08T17:58:02.971Z</time>
	<hdop>3.79</hdop>
	<extensions>
		<gpxtpx:TrackPointExtension>
			<gpxtpx:course>289.0</gpxtpx:course>
		</gpxtpx:TrackPointExtension>
	</extensions>
</trkpt>
<trkpt lat="43.8890278" lon="15.3365550">
	<ele>2.68</ele>
	<time>2026-08-08T17:58:13.971Z</time>
	<hdop>3.79</hdop>
	<extensions>
		<gpxtpx:TrackPointExtension>
			<gpxtpx:course>288.0</gpxtpx:course>
		</gpxtpx:TrackPointExtension>
	</extensions>
</trkpt>
<trkpt lat="43.8891297" lon="15.3361724">
	<ele>2.03</ele>
	<time>2026-08-08T17:58:23.971Z</time>
	<hdop>3.79</hdop>
	<extensions>
		<gpxtpx:TrackPointExtension>
			<gpxtpx:course>289.0</gpxtpx:course>
		</gpxtpx:TrackPointExtension>
	</extensions>
</trkpt>
<trkpt lat="43.8892340" lon="15.3357964">
	<ele>-2.69</ele>
	<time>2026-08-08T17:58:33.971Z</time>
	<hdop>3.79</hdop>
	<extensions>
		<gpxtpx:TrackPointExtension>
			<gpxtpx:course>289.0</gpxtpx:course>
		</gpxtpx:TrackPointExtension>
	</extensions>
</trkpt>
<trkpt lat="43.8893413" lon="15.3354236">
	<ele>-2.36</ele>
	<time>2026-08-08T17:58:43.971Z</time>
	<hdop>3.79</hdop>
	<extensions>
		<gpxtpx:TrackPointExtension>
			<gpxtpx:course>290.0</gpxtpx:course>
		</gpxtpx:TrackPointExtension>
	</extensions>
</trkpt>
<trkpt lat="43.8894495" lon="15.3350484">
	<ele>-0.11</ele>
	<time>2026-08-08T17:58:53.972Z</time>
	<hdop>3.79</hdop>
	<extensions>
		<gpxtpx:TrackPointExtension>
			<gpxtpx:course>290.0</gpxtpx:course>
		</gpxtpx:TrackPointExtension>
	</extensions>
</trkpt>
<trkpt lat="43.8895454" lon="15.3346193">
	<ele>-1.62</ele>
	<time>2026-08-08T17:59:04.970Z</time>
	<hdop>3.79</hdop>
	<extensions>
		<gpxtpx:TrackPointExtension>
			<gpxtpx:course>279.0</gpxtpx:course>
		</gpxtpx:TrackPointExtension>
	</extensions>
</trkpt>
<trkpt lat="43.8895826" lon="15.3342181">
	<ele>-17.94</ele>
	<time>2026-08-08T17:59:14.970Z</time>
	<hdop>3.79</hdop>
	<extensions>
		<gpxtpx:TrackPointExtension>
			<gpxtpx:course>280.0</gpxtpx:course>
		</gpxtpx:TrackPointExtension>
	</extensions>
</trkpt>
<trkpt lat="43.8896048" lon="15.3338116">
	<ele>-31.30</ele>
	<time>2026-08-08T17:59:24.970Z</time>
	<hdop>3.79</hdop>
	<extensions>
		<gpxtpx:TrackPointExtension>
			<gpxtpx:course>271.0</gpxtpx:course>
		</gpxtpx:TrackPointExtension>
	</extensions>
</trkpt>
<trkpt lat="43.8896030" lon="15.3334059">
	<ele>-34.11</ele>
	<time>2026-08-08T17:59:34.971Z</time>
	<hdop>3.79</hdop>
	<extensions>
		<gpxtpx:TrackPointExtension>
			<gpxtpx:course>269.0</gpxtpx:course>
		</gpxtpx:TrackPointExtension>
	</extensions>
</trkpt>
<trkpt lat="43.8895898" lon="15.3329865">
	<ele>-25.31</ele>
	<time>2026-08-08T17:59:44.971Z</time>
	<hdop>3.79</hdop>
	<extensions>
		<gpxtpx:TrackPointExtension>
			<gpxtpx:course>266.0</gpxtpx:course>
		</gpxtpx:TrackPointExtension>
	</extensions>
</trkpt>
<trkpt lat="43.8895765" lon="15.3325329">
	<ele>-11.05</ele>
	<time>2026-08-08T17:59:55.970Z</time>
	<hdop>3.79</hdop>
	<extensions>
		<gpxtpx:TrackPointExtension>
			<gpxtpx:course>269.0</gpxtpx:course>
		</gpxtpx:TrackPointExtension>
	</extensions>
</trkpt>
<trkpt lat="43.8895594" lon="15.3321066">
	<ele>-3.83</ele>
	<time>2026-08-08T18:00:05.970Z</time>
	<hdop>3.79</hdop>
	<extensions>
		<gpxtpx:TrackPointExtension>
			<gpxtpx:course>264.0</gpxtpx:course>
		</gpxtpx:TrackPointExtension>
	</extensions>
</trkpt>
<trkpt lat="43.8895361" lon="15.3316886">
	<ele>1.17</ele>
	<time>2026-08-08T18:00:15.970Z</time>
	<hdop>3.79</hdop>
	<extensions>
		<gpxtpx:TrackPointExtension>
			<gpxtpx:course>266.0</gpxtpx:course>
		</gpxtpx:TrackPointExtension>
	</extensions>
</trkpt>
<trkpt lat="43.8895236" lon="15.3312844">
	<ele>2.76</ele>
	<time>2026-08-08T18:00:25.970Z</time>
	<hdop>3.79</hdop>
	<extensions>
		<gpxtpx:TrackPointExtension>
			<gpxtpx:course>265.0</gpxtpx:course>
		</gpxtpx:TrackPointExtension>
	</extensions>
</trkpt>
<trkpt lat="43.8894966" lon="15.3308682">
	<ele>3.66</ele>
	<time>2026-08-08T18:00:35.970Z</time>
	<hdop>3.79</hdop>
	<extensions>
		<gpxtpx:TrackPointExtension>
			<gpxtpx:course>263.0</gpxtpx:course>
		</gpxtpx:TrackPointExtension>
	</extensions>
</trkpt>
<trkpt lat="43.8894518" lon="15.3304548">
	<ele>3.69</ele>
	<time>2026-08-08T18:00:45.970Z</time>
	<hdop>3.79</hdop>
	<extensions>
		<gpxtpx:TrackPointExtension>
			<gpxtpx:course>261.0</gpxtpx:course>
		</gpxtpx:TrackPointExtension>
	</extensions>
</trkpt>
<trkpt lat="43.8894054" lon="15.3300546">
	<ele>-3.49</ele>
	<time>2026-08-08T18:00:55.971Z</time>
	<hdop>3.79</hdop>
	<extensions>
		<gpxtpx:TrackPointExtension>
			<gpxtpx:course>262.0</gpxtpx:course>
		</gpxtpx:TrackPointExtension>
	</extensions>
</trkpt>
<trkpt lat="43.8893682" lon="15.3296436">
	<ele>-15.01</ele>
	<time>2026-08-08T18:01:05.971Z</time>
	<hdop>3.79</hdop>
	<extensions>
		<gpxtpx:TrackPointExtension>
			<gpxtpx:course>266.0</gpxtpx:course>
		</gpxtpx:TrackPointExtension>
	</extensions>
</trkpt>
<trkpt lat="43.8893515" lon="15.3291918">
	<ele>-11.35</ele>
	<time>2026-08-08T18:01:16.970Z</time>
	<hdop>3.79</hdop>
	<extensions>
		<gpxtpx:TrackPointExtension>
			<gpxtpx:course>265.0</gpxtpx:course>
		</gpxtpx:TrackPointExtension>
	</extensions>
</trkpt>
<trkpt lat="43.8893294" lon="15.3287775">
	<ele>-4.79</ele>
	<time>2026-08-08T18:01:26.971Z</time>
	<hdop>3.79</hdop>
	<extensions>
		<gpxtpx:TrackPointExtension>
			<gpxtpx:course>264.0</gpxtpx:course>
		</gpxtpx:TrackPointExtension>
	</extensions>
</trkpt>
<trkpt lat="43.8893060" lon="15.3283216">
	<ele>2.19</ele>
	<time>2026-08-08T18:01:37.971Z</time>
	<hdop>3.79</hdop>
	<extensions>
		<gpxtpx:TrackPointExtension>
			<gpxtpx:course>266.0</gpxtpx:course>
		</gpxtpx:TrackPointExtension>
	</extensions>
</trkpt>
<trkpt lat="43.8892740" lon="15.3278634">
	<ele>4.14</ele>
	<time>2026-08-08T18:01:48.970Z</time>
	<hdop>3.79</hdop>
	<extensions>
		<gpxtpx:TrackPointExtension>
			<gpxtpx:course>264.0</gpxtpx:course>
		</gpxtpx:TrackPointExtension>
	</extensions>
</trkpt>
<trkpt lat="43.8892492" lon="15.3274610">
	<ele>4.31</ele>
	<time>2026-08-08T18:01:58.970Z</time>
	<hdop>3.79</hdop>
	<extensions>
		<gpxtpx:TrackPointExtension>
			<gpxtpx:course>263.0</gpxtpx:course>
		</gpxtpx:TrackPointExtension>
	</extensions>
</trkpt>
<trkpt lat="43.8892165" lon="15.3270503">
	<ele>4.13</ele>
	<time>2026-08-08T18:02:08.971Z</time>
	<hdop>3.79</hdop>
	<extensions>
		<gpxtpx:TrackPointExtension>
			<gpxtpx:course>263.0</gpxtpx:course>
		</gpxtpx:TrackPointExtension>
	</extensions>
</trkpt>
<trkpt lat="43.8891664" lon="15.3266049">
	<ele>0.35</ele>
	<time>2026-08-08T18:02:19.970Z</time>
	<hdop>3.79</hdop>
	<extensions>
		<gpxtpx:TrackPointExtension>
			<gpxtpx:course>260.0</gpxtpx:course>
		</gpxtpx:TrackPointExtension>
	</extensions>
</trkpt>
<trkpt lat="43.8891162" lon="15.3261870">
	<ele>2.90</ele>
	<time>2026-08-08T18:02:29.970Z</time>
	<hdop>3.79</hdop>
	<extensions>
		<gpxtpx:TrackPointExtension>
			<gpxtpx:course>262.0</gpxtpx:course>
		</gpxtpx:TrackPointExtension>
	</extensions>
</trkpt>
<trkpt lat="43.8890526" lon="15.3257813">
	<ele>4.04</ele>
	<time>2026-08-08T18:02:39.970Z</time>
	<hdop>3.79</hdop>
	<extensions>
		<gpxtpx:TrackPointExtension>
			<gpxtpx:course>257.0</gpxtpx:course>
		</gpxtpx:TrackPointExtension>
	</extensions>
</trkpt>
<trkpt lat="43.8889810" lon="15.3253777">
	<ele>3.79</ele>
	<time>2026-08-08T18:02:49.970Z</time>
	<hdop>3.79</hdop>
	<extensions>
		<gpxtpx:TrackPointExtension>
			<gpxtpx:course>256.0</gpxtpx:course>
		</gpxtpx:TrackPointExtension>
	</extensions>
</trkpt>
<trkpt lat="43.8889169" lon="15.3249765">
	<ele>1.46</ele>
	<time>2026-08-08T18:02:59.970Z</time>
	<hdop>3.79</hdop>
	<extensions>
		<gpxtpx:TrackPointExtension>
			<gpxtpx:course>259.0</gpxtpx:course>
		</gpxtpx:TrackPointExtension>
	</extensions>
</trkpt>
<trkpt lat="43.8888880" lon="15.3245742">
	<ele>2.40</ele>
	<time>2026-08-08T18:03:09.970Z</time>
	<hdop>3.79</hdop>
	<extensions>
		<gpxtpx:TrackPointExtension>
			<gpxtpx:course>263.0</gpxtpx:course>
		</gpxtpx:TrackPointExtension>
	</extensions>
</trkpt>
<trkpt lat="43.8888525" lon="15.3241715">
	<ele>5.73</ele>
	<time>2026-08-08T18:03:19.970Z</time>
	<hdop>3.79</hdop>
	<extensions>
		<gpxtpx:TrackPointExtension>
			<gpxtpx:course>262.0</gpxtpx:course>
		</gpxtpx:TrackPointExtension>
	</extensions>
</trkpt>
<trkpt lat="43.8888179" lon="15.3237646">
	<ele>8.38</ele>
	<time>2026-08-08T18:03:29.971Z</time>
	<hdop>3.79</hdop>
	<extensions>
		<gpxtpx:TrackPointExtension>
			<gpxtpx:course>263.0</gpxtpx:course>
		</gpxtpx:TrackPointExtension>
	</extensions>
</trkpt>
<trkpt lat="43.8887742" lon="15.3233603">
	<ele>9.17</ele>
	<time>2026-08-08T18:03:39.971Z</time>
	<hdop>3.79</hdop>
	<extensions>
		<gpxtpx:TrackPointExtension>
			<gpxtpx:course>261.0</gpxtpx:course>
		</gpxtpx:TrackPointExtension>
	</extensions>
</trkpt>
<trkpt lat="43.8887266" lon="15.3229217">
	<ele>8.75</ele>
	<time>2026-08-08T18:03:50.971Z</time>
	<hdop>3.79</hdop>
	<extensions>
		<gpxtpx:TrackPointExtension>
			<gpxtpx:course>262.0</gpxtpx:course>
		</gpxtpx:TrackPointExtension>
	</extensions>
</trkpt>
<trkpt lat="43.8886922" lon="15.3224773">
	<ele>8.99</ele>
	<time>2026-08-08T18:04:01.970Z</time>
	<hdop>3.79</hdop>
	<extensions>
		<gpxtpx:TrackPointExtension>
			<gpxtpx:course>262.0</gpxtpx:course>
		</gpxtpx:TrackPointExtension>
	</extensions>
</trkpt>
<trkpt lat="43.8886606" lon="15.3220730">
	<ele>7.37</ele>
	<time>2026-08-08T18:04:11.970Z</time>
	<hdop>3.79</hdop>
	<extensions>
		<gpxtpx:TrackPointExtension>
			<gpxtpx:course>266.0</gpxtpx:course>
		</gpxtpx:TrackPointExtension>
	</extensions>
</trkpt>
<trkpt lat="43.8886357" lon="15.3216649">
	<ele>5.77</ele>
	<time>2026-08-08T18:04:21.970Z</time>
	<hdop>3.79</hdop>
	<extensions>
		<gpxtpx:TrackPointExtension>
			<gpxtpx:course>265.0</gpxtpx:course>
		</gpxtpx:TrackPointExtension>
	</extensions>
</trkpt>
<trkpt lat="43.8886143" lon="15.3212676">
	<ele>6.91</ele>
	<time>2026-08-08T18:04:31.970Z</time>
	<hdop>3.79</hdop>
	<extensions>
		<gpxtpx:TrackPointExtension>
			<gpxtpx:course>264.0</gpxtpx:course>
		</gpxtpx:TrackPointExtension>
	</extensions>
</trkpt>
<trkpt lat="43.8885952" lon="15.3208584">
	<ele>7.16</ele>
	<time>2026-08-08T18:04:41.971Z</time>
	<hdop>3.79</hdop>
	<extensions>
		<gpxtpx:TrackPointExtension>
			<gpxtpx:course>269.0</gpxtpx:course>
		</gpxtpx:TrackPointExtension>
	</extensions>
</trkpt>
<trkpt lat="43.8885971" lon="15.3204206">
	<ele>7.04</ele>
	<time>2026-08-08T18:04:52.970Z</time>
	<hdop>3.79</hdop>
	<extensions>
		<gpxtpx:TrackPointExtension>
			<gpxtpx:course>267.0</gpxtpx:course>
		</gpxtpx:TrackPointExtension>
	</extensions>
</trkpt>
<trkpt lat="43.8885892" lon="15.3200192">
	<ele>7.22</ele>
	<time>2026-08-08T18:05:02.970Z</time>
	<hdop>3.79</hdop>
	<extensions>
		<gpxtpx:TrackPointExtension>
			<gpxtpx:course>271.0</gpxtpx:course>
		</gpxtpx:TrackPointExtension>
	</extensions>
</trkpt>
<trkpt lat="43.8885967" lon="15.3196320">
	<ele>-9.96</ele>
	<time>2026-08-08T18:05:12.970Z</time>
	<hdop>3.79</hdop>
	<extensions>
		<gpxtpx:TrackPointExtension>
			<gpxtpx:course>270.0</gpxtpx:course>
		</gpxtpx:TrackPointExtension>
	</extensions>
</trkpt>
<trkpt lat="43.8885965" lon="15.3192302">
	<ele>-31.65</ele>
	<time>2026-08-08T18:05:22.970Z</time>
	<hdop>3.79</hdop>
	<extensions>
		<gpxtpx:TrackPointExtension>
			<gpxtpx:course>270.0</gpxtpx:course>
		</gpxtpx:TrackPointExtension>
	</extensions>
</trkpt>
<trkpt lat="43.8885884" lon="15.3188284">
	<ele>-24.54</ele>
	<time>2026-08-08T18:05:32.970Z</time>
	<hdop>3.79</hdop>
	<extensions>
		<gpxtpx:TrackPointExtension>
			<gpxtpx:course>268.0</gpxtpx:course>
		</gpxtpx:TrackPointExtension>
	</extensions>
</trkpt>
<trkpt lat="43.8885783" lon="15.3183902">
	<ele>-15.96</ele>
	<time>2026-08-08T18:05:43.970Z</time>
	<hdop>3.79</hdop>
	<extensions>
		<gpxtpx:TrackPointExtension>
			<gpxtpx:course>268.0</gpxtpx:course>
		</gpxtpx:TrackPointExtension>
	</extensions>
</trkpt>
<trkpt lat="43.8885757" lon="15.3179878">
	<ele>-6.62</ele>
	<time>2026-08-08T18:05:53.971Z</time>
	<hdop>3.79</hdop>
	<extensions>
		<gpxtpx:TrackPointExtension>
			<gpxtpx:course>269.0</gpxtpx:course>
		</gpxtpx:TrackPointExtension>
	</extensions>
</trkpt>
<trkpt lat="43.8885729" lon="15.3175522">
	<ele>-0.76</ele>
	<time>2026-08-08T18:06:04.970Z</time>
	<hdop>3.79</hdop>
	<extensions>
		<gpxtpx:TrackPointExtension>
			<gpxtpx:course>269.0</gpxtpx:course>
		</gpxtpx:TrackPointExtension>
	</extensions>
</trkpt>
<trkpt lat="43.8885751" lon="15.3171564">
	<ele>-1.71</ele>
	<time>2026-08-08T18:06:14.970Z</time>
	<hdop>3.79</hdop>
	<extensions>
		<gpxtpx:TrackPointExtension>
			<gpxtpx:course>267.0</gpxtpx:course>
		</gpxtpx:TrackPointExtension>
	</extensions>
</trkpt>
<trkpt lat="43.8885527" lon="15.3167615">
	<ele>-1.42</ele>
	<time>2026-08-08T18:06:24.970Z</time>
	<hdop>3.79</hdop>
	<extensions>
		<gpxtpx:TrackPointExtension>
			<gpxtpx:course>263.0</gpxtpx:course>
		</gpxtpx:TrackPointExtension>
	</extensions>
</trkpt>
<trkpt lat="43.8885145" lon="15.3163621">
	<ele>3.16</ele>
	<time>2026-08-08T18:06:34.970Z</time>
	<hdop>3.79</hdop>
	<extensions>
		<gpxtpx:TrackPointExtension>
			<gpxtpx:course>263.0</gpxtpx:course>
		</gpxtpx:TrackPointExtension>
	</extensions>
</trkpt>
<trkpt lat="43.8884843" lon="15.3159650">
	<ele>4.70</ele>
	<time>2026-08-08T18:06:44.970Z</time>
	<hdop>3.79</hdop>
	<extensions>
		<gpxtpx:TrackPointExtension>
			<gpxtpx:course>265.0</gpxtpx:course>
		</gpxtpx:TrackPointExtension>
	</extensions>
</trkpt>
<trkpt lat="43.8884387" lon="15.3155667">
	<ele>-2.80</ele>
	<time>2026-08-08T18:06:54.970Z</time>
	<hdop>3.79</hdop>
	<extensions>
		<gpxtpx:TrackPointExtension>
			<gpxtpx:course>244.0</gpxtpx:course>
		</gpxtpx:TrackPointExtension>
	</extensions>
</trkpt>
<trkpt lat="43.8882209" lon="15.3152391">
	<ele>-17.20</ele>
	<time>2026-08-08T18:07:05.970Z</time>
	<hdop>3.79</hdop>
	<extensions>
		<gpxtpx:TrackPointExtension>
			<gpxtpx:course>216.0</gpxtpx:course>
		</gpxtpx:TrackPointExtension>
	</extensions>
</trkpt>
<trkpt lat="43.8880628" lon="15.3149042">
	<ele>-13.41</ele>
	<time>2026-08-08T18:07:15.971Z</time>
	<hdop>3.79</hdop>
	<extensions>
		<gpxtpx:TrackPointExtension>
			<gpxtpx:course>259.0</gpxtpx:course>
		</gpxtpx:TrackPointExtension>
	</extensions>
</trkpt>
<trkpt lat="43.8880550" lon="15.3144616">
	<ele>-4.71</ele>
	<time>2026-08-08T18:07:26.970Z</time>
	<hdop>3.79</hdop>
	<extensions>
		<gpxtpx:TrackPointExtension>
			<gpxtpx:course>270.0</gpxtpx:course>
		</gpxtpx:TrackPointExtension>
	</extensions>
</trkpt>
<trkpt lat="43.8880684" lon="15.3140506">
	<ele>-13.54</ele>
	<time>2026-08-08T18:07:36.970Z</time>
	<hdop>3.79</hdop>
	<extensions>
		<gpxtpx:TrackPointExtension>
			<gpxtpx:course>275.0</gpxtpx:course>
		</gpxtpx:TrackPointExtension>
	</extensions>
</trkpt>
<trkpt lat="43.8881207" lon="15.3136467">
	<ele>-11.58</ele>
	<time>2026-08-08T18:07:46.970Z</time>
	<hdop>3.79</hdop>
	<extensions>
		<gpxtpx:TrackPointExtension>
			<gpxtpx:course>282.0</gpxtpx:course>
		</gpxtpx:TrackPointExtension>
	</extensions>
</trkpt>
<trkpt lat="43.8881816" lon="15.3132599">
	<ele>-2.85</ele>
	<time>2026-08-08T18:07:56.970Z</time>
	<hdop>3.79</hdop>
	<extensions>
		<gpxtpx:TrackPointExtension>
			<gpxtpx:course>281.0</gpxtpx:course>
		</gpxtpx:TrackPointExtension>
	</extensions>
</trkpt>
<trkpt lat="43.8882416" lon="15.3128271">
	<ele>3.66</ele>
	<time>2026-08-08T18:08:07.970Z</time>
	<hdop>3.79</hdop>
	<extensions>
		<gpxtpx:TrackPointExtension>
			<gpxtpx:course>282.0</gpxtpx:course>
		</gpxtpx:TrackPointExtension>
	</extensions>
</trkpt>
<trkpt lat="43.8883006" lon="15.3124418">
	<ele>6.00</ele>
	<time>2026-08-08T18:08:17.970Z</time>
	<hdop>3.79</hdop>
	<extensions>
		<gpxtpx:TrackPointExtension>
			<gpxtpx:course>282.0</gpxtpx:course>
		</gpxtpx:TrackPointExtension>
	</extensions>
</trkpt>
<trkpt lat="43.8883453" lon="15.3120639">
	<ele>7.20</ele>
	<time>2026-08-08T18:08:27.970Z</time>
	<hdop>3.79</hdop>
	<extensions>
		<gpxtpx:TrackPointExtension>
			<gpxtpx:course>276.0</gpxtpx:course>
		</gpxtpx:TrackPointExtension>
	</extensions>
</trkpt>
<trkpt lat="43.8883441" lon="15.3116763">
	<ele>8.14</ele>
	<time>2026-08-08T18:08:37.970Z</time>
	<hdop>3.79</hdop>
	<extensions>
		<gpxtpx:TrackPointExtension>
			<gpxtpx:course>264.0</gpxtpx:course>
		</gpxtpx:TrackPointExtension>
	</extensions>
</trkpt>
<trkpt lat="43.8883177" lon="15.3112367">
	<ele>5.24</ele>
	<time>2026-08-08T18:08:48.970Z</time>
	<hdop>3.79</hdop>
	<extensions>
		<gpxtpx:TrackPointExtension>
			<gpxtpx:course>266.0</gpxtpx:course>
		</gpxtpx:TrackPointExtension>
	</extensions>
</trkpt>
<trkpt lat="43.8882950" lon="15.3108237">
	<ele>5.24</ele>
	<time>2026-08-08T18:08:58.970Z</time>
	<hdop>3.79</hdop>
	<extensions>
		<gpxtpx:TrackPointExtension>
			<gpxtpx:course>266.0</gpxtpx:course>
		</gpxtpx:TrackPointExtension>
	</extensions>
</trkpt>
<trkpt lat="43.8882824" lon="15.3103681">
	<ele>6.34</ele>
	<time>2026-08-08T18:09:09.970Z</time>
	<hdop>3.79</hdop>
	<extensions>
		<gpxtpx:TrackPointExtension>
			<gpxtpx:course>268.0</gpxtpx:course>
		</gpxtpx:TrackPointExtension>
	</extensions>
</trkpt>
<trkpt lat="43.8882558" lon="15.3099240">
	<ele>2.52</ele>
	<time>2026-08-08T18:09:20.970Z</time>
	<hdop>3.79</hdop>
	<extensions>
		<gpxtpx:TrackPointExtension>
			<gpxtpx:course>259.0</gpxtpx:course>
		</gpxtpx:TrackPointExtension>
	</extensions>
</trkpt>
<trkpt lat="43.8882014" lon="15.3094760">
	<ele>-4.21</ele>
	<time>2026-08-08T18:09:31.969Z</time>
	<hdop>3.79</hdop>
	<extensions>
		<gpxtpx:TrackPointExtension>
			<gpxtpx:course>257.0</gpxtpx:course>
		</gpxtpx:TrackPointExtension>
	</extensions>
</trkpt>
<trkpt lat="43.8881295" lon="15.3090697">
	<ele>0.18</ele>
	<time>2026-08-08T18:09:41.970Z</time>
	<hdop>3.79</hdop>
	<extensions>
		<gpxtpx:TrackPointExtension>
			<gpxtpx:course>255.0</gpxtpx:course>
		</gpxtpx:TrackPointExtension>
	</extensions>
</trkpt>
<trkpt lat="43.8880320" lon="15.3086832">
	<ele>3.24</ele>
	<time>2026-08-08T18:09:51.970Z</time>
	<hdop>3.79</hdop>
	<extensions>
		<gpxtpx:TrackPointExtension>
			<gpxtpx:course>248.0</gpxtpx:course>
		</gpxtpx:TrackPointExtension>
	</extensions>
</trkpt>
<trkpt lat="43.8878961" lon="15.3083088">
	<ele>6.18</ele>
	<time>2026-08-08T18:10:01.970Z</time>
	<hdop>3.79</hdop>
	<extensions>
		<gpxtpx:TrackPointExtension>
			<gpxtpx:course>234.0</gpxtpx:course>
		</gpxtpx:TrackPointExtension>
	</extensions>
</trkpt>
<trkpt lat="43.8877056" lon="15.3079694">
	<ele>7.98</ele>
	<time>2026-08-08T18:10:11.970Z</time>
	<hdop>3.79</hdop>
	<extensions>
		<gpxtpx:TrackPointExtension>
			<gpxtpx:course>227.0</gpxtpx:course>
		</gpxtpx:TrackPointExtension>
	</extensions>
</trkpt>
<trkpt lat="43.8874653" lon="15.3076448">
	<ele>3.67</ele>
	<time>2026-08-08T18:10:22.969Z</time>
	<hdop>3.79</hdop>
	<extensions>
		<gpxtpx:TrackPointExtension>
			<gpxtpx:course>221.0</gpxtpx:course>
		</gpxtpx:TrackPointExtension>
	</extensions>
</trkpt>
<trkpt lat="43.8872293" lon="15.3073628">
	<ele>-0.12</ele>
	<time>2026-08-08T18:10:32.969Z</time>
	<hdop>3.79</hdop>
	<extensions>
		<gpxtpx:TrackPointExtension>
			<gpxtpx:course>215.0</gpxtpx:course>
		</gpxtpx:TrackPointExtension>
	</extensions>
</trkpt>
<trkpt lat="43.8869544" lon="15.3071176">
	<ele>-10.66</ele>
	<time>2026-08-08T18:10:42.970Z</time>
	<hdop>3.79</hdop>
	<extensions>
		<gpxtpx:TrackPointExtension>
			<gpxtpx:course>212.0</gpxtpx:course>
		</gpxtpx:TrackPointExtension>
	</extensions>
</trkpt>
<trkpt lat="43.8866432" lon="15.3068840">
	<ele>-8.27</ele>
	<time>2026-08-08T18:10:53.969Z</time>
	<hdop>3.79</hdop>
	<extensions>
		<gpxtpx:TrackPointExtension>
			<gpxtpx:course>209.0</gpxtpx:course>
		</gpxtpx:TrackPointExtension>
	</extensions>
</trkpt>
<trkpt lat="43.8863577" lon="15.3066681">
	<ele>-1.06</ele>
	<time>2026-08-08T18:11:03.971Z</time>
	<hdop>3.79</hdop>
	<extensions>
		<gpxtpx:TrackPointExtension>
			<gpxtpx:course>208.0</gpxtpx:course>
		</gpxtpx:TrackPointExtension>
	</extensions>
</trkpt>
<trkpt lat="43.8860321" lon="15.3064371">
	<ele>3.33</ele>
	<time>2026-08-08T18:11:14.969Z</time>
	<hdop>3.79</hdop>
	<extensions>
		<gpxtpx:TrackPointExtension>
			<gpxtpx:course>206.0</gpxtpx:course>
		</gpxtpx:TrackPointExtension>
	</extensions>
</trkpt>
<trkpt lat="43.8857442" lon="15.3062411">
	<ele>4.22</ele>
	<time>2026-08-08T18:11:24.969Z</time>
	<hdop>3.79</hdop>
	<extensions>
		<gpxtpx:TrackPointExtension>
			<gpxtpx:course>202.0</gpxtpx:course>
		</gpxtpx:TrackPointExtension>
	</extensions>
</trkpt>
<trkpt lat="43.8854549" lon="15.3060135">
	<ele>0.15</ele>
	<time>2026-08-08T18:11:34.972Z</time>
	<hdop>3.79</hdop>
	<extensions>
		<gpxtpx:TrackPointExtension>
			<gpxtpx:course>213.0</gpxtpx:course>
		</gpxtpx:TrackPointExtension>
	</extensions>
</trkpt>
<trkpt lat="43.8851493" lon="15.3057360">
	<ele>-14.55</ele>
	<time>2026-08-08T18:11:45.970Z</time>
	<hdop>3.79</hdop>
	<extensions>
		<gpxtpx:TrackPointExtension>
			<gpxtpx:course>212.0</gpxtpx:course>
		</gpxtpx:TrackPointExtension>
	</extensions>
</trkpt>
<trkpt lat="43.8848608" lon="15.3054659">
	<ele>-9.54</ele>
	<time>2026-08-08T18:11:56.970Z</time>
	<hdop>3.79</hdop>
	<extensions>
		<gpxtpx:TrackPointExtension>
			<gpxtpx:course>214.0</gpxtpx:course>
		</gpxtpx:TrackPointExtension>
	</extensions>
</trkpt>
<trkpt lat="43.8846014" lon="15.3052002">
	<ele>-3.02</ele>
	<time>2026-08-08T18:12:06.970Z</time>
	<hdop>3.79</hdop>
	<extensions>
		<gpxtpx:TrackPointExtension>
			<gpxtpx:course>218.0</gpxtpx:course>
		</gpxtpx:TrackPointExtension>
	</extensions>
</trkpt>
<trkpt lat="43.8843592" lon="15.3049046">
	<ele>0.74</ele>
	<time>2026-08-08T18:12:16.970Z</time>
	<hdop>3.79</hdop>
	<extensions>
		<gpxtpx:TrackPointExtension>
			<gpxtpx:course>221.0</gpxtpx:course>
		</gpxtpx:TrackPointExtension>
	</extensions>
</trkpt>
<trkpt lat="43.8841208" lon="15.3046062">
	<ele>4.71</ele>
	<time>2026-08-08T18:12:26.971Z</time>
	<hdop>3.79</hdop>
	<extensions>
		<gpxtpx:TrackPointExtension>
			<gpxtpx:course>223.0</gpxtpx:course>
		</gpxtpx:TrackPointExtension>
	</extensions>
</trkpt>
<trkpt lat="43.8838821" lon="15.3042510">
	<ele>6.18</ele>
	<time>2026-08-08T18:12:37.969Z</time>
	<hdop>3.79</hdop>
	<extensions>
		<gpxtpx:TrackPointExtension>
			<gpxtpx:course>227.0</gpxtpx:course>
		</gpxtpx:TrackPointExtension>
	</extensions>
</trkpt>
<trkpt lat="43.8836714" lon="15.3039096">
	<ele>2.49</ele>
	<time>2026-08-08T18:12:47.969Z</time>
	<hdop>3.79</hdop>
	<extensions>
		<gpxtpx:TrackPointExtension>
			<gpxtpx:course>228.0</gpxtpx:course>
		</gpxtpx:TrackPointExtension>
	</extensions>
</trkpt>
<trkpt lat="43.8834655" lon="15.3035816">
	<ele>2.89</ele>
	<time>2026-08-08T18:12:57.970Z</time>
	<hdop>3.79</hdop>
	<extensions>
		<gpxtpx:TrackPointExtension>
			<gpxtpx:course>229.0</gpxtpx:course>
		</gpxtpx:TrackPointExtension>
	</extensions>
</trkpt>
<trkpt lat="43.8832432" lon="15.3032182">
	<ele>4.44</ele>
	<time>2026-08-08T18:13:08.969Z</time>
	<hdop>3.79</hdop>
	<extensions>
		<gpxtpx:TrackPointExtension>
			<gpxtpx:course>230.0</gpxtpx:course>
		</gpxtpx:TrackPointExtension>
	</extensions>
</trkpt>
<trkpt lat="43.8830413" lon="15.3028827">
	<ele>6.76</ele>
	<time>2026-08-08T18:13:18.970Z</time>
	<hdop>3.79</hdop>
	<extensions>
		<gpxtpx:TrackPointExtension>
			<gpxtpx:course>231.0</gpxtpx:course>
		</gpxtpx:TrackPointExtension>
	</extensions>
</trkpt>
<trkpt lat="43.8828224" lon="15.3025038">
	<ele>8.45</ele>
	<time>2026-08-08T18:13:29.969Z</time>
	<hdop>3.79</hdop>
	<extensions>
		<gpxtpx:TrackPointExtension>
			<gpxtpx:course>232.0</gpxtpx:course>
		</gpxtpx:TrackPointExtension>
	</extensions>
</trkpt>
<trkpt lat="43.8826380" lon="15.3021404">
	<ele>5.78</ele>
	<time>2026-08-08T18:13:39.969Z</time>
	<hdop>3.79</hdop>
	<extensions>
		<gpxtpx:TrackPointExtension>
			<gpxtpx:course>235.0</gpxtpx:course>
		</gpxtpx:TrackPointExtension>
	</extensions>
</trkpt>
<trkpt lat="43.8824560" lon="15.3017919">
	<ele>7.01</ele>
	<time>2026-08-08T18:13:49.970Z</time>
	<hdop>3.79</hdop>
	<extensions>
		<gpxtpx:TrackPointExtension>
			<gpxtpx:course>233.0</gpxtpx:course>
		</gpxtpx:TrackPointExtension>
	</extensions>
</trkpt>
<trkpt lat="43.8822856" lon="15.3014067">
	<ele>8.55</ele>
	<time>2026-08-08T18:13:59.970Z</time>
	<hdop>3.79</hdop>
	<extensions>
		<gpxtpx:TrackPointExtension>
			<gpxtpx:course>242.0</gpxtpx:course>
		</gpxtpx:TrackPointExtension>
	</extensions>
</trkpt>
<trkpt lat="43.8821354" lon="15.3009754">
	<ele>10.77</ele>
	<time>2026-08-08T18:14:10.969Z</time>
	<hdop>3.79</hdop>
	<extensions>
		<gpxtpx:TrackPointExtension>
			<gpxtpx:course>246.0</gpxtpx:course>
		</gpxtpx:TrackPointExtension>
	</extensions>
</trkpt>
<trkpt lat="43.8819941" lon="15.3005770">
	<ele>10.83</ele>
	<time>2026-08-08T18:14:20.969Z</time>
	<hdop>3.79</hdop>
	<extensions>
		<gpxtpx:TrackPointExtension>
			<gpxtpx:course>244.0</gpxtpx:course>
		</gpxtpx:TrackPointExtension>
	</extensions>
</trkpt>
<trkpt lat="43.8818611" lon="15.3001682">
	<ele>10.81</ele>
	<time>2026-08-08T18:14:30.969Z</time>
	<hdop>3.79</hdop>
	<extensions>
		<gpxtpx:TrackPointExtension>
			<gpxtpx:course>248.0</gpxtpx:course>
		</gpxtpx:TrackPointExtension>
	</extensions>
</trkpt>
<trkpt lat="43.8817462" lon="15.2997631">
	<ele>10.62</ele>
	<time>2026-08-08T18:14:40.969Z</time>
	<hdop>3.79</hdop>
	<extensions>
		<gpxtpx:TrackPointExtension>
			<gpxtpx:course>250.0</gpxtpx:course>
		</gpxtpx:TrackPointExtension>
	</extensions>
</trkpt>
<trkpt lat="43.8816404" lon="15.2993587">
	<ele>9.29</ele>
	<time>2026-08-08T18:14:50.969Z</time>
	<hdop>3.79</hdop>
	<extensions>
		<gpxtpx:TrackPointExtension>
			<gpxtpx:course>249.0</gpxtpx:course>
		</gpxtpx:TrackPointExtension>
	</extensions>
</trkpt>
<trkpt lat="43.8815403" lon="15.2989448">
	<ele>9.03</ele>
	<time>2026-08-08T18:15:00.969Z</time>
	<hdop>3.79</hdop>
	<extensions>
		<gpxtpx:TrackPointExtension>
			<gpxtpx:course>250.0</gpxtpx:course>
		</gpxtpx:TrackPointExtension>
	</extensions>
</trkpt>
<trkpt lat="43.8814380" lon="15.2985209">
	<ele>9.41</ele>
	<time>2026-08-08T18:15:10.969Z</time>
	<hdop>3.79</hdop>
	<extensions>
		<gpxtpx:TrackPointExtension>
			<gpxtpx:course>252.0</gpxtpx:course>
		</gpxtpx:TrackPointExtension>
	</extensions>
</trkpt>
<trkpt lat="43.8813450" lon="15.2981064">
	<ele>8.25</ele>
	<time>2026-08-08T18:15:20.969Z</time>
	<hdop>3.79</hdop>
	<extensions>
		<gpxtpx:TrackPointExtension>
			<gpxtpx:course>252.0</gpxtpx:course>
		</gpxtpx:TrackPointExtension>
	</extensions>
</trkpt>
<trkpt lat="43.8812469" lon="15.2977017">
	<ele>7.97</ele>
	<time>2026-08-08T18:15:30.969Z</time>
	<hdop>3.79</hdop>
	<extensions>
		<gpxtpx:TrackPointExtension>
			<gpxtpx:course>250.0</gpxtpx:course>
		</gpxtpx:TrackPointExtension>
	</extensions>
</trkpt>
<trkpt lat="43.8811458" lon="15.2973107">
	<ele>7.60</ele>
	<time>2026-08-08T18:15:40.970Z</time>
	<hdop>3.79</hdop>
	<extensions>
		<gpxtpx:TrackPointExtension>
			<gpxtpx:course>248.0</gpxtpx:course>
		</gpxtpx:TrackPointExtension>
	</extensions>
</trkpt>
<trkpt lat="43.8810203" lon="15.2968974">
	<ele>5.48</ele>
	<time>2026-08-08T18:15:51.969Z</time>
	<hdop>3.79</hdop>
	<extensions>
		<gpxtpx:TrackPointExtension>
			<gpxtpx:course>246.0</gpxtpx:course>
		</gpxtpx:TrackPointExtension>
	</extensions>
</trkpt>
<trkpt lat="43.8809101" lon="15.2965365">
	<ele>6.46</ele>
	<time>2026-08-08T18:16:01.969Z</time>
	<hdop>3.79</hdop>
	<extensions>
		<gpxtpx:TrackPointExtension>
			<gpxtpx:course>247.0</gpxtpx:course>
		</gpxtpx:TrackPointExtension>
	</extensions>
</trkpt>
<trkpt lat="43.8808029" lon="15.2961789">
	<ele>5.47</ele>
	<time>2026-08-08T18:16:11.969Z</time>
	<hdop>3.79</hdop>
	<extensions>
		<gpxtpx:TrackPointExtension>
			<gpxtpx:course>245.0</gpxtpx:course>
		</gpxtpx:TrackPointExtension>
	</extensions>
</trkpt>
<trkpt lat="43.8806851" lon="15.2958266">
	<ele>3.26</ele>
	<time>2026-08-08T18:16:21.969Z</time>
	<hdop>3.79</hdop>
	<extensions>
		<gpxtpx:TrackPointExtension>
			<gpxtpx:course>245.0</gpxtpx:course>
		</gpxtpx:TrackPointExtension>
	</extensions>
</trkpt>
<trkpt lat="43.8805845" lon="15.2954810">
	<ele>4.58</ele>
	<time>2026-08-08T18:16:31.969Z</time>
	<hdop>3.79</hdop>
	<extensions>
		<gpxtpx:TrackPointExtension>
			<gpxtpx:course>246.0</gpxtpx:course>
		</gpxtpx:TrackPointExtension>
	</extensions>
</trkpt>
<trkpt lat="43.8804928" lon="15.2951594">
	<ele>5.16</ele>
	<time>2026-08-08T18:16:41.970Z</time>
	<hdop>3.79</hdop>
	<extensions>
		<gpxtpx:TrackPointExtension>
			<gpxtpx:course>248.0</gpxtpx:course>
		</gpxtpx:TrackPointExtension>
	</extensions>
</trkpt>
<trkpt lat="43.8803917" lon="15.2948181">
	<ele>4.34</ele>
	<time>2026-08-08T18:16:52.969Z</time>
	<hdop>3.79</hdop>
	<extensions>
		<gpxtpx:TrackPointExtension>
			<gpxtpx:course>249.0</gpxtpx:course>
		</gpxtpx:TrackPointExtension>
	</extensions>
</trkpt>
<trkpt lat="43.8803175" lon="15.2945287">
	<ele>5.49</ele>
	<time>2026-08-08T18:17:02.969Z</time>
	<hdop>3.79</hdop>
	<extensions>
		<gpxtpx:TrackPointExtension>
			<gpxtpx:course>253.0</gpxtpx:course>
		</gpxtpx:TrackPointExtension>
	</extensions>
</trkpt>
<trkpt lat="43.8802501" lon="15.2942473">
	<ele>5.27</ele>
	<time>2026-08-08T18:17:12.969Z</time>
	<hdop>3.79</hdop>
	<extensions>
		<gpxtpx:TrackPointExtension>
			<gpxtpx:course>251.0</gpxtpx:course>
		</gpxtpx:TrackPointExtension>
	</extensions>
</trkpt>
<trkpt lat="43.8802020" lon="15.2939590">
	<ele>3.27</ele>
	<time>2026-08-08T18:17:22.969Z</time>
	<hdop>3.79</hdop>
	<extensions>
		<gpxtpx:TrackPointExtension>
			<gpxtpx:course>263.0</gpxtpx:course>
		</gpxtpx:TrackPointExtension>
	</extensions>
</trkpt>
<trkpt lat="43.8802032" lon="15.2936739">
	<ele>4.37</ele>
	<time>2026-08-08T18:17:32.969Z</time>
	<hdop>3.79</hdop>
	<extensions>
		<gpxtpx:TrackPointExtension>
			<gpxtpx:course>276.0</gpxtpx:course>
		</gpxtpx:TrackPointExtension>
	</extensions>
</trkpt>
<trkpt lat="43.8802441" lon="15.2933901">
	<ele>4.71</ele>
	<time>2026-08-08T18:17:42.969Z</time>
	<hdop>3.79</hdop>
	<extensions>
		<gpxtpx:TrackPointExtension>
			<gpxtpx:course>285.0</gpxtpx:course>
		</gpxtpx:TrackPointExtension>
	</extensions>
</trkpt>
<trkpt lat="43.8803175" lon="15.2931041">
	<ele>4.41</ele>
	<time>2026-08-08T18:17:52.969Z</time>
	<hdop>3.79</hdop>
	<extensions>
		<gpxtpx:TrackPointExtension>
			<gpxtpx:course>293.0</gpxtpx:course>
		</gpxtpx:TrackPointExtension>
	</extensions>
</trkpt>
<trkpt lat="43.8804013" lon="15.2928239">
	<ele>5.00</ele>
	<time>2026-08-08T18:18:02.969Z</time>
	<hdop>3.79</hdop>
	<extensions>
		<gpxtpx:TrackPointExtension>
			<gpxtpx:course>295.0</gpxtpx:course>
		</gpxtpx:TrackPointExtension>
	</extensions>
</trkpt>
<trkpt lat="43.8804939" lon="15.2925442">
	<ele>3.75</ele>
	<time>2026-08-08T18:18:12.969Z</time>
	<hdop>3.79</hdop>
	<extensions>
		<gpxtpx:TrackPointExtension>
			<gpxtpx:course>291.0</gpxtpx:course>
		</gpxtpx:TrackPointExtension>
	</extensions>
</trkpt>
<trkpt lat="43.8805801" lon="15.2922611">
	<ele>3.87</ele>
	<time>2026-08-08T18:18:22.969Z</time>
	<hdop>3.79</hdop>
	<extensions>
		<gpxtpx:TrackPointExtension>
			<gpxtpx:course>292.0</gpxtpx:course>
		</gpxtpx:TrackPointExtension>
	</extensions>
</trkpt>
<trkpt lat="43.8806616" lon="15.2919682">
	<ele>4.36</ele>
	<time>2026-08-08T18:18:32.969Z</time>
	<hdop>3.79</hdop>
	<extensions>
		<gpxtpx:TrackPointExtension>
			<gpxtpx:course>288.0</gpxtpx:course>
		</gpxtpx:TrackPointExtension>
	</extensions>
</trkpt>
<trkpt lat="43.8807350" lon="15.2916646">
	<ele>3.90</ele>
	<time>2026-08-08T18:18:42.969Z</time>
	<hdop>3.79</hdop>
	<extensions>
		<gpxtpx:TrackPointExtension>
			<gpxtpx:course>288.0</gpxtpx:course>
		</gpxtpx:TrackPointExtension>
	</extensions>
</trkpt>
<trkpt lat="43.8808042" lon="15.2913632">
	<ele>2.96</ele>
	<time>2026-08-08T18:18:52.970Z</time>
	<hdop>3.79</hdop>
	<extensions>
		<gpxtpx:TrackPointExtension>
			<gpxtpx:course>292.0</gpxtpx:course>
		</gpxtpx:TrackPointExtension>
	</extensions>
</trkpt>
<trkpt lat="43.8809708" lon="15.2910985">
	<ele>4.01</ele>
	<time>2026-08-08T18:19:03.969Z</time>
	<hdop>3.79</hdop>
	<extensions>
		<gpxtpx:TrackPointExtension>
			<gpxtpx:course>328.0</gpxtpx:course>
		</gpxtpx:TrackPointExtension>
	</extensions>
</trkpt>
<trkpt lat="43.8811985" lon="15.2910605">
	<ele>2.99</ele>
	<time>2026-08-08T18:19:13.969Z</time>
	<hdop>3.79</hdop>
	<extensions>
		<gpxtpx:TrackPointExtension>
			<gpxtpx:course>9.0</gpxtpx:course>
		</gpxtpx:TrackPointExtension>
	</extensions>
</trkpt>
<trkpt lat="43.8814218" lon="15.2911633">
	<ele>2.96</ele>
	<time>2026-08-08T18:19:23.969Z</time>
	<hdop>3.79</hdop>
	<extensions>
		<gpxtpx:TrackPointExtension>
			<gpxtpx:course>23.0</gpxtpx:course>
		</gpxtpx:TrackPointExtension>
	</extensions>
</trkpt>
<trkpt lat="43.8816188" lon="15.2913632">
	<ele>2.62</ele>
	<time>2026-08-08T18:19:34.969Z</time>
	<hdop>3.79</hdop>
	<extensions>
		<gpxtpx:TrackPointExtension>
			<gpxtpx:course>49.0</gpxtpx:course>
		</gpxtpx:TrackPointExtension>
	</extensions>
</trkpt>
<trkpt lat="43.8817382" lon="15.2915893">
	<ele>3.28</ele>
	<time>2026-08-08T18:19:44.969Z</time>
	<hdop>3.79</hdop>
	<extensions>
		<gpxtpx:TrackPointExtension>
			<gpxtpx:course>55.0</gpxtpx:course>
		</gpxtpx:TrackPointExtension>
	</extensions>
</trkpt>
<trkpt lat="43.8818224" lon="15.2918220">
	<ele>-3.94</ele>
	<time>2026-08-08T18:19:54.969Z</time>
	<hdop>3.79</hdop>
	<extensions>
		<gpxtpx:TrackPointExtension>
			<gpxtpx:course>69.0</gpxtpx:course>
		</gpxtpx:TrackPointExtension>
	</extensions>
</trkpt>
<trkpt lat="43.8818888" lon="15.2920599">
	<ele>-33.50</ele>
	<time>2026-08-08T18:20:04.969Z</time>
	<hdop>3.79</hdop>
	<extensions>
		<gpxtpx:TrackPointExtension>
			<gpxtpx:course>67.0</gpxtpx:course>
		</gpxtpx:TrackPointExtension>
	</extensions>
</trkpt>
<trkpt lat="43.8819695" lon="15.2923034">
	<ele>-41.03</ele>
	<time>2026-08-08T18:20:14.969Z</time>
	<hdop>3.79</hdop>
	<extensions>
		<gpxtpx:TrackPointExtension>
			<gpxtpx:course>61.0</gpxtpx:course>
		</gpxtpx:TrackPointExtension>
	</extensions>
</trkpt>
<trkpt lat="43.8820557" lon="15.2925323">
	<ele>-40.96</ele>
	<time>2026-08-08T18:20:24.969Z</time>
	<hdop>3.79</hdop>
	<extensions>
		<gpxtpx:TrackPointExtension>
			<gpxtpx:course>58.0</gpxtpx:course>
		</gpxtpx:TrackPointExtension>
	</extensions>
</trkpt>
<trkpt lat="43.8821803" lon="15.2927252">
	<ele>-36.33</ele>
	<time>2026-08-08T18:20:34.969Z</time>
	<hdop>3.79</hdop>
	<extensions>
		<gpxtpx:TrackPointExtension>
			<gpxtpx:course>31.0</gpxtpx:course>
		</gpxtpx:TrackPointExtension>
	</extensions>
</trkpt>
<trkpt lat="43.8823809" lon="15.2927476">
	<ele>-27.49</ele>
	<time>2026-08-08T18:20:45.968Z</time>
	<hdop>3.79</hdop>
	<extensions>
		<gpxtpx:TrackPointExtension>
			<gpxtpx:course>329.0</gpxtpx:course>
		</gpxtpx:TrackPointExtension>
	</extensions>
</trkpt>
<trkpt lat="43.8824475" lon="15.2925410">
	<ele>-23.72</ele>
	<time>2026-08-08T18:20:55.969Z</time>
	<hdop>3.79</hdop>
	<extensions>
		<gpxtpx:TrackPointExtension>
			<gpxtpx:course>284.0</gpxtpx:course>
		</gpxtpx:TrackPointExtension>
	</extensions>
</trkpt>
<trkpt lat="43.8824666" lon="15.2923463">
	<ele>-26.28</ele>
	<time>2026-08-08T18:21:05.969Z</time>
	<hdop>3.79</hdop>
	<extensions>
		<gpxtpx:TrackPointExtension>
			<gpxtpx:course>275.0</gpxtpx:course>
		</gpxtpx:TrackPointExtension>
	</extensions>
</trkpt>
<trkpt lat="43.8824948" lon="15.2921621">
	<ele>-26.05</ele>
	<time>2026-08-08T18:21:15.969Z</time>
	<hdop>3.79</hdop>
	<extensions>
		<gpxtpx:TrackPointExtension>
			<gpxtpx:course>284.0</gpxtpx:course>
		</gpxtpx:TrackPointExtension>
	</extensions>
</trkpt>
<trkpt lat="43.8825275" lon="15.2919805">
	<ele>-25.77</ele>
	<time>2026-08-08T18:21:26.970Z</time>
	<hdop>3.79</hdop>
	<extensions>
		<gpxtpx:TrackPointExtension>
			<gpxtpx:course>281.0</gpxtpx:course>
		</gpxtpx:TrackPointExtension>
	</extensions>
</trkpt>
<trkpt lat="43.8825637" lon="15.2918143">
	<ele>-27.82</ele>
	<time>2026-08-08T18:21:36.970Z</time>
	<hdop>3.79</hdop>
	<extensions>
		<gpxtpx:TrackPointExtension>
			<gpxtpx:course>284.0</gpxtpx:course>
		</gpxtpx:TrackPointExtension>
	</extensions>
</trkpt>
<trkpt lat="43.8825987" lon="15.2916219">
	<ele>-28.04</ele>
	<time>2026-08-08T18:21:47.969Z</time>
	<hdop>3.79</hdop>
	<extensions>
		<gpxtpx:TrackPointExtension>
			<gpxtpx:course>286.0</gpxtpx:course>
		</gpxtpx:TrackPointExtension>
	</extensions>
</trkpt>
<trkpt lat="43.8826265" lon="15.2914624">
	<ele>-26.56</ele>
	<time>2026-08-08T18:21:58.968Z</time>
	<hdop>3.79</hdop>
	<extensions>
		<gpxtpx:TrackPointExtension>
			<gpxtpx:course>265.0</gpxtpx:course>
		</gpxtpx:TrackPointExtension>
	</extensions>
</trkpt>
<trkpt lat="43.8826539" lon="15.2912974">
	<ele>-18.25</ele>
	<time>2026-08-08T18:22:08.968Z</time>
	<hdop>3.79</hdop>
	<extensions>
		<gpxtpx:TrackPointExtension>
			<gpxtpx:course>279.0</gpxtpx:course>
		</gpxtpx:TrackPointExtension>
	</extensions>
</trkpt>
<trkpt lat="43.8826740" lon="15.2911454">
	<ele>-8.84</ele>
	<time>2026-08-08T18:22:18.968Z</time>
	<hdop>3.79</hdop>
	<extensions>
		<gpxtpx:TrackPointExtension>
			<gpxtpx:course>280.0</gpxtpx:course>
		</gpxtpx:TrackPointExtension>
	</extensions>
</trkpt>
<trkpt lat="43.8826865" lon="15.2910082">
	<ele>-5.73</ele>
	<time>2026-08-08T18:22:28.969Z</time>
	<hdop>3.79</hdop>
	<extensions>
		<gpxtpx:TrackPointExtension>
			<gpxtpx:course>274.0</gpxtpx:course>
		</gpxtpx:TrackPointExtension>
	</extensions>
</trkpt>
<trkpt lat="43.8826890" lon="15.2908759">
	<ele>-0.63</ele>
	<time>2026-08-08T18:22:39.968Z</time>
	<hdop>3.79</hdop>
	<extensions>
		<gpxtpx:TrackPointExtension>
			<gpxtpx:course>274.0</gpxtpx:course>
		</gpxtpx:TrackPointExtension>
	</extensions>
</trkpt>
<trkpt lat="43.8827011" lon="15.2907439">
	<ele>0.17</ele>
	<time>2026-08-08T18:22:53.970Z</time>
	<hdop>3.79</hdop>
	<extensions>
		<gpxtpx:TrackPointExtension>
			<gpxtpx:course>280.0</gpxtpx:course>
		</gpxtpx:TrackPointExtension>
	</extensions>
</trkpt>
<trkpt lat="43.8826884" lon="15.2906153">
	<ele>1.04</ele>
	<time>2026-08-08T18:23:06.968Z</time>
	<hdop>3.79</hdop>
	<extensions>
		<gpxtpx:TrackPointExtension>
			<gpxtpx:course>258.0</gpxtpx:course>
		</gpxtpx:TrackPointExtension>
	</extensions>
</trkpt>
<trkpt lat="43.8826252" lon="15.2905243">
	<ele>2.96</ele>
	<time>2026-08-08T18:23:17.968Z</time>
	<hdop>3.79</hdop>
	<extensions>
		<gpxtpx:TrackPointExtension>
			<gpxtpx:course>220.0</gpxtpx:course>
		</gpxtpx:TrackPointExtension>
	</extensions>
</trkpt>
<trkpt lat="43.8825411" lon="15.2904577">
	<ele>2.75</ele>
	<time>2026-08-08T18:23:28.969Z</time>
	<hdop>3.79</hdop>
	<extensions>
		<gpxtpx:TrackPointExtension>
			<gpxtpx:course>201.0</gpxtpx:course>
		</gpxtpx:TrackPointExtension>
	</extensions>
</trkpt>
<trkpt lat="43.8824380" lon="15.2904440">
	<ele>3.54</ele>
	<time>2026-08-08T18:23:39.968Z</time>
	<hdop>3.79</hdop>
	<extensions>
		<gpxtpx:TrackPointExtension>
			<gpxtpx:course>186.0</gpxtpx:course>
		</gpxtpx:TrackPointExtension>
	</extensions>
</trkpt>
<trkpt lat="43.8823372" lon="15.2904399">
	<ele>2.38</ele>
	<time>2026-08-08T18:23:49.968Z</time>
	<hdop>3.79</hdop>
	<extensions>
		<gpxtpx:TrackPointExtension>
			<gpxtpx:course>172.0</gpxtpx:course>
		</gpxtpx:TrackPointExtension>
	</extensions>
</trkpt>
<trkpt lat="43.8822471" lon="15.2904772">
	<ele>0.97</ele>
	<time>2026-08-08T18:23:59.969Z</time>
	<hdop>3.79</hdop>
	<extensions>
		<gpxtpx:TrackPointExtension>
			<gpxtpx:course>158.0</gpxtpx:course>
		</gpxtpx:TrackPointExtension>
	</extensions>
</trkpt>
<trkpt lat="43.8821376" lon="15.2905324">
	<ele>0.19</ele>
	<time>2026-08-08T18:24:09.969Z</time>
	<hdop>3.79</hdop>
	<extensions>
		<gpxtpx:TrackPointExtension>
			<gpxtpx:course>159.0</gpxtpx:course>
		</gpxtpx:TrackPointExtension>
	</extensions>
</trkpt>
<trkpt lat="43.8820293" lon="15.2906092">
	<ele>1.91</ele>
	<time>2026-08-08T18:24:19.969Z</time>
	<hdop>3.79</hdop>
	<extensions>
		<gpxtpx:TrackPointExtension>
			<gpxtpx:course>150.0</gpxtpx:course>
		</gpxtpx:TrackPointExtension>
	</extensions>
</trkpt>
<trkpt lat="43.8819117" lon="15.2907154">
	<ele>3.34</ele>
	<time>2026-08-08T18:24:30.968Z</time>
	<hdop>3.79</hdop>
	<extensions>
		<gpxtpx:TrackPointExtension>
			<gpxtpx:course>146.0</gpxtpx:course>
		</gpxtpx:TrackPointExtension>
	</extensions>
</trkpt>
<trkpt lat="43.8817500" lon="15.2908998">
	<ele>4.36</ele>
	<time>2026-08-08T18:24:40.968Z</time>
	<hdop>3.79</hdop>
	<extensions>
		<gpxtpx:TrackPointExtension>
			<gpxtpx:course>134.0</gpxtpx:course>
		</gpxtpx:TrackPointExtension>
	</extensions>
</trkpt>
<trkpt lat="43.8815646" lon="15.2911904">
	<ele>7.83</ele>
	<time>2026-08-08T18:24:50.969Z</time>
	<hdop>3.79</hdop>
	<extensions>
		<gpxtpx:TrackPointExtension>
			<gpxtpx:course>127.0</gpxtpx:course>
		</gpxtpx:TrackPointExtension>
	</extensions>
</trkpt>
<trkpt lat="43.8814236" lon="15.2916179">
	<ele>8.26</ele>
	<time>2026-08-08T18:25:01.968Z</time>
	<hdop>3.79</hdop>
	<extensions>
		<gpxtpx:TrackPointExtension>
			<gpxtpx:course>109.0</gpxtpx:course>
		</gpxtpx:TrackPointExtension>
	</extensions>
</trkpt>
<trkpt lat="43.8813230" lon="15.2920447">
	<ele>8.32</ele>
	<time>2026-08-08T18:25:11.968Z</time>
	<hdop>3.79</hdop>
	<extensions>
		<gpxtpx:TrackPointExtension>
			<gpxtpx:course>104.0</gpxtpx:course>
		</gpxtpx:TrackPointExtension>
	</extensions>
</trkpt>
<trkpt lat="43.8812587" lon="15.2924642">
	<ele>7.17</ele>
	<time>2026-08-08T18:25:21.968Z</time>
	<hdop>3.79</hdop>
	<extensions>
		<gpxtpx:TrackPointExtension>
			<gpxtpx:course>99.0</gpxtpx:course>
		</gpxtpx:TrackPointExtension>
	</extensions>
</trkpt>
<trkpt lat="43.8812242" lon="15.2928003">
	<ele>7.68</ele>
	<time>2026-08-08T18:25:31.969Z</time>
	<hdop>3.79</hdop>
	<extensions>
		<gpxtpx:TrackPointExtension>
			<gpxtpx:course>98.0</gpxtpx:course>
		</gpxtpx:TrackPointExtension>
	</extensions>
</trkpt>
<trkpt lat="43.8811947" lon="15.2930930">
	<ele>8.39</ele>
	<time>2026-08-08T18:25:42.968Z</time>
	<hdop>3.79</hdop>
	<extensions>
		<gpxtpx:TrackPointExtension>
			<gpxtpx:course>99.0</gpxtpx:course>
		</gpxtpx:TrackPointExtension>
	</extensions>
</trkpt>
<trkpt lat="43.8811702" lon="15.2933094">
	<ele>4.96</ele>
	<time>2026-08-08T18:25:52.968Z</time>
	<hdop>3.79</hdop>
	<extensions>
		<gpxtpx:TrackPointExtension>
			<gpxtpx:course>98.0</gpxtpx:course>
		</gpxtpx:TrackPointExtension>
	</extensions>
</trkpt>
<trkpt lat="43.8811539" lon="15.2934622">
	<ele>4.36</ele>
	<time>2026-08-08T18:26:02.969Z</time>
	<hdop>3.79</hdop>
	<extensions>
		<gpxtpx:TrackPointExtension>
			<gpxtpx:course>96.0</gpxtpx:course>
		</gpxtpx:TrackPointExtension>
	</extensions>
</trkpt>
<trkpt lat="43.8811401" lon="15.2935952">
	<ele>2.41</ele>
	<time>2026-08-08T18:26:12.969Z</time>
	<hdop>3.79</hdop>
	<extensions>
		<gpxtpx:TrackPointExtension>
			<gpxtpx:course>109.0</gpxtpx:course>
		</gpxtpx:TrackPointExtension>
	</extensions>
</trkpt>
<trkpt lat="43.8810991" lon="15.2937136">
	<ele>1.69</ele>
	<time>2026-08-08T18:26:24.968Z</time>
	<hdop>3.79</hdop>
	<extensions>
		<gpxtpx:TrackPointExtension>
			<gpxtpx:course>124.0</gpxtpx:course>
		</gpxtpx:TrackPointExtension>
	</extensions>
</trkpt>
<trkpt lat="43.8810398" lon="15.2938170">
	<ele>2.85</ele>
	<time>2026-08-08T18:26:37.968Z</time>
	<hdop>3.79</hdop>
	<extensions>
		<gpxtpx:TrackPointExtension>
			<gpxtpx:course>129.0</gpxtpx:course>
		</gpxtpx:TrackPointExtension>
	</extensions>
</trkpt>
<trkpt lat="43.8810778" lon="15.2936973">
	<ele>2.96</ele>
	<time>2026-08-08T18:27:08.969Z</time>
	<hdop>3.79</hdop>
	<extensions>
		<gpxtpx:TrackPointExtension>
			<gpxtpx:course>292.0</gpxtpx:course>
		</gpxtpx:TrackPointExtension>
	</extensions>
</trkpt>
<trkpt lat="43.8811082" lon="15.2935731">
	<ele>2.96</ele>
	<time>2026-08-08T18:27:26.968Z</time>
	<hdop>3.79</hdop>
	<extensions>
		<gpxtpx:TrackPointExtension>
			<gpxtpx:course>285.0</gpxtpx:course>
		</gpxtpx:TrackPointExtension>
	</extensions>
</trkpt>
<trkpt lat="43.8811299" lon="15.2934511">
	<ele>2.96</ele>
	<time>2026-08-08T18:27:43.969Z</time>
	<hdop>3.79</hdop>
	<extensions>
		<gpxtpx:TrackPointExtension>
			<gpxtpx:course>277.0</gpxtpx:course>
		</gpxtpx:TrackPointExtension>
	</extensions>
</trkpt>
<trkpt lat="43.8811700" lon="15.2933109">
	<ele>2.96</ele>
	<time>2026-08-08T18:27:54.969Z</time>
	<hdop>3.79</hdop>
	<extensions>
		<gpxtpx:TrackPointExtension>
			<gpxtpx:course>302.0</gpxtpx:course>
		</gpxtpx:TrackPointExtension>
	</extensions>
</trkpt>
<trkpt lat="43.8813175" lon="15.2931802">
	<ele>4.88</ele>
	<time>2026-08-08T18:28:05.969Z</time>
	<hdop>3.79</hdop>
	<extensions>
		<gpxtpx:TrackPointExtension>
			<gpxtpx:course>356.0</gpxtpx:course>
		</gpxtpx:TrackPointExtension>
	</extensions>
</trkpt>
<trkpt lat="43.8814819" lon="15.2932028">
	<ele>7.16</ele>
	<time>2026-08-08T18:28:16.968Z</time>
	<hdop>3.79</hdop>
	<extensions>
		<gpxtpx:TrackPointExtension>
			<gpxtpx:course>13.0</gpxtpx:course>
		</gpxtpx:TrackPointExtension>
	</extensions>
</trkpt>
<trkpt lat="43.8813848" lon="15.2931573">
	<ele>4.78</ele>
	<time>2026-08-08T18:28:38.968Z</time>
	<hdop>3.79</hdop>
	<extensions>
		<gpxtpx:TrackPointExtension>
			<gpxtpx:course>209.0</gpxtpx:course>
		</gpxtpx:TrackPointExtension>
	</extensions>
</trkpt>
<trkpt lat="43.8812863" lon="15.2930088">
	<ele>4.35</ele>
	<time>2026-08-08T18:28:48.968Z</time>
	<hdop>3.79</hdop>
	<extensions>
		<gpxtpx:TrackPointExtension>
			<gpxtpx:course>236.0</gpxtpx:course>
		</gpxtpx:TrackPointExtension>
	</extensions>
</trkpt>
<trkpt lat="43.8812268" lon="15.2928327">
	<ele>7.21</ele>
	<time>2026-08-08T18:28:58.968Z</time>
	<hdop>3.79</hdop>
	<extensions>
		<gpxtpx:TrackPointExtension>
			<gpxtpx:course>254.0</gpxtpx:course>
		</gpxtpx:TrackPointExtension>
	</extensions>
</trkpt>
<trkpt lat="43.8811969" lon="15.2926017">
	<ele>5.29</ele>
	<time>2026-08-08T18:29:09.968Z</time>
	<hdop>3.79</hdop>
	<extensions>
		<gpxtpx:TrackPointExtension>
			<gpxtpx:course>263.0</gpxtpx:course>
		</gpxtpx:TrackPointExtension>
	</extensions>
</trkpt>
<trkpt lat="43.8811862" lon="15.2924012">
	<ele>4.62</ele>
	<time>2026-08-08T18:29:19.968Z</time>
	<hdop>3.79</hdop>
	<extensions>
		<gpxtpx:TrackPointExtension>
			<gpxtpx:course>265.0</gpxtpx:course>
		</gpxtpx:TrackPointExtension>
	</extensions>
</trkpt>
<trkpt lat="43.8811756" lon="15.2921630">
	<ele>4.65</ele>
	<time>2026-08-08T18:29:29.968Z</time>
	<hdop>3.79</hdop>
	<extensions>
		<gpxtpx:TrackPointExtension>
			<gpxtpx:course>270.0</gpxtpx:course>
		</gpxtpx:TrackPointExtension>
	</extensions>
</trkpt>
<trkpt lat="43.8811737" lon="15.2918899">
	<ele>5.87</ele>
	<time>2026-08-08T18:29:39.968Z</time>
	<hdop>3.79</hdop>
	<extensions>
		<gpxtpx:TrackPointExtension>
			<gpxtpx:course>266.0</gpxtpx:course>
		</gpxtpx:TrackPointExtension>
	</extensions>
</trkpt>
<trkpt lat="43.8811564" lon="15.2915972">
	<ele>5.01</ele>
	<time>2026-08-08T18:29:49.968Z</time>
	<hdop>3.79</hdop>
	<extensions>
		<gpxtpx:TrackPointExtension>
			<gpxtpx:course>265.0</gpxtpx:course>
		</gpxtpx:TrackPointExtension>
	</extensions>
</trkpt>
<trkpt lat="43.8811460" lon="15.2912828">
	<ele>2.96</ele>
	<time>2026-08-08T18:29:59.968Z</time>
	<hdop>3.79</hdop>
	<extensions>
		<gpxtpx:TrackPointExtension>
			<gpxtpx:course>266.0</gpxtpx:course>
		</gpxtpx:TrackPointExtension>
	</extensions>
</trkpt>
<trkpt lat="43.8811289" lon="15.2909597">
	<ele>2.96</ele>
	<time>2026-08-08T18:30:10.968Z</time>
	<hdop>3.79</hdop>
	<extensions>
		<gpxtpx:TrackPointExtension>
			<gpxtpx:course>265.0</gpxtpx:course>
		</gpxtpx:TrackPointExtension>
	</extensions>
</trkpt>
<trkpt lat="43.8811106" lon="15.2906927">
	<ele>2.96</ele>
	<time>2026-08-08T18:30:20.968Z</time>
	<hdop>3.79</hdop>
	<extensions>
		<gpxtpx:TrackPointExtension>
			<gpxtpx:course>263.0</gpxtpx:course>
		</gpxtpx:TrackPointExtension>
	</extensions>
</trkpt>
<trkpt lat="43.8810945" lon="15.2904280">
	<ele>2.96</ele>
	<time>2026-08-08T18:30:30.968Z</time>
	<hdop>3.79</hdop>
	<extensions>
		<gpxtpx:TrackPointExtension>
			<gpxtpx:course>264.0</gpxtpx:course>
		</gpxtpx:TrackPointExtension>
	</extensions>
</trkpt>
<trkpt lat="43.8810730" lon="15.2901728">
	<ele>2.96</ele>
	<time>2026-08-08T18:30:40.969Z</time>
	<hdop>3.79</hdop>
	<extensions>
		<gpxtpx:TrackPointExtension>
			<gpxtpx:course>264.0</gpxtpx:course>
		</gpxtpx:TrackPointExtension>
	</extensions>
</trkpt>
<trkpt lat="43.8810553" lon="15.2898844">
	<ele>4.27</ele>
	<time>2026-08-08T18:30:51.968Z</time>
	<hdop>3.79</hdop>
	<extensions>
		<gpxtpx:TrackPointExtension>
			<gpxtpx:course>263.0</gpxtpx:course>
		</gpxtpx:TrackPointExtension>
	</extensions>
</trkpt>
<trkpt lat="43.8810476" lon="15.2896290">
	<ele>3.31</ele>
	<time>2026-08-08T18:31:01.968Z</time>
	<hdop>3.79</hdop>
	<extensions>
		<gpxtpx:TrackPointExtension>
			<gpxtpx:course>268.0</gpxtpx:course>
		</gpxtpx:TrackPointExtension>
	</extensions>
</trkpt>
<trkpt lat="43.8810477" lon="15.2893348">
	<ele>2.96</ele>
	<time>2026-08-08T18:31:12.969Z</time>
	<hdop>3.79</hdop>
	<extensions>
		<gpxtpx:TrackPointExtension>
			<gpxtpx:course>271.0</gpxtpx:course>
		</gpxtpx:TrackPointExtension>
	</extensions>
</trkpt>
<trkpt lat="43.8810479" lon="15.2890436">
	<ele>2.96</ele>
	<time>2026-08-08T18:31:23.969Z</time>
	<hdop>3.79</hdop>
	<extensions>
		<gpxtpx:TrackPointExtension>
			<gpxtpx:course>269.0</gpxtpx:course>
		</gpxtpx:TrackPointExtension>
	</extensions>
</trkpt>
<trkpt lat="43.8810513" lon="15.2887616">
	<ele>2.96</ele>
	<time>2026-08-08T18:31:34.967Z</time>
	<hdop>3.79</hdop>
	<extensions>
		<gpxtpx:TrackPointExtension>
			<gpxtpx:course>267.0</gpxtpx:course>
		</gpxtpx:TrackPointExtension>
	</extensions>
</trkpt>
<trkpt lat="43.8810356" lon="15.2885440">
	<ele>4.36</ele>
	<time>2026-08-08T18:31:44.968Z</time>
	<hdop>3.79</hdop>
	<extensions>
		<gpxtpx:TrackPointExtension>
			<gpxtpx:course>276.0</gpxtpx:course>
		</gpxtpx:TrackPointExtension>
	</extensions>
</trkpt>
<trkpt lat="43.8810579" lon="15.2884215">
	<ele>2.96</ele>
	<time>2026-08-08T18:31:56.968Z</time>
	<hdop>3.79</hdop>
	<extensions>
		<gpxtpx:TrackPointExtension>
			<gpxtpx:course>286.0</gpxtpx:course>
		</gpxtpx:TrackPointExtension>
	</extensions>
</trkpt>
<trkpt lat="43.8809736" lon="15.2884727">
	<ele>-1.98</ele>
	<time>2026-08-08T18:32:25.968Z</time>
	<hdop>3.79</hdop>
	<extensions>
		<gpxtpx:TrackPointExtension>
			<gpxtpx:course>138.0</gpxtpx:course>
		</gpxtpx:TrackPointExtension>
	</extensions>
</trkpt>
<trkpt lat="43.8809705" lon="15.2885974">
	<ele>-1.83</ele>
	<time>2026-08-08T18:32:41.968Z</time>
	<hdop>3.79</hdop>
	<extensions>
		<gpxtpx:TrackPointExtension>
			<gpxtpx:course>62.0</gpxtpx:course>
		</gpxtpx:TrackPointExtension>
	</extensions>
</trkpt>
<trkpt lat="43.8810527" lon="15.2886517">
	<ele>-2.47</ele>
	<time>2026-08-08T18:32:54.968Z</time>
	<hdop>3.79</hdop>
	<extensions>
		<gpxtpx:TrackPointExtension>
			<gpxtpx:course>7.0</gpxtpx:course>
		</gpxtpx:TrackPointExtension>
	</extensions>
</trkpt>
<trkpt lat="43.8811209" lon="15.2885693">
	<ele>-1.08</ele>
	<time>2026-08-08T18:33:08.968Z</time>
	<hdop>3.79</hdop>
	<extensions>
		<gpxtpx:TrackPointExtension>
			<gpxtpx:course>314.0</gpxtpx:course>
		</gpxtpx:TrackPointExtension>
	</extensions>
</trkpt>
<trkpt lat="43.8811255" lon="15.2884443">
	<ele>0.24</ele>
	<time>2026-08-08T18:33:26.967Z</time>
	<hdop>3.79</hdop>
	<extensions>
		<gpxtpx:TrackPointExtension>
			<gpxtpx:course>251.0</gpxtpx:course>
		</gpxtpx:TrackPointExtension>
	</extensions>
</trkpt>
<trkpt lat="43.8810554" lon="15.2883639">
	<ele>0.76</ele>
	<time>2026-08-08T18:33:48.967Z</time>
	<hdop>3.79</hdop>
	<extensions>
		<gpxtpx:TrackPointExtension>
			<gpxtpx:course>193.0</gpxtpx:course>
		</gpxtpx:TrackPointExtension>
	</extensions>
</trkpt>
<trkpt lat="43.8809670" lon="15.2884034">
	<ele>0.22</ele>
	<time>2026-08-08T18:35:19.968Z</time>
	<hdop>3.79</hdop>
	<extensions>
		<gpxtpx:TrackPointExtension>
			<gpxtpx:course>172.0</gpxtpx:course>
		</gpxtpx:TrackPointExtension>
	</extensions>
</trkpt>
<trkpt lat="43.8808932" lon="15.2885413">
	<ele>0.05</ele>
	<time>2026-08-08T18:35:30.968Z</time>
	<hdop>3.79</hdop>
	<extensions>
		<gpxtpx:TrackPointExtension>
			<gpxtpx:course>109.0</gpxtpx:course>
		</gpxtpx:TrackPointExtension>
	</extensions>
</trkpt>
<trkpt lat="43.8808402" lon="15.2886539">
	<ele>-0.74</ele>
	<time>2026-08-08T18:35:44.967Z</time>
	<hdop>3.79</hdop>
	<extensions>
		<gpxtpx:TrackPointExtension>
			<gpxtpx:course>130.0</gpxtpx:course>
		</gpxtpx:TrackPointExtension>
	</extensions>
</trkpt>
<trkpt lat="43.8807635" lon="15.2887352">
	<ele>-2.78</ele>
	<time>2026-08-08T18:35:55.968Z</time>
	<hdop>3.79</hdop>
	<extensions>
		<gpxtpx:TrackPointExtension>
			<gpxtpx:course>134.0</gpxtpx:course>
		</gpxtpx:TrackPointExtension>
	</extensions>
</trkpt>
<trkpt lat="43.8806829" lon="15.2887963">
	<ele>-3.84</ele>
	<time>2026-08-08T18:36:05.968Z</time>
	<hdop>3.79</hdop>
	<extensions>
		<gpxtpx:TrackPointExtension>
			<gpxtpx:course>155.0</gpxtpx:course>
		</gpxtpx:TrackPointExtension>
	</extensions>
</trkpt>
<trkpt lat="43.8805961" lon="15.2888486">
	<ele>-2.51</ele>
	<time>2026-08-08T18:36:19.967Z</time>
	<hdop>3.79</hdop>
	<extensions>
		<gpxtpx:TrackPointExtension>
			<gpxtpx:course>159.0</gpxtpx:course>
		</gpxtpx:TrackPointExtension>
	</extensions>
</trkpt>
</trkseg>
</trk>
</gpx>
