<?xml version="1.0" encoding="utf-8" standalone="yes"?>
<gpx version="1.1" creator="Locus Map, Android"
 xmlns="http://www.topografix.com/GPX/1/1"
 xmlns:xsi="http://www.w3.org/2001/XMLSchema-instance"
 xsi:schemaLocation="http://www.topografix.com/GPX/1/1 http://www.topografix.com/GPX/1/1/gpx.xsd"
 xmlns:gpxx="http://www.garmin.com/xmlschemas/GpxExtensions/v3"
 xmlns:gpxtrkx="http://www.garmin.com/xmlschemas/TrackStatsExtension/v1"
 xmlns:gpxtpx="http://www.garmin.com/xmlschemas/TrackPointExtension/v2"
 xmlns:locus="http://www.locusmap.eu">
	<metadata>
		<desc>File with points/tracks from Locus Map Classic/3.70.17</desc>
		<time>2026-08-16T06:44:08.039Z</time>
	</metadata>
<trk>
<name>7. den </name>
	<extensions>
		<line xmlns="http://www.topografix.com/GPX/gpx_style/0/2">
			<color>0000FF</color>
			<opacity>0.59</opacity>
			<width>6.0</width>
			<extensions>
				<locus:lsColorBase>#960000FF</locus:lsColorBase>
				<locus:lsWidth>6.0</locus:lsWidth>
				<locus:lsUnits>PIXELS</locus:lsUnits>
			</extensions>
		</line>
		<locus:activity>walking</locus:activity>
	</extensions>
<trkseg>
<trkpt lat="43.7574007" lon="15.7789254">
	<ele>-28.92</ele>
	<time>2026-08-14T10:05:19.032Z</time>
	<hdop>3.12</hdop>
</trkpt>
<trkpt lat="43.7573079" lon="15.7789858">
	<ele>10.91</ele>
	<time>2026-08-14T10:07:37.031Z</time>
	<hdop>4.03</hdop>
	<extensions>
		<gpxtpx:TrackPointExtension>
			<gpxtpx:course>172.89072</gpxtpx:course>
		</gpxtpx:TrackPointExtension>
	</extensions>
</trkpt>
<trkpt lat="43.7571691" lon="15.7789508">
	<ele>11.28</ele>
	<time>2026-08-14T10:07:47.032Z</time>
	<hdop>4.11</hdop>
	<extensions>
		<gpxtpx:TrackPointExtension>
			<gpxtpx:course>206.18115</gpxtpx:course>
		</gpxtpx:TrackPointExtension>
	</extensions>
</trkpt>
<trkpt lat="43.7570585" lon="15.7787778">
	<ele>10.32</ele>
	<time>2026-08-14T10:07:57.032Z</time>
	<hdop>4.24</hdop>
	<extensions>
		<gpxtpx:TrackPointExtension>
			<gpxtpx:course>234.43219</gpxtpx:course>
		</gpxtpx:TrackPointExtension>
	</extensions>
</trkpt>
<trkpt lat="43.7569855" lon="15.7785762">
	<ele>11.55</ele>
	<time>2026-08-14T10:08:07.032Z</time>
	<hdop>4.28</hdop>
	<extensions>
		<gpxtpx:TrackPointExtension>
			<gpxtpx:course>247.4163</gpxtpx:course>
		</gpxtpx:TrackPointExtension>
	</extensions>
</trkpt>
<trkpt lat="43.7569287" lon="15.7783679">
	<ele>12.05</ele>
	<time>2026-08-14T10:08:17.032Z</time>
	<hdop>4.54</hdop>
	<extensions>
		<gpxtpx:TrackPointExtension>
			<gpxtpx:course>249.836</gpxtpx:course>
		</gpxtpx:TrackPointExtension>
	</extensions>
</trkpt>
<trkpt lat="43.7568732" lon="15.7781751">
	<ele>12.56</ele>
	<time>2026-08-14T10:08:27.032Z</time>
	<hdop>4.42</hdop>
	<extensions>
		<gpxtpx:TrackPointExtension>
			<gpxtpx:course>235.57622</gpxtpx:course>
		</gpxtpx:TrackPointExtension>
	</extensions>
</trkpt>
<trkpt lat="43.7567573" lon="15.7780329">
	<ele>17.28</ele>
	<time>2026-08-14T10:08:38.031Z</time>
	<hdop>3.96</hdop>
	<extensions>
		<gpxtpx:TrackPointExtension>
			<gpxtpx:course>214.0</gpxtpx:course>
		</gpxtpx:TrackPointExtension>
	</extensions>
</trkpt>
<trkpt lat="43.7566468" lon="15.7779449">
	<ele>16.14</ele>
	<time>2026-08-14T10:08:48.032Z</time>
	<hdop>3.79</hdop>
	<extensions>
		<gpxtpx:TrackPointExtension>
			<gpxtpx:course>204.0</gpxtpx:course>
		</gpxtpx:TrackPointExtension>
	</extensions>
</trkpt>
<trkpt lat="43.7565272" lon="15.7778733">
	<ele>15.37</ele>
	<time>2026-08-14T10:08:58.032Z</time>
	<hdop>3.79</hdop>
	<extensions>
		<gpxtpx:TrackPointExtension>
			<gpxtpx:course>205.0</gpxtpx:course>
		</gpxtpx:TrackPointExtension>
	</extensions>
</trkpt>
<trkpt lat="43.7564073" lon="15.7778037">
	<ele>15.17</ele>
	<time>2026-08-14T10:09:08.032Z</time>
	<hdop>3.79</hdop>
	<extensions>
		<gpxtpx:TrackPointExtension>
			<gpxtpx:course>203.0</gpxtpx:course>
		</gpxtpx:TrackPointExtension>
	</extensions>
</trkpt>
<trkpt lat="43.7563041" lon="15.7777215">
	<ele>14.05</ele>
	<time>2026-08-14T10:09:18.032Z</time>
	<hdop>3.79</hdop>
	<extensions>
		<gpxtpx:TrackPointExtension>
			<gpxtpx:course>216.0</gpxtpx:course>
		</gpxtpx:TrackPointExtension>
	</extensions>
</trkpt>
<trkpt lat="43.7562095" lon="15.7776017">
	<ele>13.87</ele>
	<time>2026-08-14T10:09:29.031Z</time>
	<hdop>3.79</hdop>
	<extensions>
		<gpxtpx:TrackPointExtension>
			<gpxtpx:course>223.0</gpxtpx:course>
		</gpxtpx:TrackPointExtension>
	</extensions>
</trkpt>
<trkpt lat="43.7561163" lon="15.7775054">
	<ele>16.86</ele>
	<time>2026-08-14T10:09:39.032Z</time>
	<hdop>3.79</hdop>
	<extensions>
		<gpxtpx:TrackPointExtension>
			<gpxtpx:course>212.0</gpxtpx:course>
		</gpxtpx:TrackPointExtension>
	</extensions>
</trkpt>
<trkpt lat="43.7560141" lon="15.7774269">
	<ele>17.70</ele>
	<time>2026-08-14T10:09:49.032Z</time>
	<hdop>3.79</hdop>
	<extensions>
		<gpxtpx:TrackPointExtension>
			<gpxtpx:course>204.0</gpxtpx:course>
		</gpxtpx:TrackPointExtension>
	</extensions>
</trkpt>
<trkpt lat="43.7558869" lon="15.7773755">
	<ele>16.38</ele>
	<time>2026-08-14T10:10:00.031Z</time>
	<hdop>3.79</hdop>
	<extensions>
		<gpxtpx:TrackPointExtension>
			<gpxtpx:course>192.0</gpxtpx:course>
		</gpxtpx:TrackPointExtension>
	</extensions>
</trkpt>
<trkpt lat="43.7557699" lon="15.7773381">
	<ele>14.90</ele>
	<time>2026-08-14T10:10:10.031Z</time>
	<hdop>3.79</hdop>
	<extensions>
		<gpxtpx:TrackPointExtension>
			<gpxtpx:course>188.0</gpxtpx:course>
		</gpxtpx:TrackPointExtension>
	</extensions>
</trkpt>
<trkpt lat="43.7556248" lon="15.7773124">
	<ele>10.55</ele>
	<time>2026-08-14T10:10:21.031Z</time>
	<hdop>3.79</hdop>
	<extensions>
		<gpxtpx:TrackPointExtension>
			<gpxtpx:course>184.0</gpxtpx:course>
		</gpxtpx:TrackPointExtension>
	</extensions>
</trkpt>
<trkpt lat="43.7554952" lon="15.7772966">
	<ele>10.80</ele>
	<time>2026-08-14T10:10:31.031Z</time>
	<hdop>3.79</hdop>
	<extensions>
		<gpxtpx:TrackPointExtension>
			<gpxtpx:course>183.0</gpxtpx:course>
		</gpxtpx:TrackPointExtension>
	</extensions>
</trkpt>
<trkpt lat="43.7553670" lon="15.7772878">
	<ele>12.27</ele>
	<time>2026-08-14T10:10:41.032Z</time>
	<hdop>3.79</hdop>
	<extensions>
		<gpxtpx:TrackPointExtension>
			<gpxtpx:course>184.0</gpxtpx:course>
		</gpxtpx:TrackPointExtension>
	</extensions>
</trkpt>
<trkpt lat="43.7552026" lon="15.7772778">
	<ele>14.93</ele>
	<time>2026-08-14T10:10:52.031Z</time>
	<hdop>3.79</hdop>
	<extensions>
		<gpxtpx:TrackPointExtension>
			<gpxtpx:course>181.0</gpxtpx:course>
		</gpxtpx:TrackPointExtension>
	</extensions>
</trkpt>
<trkpt lat="43.7550325" lon="15.7772810">
	<ele>11.09</ele>
	<time>2026-08-14T10:11:02.032Z</time>
	<hdop>3.79</hdop>
	<extensions>
		<gpxtpx:TrackPointExtension>
			<gpxtpx:course>180.0</gpxtpx:course>
		</gpxtpx:TrackPointExtension>
	</extensions>
</trkpt>
<trkpt lat="43.7548043" lon="15.7772774">
	<ele>12.77</ele>
	<time>2026-08-14T10:11:13.030Z</time>
	<hdop>3.79</hdop>
	<extensions>
		<gpxtpx:TrackPointExtension>
			<gpxtpx:course>181.0</gpxtpx:course>
		</gpxtpx:TrackPointExtension>
	</extensions>
</trkpt>
<trkpt lat="43.7545807" lon="15.7772679">
	<ele>10.24</ele>
	<time>2026-08-14T10:11:23.031Z</time>
	<hdop>3.79</hdop>
	<extensions>
		<gpxtpx:TrackPointExtension>
			<gpxtpx:course>183.0</gpxtpx:course>
		</gpxtpx:TrackPointExtension>
	</extensions>
</trkpt>
<trkpt lat="43.7543489" lon="15.7772471">
	<ele>11.56</ele>
	<time>2026-08-14T10:11:33.031Z</time>
	<hdop>3.79</hdop>
	<extensions>
		<gpxtpx:TrackPointExtension>
			<gpxtpx:course>184.0</gpxtpx:course>
		</gpxtpx:TrackPointExtension>
	</extensions>
</trkpt>
<trkpt lat="43.7541179" lon="15.7771990">
	<ele>8.79</ele>
	<time>2026-08-14T10:11:43.031Z</time>
	<hdop>3.79</hdop>
	<extensions>
		<gpxtpx:TrackPointExtension>
			<gpxtpx:course>188.0</gpxtpx:course>
		</gpxtpx:TrackPointExtension>
	</extensions>
</trkpt>
<trkpt lat="43.7538651" lon="15.7771496">
	<ele>-0.22</ele>
	<time>2026-08-14T10:11:54.031Z</time>
	<hdop>3.79</hdop>
	<extensions>
		<gpxtpx:TrackPointExtension>
			<gpxtpx:course>191.0</gpxtpx:course>
		</gpxtpx:TrackPointExtension>
	</extensions>
</trkpt>
<trkpt lat="43.7536284" lon="15.7770646">
	<ele>-11.17</ele>
	<time>2026-08-14T10:12:04.031Z</time>
	<hdop>3.79</hdop>
	<extensions>
		<gpxtpx:TrackPointExtension>
			<gpxtpx:course>192.0</gpxtpx:course>
		</gpxtpx:TrackPointExtension>
	</extensions>
</trkpt>
<trkpt lat="43.7534036" lon="15.7769936">
	<ele>-8.48</ele>
	<time>2026-08-14T10:12:14.031Z</time>
	<hdop>3.79</hdop>
	<extensions>
		<gpxtpx:TrackPointExtension>
			<gpxtpx:course>189.0</gpxtpx:course>
		</gpxtpx:TrackPointExtension>
	</extensions>
</trkpt>
<trkpt lat="43.7531719" lon="15.7769329">
	<ele>-14.08</ele>
	<time>2026-08-14T10:12:24.031Z</time>
	<hdop>3.79</hdop>
	<extensions>
		<gpxtpx:TrackPointExtension>
			<gpxtpx:course>193.0</gpxtpx:course>
		</gpxtpx:TrackPointExtension>
	</extensions>
</trkpt>
<trkpt lat="43.7529444" lon="15.7768524">
	<ele>-10.84</ele>
	<time>2026-08-14T10:12:34.031Z</time>
	<hdop>3.79</hdop>
	<extensions>
		<gpxtpx:TrackPointExtension>
			<gpxtpx:course>197.0</gpxtpx:course>
		</gpxtpx:TrackPointExtension>
	</extensions>
</trkpt>
<trkpt lat="43.7527147" lon="15.7767466">
	<ele>-4.92</ele>
	<time>2026-08-14T10:12:44.031Z</time>
	<hdop>3.79</hdop>
	<extensions>
		<gpxtpx:TrackPointExtension>
			<gpxtpx:course>197.0</gpxtpx:course>
		</gpxtpx:TrackPointExtension>
	</extensions>
</trkpt>
<trkpt lat="43.7524652" lon="15.7766279">
	<ele>-5.68</ele>
	<time>2026-08-14T10:12:55.030Z</time>
	<hdop>3.79</hdop>
	<extensions>
		<gpxtpx:TrackPointExtension>
			<gpxtpx:course>195.0</gpxtpx:course>
		</gpxtpx:TrackPointExtension>
	</extensions>
</trkpt>
<trkpt lat="43.7522235" lon="15.7765537">
	<ele>-6.83</ele>
	<time>2026-08-14T10:13:05.031Z</time>
	<hdop>3.79</hdop>
	<extensions>
		<gpxtpx:TrackPointExtension>
			<gpxtpx:course>195.0</gpxtpx:course>
		</gpxtpx:TrackPointExtension>
	</extensions>
</trkpt>
<trkpt lat="43.7519708" lon="15.7764740">
	<ele>-0.90</ele>
	<time>2026-08-14T10:13:15.031Z</time>
	<hdop>3.79</hdop>
	<extensions>
		<gpxtpx:TrackPointExtension>
			<gpxtpx:course>191.0</gpxtpx:course>
		</gpxtpx:TrackPointExtension>
	</extensions>
</trkpt>
<trkpt lat="43.7516968" lon="15.7763819">
	<ele>1.37</ele>
	<time>2026-08-14T10:13:26.031Z</time>
	<hdop>3.79</hdop>
	<extensions>
		<gpxtpx:TrackPointExtension>
			<gpxtpx:course>194.0</gpxtpx:course>
		</gpxtpx:TrackPointExtension>
	</extensions>
</trkpt>
<trkpt lat="43.7514464" lon="15.7762876">
	<ele>0.61</ele>
	<time>2026-08-14T10:13:36.031Z</time>
	<hdop>3.79</hdop>
	<extensions>
		<gpxtpx:TrackPointExtension>
			<gpxtpx:course>196.0</gpxtpx:course>
		</gpxtpx:TrackPointExtension>
	</extensions>
</trkpt>
<trkpt lat="43.7511707" lon="15.7761754">
	<ele>-2.09</ele>
	<time>2026-08-14T10:13:47.030Z</time>
	<hdop>3.79</hdop>
	<extensions>
		<gpxtpx:TrackPointExtension>
			<gpxtpx:course>197.0</gpxtpx:course>
		</gpxtpx:TrackPointExtension>
	</extensions>
</trkpt>
<trkpt lat="43.7509271" lon="15.7760825">
	<ele>-2.61</ele>
	<time>2026-08-14T10:13:57.030Z</time>
	<hdop>3.79</hdop>
	<extensions>
		<gpxtpx:TrackPointExtension>
			<gpxtpx:course>196.0</gpxtpx:course>
		</gpxtpx:TrackPointExtension>
	</extensions>
</trkpt>
<trkpt lat="43.7506830" lon="15.7759638">
	<ele>0.88</ele>
	<time>2026-08-14T10:14:07.031Z</time>
	<hdop>3.79</hdop>
	<extensions>
		<gpxtpx:TrackPointExtension>
			<gpxtpx:course>201.0</gpxtpx:course>
		</gpxtpx:TrackPointExtension>
	</extensions>
</trkpt>
<trkpt lat="43.7504595" lon="15.7757979">
	<ele>7.71</ele>
	<time>2026-08-14T10:14:17.031Z</time>
	<hdop>3.79</hdop>
	<extensions>
		<gpxtpx:TrackPointExtension>
			<gpxtpx:course>213.0</gpxtpx:course>
		</gpxtpx:TrackPointExtension>
	</extensions>
</trkpt>
<trkpt lat="43.7502448" lon="15.7755582">
	<ele>17.15</ele>
	<time>2026-08-14T10:14:28.030Z</time>
	<hdop>3.79</hdop>
	<extensions>
		<gpxtpx:TrackPointExtension>
			<gpxtpx:course>224.0</gpxtpx:course>
		</gpxtpx:TrackPointExtension>
	</extensions>
</trkpt>
<trkpt lat="43.7501135" lon="15.7752702">
	<ele>22.63</ele>
	<time>2026-08-14T10:14:38.031Z</time>
	<hdop>3.79</hdop>
	<extensions>
		<gpxtpx:TrackPointExtension>
			<gpxtpx:course>246.0</gpxtpx:course>
		</gpxtpx:TrackPointExtension>
	</extensions>
</trkpt>
<trkpt lat="43.7500465" lon="15.7749368">
	<ele>27.69</ele>
	<time>2026-08-14T10:14:48.031Z</time>
	<hdop>3.79</hdop>
	<extensions>
		<gpxtpx:TrackPointExtension>
			<gpxtpx:course>256.0</gpxtpx:course>
		</gpxtpx:TrackPointExtension>
	</extensions>
</trkpt>
<trkpt lat="43.7499787" lon="15.7745545">
	<ele>32.50</ele>
	<time>2026-08-14T10:14:59.031Z</time>
	<hdop>3.79</hdop>
	<extensions>
		<gpxtpx:TrackPointExtension>
			<gpxtpx:course>256.0</gpxtpx:course>
		</gpxtpx:TrackPointExtension>
	</extensions>
</trkpt>
<trkpt lat="43.7498898" lon="15.7741362">
	<ele>38.97</ele>
	<time>2026-08-14T10:15:10.031Z</time>
	<hdop>3.79</hdop>
	<extensions>
		<gpxtpx:TrackPointExtension>
			<gpxtpx:course>252.0</gpxtpx:course>
		</gpxtpx:TrackPointExtension>
	</extensions>
</trkpt>
<trkpt lat="43.7497973" lon="15.7736794">
	<ele>40.85</ele>
	<time>2026-08-14T10:15:21.031Z</time>
	<hdop>3.79</hdop>
	<extensions>
		<gpxtpx:TrackPointExtension>
			<gpxtpx:course>252.0</gpxtpx:course>
		</gpxtpx:TrackPointExtension>
	</extensions>
</trkpt>
<trkpt lat="43.7496932" lon="15.7732224">
	<ele>42.41</ele>
	<time>2026-08-14T10:15:32.031Z</time>
	<hdop>3.79</hdop>
	<extensions>
		<gpxtpx:TrackPointExtension>
			<gpxtpx:course>252.0</gpxtpx:course>
		</gpxtpx:TrackPointExtension>
	</extensions>
</trkpt>
<trkpt lat="43.7495797" lon="15.7727764">
	<ele>41.51</ele>
	<time>2026-08-14T10:15:43.031Z</time>
	<hdop>3.79</hdop>
	<extensions>
		<gpxtpx:TrackPointExtension>
			<gpxtpx:course>249.0</gpxtpx:course>
		</gpxtpx:TrackPointExtension>
	</extensions>
</trkpt>
<trkpt lat="43.7494696" lon="15.7723675">
	<ele>44.21</ele>
	<time>2026-08-14T10:15:53.031Z</time>
	<hdop>3.79</hdop>
	<extensions>
		<gpxtpx:TrackPointExtension>
			<gpxtpx:course>249.0</gpxtpx:course>
		</gpxtpx:TrackPointExtension>
	</extensions>
</trkpt>
<trkpt lat="43.7493503" lon="15.7719163">
	<ele>42.40</ele>
	<time>2026-08-14T10:16:04.031Z</time>
	<hdop>3.79</hdop>
	<extensions>
		<gpxtpx:TrackPointExtension>
			<gpxtpx:course>249.0</gpxtpx:course>
		</gpxtpx:TrackPointExtension>
	</extensions>
</trkpt>
<trkpt lat="43.7492319" lon="15.7714994">
	<ele>43.34</ele>
	<time>2026-08-14T10:16:14.031Z</time>
	<hdop>3.79</hdop>
	<extensions>
		<gpxtpx:TrackPointExtension>
			<gpxtpx:course>251.0</gpxtpx:course>
		</gpxtpx:TrackPointExtension>
	</extensions>
</trkpt>
<trkpt lat="43.7491606" lon="15.7710756">
	<ele>41.57</ele>
	<time>2026-08-14T10:16:24.031Z</time>
	<hdop>3.79</hdop>
	<extensions>
		<gpxtpx:TrackPointExtension>
			<gpxtpx:course>257.0</gpxtpx:course>
		</gpxtpx:TrackPointExtension>
	</extensions>
</trkpt>
<trkpt lat="43.7490856" lon="15.7706331">
	<ele>43.29</ele>
	<time>2026-08-14T10:16:34.031Z</time>
	<hdop>3.79</hdop>
	<extensions>
		<gpxtpx:TrackPointExtension>
			<gpxtpx:course>255.0</gpxtpx:course>
		</gpxtpx:TrackPointExtension>
	</extensions>
</trkpt>
<trkpt lat="43.7489975" lon="15.7701700">
	<ele>39.98</ele>
	<time>2026-08-14T10:16:45.030Z</time>
	<hdop>3.79</hdop>
	<extensions>
		<gpxtpx:TrackPointExtension>
			<gpxtpx:course>257.0</gpxtpx:course>
		</gpxtpx:TrackPointExtension>
	</extensions>
</trkpt>
<trkpt lat="43.7489392" lon="15.7697375">
	<ele>41.63</ele>
	<time>2026-08-14T10:16:55.030Z</time>
	<hdop>3.79</hdop>
	<extensions>
		<gpxtpx:TrackPointExtension>
			<gpxtpx:course>257.0</gpxtpx:course>
		</gpxtpx:TrackPointExtension>
	</extensions>
</trkpt>
<trkpt lat="43.7488842" lon="15.7693037">
	<ele>39.23</ele>
	<time>2026-08-14T10:17:05.030Z</time>
	<hdop>3.79</hdop>
	<extensions>
		<gpxtpx:TrackPointExtension>
			<gpxtpx:course>262.0</gpxtpx:course>
		</gpxtpx:TrackPointExtension>
	</extensions>
</trkpt>
<trkpt lat="43.7488387" lon="15.7688662">
	<ele>37.30</ele>
	<time>2026-08-14T10:17:15.030Z</time>
	<hdop>3.79</hdop>
	<extensions>
		<gpxtpx:TrackPointExtension>
			<gpxtpx:course>261.0</gpxtpx:course>
		</gpxtpx:TrackPointExtension>
	</extensions>
</trkpt>
<trkpt lat="43.7487834" lon="15.7684252">
	<ele>34.90</ele>
	<time>2026-08-14T10:17:25.030Z</time>
	<hdop>3.79</hdop>
	<extensions>
		<gpxtpx:TrackPointExtension>
			<gpxtpx:course>262.0</gpxtpx:course>
		</gpxtpx:TrackPointExtension>
	</extensions>
</trkpt>
<trkpt lat="43.7487345" lon="15.7679845">
	<ele>36.21</ele>
	<time>2026-08-14T10:17:35.030Z</time>
	<hdop>3.79</hdop>
	<extensions>
		<gpxtpx:TrackPointExtension>
			<gpxtpx:course>258.0</gpxtpx:course>
		</gpxtpx:TrackPointExtension>
	</extensions>
</trkpt>
<trkpt lat="43.7486632" lon="15.7675425">
	<ele>34.46</ele>
	<time>2026-08-14T10:17:45.030Z</time>
	<hdop>3.79</hdop>
	<extensions>
		<gpxtpx:TrackPointExtension>
			<gpxtpx:course>256.0</gpxtpx:course>
		</gpxtpx:TrackPointExtension>
	</extensions>
</trkpt>
<trkpt lat="43.7485727" lon="15.7671152">
	<ele>35.18</ele>
	<time>2026-08-14T10:17:55.030Z</time>
	<hdop>3.79</hdop>
	<extensions>
		<gpxtpx:TrackPointExtension>
			<gpxtpx:course>253.0</gpxtpx:course>
		</gpxtpx:TrackPointExtension>
	</extensions>
</trkpt>
<trkpt lat="43.7484921" lon="15.7666938">
	<ele>33.09</ele>
	<time>2026-08-14T10:18:05.031Z</time>
	<hdop>3.79</hdop>
	<extensions>
		<gpxtpx:TrackPointExtension>
			<gpxtpx:course>255.0</gpxtpx:course>
		</gpxtpx:TrackPointExtension>
	</extensions>
</trkpt>
<trkpt lat="43.7484092" lon="15.7662290">
	<ele>30.85</ele>
	<time>2026-08-14T10:18:16.030Z</time>
	<hdop>3.79</hdop>
	<extensions>
		<gpxtpx:TrackPointExtension>
			<gpxtpx:course>254.0</gpxtpx:course>
		</gpxtpx:TrackPointExtension>
	</extensions>
</trkpt>
<trkpt lat="43.7483319" lon="15.7658079">
	<ele>31.62</ele>
	<time>2026-08-14T10:18:26.031Z</time>
	<hdop>3.79</hdop>
	<extensions>
		<gpxtpx:TrackPointExtension>
			<gpxtpx:course>255.0</gpxtpx:course>
		</gpxtpx:TrackPointExtension>
	</extensions>
</trkpt>
<trkpt lat="43.7482278" lon="15.7653422">
	<ele>30.41</ele>
	<time>2026-08-14T10:18:37.030Z</time>
	<hdop>3.79</hdop>
	<extensions>
		<gpxtpx:TrackPointExtension>
			<gpxtpx:course>250.0</gpxtpx:course>
		</gpxtpx:TrackPointExtension>
	</extensions>
</trkpt>
<trkpt lat="43.7481242" lon="15.7649248">
	<ele>31.93</ele>
	<time>2026-08-14T10:18:47.030Z</time>
	<hdop>3.79</hdop>
	<extensions>
		<gpxtpx:TrackPointExtension>
			<gpxtpx:course>254.0</gpxtpx:course>
		</gpxtpx:TrackPointExtension>
	</extensions>
</trkpt>
<trkpt lat="43.7480498" lon="15.7645039">
	<ele>30.18</ele>
	<time>2026-08-14T10:18:57.030Z</time>
	<hdop>3.79</hdop>
	<extensions>
		<gpxtpx:TrackPointExtension>
			<gpxtpx:course>260.0</gpxtpx:course>
		</gpxtpx:TrackPointExtension>
	</extensions>
</trkpt>
<trkpt lat="43.7480097" lon="15.7640757">
	<ele>29.54</ele>
	<time>2026-08-14T10:19:07.030Z</time>
	<hdop>3.79</hdop>
	<extensions>
		<gpxtpx:TrackPointExtension>
			<gpxtpx:course>268.0</gpxtpx:course>
		</gpxtpx:TrackPointExtension>
	</extensions>
</trkpt>
<trkpt lat="43.7480132" lon="15.7636490">
	<ele>26.33</ele>
	<time>2026-08-14T10:19:17.030Z</time>
	<hdop>3.79</hdop>
	<extensions>
		<gpxtpx:TrackPointExtension>
			<gpxtpx:course>271.0</gpxtpx:course>
		</gpxtpx:TrackPointExtension>
	</extensions>
</trkpt>
<trkpt lat="43.7480263" lon="15.7631998">
	<ele>28.26</ele>
	<time>2026-08-14T10:19:27.030Z</time>
	<hdop>3.79</hdop>
	<extensions>
		<gpxtpx:TrackPointExtension>
			<gpxtpx:course>273.0</gpxtpx:course>
		</gpxtpx:TrackPointExtension>
	</extensions>
</trkpt>
<trkpt lat="43.7480478" lon="15.7627269">
	<ele>25.56</ele>
	<time>2026-08-14T10:19:38.031Z</time>
	<hdop>3.79</hdop>
	<extensions>
		<gpxtpx:TrackPointExtension>
			<gpxtpx:course>273.0</gpxtpx:course>
		</gpxtpx:TrackPointExtension>
	</extensions>
</trkpt>
<trkpt lat="43.7480632" lon="15.7622405">
	<ele>19.86</ele>
	<time>2026-08-14T10:19:49.030Z</time>
	<hdop>3.79</hdop>
	<extensions>
		<gpxtpx:TrackPointExtension>
			<gpxtpx:course>272.0</gpxtpx:course>
		</gpxtpx:TrackPointExtension>
	</extensions>
</trkpt>
<trkpt lat="43.7480946" lon="15.7618044">
	<ele>25.49</ele>
	<time>2026-08-14T10:19:59.030Z</time>
	<hdop>3.79</hdop>
	<extensions>
		<gpxtpx:TrackPointExtension>
			<gpxtpx:course>275.0</gpxtpx:course>
		</gpxtpx:TrackPointExtension>
	</extensions>
</trkpt>
<trkpt lat="43.7481164" lon="15.7613570">
	<ele>18.55</ele>
	<time>2026-08-14T10:20:09.030Z</time>
	<hdop>3.79</hdop>
	<extensions>
		<gpxtpx:TrackPointExtension>
			<gpxtpx:course>275.0</gpxtpx:course>
		</gpxtpx:TrackPointExtension>
	</extensions>
</trkpt>
<trkpt lat="43.7481485" lon="15.7608747">
	<ele>9.40</ele>
	<time>2026-08-14T10:20:20.030Z</time>
	<hdop>3.79</hdop>
	<extensions>
		<gpxtpx:TrackPointExtension>
			<gpxtpx:course>274.0</gpxtpx:course>
		</gpxtpx:TrackPointExtension>
	</extensions>
</trkpt>
<trkpt lat="43.7481571" lon="15.7604379">
	<ele>3.34</ele>
	<time>2026-08-14T10:20:30.030Z</time>
	<hdop>3.79</hdop>
	<extensions>
		<gpxtpx:TrackPointExtension>
			<gpxtpx:course>271.0</gpxtpx:course>
		</gpxtpx:TrackPointExtension>
	</extensions>
</trkpt>
<trkpt lat="43.7481683" lon="15.7599974">
	<ele>-0.67</ele>
	<time>2026-08-14T10:20:40.031Z</time>
	<hdop>3.79</hdop>
	<extensions>
		<gpxtpx:TrackPointExtension>
			<gpxtpx:course>272.0</gpxtpx:course>
		</gpxtpx:TrackPointExtension>
	</extensions>
</trkpt>
<trkpt lat="43.7481818" lon="15.7595142">
	<ele>1.47</ele>
	<time>2026-08-14T10:20:51.029Z</time>
	<hdop>3.79</hdop>
	<extensions>
		<gpxtpx:TrackPointExtension>
			<gpxtpx:course>272.0</gpxtpx:course>
		</gpxtpx:TrackPointExtension>
	</extensions>
</trkpt>
<trkpt lat="43.7481873" lon="15.7590712">
	<ele>5.54</ele>
	<time>2026-08-14T10:21:01.030Z</time>
	<hdop>3.79</hdop>
	<extensions>
		<gpxtpx:TrackPointExtension>
			<gpxtpx:course>271.0</gpxtpx:course>
		</gpxtpx:TrackPointExtension>
	</extensions>
</trkpt>
<trkpt lat="43.7482032" lon="15.7585861">
	<ele>3.59</ele>
	<time>2026-08-14T10:21:12.028Z</time>
	<hdop>3.79</hdop>
	<extensions>
		<gpxtpx:TrackPointExtension>
			<gpxtpx:course>273.0</gpxtpx:course>
		</gpxtpx:TrackPointExtension>
	</extensions>
</trkpt>
<trkpt lat="43.7482267" lon="15.7581441">
	<ele>3.88</ele>
	<time>2026-08-14T10:21:22.029Z</time>
	<hdop>3.79</hdop>
	<extensions>
		<gpxtpx:TrackPointExtension>
			<gpxtpx:course>274.0</gpxtpx:course>
		</gpxtpx:TrackPointExtension>
	</extensions>
</trkpt>
<trkpt lat="43.7482547" lon="15.7577048">
	<ele>1.75</ele>
	<time>2026-08-14T10:21:32.030Z</time>
	<hdop>3.79</hdop>
	<extensions>
		<gpxtpx:TrackPointExtension>
			<gpxtpx:course>276.0</gpxtpx:course>
		</gpxtpx:TrackPointExtension>
	</extensions>
</trkpt>
<trkpt lat="43.7483006" lon="15.7572719">
	<ele>-2.53</ele>
	<time>2026-08-14T10:21:42.030Z</time>
	<hdop>3.79</hdop>
	<extensions>
		<gpxtpx:TrackPointExtension>
			<gpxtpx:course>279.0</gpxtpx:course>
		</gpxtpx:TrackPointExtension>
	</extensions>
</trkpt>
<trkpt lat="43.7483495" lon="15.7568436">
	<ele>-4.99</ele>
	<time>2026-08-14T10:21:52.030Z</time>
	<hdop>3.79</hdop>
	<extensions>
		<gpxtpx:TrackPointExtension>
			<gpxtpx:course>278.0</gpxtpx:course>
		</gpxtpx:TrackPointExtension>
	</extensions>
</trkpt>
<trkpt lat="43.7484043" lon="15.7564145">
	<ele>-12.40</ele>
	<time>2026-08-14T10:22:02.030Z</time>
	<hdop>3.79</hdop>
	<extensions>
		<gpxtpx:TrackPointExtension>
			<gpxtpx:course>280.0</gpxtpx:course>
		</gpxtpx:TrackPointExtension>
	</extensions>
</trkpt>
<trkpt lat="43.7484609" lon="15.7559834">
	<ele>-19.06</ele>
	<time>2026-08-14T10:22:12.030Z</time>
	<hdop>3.79</hdop>
	<extensions>
		<gpxtpx:TrackPointExtension>
			<gpxtpx:course>279.0</gpxtpx:course>
		</gpxtpx:TrackPointExtension>
	</extensions>
</trkpt>
<trkpt lat="43.7485181" lon="15.7555511">
	<ele>-20.78</ele>
	<time>2026-08-14T10:22:22.031Z</time>
	<hdop>3.79</hdop>
	<extensions>
		<gpxtpx:TrackPointExtension>
			<gpxtpx:course>280.0</gpxtpx:course>
		</gpxtpx:TrackPointExtension>
	</extensions>
</trkpt>
<trkpt lat="43.7485963" lon="15.7550793">
	<ele>-18.79</ele>
	<time>2026-08-14T10:22:33.030Z</time>
	<hdop>3.79</hdop>
	<extensions>
		<gpxtpx:TrackPointExtension>
			<gpxtpx:course>284.0</gpxtpx:course>
		</gpxtpx:TrackPointExtension>
	</extensions>
</trkpt>
<trkpt lat="43.7486742" lon="15.7546573">
	<ele>-17.93</ele>
	<time>2026-08-14T10:22:43.030Z</time>
	<hdop>3.79</hdop>
	<extensions>
		<gpxtpx:TrackPointExtension>
			<gpxtpx:course>286.0</gpxtpx:course>
		</gpxtpx:TrackPointExtension>
	</extensions>
</trkpt>
<trkpt lat="43.7487701" lon="15.7542032">
	<ele>-17.98</ele>
	<time>2026-08-14T10:22:54.029Z</time>
	<hdop>3.79</hdop>
	<extensions>
		<gpxtpx:TrackPointExtension>
			<gpxtpx:course>287.0</gpxtpx:course>
		</gpxtpx:TrackPointExtension>
	</extensions>
</trkpt>
<trkpt lat="43.7488477" lon="15.7537851">
	<ele>-13.89</ele>
	<time>2026-08-14T10:23:04.030Z</time>
	<hdop>3.79</hdop>
	<extensions>
		<gpxtpx:TrackPointExtension>
			<gpxtpx:course>284.0</gpxtpx:course>
		</gpxtpx:TrackPointExtension>
	</extensions>
</trkpt>
<trkpt lat="43.7489194" lon="15.7533692">
	<ele>-13.43</ele>
	<time>2026-08-14T10:23:14.030Z</time>
	<hdop>3.79</hdop>
	<extensions>
		<gpxtpx:TrackPointExtension>
			<gpxtpx:course>282.0</gpxtpx:course>
		</gpxtpx:TrackPointExtension>
	</extensions>
</trkpt>
<trkpt lat="43.7489896" lon="15.7529495">
	<ele>-12.50</ele>
	<time>2026-08-14T10:23:24.030Z</time>
	<hdop>3.79</hdop>
	<extensions>
		<gpxtpx:TrackPointExtension>
			<gpxtpx:course>281.0</gpxtpx:course>
		</gpxtpx:TrackPointExtension>
	</extensions>
</trkpt>
<trkpt lat="43.7490527" lon="15.7524887">
	<ele>-9.70</ele>
	<time>2026-08-14T10:23:35.030Z</time>
	<hdop>3.79</hdop>
	<extensions>
		<gpxtpx:TrackPointExtension>
			<gpxtpx:course>280.0</gpxtpx:course>
		</gpxtpx:TrackPointExtension>
	</extensions>
</trkpt>
<trkpt lat="43.7491168" lon="15.7520251">
	<ele>-7.25</ele>
	<time>2026-08-14T10:23:46.030Z</time>
	<hdop>3.79</hdop>
	<extensions>
		<gpxtpx:TrackPointExtension>
			<gpxtpx:course>280.0</gpxtpx:course>
		</gpxtpx:TrackPointExtension>
	</extensions>
</trkpt>
<trkpt lat="43.7491715" lon="15.7516013">
	<ele>-7.39</ele>
	<time>2026-08-14T10:23:56.030Z</time>
	<hdop>3.79</hdop>
	<extensions>
		<gpxtpx:TrackPointExtension>
			<gpxtpx:course>280.0</gpxtpx:course>
		</gpxtpx:TrackPointExtension>
	</extensions>
</trkpt>
<trkpt lat="43.7492471" lon="15.7511450">
	<ele>-8.32</ele>
	<time>2026-08-14T10:24:07.028Z</time>
	<hdop>3.79</hdop>
	<extensions>
		<gpxtpx:TrackPointExtension>
			<gpxtpx:course>281.0</gpxtpx:course>
		</gpxtpx:TrackPointExtension>
	</extensions>
</trkpt>
<trkpt lat="43.7493104" lon="15.7507251">
	<ele>-12.57</ele>
	<time>2026-08-14T10:24:17.028Z</time>
	<hdop>3.79</hdop>
	<extensions>
		<gpxtpx:TrackPointExtension>
			<gpxtpx:course>282.0</gpxtpx:course>
		</gpxtpx:TrackPointExtension>
	</extensions>
</trkpt>
<trkpt lat="43.7493738" lon="15.7503011">
	<ele>-7.90</ele>
	<time>2026-08-14T10:24:27.030Z</time>
	<hdop>3.79</hdop>
	<extensions>
		<gpxtpx:TrackPointExtension>
			<gpxtpx:course>283.0</gpxtpx:course>
		</gpxtpx:TrackPointExtension>
	</extensions>
</trkpt>
<trkpt lat="43.7494678" lon="15.7498360">
	<ele>-1.29</ele>
	<time>2026-08-14T10:24:38.030Z</time>
	<hdop>3.79</hdop>
	<extensions>
		<gpxtpx:TrackPointExtension>
			<gpxtpx:course>285.0</gpxtpx:course>
		</gpxtpx:TrackPointExtension>
	</extensions>
</trkpt>
<trkpt lat="43.7495615" lon="15.7493695">
	<ele>-6.33</ele>
	<time>2026-08-14T10:24:49.030Z</time>
	<hdop>3.79</hdop>
	<extensions>
		<gpxtpx:TrackPointExtension>
			<gpxtpx:course>284.0</gpxtpx:course>
		</gpxtpx:TrackPointExtension>
	</extensions>
</trkpt>
<trkpt lat="43.7496533" lon="15.7489489">
	<ele>-20.12</ele>
	<time>2026-08-14T10:24:59.030Z</time>
	<hdop>3.79</hdop>
	<extensions>
		<gpxtpx:TrackPointExtension>
			<gpxtpx:course>289.0</gpxtpx:course>
		</gpxtpx:TrackPointExtension>
	</extensions>
</trkpt>
<trkpt lat="43.7497729" lon="15.7485047">
	<ele>-39.42</ele>
	<time>2026-08-14T10:25:10.028Z</time>
	<hdop>3.79</hdop>
	<extensions>
		<gpxtpx:TrackPointExtension>
			<gpxtpx:course>288.0</gpxtpx:course>
		</gpxtpx:TrackPointExtension>
	</extensions>
</trkpt>
<trkpt lat="43.7498710" lon="15.7480839">
	<ele>-51.34</ele>
	<time>2026-08-14T10:25:20.030Z</time>
	<hdop>3.79</hdop>
	<extensions>
		<gpxtpx:TrackPointExtension>
			<gpxtpx:course>289.0</gpxtpx:course>
		</gpxtpx:TrackPointExtension>
	</extensions>
</trkpt>
<trkpt lat="43.7499556" lon="15.7476257">
	<ele>-49.55</ele>
	<time>2026-08-14T10:25:31.029Z</time>
	<hdop>3.79</hdop>
	<extensions>
		<gpxtpx:TrackPointExtension>
			<gpxtpx:course>280.0</gpxtpx:course>
		</gpxtpx:TrackPointExtension>
	</extensions>
</trkpt>
<trkpt lat="43.7500069" lon="15.7472104">
	<ele>-35.83</ele>
	<time>2026-08-14T10:25:41.029Z</time>
	<hdop>4.27</hdop>
	<extensions>
		<gpxtpx:TrackPointExtension>
			<gpxtpx:course>280.0</gpxtpx:course>
		</gpxtpx:TrackPointExtension>
	</extensions>
</trkpt>
<trkpt lat="43.7500728" lon="15.7467833">
	<ele>-26.94</ele>
	<time>2026-08-14T10:25:51.029Z</time>
	<hdop>3.79</hdop>
	<extensions>
		<gpxtpx:TrackPointExtension>
			<gpxtpx:course>284.0</gpxtpx:course>
		</gpxtpx:TrackPointExtension>
	</extensions>
</trkpt>
<trkpt lat="43.7501454" lon="15.7463596">
	<ele>-12.05</ele>
	<time>2026-08-14T10:26:01.030Z</time>
	<hdop>3.79</hdop>
	<extensions>
		<gpxtpx:TrackPointExtension>
			<gpxtpx:course>286.0</gpxtpx:course>
		</gpxtpx:TrackPointExtension>
	</extensions>
</trkpt>
<trkpt lat="43.7502410" lon="15.7458999">
	<ele>-4.45</ele>
	<time>2026-08-14T10:26:12.028Z</time>
	<hdop>3.79</hdop>
	<extensions>
		<gpxtpx:TrackPointExtension>
			<gpxtpx:course>284.0</gpxtpx:course>
		</gpxtpx:TrackPointExtension>
	</extensions>
</trkpt>
<trkpt lat="43.7503209" lon="15.7454875">
	<ele>-0.66</ele>
	<time>2026-08-14T10:26:22.029Z</time>
	<hdop>3.79</hdop>
	<extensions>
		<gpxtpx:TrackPointExtension>
			<gpxtpx:course>283.0</gpxtpx:course>
		</gpxtpx:TrackPointExtension>
	</extensions>
</trkpt>
<trkpt lat="43.7504071" lon="15.7450899">
	<ele>7.19</ele>
	<time>2026-08-14T10:26:32.029Z</time>
	<hdop>3.79</hdop>
	<extensions>
		<gpxtpx:TrackPointExtension>
			<gpxtpx:course>281.0</gpxtpx:course>
		</gpxtpx:TrackPointExtension>
	</extensions>
</trkpt>
<trkpt lat="43.7504366" lon="15.7446677">
	<ele>12.72</ele>
	<time>2026-08-14T10:26:43.030Z</time>
	<hdop>3.79</hdop>
	<extensions>
		<gpxtpx:TrackPointExtension>
			<gpxtpx:course>275.0</gpxtpx:course>
		</gpxtpx:TrackPointExtension>
	</extensions>
</trkpt>
<trkpt lat="43.7504522" lon="15.7442734">
	<ele>17.14</ele>
	<time>2026-08-14T10:26:54.029Z</time>
	<hdop>3.79</hdop>
	<extensions>
		<gpxtpx:TrackPointExtension>
			<gpxtpx:course>265.0</gpxtpx:course>
		</gpxtpx:TrackPointExtension>
	</extensions>
</trkpt>
<trkpt lat="43.7503864" lon="15.7439439">
	<ele>12.91</ele>
	<time>2026-08-14T10:27:04.030Z</time>
	<hdop>3.79</hdop>
	<extensions>
		<gpxtpx:TrackPointExtension>
			<gpxtpx:course>245.0</gpxtpx:course>
		</gpxtpx:TrackPointExtension>
	</extensions>
</trkpt>
<trkpt lat="43.7502459" lon="15.7436305">
	<ele>16.75</ele>
	<time>2026-08-14T10:27:15.029Z</time>
	<hdop>3.79</hdop>
	<extensions>
		<gpxtpx:TrackPointExtension>
			<gpxtpx:course>233.0</gpxtpx:course>
		</gpxtpx:TrackPointExtension>
	</extensions>
</trkpt>
<trkpt lat="43.7501416" lon="15.7433515">
	<ele>14.74</ele>
	<time>2026-08-14T10:27:25.029Z</time>
	<hdop>3.79</hdop>
	<extensions>
		<gpxtpx:TrackPointExtension>
			<gpxtpx:course>238.0</gpxtpx:course>
		</gpxtpx:TrackPointExtension>
	</extensions>
</trkpt>
<trkpt lat="43.7500312" lon="15.7430765">
	<ele>17.90</ele>
	<time>2026-08-14T10:27:35.030Z</time>
	<hdop>3.79</hdop>
	<extensions>
		<gpxtpx:TrackPointExtension>
			<gpxtpx:course>242.0</gpxtpx:course>
		</gpxtpx:TrackPointExtension>
	</extensions>
</trkpt>
<trkpt lat="43.7499105" lon="15.7427802">
	<ele>15.61</ele>
	<time>2026-08-14T10:27:46.029Z</time>
	<hdop>3.79</hdop>
	<extensions>
		<gpxtpx:TrackPointExtension>
			<gpxtpx:course>235.0</gpxtpx:course>
		</gpxtpx:TrackPointExtension>
	</extensions>
</trkpt>
<trkpt lat="43.7497856" lon="15.7424968">
	<ele>22.35</ele>
	<time>2026-08-14T10:27:57.029Z</time>
	<hdop>3.79</hdop>
	<extensions>
		<gpxtpx:TrackPointExtension>
			<gpxtpx:course>241.0</gpxtpx:course>
		</gpxtpx:TrackPointExtension>
	</extensions>
</trkpt>
<trkpt lat="43.7496655" lon="15.7421909">
	<ele>27.27</ele>
	<time>2026-08-14T10:28:08.029Z</time>
	<hdop>3.79</hdop>
	<extensions>
		<gpxtpx:TrackPointExtension>
			<gpxtpx:course>239.0</gpxtpx:course>
		</gpxtpx:TrackPointExtension>
	</extensions>
</trkpt>
<trkpt lat="43.7495546" lon="15.7419172">
	<ele>27.28</ele>
	<time>2026-08-14T10:28:18.029Z</time>
	<hdop>3.79</hdop>
	<extensions>
		<gpxtpx:TrackPointExtension>
			<gpxtpx:course>240.0</gpxtpx:course>
		</gpxtpx:TrackPointExtension>
	</extensions>
</trkpt>
<trkpt lat="43.7494453" lon="15.7416305">
	<ele>30.52</ele>
	<time>2026-08-14T10:28:28.029Z</time>
	<hdop>3.79</hdop>
	<extensions>
		<gpxtpx:TrackPointExtension>
			<gpxtpx:course>241.0</gpxtpx:course>
		</gpxtpx:TrackPointExtension>
	</extensions>
</trkpt>
<trkpt lat="43.7493378" lon="15.7412965">
	<ele>30.86</ele>
	<time>2026-08-14T10:28:39.028Z</time>
	<hdop>3.79</hdop>
	<extensions>
		<gpxtpx:TrackPointExtension>
			<gpxtpx:course>251.0</gpxtpx:course>
		</gpxtpx:TrackPointExtension>
	</extensions>
</trkpt>
<trkpt lat="43.7492805" lon="15.7409747">
	<ele>27.70</ele>
	<time>2026-08-14T10:28:49.029Z</time>
	<hdop>3.79</hdop>
	<extensions>
		<gpxtpx:TrackPointExtension>
			<gpxtpx:course>263.0</gpxtpx:course>
		</gpxtpx:TrackPointExtension>
	</extensions>
</trkpt>
<trkpt lat="43.7492545" lon="15.7405999">
	<ele>-0.34</ele>
	<time>2026-08-14T10:28:59.029Z</time>
	<hdop>3.79</hdop>
	<extensions>
		<gpxtpx:TrackPointExtension>
			<gpxtpx:course>263.0</gpxtpx:course>
		</gpxtpx:TrackPointExtension>
	</extensions>
</trkpt>
<trkpt lat="43.7492375" lon="15.7401765">
	<ele>-34.74</ele>
	<time>2026-08-14T10:29:10.029Z</time>
	<hdop>3.79</hdop>
	<extensions>
		<gpxtpx:TrackPointExtension>
			<gpxtpx:course>263.0</gpxtpx:course>
		</gpxtpx:TrackPointExtension>
	</extensions>
</trkpt>
<trkpt lat="43.7492022" lon="15.7397789">
	<ele>-41.14</ele>
	<time>2026-08-14T10:29:20.029Z</time>
	<hdop>3.79</hdop>
	<extensions>
		<gpxtpx:TrackPointExtension>
			<gpxtpx:course>263.0</gpxtpx:course>
		</gpxtpx:TrackPointExtension>
	</extensions>
</trkpt>
<trkpt lat="43.7491520" lon="15.7393446">
	<ele>-40.49</ele>
	<time>2026-08-14T10:29:31.028Z</time>
	<hdop>3.79</hdop>
	<extensions>
		<gpxtpx:TrackPointExtension>
			<gpxtpx:course>261.0</gpxtpx:course>
		</gpxtpx:TrackPointExtension>
	</extensions>
</trkpt>
<trkpt lat="43.7491015" lon="15.7389295">
	<ele>-26.57</ele>
	<time>2026-08-14T10:29:41.029Z</time>
	<hdop>3.79</hdop>
	<extensions>
		<gpxtpx:TrackPointExtension>
			<gpxtpx:course>258.0</gpxtpx:course>
		</gpxtpx:TrackPointExtension>
	</extensions>
</trkpt>
<trkpt lat="43.7490460" lon="15.7385204">
	<ele>-20.82</ele>
	<time>2026-08-14T10:29:51.029Z</time>
	<hdop>3.79</hdop>
	<extensions>
		<gpxtpx:TrackPointExtension>
			<gpxtpx:course>258.0</gpxtpx:course>
		</gpxtpx:TrackPointExtension>
	</extensions>
</trkpt>
<trkpt lat="43.7489881" lon="15.7380754">
	<ele>-12.58</ele>
	<time>2026-08-14T10:30:02.029Z</time>
	<hdop>3.79</hdop>
	<extensions>
		<gpxtpx:TrackPointExtension>
			<gpxtpx:course>260.0</gpxtpx:course>
		</gpxtpx:TrackPointExtension>
	</extensions>
</trkpt>
<trkpt lat="43.7489244" lon="15.7376144">
	<ele>-8.06</ele>
	<time>2026-08-14T10:30:13.029Z</time>
	<hdop>3.79</hdop>
	<extensions>
		<gpxtpx:TrackPointExtension>
			<gpxtpx:course>258.0</gpxtpx:course>
		</gpxtpx:TrackPointExtension>
	</extensions>
</trkpt>
<trkpt lat="43.7488630" lon="15.7372017">
	<ele>-3.74</ele>
	<time>2026-08-14T10:30:23.029Z</time>
	<hdop>3.79</hdop>
	<extensions>
		<gpxtpx:TrackPointExtension>
			<gpxtpx:course>259.0</gpxtpx:course>
		</gpxtpx:TrackPointExtension>
	</extensions>
</trkpt>
<trkpt lat="43.7487996" lon="15.7367490">
	<ele>-3.17</ele>
	<time>2026-08-14T10:30:34.028Z</time>
	<hdop>3.79</hdop>
	<extensions>
		<gpxtpx:TrackPointExtension>
			<gpxtpx:course>261.0</gpxtpx:course>
		</gpxtpx:TrackPointExtension>
	</extensions>
</trkpt>
<trkpt lat="43.7487433" lon="15.7363476">
	<ele>1.78</ele>
	<time>2026-08-14T10:30:44.028Z</time>
	<hdop>3.79</hdop>
	<extensions>
		<gpxtpx:TrackPointExtension>
			<gpxtpx:course>260.0</gpxtpx:course>
		</gpxtpx:TrackPointExtension>
	</extensions>
</trkpt>
<trkpt lat="43.7487017" lon="15.7359328">
	<ele>1.78</ele>
	<time>2026-08-14T10:30:54.029Z</time>
	<hdop>3.79</hdop>
	<extensions>
		<gpxtpx:TrackPointExtension>
			<gpxtpx:course>263.0</gpxtpx:course>
		</gpxtpx:TrackPointExtension>
	</extensions>
</trkpt>
<trkpt lat="43.7486736" lon="15.7355150">
	<ele>4.18</ele>
	<time>2026-08-14T10:31:04.029Z</time>
	<hdop>3.79</hdop>
	<extensions>
		<gpxtpx:TrackPointExtension>
			<gpxtpx:course>266.0</gpxtpx:course>
		</gpxtpx:TrackPointExtension>
	</extensions>
</trkpt>
<trkpt lat="43.7486535" lon="15.7350526">
	<ele>1.78</ele>
	<time>2026-08-14T10:31:15.028Z</time>
	<hdop>3.79</hdop>
	<extensions>
		<gpxtpx:TrackPointExtension>
			<gpxtpx:course>265.0</gpxtpx:course>
		</gpxtpx:TrackPointExtension>
	</extensions>
</trkpt>
<trkpt lat="43.7486465" lon="15.7346274">
	<ele>1.78</ele>
	<time>2026-08-14T10:31:25.028Z</time>
	<hdop>3.79</hdop>
	<extensions>
		<gpxtpx:TrackPointExtension>
			<gpxtpx:course>270.0</gpxtpx:course>
		</gpxtpx:TrackPointExtension>
	</extensions>
</trkpt>
<trkpt lat="43.7486462" lon="15.7341525">
	<ele>4.18</ele>
	<time>2026-08-14T10:31:36.029Z</time>
	<hdop>3.79</hdop>
	<extensions>
		<gpxtpx:TrackPointExtension>
			<gpxtpx:course>271.0</gpxtpx:course>
		</gpxtpx:TrackPointExtension>
	</extensions>
</trkpt>
<trkpt lat="43.7486694" lon="15.7336805">
	<ele>6.48</ele>
	<time>2026-08-14T10:31:47.029Z</time>
	<hdop>3.79</hdop>
	<extensions>
		<gpxtpx:TrackPointExtension>
			<gpxtpx:course>275.0</gpxtpx:course>
		</gpxtpx:TrackPointExtension>
	</extensions>
</trkpt>
<trkpt lat="43.7486923" lon="15.7332147">
	<ele>4.72</ele>
	<time>2026-08-14T10:31:58.027Z</time>
	<hdop>3.79</hdop>
	<extensions>
		<gpxtpx:TrackPointExtension>
			<gpxtpx:course>273.0</gpxtpx:course>
		</gpxtpx:TrackPointExtension>
	</extensions>
</trkpt>
<trkpt lat="43.7487157" lon="15.7327889">
	<ele>4.76</ele>
	<time>2026-08-14T10:32:08.029Z</time>
	<hdop>3.79</hdop>
	<extensions>
		<gpxtpx:TrackPointExtension>
			<gpxtpx:course>271.0</gpxtpx:course>
		</gpxtpx:TrackPointExtension>
	</extensions>
</trkpt>
<trkpt lat="43.7487356" lon="15.7323637">
	<ele>2.39</ele>
	<time>2026-08-14T10:32:18.029Z</time>
	<hdop>3.79</hdop>
	<extensions>
		<gpxtpx:TrackPointExtension>
			<gpxtpx:course>274.0</gpxtpx:course>
		</gpxtpx:TrackPointExtension>
	</extensions>
</trkpt>
<trkpt lat="43.7487554" lon="15.7318914">
	<ele>4.18</ele>
	<time>2026-08-14T10:32:29.029Z</time>
	<hdop>3.79</hdop>
	<extensions>
		<gpxtpx:TrackPointExtension>
			<gpxtpx:course>273.0</gpxtpx:course>
		</gpxtpx:TrackPointExtension>
	</extensions>
</trkpt>
<trkpt lat="43.7487789" lon="15.7314253">
	<ele>7.36</ele>
	<time>2026-08-14T10:32:40.028Z</time>
	<hdop>3.79</hdop>
	<extensions>
		<gpxtpx:TrackPointExtension>
			<gpxtpx:course>273.0</gpxtpx:course>
		</gpxtpx:TrackPointExtension>
	</extensions>
</trkpt>
<trkpt lat="43.7487821" lon="15.7309987">
	<ele>7.62</ele>
	<time>2026-08-14T10:32:50.028Z</time>
	<hdop>3.79</hdop>
	<extensions>
		<gpxtpx:TrackPointExtension>
			<gpxtpx:course>269.0</gpxtpx:course>
		</gpxtpx:TrackPointExtension>
	</extensions>
</trkpt>
<trkpt lat="43.7487780" lon="15.7305659">
	<ele>10.72</ele>
	<time>2026-08-14T10:33:00.029Z</time>
	<hdop>3.79</hdop>
	<extensions>
		<gpxtpx:TrackPointExtension>
			<gpxtpx:course>270.0</gpxtpx:course>
		</gpxtpx:TrackPointExtension>
	</extensions>
</trkpt>
<trkpt lat="43.7487746" lon="15.7300978">
	<ele>9.89</ele>
	<time>2026-08-14T10:33:11.028Z</time>
	<hdop>3.79</hdop>
	<extensions>
		<gpxtpx:TrackPointExtension>
			<gpxtpx:course>270.0</gpxtpx:course>
		</gpxtpx:TrackPointExtension>
	</extensions>
</trkpt>
<trkpt lat="43.7487704" lon="15.7296743">
	<ele>6.69</ele>
	<time>2026-08-14T10:33:21.028Z</time>
	<hdop>3.79</hdop>
	<extensions>
		<gpxtpx:TrackPointExtension>
			<gpxtpx:course>267.0</gpxtpx:course>
		</gpxtpx:TrackPointExtension>
	</extensions>
</trkpt>
<trkpt lat="43.7487529" lon="15.7292421">
	<ele>10.75</ele>
	<time>2026-08-14T10:33:31.028Z</time>
	<hdop>3.79</hdop>
	<extensions>
		<gpxtpx:TrackPointExtension>
			<gpxtpx:course>266.0</gpxtpx:course>
		</gpxtpx:TrackPointExtension>
	</extensions>
</trkpt>
<trkpt lat="43.7487394" lon="15.7288157">
	<ele>8.63</ele>
	<time>2026-08-14T10:33:41.028Z</time>
	<hdop>3.79</hdop>
	<extensions>
		<gpxtpx:TrackPointExtension>
			<gpxtpx:course>267.0</gpxtpx:course>
		</gpxtpx:TrackPointExtension>
	</extensions>
</trkpt>
<trkpt lat="43.7487229" lon="15.7283961">
	<ele>8.32</ele>
	<time>2026-08-14T10:33:51.028Z</time>
	<hdop>3.79</hdop>
	<extensions>
		<gpxtpx:TrackPointExtension>
			<gpxtpx:course>265.0</gpxtpx:course>
		</gpxtpx:TrackPointExtension>
	</extensions>
</trkpt>
<trkpt lat="43.7487002" lon="15.7279659">
	<ele>12.82</ele>
	<time>2026-08-14T10:34:01.028Z</time>
	<hdop>3.79</hdop>
	<extensions>
		<gpxtpx:TrackPointExtension>
			<gpxtpx:course>262.0</gpxtpx:course>
		</gpxtpx:TrackPointExtension>
	</extensions>
</trkpt>
<trkpt lat="43.7486989" lon="15.7274971">
	<ele>-2.57</ele>
	<time>2026-08-14T10:34:12.026Z</time>
	<hdop>3.79</hdop>
	<extensions>
		<gpxtpx:TrackPointExtension>
			<gpxtpx:course>276.0</gpxtpx:course>
		</gpxtpx:TrackPointExtension>
	</extensions>
</trkpt>
<trkpt lat="43.7487394" lon="15.7270779">
	<ele>-19.34</ele>
	<time>2026-08-14T10:34:22.028Z</time>
	<hdop>3.79</hdop>
	<extensions>
		<gpxtpx:TrackPointExtension>
			<gpxtpx:course>278.0</gpxtpx:course>
		</gpxtpx:TrackPointExtension>
	</extensions>
</trkpt>
<trkpt lat="43.7487707" lon="15.7266524">
	<ele>-35.27</ele>
	<time>2026-08-14T10:34:32.028Z</time>
	<hdop>3.79</hdop>
	<extensions>
		<gpxtpx:TrackPointExtension>
			<gpxtpx:course>279.0</gpxtpx:course>
		</gpxtpx:TrackPointExtension>
	</extensions>
</trkpt>
<trkpt lat="43.7487999" lon="15.7262190">
	<ele>-33.22</ele>
	<time>2026-08-14T10:34:42.028Z</time>
	<hdop>3.79</hdop>
	<extensions>
		<gpxtpx:TrackPointExtension>
			<gpxtpx:course>275.0</gpxtpx:course>
		</gpxtpx:TrackPointExtension>
	</extensions>
</trkpt>
<trkpt lat="43.7488482" lon="15.7257494">
	<ele>-15.82</ele>
	<time>2026-08-14T10:34:53.028Z</time>
	<hdop>3.79</hdop>
	<extensions>
		<gpxtpx:TrackPointExtension>
			<gpxtpx:course>275.0</gpxtpx:course>
		</gpxtpx:TrackPointExtension>
	</extensions>
</trkpt>
<trkpt lat="43.7489024" lon="15.7252682">
	<ele>-15.34</ele>
	<time>2026-08-14T10:35:04.028Z</time>
	<hdop>3.79</hdop>
	<extensions>
		<gpxtpx:TrackPointExtension>
			<gpxtpx:course>274.0</gpxtpx:course>
		</gpxtpx:TrackPointExtension>
	</extensions>
</trkpt>
<trkpt lat="43.7489365" lon="15.7247946">
	<ele>-7.33</ele>
	<time>2026-08-14T10:35:15.026Z</time>
	<hdop>3.79</hdop>
	<extensions>
		<gpxtpx:TrackPointExtension>
			<gpxtpx:course>276.0</gpxtpx:course>
		</gpxtpx:TrackPointExtension>
	</extensions>
</trkpt>
<trkpt lat="43.7489593" lon="15.7243714">
	<ele>21.94</ele>
	<time>2026-08-14T10:35:25.028Z</time>
	<hdop>3.79</hdop>
	<extensions>
		<gpxtpx:TrackPointExtension>
			<gpxtpx:course>279.0</gpxtpx:course>
		</gpxtpx:TrackPointExtension>
	</extensions>
</trkpt>
<trkpt lat="43.7490101" lon="15.7238898">
	<ele>34.27</ele>
	<time>2026-08-14T10:35:36.026Z</time>
	<hdop>3.79</hdop>
	<extensions>
		<gpxtpx:TrackPointExtension>
			<gpxtpx:course>279.0</gpxtpx:course>
		</gpxtpx:TrackPointExtension>
	</extensions>
</trkpt>
<trkpt lat="43.7490552" lon="15.7234648">
	<ele>38.56</ele>
	<time>2026-08-14T10:35:46.028Z</time>
	<hdop>3.79</hdop>
	<extensions>
		<gpxtpx:TrackPointExtension>
			<gpxtpx:course>278.0</gpxtpx:course>
		</gpxtpx:TrackPointExtension>
	</extensions>
</trkpt>
<trkpt lat="43.7491179" lon="15.7230423">
	<ele>29.45</ele>
	<time>2026-08-14T10:35:56.028Z</time>
	<hdop>3.79</hdop>
	<extensions>
		<gpxtpx:TrackPointExtension>
			<gpxtpx:course>283.0</gpxtpx:course>
		</gpxtpx:TrackPointExtension>
	</extensions>
</trkpt>
<trkpt lat="43.7491775" lon="15.7226117">
	<ele>19.24</ele>
	<time>2026-08-14T10:36:06.028Z</time>
	<hdop>3.79</hdop>
	<extensions>
		<gpxtpx:TrackPointExtension>
			<gpxtpx:course>281.0</gpxtpx:course>
		</gpxtpx:TrackPointExtension>
	</extensions>
</trkpt>
<trkpt lat="43.7492482" lon="15.7221757">
	<ele>9.96</ele>
	<time>2026-08-14T10:36:16.028Z</time>
	<hdop>3.79</hdop>
	<extensions>
		<gpxtpx:TrackPointExtension>
			<gpxtpx:course>281.0</gpxtpx:course>
		</gpxtpx:TrackPointExtension>
	</extensions>
</trkpt>
<trkpt lat="43.7493077" lon="15.7217581">
	<ele>10.23</ele>
	<time>2026-08-14T10:36:26.028Z</time>
	<hdop>3.79</hdop>
	<extensions>
		<gpxtpx:TrackPointExtension>
			<gpxtpx:course>280.0</gpxtpx:course>
		</gpxtpx:TrackPointExtension>
	</extensions>
</trkpt>
<trkpt lat="43.7493382" lon="15.7213128">
	<ele>7.23</ele>
	<time>2026-08-14T10:36:36.028Z</time>
	<hdop>3.79</hdop>
	<extensions>
		<gpxtpx:TrackPointExtension>
			<gpxtpx:course>276.0</gpxtpx:course>
		</gpxtpx:TrackPointExtension>
	</extensions>
</trkpt>
<trkpt lat="43.7493699" lon="15.7208341">
	<ele>-10.30</ele>
	<time>2026-08-14T10:36:47.028Z</time>
	<hdop>3.79</hdop>
	<extensions>
		<gpxtpx:TrackPointExtension>
			<gpxtpx:course>274.0</gpxtpx:course>
		</gpxtpx:TrackPointExtension>
	</extensions>
</trkpt>
<trkpt lat="43.7493966" lon="15.7203535">
	<ele>-42.63</ele>
	<time>2026-08-14T10:36:58.027Z</time>
	<hdop>3.79</hdop>
	<extensions>
		<gpxtpx:TrackPointExtension>
			<gpxtpx:course>275.0</gpxtpx:course>
		</gpxtpx:TrackPointExtension>
	</extensions>
</trkpt>
<trkpt lat="43.7494282" lon="15.7199303">
	<ele>-46.48</ele>
	<time>2026-08-14T10:37:08.027Z</time>
	<hdop>3.79</hdop>
	<extensions>
		<gpxtpx:TrackPointExtension>
			<gpxtpx:course>280.0</gpxtpx:course>
		</gpxtpx:TrackPointExtension>
	</extensions>
</trkpt>
<trkpt lat="43.7494838" lon="15.7195053">
	<ele>-35.86</ele>
	<time>2026-08-14T10:37:18.028Z</time>
	<hdop>3.79</hdop>
	<extensions>
		<gpxtpx:TrackPointExtension>
			<gpxtpx:course>278.0</gpxtpx:course>
		</gpxtpx:TrackPointExtension>
	</extensions>
</trkpt>
<trkpt lat="43.7495225" lon="15.7190298">
	<ele>-21.01</ele>
	<time>2026-08-14T10:37:29.027Z</time>
	<hdop>3.79</hdop>
	<extensions>
		<gpxtpx:TrackPointExtension>
			<gpxtpx:course>277.0</gpxtpx:course>
		</gpxtpx:TrackPointExtension>
	</extensions>
</trkpt>
<trkpt lat="43.7495651" lon="15.7185945">
	<ele>-8.76</ele>
	<time>2026-08-14T10:37:39.027Z</time>
	<hdop>3.79</hdop>
	<extensions>
		<gpxtpx:TrackPointExtension>
			<gpxtpx:course>277.0</gpxtpx:course>
		</gpxtpx:TrackPointExtension>
	</extensions>
</trkpt>
<trkpt lat="43.7495924" lon="15.7181637">
	<ele>-2.62</ele>
	<time>2026-08-14T10:37:49.027Z</time>
	<hdop>3.79</hdop>
	<extensions>
		<gpxtpx:TrackPointExtension>
			<gpxtpx:course>278.0</gpxtpx:course>
		</gpxtpx:TrackPointExtension>
	</extensions>
</trkpt>
<trkpt lat="43.7496445" lon="15.7177269">
	<ele>1.61</ele>
	<time>2026-08-14T10:37:59.027Z</time>
	<hdop>3.79</hdop>
	<extensions>
		<gpxtpx:TrackPointExtension>
			<gpxtpx:course>277.0</gpxtpx:course>
		</gpxtpx:TrackPointExtension>
	</extensions>
</trkpt>
<trkpt lat="43.7496941" lon="15.7172893">
	<ele>2.46</ele>
	<time>2026-08-14T10:38:09.028Z</time>
	<hdop>3.79</hdop>
	<extensions>
		<gpxtpx:TrackPointExtension>
			<gpxtpx:course>278.0</gpxtpx:course>
		</gpxtpx:TrackPointExtension>
	</extensions>
</trkpt>
<trkpt lat="43.7497429" lon="15.7168155">
	<ele>2.48</ele>
	<time>2026-08-14T10:38:20.027Z</time>
	<hdop>3.79</hdop>
	<extensions>
		<gpxtpx:TrackPointExtension>
			<gpxtpx:course>279.0</gpxtpx:course>
		</gpxtpx:TrackPointExtension>
	</extensions>
</trkpt>
<trkpt lat="43.7498028" lon="15.7163302">
	<ele>3.46</ele>
	<time>2026-08-14T10:38:31.027Z</time>
	<hdop>3.79</hdop>
	<extensions>
		<gpxtpx:TrackPointExtension>
			<gpxtpx:course>280.0</gpxtpx:course>
		</gpxtpx:TrackPointExtension>
	</extensions>
</trkpt>
<trkpt lat="43.7498768" lon="15.7158979">
	<ele>3.71</ele>
	<time>2026-08-14T10:38:41.027Z</time>
	<hdop>3.79</hdop>
	<extensions>
		<gpxtpx:TrackPointExtension>
			<gpxtpx:course>283.0</gpxtpx:course>
		</gpxtpx:TrackPointExtension>
	</extensions>
</trkpt>
<trkpt lat="43.7499693" lon="15.7154775">
	<ele>2.15</ele>
	<time>2026-08-14T10:38:51.027Z</time>
	<hdop>3.79</hdop>
	<extensions>
		<gpxtpx:TrackPointExtension>
			<gpxtpx:course>289.0</gpxtpx:course>
		</gpxtpx:TrackPointExtension>
	</extensions>
</trkpt>
<trkpt lat="43.7500870" lon="15.7150600">
	<ele>1.19</ele>
	<time>2026-08-14T10:39:01.027Z</time>
	<hdop>3.79</hdop>
	<extensions>
		<gpxtpx:TrackPointExtension>
			<gpxtpx:course>292.0</gpxtpx:course>
		</gpxtpx:TrackPointExtension>
	</extensions>
</trkpt>
<trkpt lat="43.7502149" lon="15.7146604">
	<ele>-0.58</ele>
	<time>2026-08-14T10:39:11.027Z</time>
	<hdop>3.79</hdop>
	<extensions>
		<gpxtpx:TrackPointExtension>
			<gpxtpx:course>289.0</gpxtpx:course>
		</gpxtpx:TrackPointExtension>
	</extensions>
</trkpt>
<trkpt lat="43.7503006" lon="15.7142508">
	<ele>2.68</ele>
	<time>2026-08-14T10:39:21.027Z</time>
	<hdop>3.79</hdop>
	<extensions>
		<gpxtpx:TrackPointExtension>
			<gpxtpx:course>282.0</gpxtpx:course>
		</gpxtpx:TrackPointExtension>
	</extensions>
</trkpt>
<trkpt lat="43.7503533" lon="15.7138182">
	<ele>-3.21</ele>
	<time>2026-08-14T10:39:31.027Z</time>
	<hdop>3.79</hdop>
	<extensions>
		<gpxtpx:TrackPointExtension>
			<gpxtpx:course>277.0</gpxtpx:course>
		</gpxtpx:TrackPointExtension>
	</extensions>
</trkpt>
<trkpt lat="43.7503891" lon="15.7133763">
	<ele>-1.21</ele>
	<time>2026-08-14T10:39:41.028Z</time>
	<hdop>3.79</hdop>
	<extensions>
		<gpxtpx:TrackPointExtension>
			<gpxtpx:course>274.0</gpxtpx:course>
		</gpxtpx:TrackPointExtension>
	</extensions>
</trkpt>
<trkpt lat="43.7504200" lon="15.7129459">
	<ele>0.34</ele>
	<time>2026-08-14T10:39:51.028Z</time>
	<hdop>3.79</hdop>
	<extensions>
		<gpxtpx:TrackPointExtension>
			<gpxtpx:course>276.0</gpxtpx:course>
		</gpxtpx:TrackPointExtension>
	</extensions>
</trkpt>
<trkpt lat="43.7504712" lon="15.7124796">
	<ele>0.95</ele>
	<time>2026-08-14T10:40:02.027Z</time>
	<hdop>3.79</hdop>
	<extensions>
		<gpxtpx:TrackPointExtension>
			<gpxtpx:course>276.0</gpxtpx:course>
		</gpxtpx:TrackPointExtension>
	</extensions>
</trkpt>
<trkpt lat="43.7505205" lon="15.7120349">
	<ele>7.02</ele>
	<time>2026-08-14T10:40:12.027Z</time>
	<hdop>3.79</hdop>
	<extensions>
		<gpxtpx:TrackPointExtension>
			<gpxtpx:course>278.0</gpxtpx:course>
		</gpxtpx:TrackPointExtension>
	</extensions>
</trkpt>
<trkpt lat="43.7505972" lon="15.7115653">
	<ele>9.01</ele>
	<time>2026-08-14T10:40:23.027Z</time>
	<hdop>3.79</hdop>
	<extensions>
		<gpxtpx:TrackPointExtension>
			<gpxtpx:course>290.0</gpxtpx:course>
		</gpxtpx:TrackPointExtension>
	</extensions>
</trkpt>
<trkpt lat="43.7507097" lon="15.7111463">
	<ele>10.33</ele>
	<time>2026-08-14T10:40:33.027Z</time>
	<hdop>3.79</hdop>
	<extensions>
		<gpxtpx:TrackPointExtension>
			<gpxtpx:course>290.0</gpxtpx:course>
		</gpxtpx:TrackPointExtension>
	</extensions>
</trkpt>
<trkpt lat="43.7508214" lon="15.7106916">
	<ele>14.66</ele>
	<time>2026-08-14T10:40:44.027Z</time>
	<hdop>3.79</hdop>
	<extensions>
		<gpxtpx:TrackPointExtension>
			<gpxtpx:course>288.0</gpxtpx:course>
		</gpxtpx:TrackPointExtension>
	</extensions>
</trkpt>
<trkpt lat="43.7509156" lon="15.7102715">
	<ele>10.92</ele>
	<time>2026-08-14T10:40:54.027Z</time>
	<hdop>3.79</hdop>
	<extensions>
		<gpxtpx:TrackPointExtension>
			<gpxtpx:course>288.0</gpxtpx:course>
		</gpxtpx:TrackPointExtension>
	</extensions>
</trkpt>
<trkpt lat="43.7510267" lon="15.7098505">
	<ele>11.65</ele>
	<time>2026-08-14T10:41:04.027Z</time>
	<hdop>3.79</hdop>
	<extensions>
		<gpxtpx:TrackPointExtension>
			<gpxtpx:course>290.0</gpxtpx:course>
		</gpxtpx:TrackPointExtension>
	</extensions>
</trkpt>
<trkpt lat="43.7511387" lon="15.7094422">
	<ele>10.52</ele>
	<time>2026-08-14T10:41:14.027Z</time>
	<hdop>3.79</hdop>
	<extensions>
		<gpxtpx:TrackPointExtension>
			<gpxtpx:course>289.0</gpxtpx:course>
		</gpxtpx:TrackPointExtension>
	</extensions>
</trkpt>
<trkpt lat="43.7512632" lon="15.7090310">
	<ele>6.57</ele>
	<time>2026-08-14T10:41:24.027Z</time>
	<hdop>3.79</hdop>
	<extensions>
		<gpxtpx:TrackPointExtension>
			<gpxtpx:course>293.0</gpxtpx:course>
		</gpxtpx:TrackPointExtension>
	</extensions>
</trkpt>
<trkpt lat="43.7514008" lon="15.7085914">
	<ele>1.63</ele>
	<time>2026-08-14T10:41:35.027Z</time>
	<hdop>3.79</hdop>
	<extensions>
		<gpxtpx:TrackPointExtension>
			<gpxtpx:course>293.0</gpxtpx:course>
		</gpxtpx:TrackPointExtension>
	</extensions>
</trkpt>
<trkpt lat="43.7515326" lon="15.7081901">
	<ele>3.15</ele>
	<time>2026-08-14T10:41:45.027Z</time>
	<hdop>3.79</hdop>
	<extensions>
		<gpxtpx:TrackPointExtension>
			<gpxtpx:course>293.0</gpxtpx:course>
		</gpxtpx:TrackPointExtension>
	</extensions>
</trkpt>
<trkpt lat="43.7516580" lon="15.7077856">
	<ele>-4.23</ele>
	<time>2026-08-14T10:41:55.027Z</time>
	<hdop>3.79</hdop>
	<extensions>
		<gpxtpx:TrackPointExtension>
			<gpxtpx:course>294.0</gpxtpx:course>
		</gpxtpx:TrackPointExtension>
	</extensions>
</trkpt>
<trkpt lat="43.7517295" lon="15.7073136">
	<ele>-3.57</ele>
	<time>2026-08-14T10:42:06.027Z</time>
	<hdop>3.79</hdop>
	<extensions>
		<gpxtpx:TrackPointExtension>
			<gpxtpx:course>276.0</gpxtpx:course>
		</gpxtpx:TrackPointExtension>
	</extensions>
</trkpt>
<trkpt lat="43.7517600" lon="15.7068784">
	<ele>-2.19</ele>
	<time>2026-08-14T10:42:16.027Z</time>
	<hdop>3.79</hdop>
	<extensions>
		<gpxtpx:TrackPointExtension>
			<gpxtpx:course>271.0</gpxtpx:course>
		</gpxtpx:TrackPointExtension>
	</extensions>
</trkpt>
<trkpt lat="43.7517409" lon="15.7064010">
	<ele>-2.27</ele>
	<time>2026-08-14T10:42:27.027Z</time>
	<hdop>3.79</hdop>
	<extensions>
		<gpxtpx:TrackPointExtension>
			<gpxtpx:course>264.0</gpxtpx:course>
		</gpxtpx:TrackPointExtension>
	</extensions>
</trkpt>
<trkpt lat="43.7517306" lon="15.7059677">
	<ele>4.08</ele>
	<time>2026-08-14T10:42:37.027Z</time>
	<hdop>3.79</hdop>
	<extensions>
		<gpxtpx:TrackPointExtension>
			<gpxtpx:course>267.0</gpxtpx:course>
		</gpxtpx:TrackPointExtension>
	</extensions>
</trkpt>
<trkpt lat="43.7517317" lon="15.7054974">
	<ele>12.23</ele>
	<time>2026-08-14T10:42:48.027Z</time>
	<hdop>3.79</hdop>
	<extensions>
		<gpxtpx:TrackPointExtension>
			<gpxtpx:course>268.0</gpxtpx:course>
		</gpxtpx:TrackPointExtension>
	</extensions>
</trkpt>
<trkpt lat="43.7517444" lon="15.7050152">
	<ele>13.89</ele>
	<time>2026-08-14T10:42:59.027Z</time>
	<hdop>3.79</hdop>
	<extensions>
		<gpxtpx:TrackPointExtension>
			<gpxtpx:course>270.0</gpxtpx:course>
		</gpxtpx:TrackPointExtension>
	</extensions>
</trkpt>
<trkpt lat="43.7517572" lon="15.7045896">
	<ele>19.26</ele>
	<time>2026-08-14T10:43:09.027Z</time>
	<hdop>3.79</hdop>
	<extensions>
		<gpxtpx:TrackPointExtension>
			<gpxtpx:course>272.0</gpxtpx:course>
		</gpxtpx:TrackPointExtension>
	</extensions>
</trkpt>
<trkpt lat="43.7517876" lon="15.7041151">
	<ele>21.61</ele>
	<time>2026-08-14T10:43:20.027Z</time>
	<hdop>3.79</hdop>
	<extensions>
		<gpxtpx:TrackPointExtension>
			<gpxtpx:course>274.0</gpxtpx:course>
		</gpxtpx:TrackPointExtension>
	</extensions>
</trkpt>
<trkpt lat="43.7518254" lon="15.7036889">
	<ele>19.69</ele>
	<time>2026-08-14T10:43:30.027Z</time>
	<hdop>3.79</hdop>
	<extensions>
		<gpxtpx:TrackPointExtension>
			<gpxtpx:course>278.0</gpxtpx:course>
		</gpxtpx:TrackPointExtension>
	</extensions>
</trkpt>
<trkpt lat="43.7518637" lon="15.7032530">
	<ele>21.91</ele>
	<time>2026-08-14T10:43:40.027Z</time>
	<hdop>3.79</hdop>
	<extensions>
		<gpxtpx:TrackPointExtension>
			<gpxtpx:course>276.0</gpxtpx:course>
		</gpxtpx:TrackPointExtension>
	</extensions>
</trkpt>
<trkpt lat="43.7518985" lon="15.7028134">
	<ele>20.95</ele>
	<time>2026-08-14T10:43:50.027Z</time>
	<hdop>3.79</hdop>
	<extensions>
		<gpxtpx:TrackPointExtension>
			<gpxtpx:course>277.0</gpxtpx:course>
		</gpxtpx:TrackPointExtension>
	</extensions>
</trkpt>
<trkpt lat="43.7519162" lon="15.7023361">
	<ele>17.02</ele>
	<time>2026-08-14T10:44:01.026Z</time>
	<hdop>3.79</hdop>
	<extensions>
		<gpxtpx:TrackPointExtension>
			<gpxtpx:course>270.0</gpxtpx:course>
		</gpxtpx:TrackPointExtension>
	</extensions>
</trkpt>
<trkpt lat="43.7519045" lon="15.7019052">
	<ele>18.01</ele>
	<time>2026-08-14T10:44:11.026Z</time>
	<hdop>3.79</hdop>
	<extensions>
		<gpxtpx:TrackPointExtension>
			<gpxtpx:course>268.0</gpxtpx:course>
		</gpxtpx:TrackPointExtension>
	</extensions>
</trkpt>
<trkpt lat="43.7518729" lon="15.7014635">
	<ele>15.85</ele>
	<time>2026-08-14T10:44:21.026Z</time>
	<hdop>3.79</hdop>
	<extensions>
		<gpxtpx:TrackPointExtension>
			<gpxtpx:course>262.0</gpxtpx:course>
		</gpxtpx:TrackPointExtension>
	</extensions>
</trkpt>
<trkpt lat="43.7518248" lon="15.7010386">
	<ele>14.04</ele>
	<time>2026-08-14T10:44:31.027Z</time>
	<hdop>3.79</hdop>
	<extensions>
		<gpxtpx:TrackPointExtension>
			<gpxtpx:course>259.0</gpxtpx:course>
		</gpxtpx:TrackPointExtension>
	</extensions>
</trkpt>
<trkpt lat="43.7517591" lon="15.7005798">
	<ele>19.51</ele>
	<time>2026-08-14T10:44:42.026Z</time>
	<hdop>3.79</hdop>
	<extensions>
		<gpxtpx:TrackPointExtension>
			<gpxtpx:course>256.0</gpxtpx:course>
		</gpxtpx:TrackPointExtension>
	</extensions>
</trkpt>
<trkpt lat="43.7516833" lon="15.7001657">
	<ele>16.23</ele>
	<time>2026-08-14T10:44:52.027Z</time>
	<hdop>3.79</hdop>
	<extensions>
		<gpxtpx:TrackPointExtension>
			<gpxtpx:course>253.0</gpxtpx:course>
		</gpxtpx:TrackPointExtension>
	</extensions>
</trkpt>
<trkpt lat="43.7515912" lon="15.6997120">
	<ele>15.16</ele>
	<time>2026-08-14T10:45:03.025Z</time>
	<hdop>3.79</hdop>
	<extensions>
		<gpxtpx:TrackPointExtension>
			<gpxtpx:course>255.0</gpxtpx:course>
		</gpxtpx:TrackPointExtension>
	</extensions>
</trkpt>
<trkpt lat="43.7515230" lon="15.6992930">
	<ele>13.62</ele>
	<time>2026-08-14T10:45:13.026Z</time>
	<hdop>3.79</hdop>
	<extensions>
		<gpxtpx:TrackPointExtension>
			<gpxtpx:course>260.0</gpxtpx:course>
		</gpxtpx:TrackPointExtension>
	</extensions>
</trkpt>
<trkpt lat="43.7514497" lon="15.6988326">
	<ele>17.63</ele>
	<time>2026-08-14T10:45:24.027Z</time>
	<hdop>3.79</hdop>
	<extensions>
		<gpxtpx:TrackPointExtension>
			<gpxtpx:course>259.0</gpxtpx:course>
		</gpxtpx:TrackPointExtension>
	</extensions>
</trkpt>
<trkpt lat="43.7514171" lon="15.6983529">
	<ele>8.22</ele>
	<time>2026-08-14T10:45:35.026Z</time>
	<hdop>3.79</hdop>
	<extensions>
		<gpxtpx:TrackPointExtension>
			<gpxtpx:course>267.0</gpxtpx:course>
		</gpxtpx:TrackPointExtension>
	</extensions>
</trkpt>
<trkpt lat="43.7514189" lon="15.6979211">
	<ele>-14.12</ele>
	<time>2026-08-14T10:45:45.027Z</time>
	<hdop>3.79</hdop>
	<extensions>
		<gpxtpx:TrackPointExtension>
			<gpxtpx:course>264.0</gpxtpx:course>
		</gpxtpx:TrackPointExtension>
	</extensions>
</trkpt>
<trkpt lat="43.7513791" lon="15.6974468">
	<ele>-27.99</ele>
	<time>2026-08-14T10:45:56.025Z</time>
	<hdop>3.79</hdop>
	<extensions>
		<gpxtpx:TrackPointExtension>
			<gpxtpx:course>263.0</gpxtpx:course>
		</gpxtpx:TrackPointExtension>
	</extensions>
</trkpt>
<trkpt lat="43.7513351" lon="15.6970157">
	<ele>-21.65</ele>
	<time>2026-08-14T10:46:06.026Z</time>
	<hdop>3.79</hdop>
	<extensions>
		<gpxtpx:TrackPointExtension>
			<gpxtpx:course>258.0</gpxtpx:course>
		</gpxtpx:TrackPointExtension>
	</extensions>
</trkpt>
<trkpt lat="43.7512887" lon="15.6965447">
	<ele>-13.10</ele>
	<time>2026-08-14T10:46:17.026Z</time>
	<hdop>3.79</hdop>
	<extensions>
		<gpxtpx:TrackPointExtension>
			<gpxtpx:course>264.0</gpxtpx:course>
		</gpxtpx:TrackPointExtension>
	</extensions>
</trkpt>
<trkpt lat="43.7512461" lon="15.6961077">
	<ele>-1.71</ele>
	<time>2026-08-14T10:46:27.027Z</time>
	<hdop>3.79</hdop>
	<extensions>
		<gpxtpx:TrackPointExtension>
			<gpxtpx:course>265.0</gpxtpx:course>
		</gpxtpx:TrackPointExtension>
	</extensions>
</trkpt>
<trkpt lat="43.7512167" lon="15.6956413">
	<ele>3.81</ele>
	<time>2026-08-14T10:46:38.026Z</time>
	<hdop>3.79</hdop>
	<extensions>
		<gpxtpx:TrackPointExtension>
			<gpxtpx:course>266.0</gpxtpx:course>
		</gpxtpx:TrackPointExtension>
	</extensions>
</trkpt>
<trkpt lat="43.7511968" lon="15.6952091">
	<ele>4.73</ele>
	<time>2026-08-14T10:46:48.027Z</time>
	<hdop>3.79</hdop>
	<extensions>
		<gpxtpx:TrackPointExtension>
			<gpxtpx:course>263.0</gpxtpx:course>
		</gpxtpx:TrackPointExtension>
	</extensions>
</trkpt>
<trkpt lat="43.7511557" lon="15.6947924">
	<ele>5.68</ele>
	<time>2026-08-14T10:46:58.027Z</time>
	<hdop>3.79</hdop>
	<extensions>
		<gpxtpx:TrackPointExtension>
			<gpxtpx:course>264.0</gpxtpx:course>
		</gpxtpx:TrackPointExtension>
	</extensions>
</trkpt>
<trkpt lat="43.7511265" lon="15.6943197">
	<ele>5.73</ele>
	<time>2026-08-14T10:47:09.027Z</time>
	<hdop>3.79</hdop>
	<extensions>
		<gpxtpx:TrackPointExtension>
			<gpxtpx:course>266.0</gpxtpx:course>
		</gpxtpx:TrackPointExtension>
	</extensions>
</trkpt>
<trkpt lat="43.7511090" lon="15.6938884">
	<ele>6.10</ele>
	<time>2026-08-14T10:47:19.027Z</time>
	<hdop>3.79</hdop>
	<extensions>
		<gpxtpx:TrackPointExtension>
			<gpxtpx:course>266.0</gpxtpx:course>
		</gpxtpx:TrackPointExtension>
	</extensions>
</trkpt>
<trkpt lat="43.7511107" lon="15.6934231">
	<ele>11.97</ele>
	<time>2026-08-14T10:47:30.027Z</time>
	<hdop>3.79</hdop>
	<extensions>
		<gpxtpx:TrackPointExtension>
			<gpxtpx:course>272.0</gpxtpx:course>
		</gpxtpx:TrackPointExtension>
	</extensions>
</trkpt>
<trkpt lat="43.7511431" lon="15.6929479">
	<ele>17.63</ele>
	<time>2026-08-14T10:47:41.026Z</time>
	<hdop>3.79</hdop>
	<extensions>
		<gpxtpx:TrackPointExtension>
			<gpxtpx:course>276.0</gpxtpx:course>
		</gpxtpx:TrackPointExtension>
	</extensions>
</trkpt>
<trkpt lat="43.7511899" lon="15.6925308">
	<ele>16.06</ele>
	<time>2026-08-14T10:47:51.026Z</time>
	<hdop>3.79</hdop>
	<extensions>
		<gpxtpx:TrackPointExtension>
			<gpxtpx:course>280.0</gpxtpx:course>
		</gpxtpx:TrackPointExtension>
	</extensions>
</trkpt>
<trkpt lat="43.7512400" lon="15.6920988">
	<ele>20.94</ele>
	<time>2026-08-14T10:48:01.026Z</time>
	<hdop>3.79</hdop>
	<extensions>
		<gpxtpx:TrackPointExtension>
			<gpxtpx:course>277.0</gpxtpx:course>
		</gpxtpx:TrackPointExtension>
	</extensions>
</trkpt>
<trkpt lat="43.7512844" lon="15.6916761">
	<ele>24.79</ele>
	<time>2026-08-14T10:48:11.026Z</time>
	<hdop>3.79</hdop>
	<extensions>
		<gpxtpx:TrackPointExtension>
			<gpxtpx:course>275.0</gpxtpx:course>
		</gpxtpx:TrackPointExtension>
	</extensions>
</trkpt>
<trkpt lat="43.7513294" lon="15.6912584">
	<ele>26.25</ele>
	<time>2026-08-14T10:48:21.026Z</time>
	<hdop>3.79</hdop>
	<extensions>
		<gpxtpx:TrackPointExtension>
			<gpxtpx:course>281.0</gpxtpx:course>
		</gpxtpx:TrackPointExtension>
	</extensions>
</trkpt>
<trkpt lat="43.7513614" lon="15.6908288">
	<ele>23.07</ele>
	<time>2026-08-14T10:48:31.026Z</time>
	<hdop>3.79</hdop>
	<extensions>
		<gpxtpx:TrackPointExtension>
			<gpxtpx:course>274.0</gpxtpx:course>
		</gpxtpx:TrackPointExtension>
	</extensions>
</trkpt>
<trkpt lat="43.7513975" lon="15.6903579">
	<ele>10.50</ele>
	<time>2026-08-14T10:48:42.026Z</time>
	<hdop>7.70</hdop>
	<extensions>
		<gpxtpx:TrackPointExtension>
			<gpxtpx:course>276.0</gpxtpx:course>
		</gpxtpx:TrackPointExtension>
	</extensions>
</trkpt>
<trkpt lat="43.7514347" lon="15.6898947">
	<ele>3.85</ele>
	<time>2026-08-14T10:48:53.026Z</time>
	<hdop>3.79</hdop>
	<extensions>
		<gpxtpx:TrackPointExtension>
			<gpxtpx:course>276.0</gpxtpx:course>
		</gpxtpx:TrackPointExtension>
	</extensions>
</trkpt>
<trkpt lat="43.7514649" lon="15.6894732">
	<ele>10.28</ele>
	<time>2026-08-14T10:49:03.026Z</time>
	<hdop>3.79</hdop>
	<extensions>
		<gpxtpx:TrackPointExtension>
			<gpxtpx:course>273.0</gpxtpx:course>
		</gpxtpx:TrackPointExtension>
	</extensions>
</trkpt>
<trkpt lat="43.7514980" lon="15.6890433">
	<ele>14.51</ele>
	<time>2026-08-14T10:49:13.026Z</time>
	<hdop>3.79</hdop>
	<extensions>
		<gpxtpx:TrackPointExtension>
			<gpxtpx:course>276.0</gpxtpx:course>
		</gpxtpx:TrackPointExtension>
	</extensions>
</trkpt>
<trkpt lat="43.7515414" lon="15.6885686">
	<ele>19.70</ele>
	<time>2026-08-14T10:49:24.026Z</time>
	<hdop>3.79</hdop>
	<extensions>
		<gpxtpx:TrackPointExtension>
			<gpxtpx:course>281.0</gpxtpx:course>
		</gpxtpx:TrackPointExtension>
	</extensions>
</trkpt>
<trkpt lat="43.7515712" lon="15.6881403">
	<ele>14.68</ele>
	<time>2026-08-14T10:49:34.026Z</time>
	<hdop>3.79</hdop>
	<extensions>
		<gpxtpx:TrackPointExtension>
			<gpxtpx:course>274.0</gpxtpx:course>
		</gpxtpx:TrackPointExtension>
	</extensions>
</trkpt>
<trkpt lat="43.7516038" lon="15.6877220">
	<ele>14.64</ele>
	<time>2026-08-14T10:49:44.026Z</time>
	<hdop>3.79</hdop>
	<extensions>
		<gpxtpx:TrackPointExtension>
			<gpxtpx:course>274.0</gpxtpx:course>
		</gpxtpx:TrackPointExtension>
	</extensions>
</trkpt>
<trkpt lat="43.7516400" lon="15.6872959">
	<ele>18.37</ele>
	<time>2026-08-14T10:49:54.026Z</time>
	<hdop>3.79</hdop>
	<extensions>
		<gpxtpx:TrackPointExtension>
			<gpxtpx:course>277.0</gpxtpx:course>
		</gpxtpx:TrackPointExtension>
	</extensions>
</trkpt>
<trkpt lat="43.7516748" lon="15.6868689">
	<ele>21.93</ele>
	<time>2026-08-14T10:50:04.026Z</time>
	<hdop>3.79</hdop>
	<extensions>
		<gpxtpx:TrackPointExtension>
			<gpxtpx:course>276.0</gpxtpx:course>
		</gpxtpx:TrackPointExtension>
	</extensions>
</trkpt>
<trkpt lat="43.7517103" lon="15.6863873">
	<ele>19.67</ele>
	<time>2026-08-14T10:50:15.026Z</time>
	<hdop>3.79</hdop>
	<extensions>
		<gpxtpx:TrackPointExtension>
			<gpxtpx:course>277.0</gpxtpx:course>
		</gpxtpx:TrackPointExtension>
	</extensions>
</trkpt>
<trkpt lat="43.7517542" lon="15.6859588">
	<ele>20.70</ele>
	<time>2026-08-14T10:50:25.026Z</time>
	<hdop>3.79</hdop>
	<extensions>
		<gpxtpx:TrackPointExtension>
			<gpxtpx:course>277.0</gpxtpx:course>
		</gpxtpx:TrackPointExtension>
	</extensions>
</trkpt>
<trkpt lat="43.7517925" lon="15.6854915">
	<ele>16.41</ele>
	<time>2026-08-14T10:50:36.026Z</time>
	<hdop>3.79</hdop>
	<extensions>
		<gpxtpx:TrackPointExtension>
			<gpxtpx:course>275.0</gpxtpx:course>
		</gpxtpx:TrackPointExtension>
	</extensions>
</trkpt>
<trkpt lat="43.7518208" lon="15.6850570">
	<ele>19.41</ele>
	<time>2026-08-14T10:50:46.026Z</time>
	<hdop>3.79</hdop>
	<extensions>
		<gpxtpx:TrackPointExtension>
			<gpxtpx:course>276.0</gpxtpx:course>
		</gpxtpx:TrackPointExtension>
	</extensions>
</trkpt>
<trkpt lat="43.7518557" lon="15.6846265">
	<ele>18.50</ele>
	<time>2026-08-14T10:50:56.026Z</time>
	<hdop>3.79</hdop>
	<extensions>
		<gpxtpx:TrackPointExtension>
			<gpxtpx:course>272.0</gpxtpx:course>
		</gpxtpx:TrackPointExtension>
	</extensions>
</trkpt>
<trkpt lat="43.7518942" lon="15.6841507">
	<ele>17.05</ele>
	<time>2026-08-14T10:51:07.026Z</time>
	<hdop>3.79</hdop>
	<extensions>
		<gpxtpx:TrackPointExtension>
			<gpxtpx:course>278.0</gpxtpx:course>
		</gpxtpx:TrackPointExtension>
	</extensions>
</trkpt>
<trkpt lat="43.7519296" lon="15.6837162">
	<ele>15.74</ele>
	<time>2026-08-14T10:51:17.026Z</time>
	<hdop>3.79</hdop>
	<extensions>
		<gpxtpx:TrackPointExtension>
			<gpxtpx:course>275.0</gpxtpx:course>
		</gpxtpx:TrackPointExtension>
	</extensions>
</trkpt>
<trkpt lat="43.7519676" lon="15.6832447">
	<ele>14.92</ele>
	<time>2026-08-14T10:51:28.026Z</time>
	<hdop>3.79</hdop>
	<extensions>
		<gpxtpx:TrackPointExtension>
			<gpxtpx:course>276.0</gpxtpx:course>
		</gpxtpx:TrackPointExtension>
	</extensions>
</trkpt>
<trkpt lat="43.7519927" lon="15.6828102">
	<ele>16.66</ele>
	<time>2026-08-14T10:51:38.026Z</time>
	<hdop>3.79</hdop>
	<extensions>
		<gpxtpx:TrackPointExtension>
			<gpxtpx:course>278.0</gpxtpx:course>
		</gpxtpx:TrackPointExtension>
	</extensions>
</trkpt>
<trkpt lat="43.7520255" lon="15.6823843">
	<ele>13.83</ele>
	<time>2026-08-14T10:51:48.026Z</time>
	<hdop>3.79</hdop>
	<extensions>
		<gpxtpx:TrackPointExtension>
			<gpxtpx:course>276.0</gpxtpx:course>
		</gpxtpx:TrackPointExtension>
	</extensions>
</trkpt>
<trkpt lat="43.7520594" lon="15.6819180">
	<ele>10.69</ele>
	<time>2026-08-14T10:51:59.026Z</time>
	<hdop>3.79</hdop>
	<extensions>
		<gpxtpx:TrackPointExtension>
			<gpxtpx:course>276.0</gpxtpx:course>
		</gpxtpx:TrackPointExtension>
	</extensions>
</trkpt>
<trkpt lat="43.7520990" lon="15.6814459">
	<ele>11.44</ele>
	<time>2026-08-14T10:52:10.025Z</time>
	<hdop>3.79</hdop>
	<extensions>
		<gpxtpx:TrackPointExtension>
			<gpxtpx:course>276.0</gpxtpx:course>
		</gpxtpx:TrackPointExtension>
	</extensions>
</trkpt>
<trkpt lat="43.7521283" lon="15.6810202">
	<ele>8.69</ele>
	<time>2026-08-14T10:52:20.026Z</time>
	<hdop>3.79</hdop>
	<extensions>
		<gpxtpx:TrackPointExtension>
			<gpxtpx:course>275.0</gpxtpx:course>
		</gpxtpx:TrackPointExtension>
	</extensions>
</trkpt>
<trkpt lat="43.7521693" lon="15.6805471">
	<ele>5.58</ele>
	<time>2026-08-14T10:52:31.026Z</time>
	<hdop>3.79</hdop>
	<extensions>
		<gpxtpx:TrackPointExtension>
			<gpxtpx:course>275.0</gpxtpx:course>
		</gpxtpx:TrackPointExtension>
	</extensions>
</trkpt>
<trkpt lat="43.7521977" lon="15.6801186">
	<ele>4.29</ele>
	<time>2026-08-14T10:52:41.026Z</time>
	<hdop>3.79</hdop>
	<extensions>
		<gpxtpx:TrackPointExtension>
			<gpxtpx:course>275.0</gpxtpx:course>
		</gpxtpx:TrackPointExtension>
	</extensions>
</trkpt>
<trkpt lat="43.7522304" lon="15.6796914">
	<ele>-13.25</ele>
	<time>2026-08-14T10:52:51.026Z</time>
	<hdop>3.79</hdop>
	<extensions>
		<gpxtpx:TrackPointExtension>
			<gpxtpx:course>277.0</gpxtpx:course>
		</gpxtpx:TrackPointExtension>
	</extensions>
</trkpt>
<trkpt lat="43.7522543" lon="15.6792242">
	<ele>-23.78</ele>
	<time>2026-08-14T10:53:02.026Z</time>
	<hdop>3.79</hdop>
	<extensions>
		<gpxtpx:TrackPointExtension>
			<gpxtpx:course>279.0</gpxtpx:course>
		</gpxtpx:TrackPointExtension>
	</extensions>
</trkpt>
<trkpt lat="43.7523199" lon="15.6788093">
	<ele>-20.16</ele>
	<time>2026-08-14T10:53:12.026Z</time>
	<hdop>3.79</hdop>
	<extensions>
		<gpxtpx:TrackPointExtension>
			<gpxtpx:course>287.0</gpxtpx:course>
		</gpxtpx:TrackPointExtension>
	</extensions>
</trkpt>
<trkpt lat="43.7524125" lon="15.6784001">
	<ele>-23.41</ele>
	<time>2026-08-14T10:53:22.026Z</time>
	<hdop>3.79</hdop>
	<extensions>
		<gpxtpx:TrackPointExtension>
			<gpxtpx:course>286.0</gpxtpx:course>
		</gpxtpx:TrackPointExtension>
	</extensions>
</trkpt>
<trkpt lat="43.7525290" lon="15.6779602">
	<ele>-27.90</ele>
	<time>2026-08-14T10:53:33.025Z</time>
	<hdop>3.79</hdop>
	<extensions>
		<gpxtpx:TrackPointExtension>
			<gpxtpx:course>290.0</gpxtpx:course>
		</gpxtpx:TrackPointExtension>
	</extensions>
</trkpt>
<trkpt lat="43.7526557" lon="15.6775679">
	<ele>-31.76</ele>
	<time>2026-08-14T10:53:43.025Z</time>
	<hdop>3.79</hdop>
	<extensions>
		<gpxtpx:TrackPointExtension>
			<gpxtpx:course>293.0</gpxtpx:course>
		</gpxtpx:TrackPointExtension>
	</extensions>
</trkpt>
<trkpt lat="43.7527759" lon="15.6771822">
	<ele>-39.16</ele>
	<time>2026-08-14T10:53:53.025Z</time>
	<hdop>3.79</hdop>
	<extensions>
		<gpxtpx:TrackPointExtension>
			<gpxtpx:course>293.0</gpxtpx:course>
		</gpxtpx:TrackPointExtension>
	</extensions>
</trkpt>
<trkpt lat="43.7529070" lon="15.6767971">
	<ele>-42.75</ele>
	<time>2026-08-14T10:54:03.026Z</time>
	<hdop>3.79</hdop>
	<extensions>
		<gpxtpx:TrackPointExtension>
			<gpxtpx:course>293.0</gpxtpx:course>
		</gpxtpx:TrackPointExtension>
	</extensions>
</trkpt>
<trkpt lat="43.7530348" lon="15.6763648">
	<ele>-32.72</ele>
	<time>2026-08-14T10:54:14.025Z</time>
	<hdop>3.79</hdop>
	<extensions>
		<gpxtpx:TrackPointExtension>
			<gpxtpx:course>293.0</gpxtpx:course>
		</gpxtpx:TrackPointExtension>
	</extensions>
</trkpt>
<trkpt lat="43.7531623" lon="15.6759757">
	<ele>-24.28</ele>
	<time>2026-08-14T10:54:24.025Z</time>
	<hdop>3.79</hdop>
	<extensions>
		<gpxtpx:TrackPointExtension>
			<gpxtpx:course>291.0</gpxtpx:course>
		</gpxtpx:TrackPointExtension>
	</extensions>
</trkpt>
<trkpt lat="43.7532847" lon="15.6755739">
	<ele>-19.35</ele>
	<time>2026-08-14T10:54:34.025Z</time>
	<hdop>3.79</hdop>
	<extensions>
		<gpxtpx:TrackPointExtension>
			<gpxtpx:course>293.0</gpxtpx:course>
		</gpxtpx:TrackPointExtension>
	</extensions>
</trkpt>
<trkpt lat="43.7534217" lon="15.6751397">
	<ele>-13.37</ele>
	<time>2026-08-14T10:54:45.025Z</time>
	<hdop>3.79</hdop>
	<extensions>
		<gpxtpx:TrackPointExtension>
			<gpxtpx:course>292.0</gpxtpx:course>
		</gpxtpx:TrackPointExtension>
	</extensions>
</trkpt>
<trkpt lat="43.7535526" lon="15.6747294">
	<ele>-17.00</ele>
	<time>2026-08-14T10:54:55.025Z</time>
	<hdop>3.79</hdop>
	<extensions>
		<gpxtpx:TrackPointExtension>
			<gpxtpx:course>293.0</gpxtpx:course>
		</gpxtpx:TrackPointExtension>
	</extensions>
</trkpt>
<trkpt lat="43.7536795" lon="15.6743298">
	<ele>-17.59</ele>
	<time>2026-08-14T10:55:05.025Z</time>
	<hdop>3.79</hdop>
	<extensions>
		<gpxtpx:TrackPointExtension>
			<gpxtpx:course>292.0</gpxtpx:course>
		</gpxtpx:TrackPointExtension>
	</extensions>
</trkpt>
<trkpt lat="43.7538158" lon="15.6738986">
	<ele>-26.82</ele>
	<time>2026-08-14T10:55:16.026Z</time>
	<hdop>3.79</hdop>
	<extensions>
		<gpxtpx:TrackPointExtension>
			<gpxtpx:course>291.0</gpxtpx:course>
		</gpxtpx:TrackPointExtension>
	</extensions>
</trkpt>
<trkpt lat="43.7539417" lon="15.6734768">
	<ele>-30.33</ele>
	<time>2026-08-14T10:55:27.024Z</time>
	<hdop>3.79</hdop>
	<extensions>
		<gpxtpx:TrackPointExtension>
			<gpxtpx:course>295.0</gpxtpx:course>
		</gpxtpx:TrackPointExtension>
	</extensions>
</trkpt>
<trkpt lat="43.7540642" lon="15.6730933">
	<ele>-30.06</ele>
	<time>2026-08-14T10:55:37.025Z</time>
	<hdop>3.79</hdop>
	<extensions>
		<gpxtpx:TrackPointExtension>
			<gpxtpx:course>298.0</gpxtpx:course>
		</gpxtpx:TrackPointExtension>
	</extensions>
</trkpt>
<trkpt lat="43.7541915" lon="15.6726631">
	<ele>-25.04</ele>
	<time>2026-08-14T10:55:48.026Z</time>
	<hdop>3.79</hdop>
	<extensions>
		<gpxtpx:TrackPointExtension>
			<gpxtpx:course>296.0</gpxtpx:course>
		</gpxtpx:TrackPointExtension>
	</extensions>
</trkpt>
<trkpt lat="43.7543196" lon="15.6722342">
	<ele>-15.44</ele>
	<time>2026-08-14T10:55:59.025Z</time>
	<hdop>3.79</hdop>
	<extensions>
		<gpxtpx:TrackPointExtension>
			<gpxtpx:course>291.0</gpxtpx:course>
		</gpxtpx:TrackPointExtension>
	</extensions>
</trkpt>
<trkpt lat="43.7544380" lon="15.6718517">
	<ele>8.20</ele>
	<time>2026-08-14T10:56:09.025Z</time>
	<hdop>3.79</hdop>
	<extensions>
		<gpxtpx:TrackPointExtension>
			<gpxtpx:course>292.0</gpxtpx:course>
		</gpxtpx:TrackPointExtension>
	</extensions>
</trkpt>
<trkpt lat="43.7545530" lon="15.6714626">
	<ele>12.49</ele>
	<time>2026-08-14T10:56:19.025Z</time>
	<hdop>3.79</hdop>
	<extensions>
		<gpxtpx:TrackPointExtension>
			<gpxtpx:course>293.0</gpxtpx:course>
		</gpxtpx:TrackPointExtension>
	</extensions>
</trkpt>
<trkpt lat="43.7546854" lon="15.6710608">
	<ele>20.31</ele>
	<time>2026-08-14T10:56:29.025Z</time>
	<hdop>3.79</hdop>
	<extensions>
		<gpxtpx:TrackPointExtension>
			<gpxtpx:course>292.0</gpxtpx:course>
		</gpxtpx:TrackPointExtension>
	</extensions>
</trkpt>
<trkpt lat="43.7548074" lon="15.6706708">
	<ele>22.91</ele>
	<time>2026-08-14T10:56:39.025Z</time>
	<hdop>3.79</hdop>
	<extensions>
		<gpxtpx:TrackPointExtension>
			<gpxtpx:course>295.0</gpxtpx:course>
		</gpxtpx:TrackPointExtension>
	</extensions>
</trkpt>
<trkpt lat="43.7549273" lon="15.6702688">
	<ele>25.13</ele>
	<time>2026-08-14T10:56:49.025Z</time>
	<hdop>3.79</hdop>
	<extensions>
		<gpxtpx:TrackPointExtension>
			<gpxtpx:course>293.0</gpxtpx:course>
		</gpxtpx:TrackPointExtension>
	</extensions>
</trkpt>
<trkpt lat="43.7550575" lon="15.6698649">
	<ele>23.90</ele>
	<time>2026-08-14T10:56:59.025Z</time>
	<hdop>3.79</hdop>
	<extensions>
		<gpxtpx:TrackPointExtension>
			<gpxtpx:course>294.0</gpxtpx:course>
		</gpxtpx:TrackPointExtension>
	</extensions>
</trkpt>
<trkpt lat="43.7551834" lon="15.6694654">
	<ele>27.07</ele>
	<time>2026-08-14T10:57:09.025Z</time>
	<hdop>3.79</hdop>
	<extensions>
		<gpxtpx:TrackPointExtension>
			<gpxtpx:course>292.0</gpxtpx:course>
		</gpxtpx:TrackPointExtension>
	</extensions>
</trkpt>
<trkpt lat="43.7553185" lon="15.6690617">
	<ele>16.82</ele>
	<time>2026-08-14T10:57:19.025Z</time>
	<hdop>3.79</hdop>
	<extensions>
		<gpxtpx:TrackPointExtension>
			<gpxtpx:course>293.0</gpxtpx:course>
		</gpxtpx:TrackPointExtension>
	</extensions>
</trkpt>
<trkpt lat="43.7554472" lon="15.6686614">
	<ele>7.39</ele>
	<time>2026-08-14T10:57:29.025Z</time>
	<hdop>3.79</hdop>
	<extensions>
		<gpxtpx:TrackPointExtension>
			<gpxtpx:course>292.0</gpxtpx:course>
		</gpxtpx:TrackPointExtension>
	</extensions>
</trkpt>
<trkpt lat="43.7555724" lon="15.6682653">
	<ele>8.90</ele>
	<time>2026-08-14T10:57:39.025Z</time>
	<hdop>3.79</hdop>
	<extensions>
		<gpxtpx:TrackPointExtension>
			<gpxtpx:course>293.0</gpxtpx:course>
		</gpxtpx:TrackPointExtension>
	</extensions>
</trkpt>
<trkpt lat="43.7557047" lon="15.6678740">
	<ele>13.82</ele>
	<time>2026-08-14T10:57:49.025Z</time>
	<hdop>3.79</hdop>
	<extensions>
		<gpxtpx:TrackPointExtension>
			<gpxtpx:course>292.0</gpxtpx:course>
		</gpxtpx:TrackPointExtension>
	</extensions>
</trkpt>
<trkpt lat="43.7558303" lon="15.6674791">
	<ele>15.00</ele>
	<time>2026-08-14T10:57:59.025Z</time>
	<hdop>3.79</hdop>
	<extensions>
		<gpxtpx:TrackPointExtension>
			<gpxtpx:course>294.0</gpxtpx:course>
		</gpxtpx:TrackPointExtension>
	</extensions>
</trkpt>
<trkpt lat="43.7559699" lon="15.6670496">
	<ele>0.78</ele>
	<time>2026-08-14T10:58:10.025Z</time>
	<hdop>3.79</hdop>
	<extensions>
		<gpxtpx:TrackPointExtension>
			<gpxtpx:course>298.0</gpxtpx:course>
		</gpxtpx:TrackPointExtension>
	</extensions>
</trkpt>
<trkpt lat="43.7561074" lon="15.6666218">
	<ele>-29.51</ele>
	<time>2026-08-14T10:58:21.025Z</time>
	<hdop>3.79</hdop>
	<extensions>
		<gpxtpx:TrackPointExtension>
			<gpxtpx:course>295.0</gpxtpx:course>
		</gpxtpx:TrackPointExtension>
	</extensions>
</trkpt>
<trkpt lat="43.7562444" lon="15.6661919">
	<ele>-30.02</ele>
	<time>2026-08-14T10:58:32.024Z</time>
	<hdop>3.79</hdop>
	<extensions>
		<gpxtpx:TrackPointExtension>
			<gpxtpx:course>294.0</gpxtpx:course>
		</gpxtpx:TrackPointExtension>
	</extensions>
</trkpt>
<trkpt lat="43.7563873" lon="15.6657549">
	<ele>-5.50</ele>
	<time>2026-08-14T10:58:43.025Z</time>
	<hdop>3.79</hdop>
	<extensions>
		<gpxtpx:TrackPointExtension>
			<gpxtpx:course>293.0</gpxtpx:course>
		</gpxtpx:TrackPointExtension>
	</extensions>
</trkpt>
<trkpt lat="43.7565379" lon="15.6653260">
	<ele>7.81</ele>
	<time>2026-08-14T10:58:54.024Z</time>
	<hdop>3.79</hdop>
	<extensions>
		<gpxtpx:TrackPointExtension>
			<gpxtpx:course>293.0</gpxtpx:course>
		</gpxtpx:TrackPointExtension>
	</extensions>
</trkpt>
<trkpt lat="43.7566625" lon="15.6649359">
	<ele>6.61</ele>
	<time>2026-08-14T10:59:04.025Z</time>
	<hdop>3.79</hdop>
	<extensions>
		<gpxtpx:TrackPointExtension>
			<gpxtpx:course>294.0</gpxtpx:course>
		</gpxtpx:TrackPointExtension>
	</extensions>
</trkpt>
<trkpt lat="43.7568015" lon="15.6645052">
	<ele>7.39</ele>
	<time>2026-08-14T10:59:15.024Z</time>
	<hdop>3.79</hdop>
	<extensions>
		<gpxtpx:TrackPointExtension>
			<gpxtpx:course>295.0</gpxtpx:course>
		</gpxtpx:TrackPointExtension>
	</extensions>
</trkpt>
<trkpt lat="43.7569319" lon="15.6641085">
	<ele>12.10</ele>
	<time>2026-08-14T10:59:25.024Z</time>
	<hdop>3.79</hdop>
	<extensions>
		<gpxtpx:TrackPointExtension>
			<gpxtpx:course>294.0</gpxtpx:course>
		</gpxtpx:TrackPointExtension>
	</extensions>
</trkpt>
<trkpt lat="43.7570604" lon="15.6637121">
	<ele>7.87</ele>
	<time>2026-08-14T10:59:35.025Z</time>
	<hdop>3.79</hdop>
	<extensions>
		<gpxtpx:TrackPointExtension>
			<gpxtpx:course>293.0</gpxtpx:course>
		</gpxtpx:TrackPointExtension>
	</extensions>
</trkpt>
<trkpt lat="43.7571979" lon="15.6632873">
	<ele>13.25</ele>
	<time>2026-08-14T10:59:46.025Z</time>
	<hdop>3.79</hdop>
	<extensions>
		<gpxtpx:TrackPointExtension>
			<gpxtpx:course>294.0</gpxtpx:course>
		</gpxtpx:TrackPointExtension>
	</extensions>
</trkpt>
<trkpt lat="43.7573426" lon="15.6628539">
	<ele>13.73</ele>
	<time>2026-08-14T10:59:57.025Z</time>
	<hdop>3.79</hdop>
	<extensions>
		<gpxtpx:TrackPointExtension>
			<gpxtpx:course>294.0</gpxtpx:course>
		</gpxtpx:TrackPointExtension>
	</extensions>
</trkpt>
<trkpt lat="43.7574891" lon="15.6624208">
	<ele>23.00</ele>
	<time>2026-08-14T11:00:08.025Z</time>
	<hdop>3.79</hdop>
	<extensions>
		<gpxtpx:TrackPointExtension>
			<gpxtpx:course>293.0</gpxtpx:course>
		</gpxtpx:TrackPointExtension>
	</extensions>
</trkpt>
<trkpt lat="43.7576264" lon="15.6620016">
	<ele>25.04</ele>
	<time>2026-08-14T11:00:19.023Z</time>
	<hdop>3.79</hdop>
	<extensions>
		<gpxtpx:TrackPointExtension>
			<gpxtpx:course>293.0</gpxtpx:course>
		</gpxtpx:TrackPointExtension>
	</extensions>
</trkpt>
<trkpt lat="43.7577486" lon="15.6616139">
	<ele>23.14</ele>
	<time>2026-08-14T11:00:29.024Z</time>
	<hdop>3.79</hdop>
	<extensions>
		<gpxtpx:TrackPointExtension>
			<gpxtpx:course>292.0</gpxtpx:course>
		</gpxtpx:TrackPointExtension>
	</extensions>
</trkpt>
<trkpt lat="43.7578799" lon="15.6612266">
	<ele>17.45</ele>
	<time>2026-08-14T11:00:39.025Z</time>
	<hdop>3.79</hdop>
	<extensions>
		<gpxtpx:TrackPointExtension>
			<gpxtpx:course>295.0</gpxtpx:course>
		</gpxtpx:TrackPointExtension>
	</extensions>
</trkpt>
<trkpt lat="43.7580072" lon="15.6608353">
	<ele>15.15</ele>
	<time>2026-08-14T11:00:49.025Z</time>
	<hdop>3.79</hdop>
	<extensions>
		<gpxtpx:TrackPointExtension>
			<gpxtpx:course>294.0</gpxtpx:course>
		</gpxtpx:TrackPointExtension>
	</extensions>
</trkpt>
<trkpt lat="43.7581426" lon="15.6604153">
	<ele>4.48</ele>
	<time>2026-08-14T11:01:00.024Z</time>
	<hdop>3.79</hdop>
	<extensions>
		<gpxtpx:TrackPointExtension>
			<gpxtpx:course>294.0</gpxtpx:course>
		</gpxtpx:TrackPointExtension>
	</extensions>
</trkpt>
<trkpt lat="43.7582818" lon="15.6600247">
	<ele>6.12</ele>
	<time>2026-08-14T11:01:10.024Z</time>
	<hdop>3.79</hdop>
	<extensions>
		<gpxtpx:TrackPointExtension>
			<gpxtpx:course>295.0</gpxtpx:course>
		</gpxtpx:TrackPointExtension>
	</extensions>
</trkpt>
<trkpt lat="43.7584054" lon="15.6596445">
	<ele>3.15</ele>
	<time>2026-08-14T11:01:20.025Z</time>
	<hdop>3.79</hdop>
	<extensions>
		<gpxtpx:TrackPointExtension>
			<gpxtpx:course>294.0</gpxtpx:course>
		</gpxtpx:TrackPointExtension>
	</extensions>
</trkpt>
<trkpt lat="43.7585206" lon="15.6592573">
	<ele>-12.12</ele>
	<time>2026-08-14T11:01:30.025Z</time>
	<hdop>3.79</hdop>
	<extensions>
		<gpxtpx:TrackPointExtension>
			<gpxtpx:course>294.0</gpxtpx:course>
		</gpxtpx:TrackPointExtension>
	</extensions>
</trkpt>
<trkpt lat="43.7586567" lon="15.6588396">
	<ele>-28.35</ele>
	<time>2026-08-14T11:01:41.024Z</time>
	<hdop>3.79</hdop>
	<extensions>
		<gpxtpx:TrackPointExtension>
			<gpxtpx:course>294.0</gpxtpx:course>
		</gpxtpx:TrackPointExtension>
	</extensions>
</trkpt>
<trkpt lat="43.7587909" lon="15.6584241">
	<ele>-28.74</ele>
	<time>2026-08-14T11:01:52.024Z</time>
	<hdop>3.79</hdop>
	<extensions>
		<gpxtpx:TrackPointExtension>
			<gpxtpx:course>295.0</gpxtpx:course>
		</gpxtpx:TrackPointExtension>
	</extensions>
</trkpt>
<trkpt lat="43.7589180" lon="15.6580326">
	<ele>-16.49</ele>
	<time>2026-08-14T11:02:02.025Z</time>
	<hdop>3.79</hdop>
	<extensions>
		<gpxtpx:TrackPointExtension>
			<gpxtpx:course>294.0</gpxtpx:course>
		</gpxtpx:TrackPointExtension>
	</extensions>
</trkpt>
<trkpt lat="43.7590394" lon="15.6576457">
	<ele>-3.92</ele>
	<time>2026-08-14T11:02:12.025Z</time>
	<hdop>3.79</hdop>
	<extensions>
		<gpxtpx:TrackPointExtension>
			<gpxtpx:course>294.0</gpxtpx:course>
		</gpxtpx:TrackPointExtension>
	</extensions>
</trkpt>
<trkpt lat="43.7591802" lon="15.6572302">
	<ele>7.85</ele>
	<time>2026-08-14T11:02:23.025Z</time>
	<hdop>3.79</hdop>
	<extensions>
		<gpxtpx:TrackPointExtension>
			<gpxtpx:course>291.0</gpxtpx:course>
		</gpxtpx:TrackPointExtension>
	</extensions>
</trkpt>
<trkpt lat="43.7593307" lon="15.6568099">
	<ele>11.53</ele>
	<time>2026-08-14T11:02:34.025Z</time>
	<hdop>3.79</hdop>
	<extensions>
		<gpxtpx:TrackPointExtension>
			<gpxtpx:course>295.0</gpxtpx:course>
		</gpxtpx:TrackPointExtension>
	</extensions>
</trkpt>
<trkpt lat="43.7594773" lon="15.6563897">
	<ele>16.68</ele>
	<time>2026-08-14T11:02:45.024Z</time>
	<hdop>3.79</hdop>
	<extensions>
		<gpxtpx:TrackPointExtension>
			<gpxtpx:course>298.0</gpxtpx:course>
		</gpxtpx:TrackPointExtension>
	</extensions>
</trkpt>
<trkpt lat="43.7596358" lon="15.6559855">
	<ele>17.89</ele>
	<time>2026-08-14T11:02:56.025Z</time>
	<hdop>3.79</hdop>
	<extensions>
		<gpxtpx:TrackPointExtension>
			<gpxtpx:course>299.0</gpxtpx:course>
		</gpxtpx:TrackPointExtension>
	</extensions>
</trkpt>
<trkpt lat="43.7597974" lon="15.6555712">
	<ele>18.25</ele>
	<time>2026-08-14T11:03:07.023Z</time>
	<hdop>3.79</hdop>
	<extensions>
		<gpxtpx:TrackPointExtension>
			<gpxtpx:course>299.0</gpxtpx:course>
		</gpxtpx:TrackPointExtension>
	</extensions>
</trkpt>
<trkpt lat="43.7599427" lon="15.6552005">
	<ele>19.38</ele>
	<time>2026-08-14T11:03:17.025Z</time>
	<hdop>3.79</hdop>
	<extensions>
		<gpxtpx:TrackPointExtension>
			<gpxtpx:course>298.0</gpxtpx:course>
		</gpxtpx:TrackPointExtension>
	</extensions>
</trkpt>
<trkpt lat="43.7601135" lon="15.6547880">
	<ele>19.96</ele>
	<time>2026-08-14T11:03:28.022Z</time>
	<hdop>3.79</hdop>
	<extensions>
		<gpxtpx:TrackPointExtension>
			<gpxtpx:course>298.0</gpxtpx:course>
		</gpxtpx:TrackPointExtension>
	</extensions>
</trkpt>
<trkpt lat="43.7602604" lon="15.6544146">
	<ele>18.24</ele>
	<time>2026-08-14T11:03:38.024Z</time>
	<hdop>3.79</hdop>
	<extensions>
		<gpxtpx:TrackPointExtension>
			<gpxtpx:course>296.0</gpxtpx:course>
		</gpxtpx:TrackPointExtension>
	</extensions>
</trkpt>
<trkpt lat="43.7603976" lon="15.6540331">
	<ele>19.65</ele>
	<time>2026-08-14T11:03:48.025Z</time>
	<hdop>3.79</hdop>
	<extensions>
		<gpxtpx:TrackPointExtension>
			<gpxtpx:course>297.0</gpxtpx:course>
		</gpxtpx:TrackPointExtension>
	</extensions>
</trkpt>
<trkpt lat="43.7605463" lon="15.6536075">
	<ele>14.91</ele>
	<time>2026-08-14T11:03:59.023Z</time>
	<hdop>3.79</hdop>
	<extensions>
		<gpxtpx:TrackPointExtension>
			<gpxtpx:course>296.0</gpxtpx:course>
		</gpxtpx:TrackPointExtension>
	</extensions>
</trkpt>
<trkpt lat="43.7606812" lon="15.6532236">
	<ele>8.60</ele>
	<time>2026-08-14T11:04:09.023Z</time>
	<hdop>3.79</hdop>
	<extensions>
		<gpxtpx:TrackPointExtension>
			<gpxtpx:course>297.0</gpxtpx:course>
		</gpxtpx:TrackPointExtension>
	</extensions>
</trkpt>
<trkpt lat="43.7608125" lon="15.6528409">
	<ele>10.76</ele>
	<time>2026-08-14T11:04:19.023Z</time>
	<hdop>3.79</hdop>
	<extensions>
		<gpxtpx:TrackPointExtension>
			<gpxtpx:course>297.0</gpxtpx:course>
		</gpxtpx:TrackPointExtension>
	</extensions>
</trkpt>
<trkpt lat="43.7609490" lon="15.6524590">
	<ele>9.48</ele>
	<time>2026-08-14T11:04:29.023Z</time>
	<hdop>3.79</hdop>
	<extensions>
		<gpxtpx:TrackPointExtension>
			<gpxtpx:course>298.0</gpxtpx:course>
		</gpxtpx:TrackPointExtension>
	</extensions>
</trkpt>
<trkpt lat="43.7610873" lon="15.6520783">
	<ele>8.95</ele>
	<time>2026-08-14T11:04:39.024Z</time>
	<hdop>3.79</hdop>
	<extensions>
		<gpxtpx:TrackPointExtension>
			<gpxtpx:course>292.0</gpxtpx:course>
		</gpxtpx:TrackPointExtension>
	</extensions>
</trkpt>
<trkpt lat="43.7612182" lon="15.6516955">
	<ele>-1.73</ele>
	<time>2026-08-14T11:04:49.024Z</time>
	<hdop>3.79</hdop>
	<extensions>
		<gpxtpx:TrackPointExtension>
			<gpxtpx:course>296.0</gpxtpx:course>
		</gpxtpx:TrackPointExtension>
	</extensions>
</trkpt>
<trkpt lat="43.7613604" lon="15.6513178">
	<ele>-8.57</ele>
	<time>2026-08-14T11:04:59.025Z</time>
	<hdop>3.79</hdop>
	<extensions>
		<gpxtpx:TrackPointExtension>
			<gpxtpx:course>295.0</gpxtpx:course>
		</gpxtpx:TrackPointExtension>
	</extensions>
</trkpt>
<trkpt lat="43.7615176" lon="15.6508959">
	<ele>-2.70</ele>
	<time>2026-08-14T11:05:10.024Z</time>
	<hdop>3.79</hdop>
	<extensions>
		<gpxtpx:TrackPointExtension>
			<gpxtpx:course>297.0</gpxtpx:course>
		</gpxtpx:TrackPointExtension>
	</extensions>
</trkpt>
<trkpt lat="43.7616622" lon="15.6504877">
	<ele>4.99</ele>
	<time>2026-08-14T11:05:21.023Z</time>
	<hdop>3.79</hdop>
	<extensions>
		<gpxtpx:TrackPointExtension>
			<gpxtpx:course>297.0</gpxtpx:course>
		</gpxtpx:TrackPointExtension>
	</extensions>
</trkpt>
<trkpt lat="43.7617936" lon="15.6501093">
	<ele>4.95</ele>
	<time>2026-08-14T11:05:31.024Z</time>
	<hdop>3.79</hdop>
	<extensions>
		<gpxtpx:TrackPointExtension>
			<gpxtpx:course>294.0</gpxtpx:course>
		</gpxtpx:TrackPointExtension>
	</extensions>
</trkpt>
<trkpt lat="43.7619480" lon="15.6496950">
	<ele>9.44</ele>
	<time>2026-08-14T11:05:42.024Z</time>
	<hdop>3.79</hdop>
	<extensions>
		<gpxtpx:TrackPointExtension>
			<gpxtpx:course>297.0</gpxtpx:course>
		</gpxtpx:TrackPointExtension>
	</extensions>
</trkpt>
<trkpt lat="43.7620970" lon="15.6492809">
	<ele>6.33</ele>
	<time>2026-08-14T11:05:53.024Z</time>
	<hdop>3.79</hdop>
	<extensions>
		<gpxtpx:TrackPointExtension>
			<gpxtpx:course>296.0</gpxtpx:course>
		</gpxtpx:TrackPointExtension>
	</extensions>
</trkpt>
<trkpt lat="43.7622270" lon="15.6488938">
	<ele>8.76</ele>
	<time>2026-08-14T11:06:03.024Z</time>
	<hdop>3.79</hdop>
	<extensions>
		<gpxtpx:TrackPointExtension>
			<gpxtpx:course>295.0</gpxtpx:course>
		</gpxtpx:TrackPointExtension>
	</extensions>
</trkpt>
<trkpt lat="43.7623630" lon="15.6485153">
	<ele>8.64</ele>
	<time>2026-08-14T11:06:13.024Z</time>
	<hdop>3.79</hdop>
	<extensions>
		<gpxtpx:TrackPointExtension>
			<gpxtpx:course>297.0</gpxtpx:course>
		</gpxtpx:TrackPointExtension>
	</extensions>
</trkpt>
<trkpt lat="43.7625023" lon="15.6481281">
	<ele>9.01</ele>
	<time>2026-08-14T11:06:23.024Z</time>
	<hdop>3.79</hdop>
	<extensions>
		<gpxtpx:TrackPointExtension>
			<gpxtpx:course>296.0</gpxtpx:course>
		</gpxtpx:TrackPointExtension>
	</extensions>
</trkpt>
<trkpt lat="43.7626544" lon="15.6477103">
	<ele>7.80</ele>
	<time>2026-08-14T11:06:34.023Z</time>
	<hdop>3.79</hdop>
	<extensions>
		<gpxtpx:TrackPointExtension>
			<gpxtpx:course>298.0</gpxtpx:course>
		</gpxtpx:TrackPointExtension>
	</extensions>
</trkpt>
<trkpt lat="43.7628015" lon="15.6473307">
	<ele>8.33</ele>
	<time>2026-08-14T11:06:44.024Z</time>
	<hdop>3.79</hdop>
	<extensions>
		<gpxtpx:TrackPointExtension>
			<gpxtpx:course>295.0</gpxtpx:course>
		</gpxtpx:TrackPointExtension>
	</extensions>
</trkpt>
<trkpt lat="43.7629475" lon="15.6469622">
	<ele>2.82</ele>
	<time>2026-08-14T11:06:54.024Z</time>
	<hdop>3.79</hdop>
	<extensions>
		<gpxtpx:TrackPointExtension>
			<gpxtpx:course>298.0</gpxtpx:course>
		</gpxtpx:TrackPointExtension>
	</extensions>
</trkpt>
<trkpt lat="43.7631140" lon="15.6465448">
	<ele>2.88</ele>
	<time>2026-08-14T11:07:05.023Z</time>
	<hdop>3.79</hdop>
	<extensions>
		<gpxtpx:TrackPointExtension>
			<gpxtpx:course>298.0</gpxtpx:course>
		</gpxtpx:TrackPointExtension>
	</extensions>
</trkpt>
<trkpt lat="43.7632654" lon="15.6461792">
	<ele>-1.09</ele>
	<time>2026-08-14T11:07:15.024Z</time>
	<hdop>3.79</hdop>
	<extensions>
		<gpxtpx:TrackPointExtension>
			<gpxtpx:course>301.0</gpxtpx:course>
		</gpxtpx:TrackPointExtension>
	</extensions>
</trkpt>
<trkpt lat="43.7634268" lon="15.6457579">
	<ele>-1.48</ele>
	<time>2026-08-14T11:07:26.024Z</time>
	<hdop>3.79</hdop>
	<extensions>
		<gpxtpx:TrackPointExtension>
			<gpxtpx:course>299.0</gpxtpx:course>
		</gpxtpx:TrackPointExtension>
	</extensions>
</trkpt>
<trkpt lat="43.7635880" lon="15.6453440">
	<ele>-14.87</ele>
	<time>2026-08-14T11:07:37.023Z</time>
	<hdop>3.79</hdop>
	<extensions>
		<gpxtpx:TrackPointExtension>
			<gpxtpx:course>298.0</gpxtpx:course>
		</gpxtpx:TrackPointExtension>
	</extensions>
</trkpt>
<trkpt lat="43.7637276" lon="15.6449705">
	<ele>-32.13</ele>
	<time>2026-08-14T11:07:47.024Z</time>
	<hdop>3.79</hdop>
	<extensions>
		<gpxtpx:TrackPointExtension>
			<gpxtpx:course>299.0</gpxtpx:course>
		</gpxtpx:TrackPointExtension>
	</extensions>
</trkpt>
<trkpt lat="43.7638812" lon="15.6445943">
	<ele>-38.33</ele>
	<time>2026-08-14T11:07:57.024Z</time>
	<hdop>3.79</hdop>
	<extensions>
		<gpxtpx:TrackPointExtension>
			<gpxtpx:course>299.0</gpxtpx:course>
		</gpxtpx:TrackPointExtension>
	</extensions>
</trkpt>
<trkpt lat="43.7640288" lon="15.6442157">
	<ele>-34.69</ele>
	<time>2026-08-14T11:08:07.024Z</time>
	<hdop>3.79</hdop>
	<extensions>
		<gpxtpx:TrackPointExtension>
			<gpxtpx:course>297.0</gpxtpx:course>
		</gpxtpx:TrackPointExtension>
	</extensions>
</trkpt>
<trkpt lat="43.7641747" lon="15.6437889">
	<ele>-27.62</ele>
	<time>2026-08-14T11:08:18.023Z</time>
	<hdop>3.79</hdop>
	<extensions>
		<gpxtpx:TrackPointExtension>
			<gpxtpx:course>294.0</gpxtpx:course>
		</gpxtpx:TrackPointExtension>
	</extensions>
</trkpt>
<trkpt lat="43.7643111" lon="15.6434085">
	<ele>-16.47</ele>
	<time>2026-08-14T11:08:28.024Z</time>
	<hdop>3.79</hdop>
	<extensions>
		<gpxtpx:TrackPointExtension>
			<gpxtpx:course>294.0</gpxtpx:course>
		</gpxtpx:TrackPointExtension>
	</extensions>
</trkpt>
<trkpt lat="43.7644482" lon="15.6430105">
	<ele>-9.54</ele>
	<time>2026-08-14T11:08:38.024Z</time>
	<hdop>3.79</hdop>
	<extensions>
		<gpxtpx:TrackPointExtension>
			<gpxtpx:course>296.0</gpxtpx:course>
		</gpxtpx:TrackPointExtension>
	</extensions>
</trkpt>
<trkpt lat="43.7645834" lon="15.6426315">
	<ele>-8.42</ele>
	<time>2026-08-14T11:08:48.024Z</time>
	<hdop>3.79</hdop>
	<extensions>
		<gpxtpx:TrackPointExtension>
			<gpxtpx:course>296.0</gpxtpx:course>
		</gpxtpx:TrackPointExtension>
	</extensions>
</trkpt>
<trkpt lat="43.7647324" lon="15.6422064">
	<ele>-9.02</ele>
	<time>2026-08-14T11:08:59.024Z</time>
	<hdop>3.79</hdop>
	<extensions>
		<gpxtpx:TrackPointExtension>
			<gpxtpx:course>295.0</gpxtpx:course>
		</gpxtpx:TrackPointExtension>
	</extensions>
</trkpt>
<trkpt lat="43.7648865" lon="15.6417952">
	<ele>-6.72</ele>
	<time>2026-08-14T11:09:10.024Z</time>
	<hdop>3.79</hdop>
	<extensions>
		<gpxtpx:TrackPointExtension>
			<gpxtpx:course>294.0</gpxtpx:course>
		</gpxtpx:TrackPointExtension>
	</extensions>
</trkpt>
<trkpt lat="43.7650212" lon="15.6414059">
	<ele>-10.88</ele>
	<time>2026-08-14T11:09:20.024Z</time>
	<hdop>3.79</hdop>
	<extensions>
		<gpxtpx:TrackPointExtension>
			<gpxtpx:course>295.0</gpxtpx:course>
		</gpxtpx:TrackPointExtension>
	</extensions>
</trkpt>
<trkpt lat="43.7651642" lon="15.6409782">
	<ele>-9.65</ele>
	<time>2026-08-14T11:09:31.024Z</time>
	<hdop>3.79</hdop>
	<extensions>
		<gpxtpx:TrackPointExtension>
			<gpxtpx:course>294.0</gpxtpx:course>
		</gpxtpx:TrackPointExtension>
	</extensions>
</trkpt>
<trkpt lat="43.7653112" lon="15.6405604">
	<ele>-5.88</ele>
	<time>2026-08-14T11:09:42.022Z</time>
	<hdop>3.79</hdop>
	<extensions>
		<gpxtpx:TrackPointExtension>
			<gpxtpx:course>297.0</gpxtpx:course>
		</gpxtpx:TrackPointExtension>
	</extensions>
</trkpt>
<trkpt lat="43.7654478" lon="15.6401757">
	<ele>-8.20</ele>
	<time>2026-08-14T11:09:52.024Z</time>
	<hdop>3.79</hdop>
	<extensions>
		<gpxtpx:TrackPointExtension>
			<gpxtpx:course>296.0</gpxtpx:course>
		</gpxtpx:TrackPointExtension>
	</extensions>
</trkpt>
<trkpt lat="43.7655839" lon="15.6397916">
	<ele>-8.74</ele>
	<time>2026-08-14T11:10:02.024Z</time>
	<hdop>3.79</hdop>
	<extensions>
		<gpxtpx:TrackPointExtension>
			<gpxtpx:course>295.0</gpxtpx:course>
		</gpxtpx:TrackPointExtension>
	</extensions>
</trkpt>
<trkpt lat="43.7657277" lon="15.6393797">
	<ele>-12.99</ele>
	<time>2026-08-14T11:10:13.024Z</time>
	<hdop>3.79</hdop>
	<extensions>
		<gpxtpx:TrackPointExtension>
			<gpxtpx:course>296.0</gpxtpx:course>
		</gpxtpx:TrackPointExtension>
	</extensions>
</trkpt>
<trkpt lat="43.7658692" lon="15.6389518">
	<ele>-3.33</ele>
	<time>2026-08-14T11:10:24.024Z</time>
	<hdop>3.79</hdop>
	<extensions>
		<gpxtpx:TrackPointExtension>
			<gpxtpx:course>296.0</gpxtpx:course>
		</gpxtpx:TrackPointExtension>
	</extensions>
</trkpt>
<trkpt lat="43.7660197" lon="15.6385258">
	<ele>-0.12</ele>
	<time>2026-08-14T11:10:35.023Z</time>
	<hdop>3.79</hdop>
	<extensions>
		<gpxtpx:TrackPointExtension>
			<gpxtpx:course>295.0</gpxtpx:course>
		</gpxtpx:TrackPointExtension>
	</extensions>
</trkpt>
<trkpt lat="43.7661498" lon="15.6381509">
	<ele>0.06</ele>
	<time>2026-08-14T11:10:45.023Z</time>
	<hdop>3.79</hdop>
	<extensions>
		<gpxtpx:TrackPointExtension>
			<gpxtpx:course>293.0</gpxtpx:course>
		</gpxtpx:TrackPointExtension>
	</extensions>
</trkpt>
<trkpt lat="43.7662747" lon="15.6377689">
	<ele>-8.17</ele>
	<time>2026-08-14T11:10:55.024Z</time>
	<hdop>3.79</hdop>
	<extensions>
		<gpxtpx:TrackPointExtension>
			<gpxtpx:course>296.0</gpxtpx:course>
		</gpxtpx:TrackPointExtension>
	</extensions>
</trkpt>
<trkpt lat="43.7664240" lon="15.6373435">
	<ele>-23.37</ele>
	<time>2026-08-14T11:11:06.023Z</time>
	<hdop>3.79</hdop>
	<extensions>
		<gpxtpx:TrackPointExtension>
			<gpxtpx:course>295.0</gpxtpx:course>
		</gpxtpx:TrackPointExtension>
	</extensions>
</trkpt>
<trkpt lat="43.7665594" lon="15.6369594">
	<ele>-33.91</ele>
	<time>2026-08-14T11:11:16.024Z</time>
	<hdop>3.79</hdop>
	<extensions>
		<gpxtpx:TrackPointExtension>
			<gpxtpx:course>296.0</gpxtpx:course>
		</gpxtpx:TrackPointExtension>
	</extensions>
</trkpt>
<trkpt lat="43.7666897" lon="15.6365716">
	<ele>-34.28</ele>
	<time>2026-08-14T11:11:26.024Z</time>
	<hdop>3.79</hdop>
	<extensions>
		<gpxtpx:TrackPointExtension>
			<gpxtpx:course>295.0</gpxtpx:course>
		</gpxtpx:TrackPointExtension>
	</extensions>
</trkpt>
<trkpt lat="43.7668398" lon="15.6361506">
	<ele>-37.89</ele>
	<time>2026-08-14T11:11:37.023Z</time>
	<hdop>3.79</hdop>
	<extensions>
		<gpxtpx:TrackPointExtension>
			<gpxtpx:course>295.0</gpxtpx:course>
		</gpxtpx:TrackPointExtension>
	</extensions>
</trkpt>
<trkpt lat="43.7669666" lon="15.6357584">
	<ele>-36.63</ele>
	<time>2026-08-14T11:11:47.024Z</time>
	<hdop>3.79</hdop>
	<extensions>
		<gpxtpx:TrackPointExtension>
			<gpxtpx:course>294.0</gpxtpx:course>
		</gpxtpx:TrackPointExtension>
	</extensions>
</trkpt>
<trkpt lat="43.7670956" lon="15.6353734">
	<ele>-30.10</ele>
	<time>2026-08-14T11:11:57.024Z</time>
	<hdop>3.79</hdop>
	<extensions>
		<gpxtpx:TrackPointExtension>
			<gpxtpx:course>294.0</gpxtpx:course>
		</gpxtpx:TrackPointExtension>
	</extensions>
</trkpt>
<trkpt lat="43.7672359" lon="15.6349471">
	<ele>-30.44</ele>
	<time>2026-08-14T11:12:08.022Z</time>
	<hdop>3.79</hdop>
	<extensions>
		<gpxtpx:TrackPointExtension>
			<gpxtpx:course>296.0</gpxtpx:course>
		</gpxtpx:TrackPointExtension>
	</extensions>
</trkpt>
<trkpt lat="43.7673736" lon="15.6345598">
	<ele>-23.36</ele>
	<time>2026-08-14T11:12:18.023Z</time>
	<hdop>3.79</hdop>
	<extensions>
		<gpxtpx:TrackPointExtension>
			<gpxtpx:course>294.0</gpxtpx:course>
		</gpxtpx:TrackPointExtension>
	</extensions>
</trkpt>
<trkpt lat="43.7674975" lon="15.6341725">
	<ele>-11.83</ele>
	<time>2026-08-14T11:12:28.023Z</time>
	<hdop>3.79</hdop>
	<extensions>
		<gpxtpx:TrackPointExtension>
			<gpxtpx:course>295.0</gpxtpx:course>
		</gpxtpx:TrackPointExtension>
	</extensions>
</trkpt>
<trkpt lat="43.7676309" lon="15.6337812">
	<ele>-9.53</ele>
	<time>2026-08-14T11:12:38.024Z</time>
	<hdop>3.79</hdop>
	<extensions>
		<gpxtpx:TrackPointExtension>
			<gpxtpx:course>296.0</gpxtpx:course>
		</gpxtpx:TrackPointExtension>
	</extensions>
</trkpt>
<trkpt lat="43.7677792" lon="15.6333643">
	<ele>-10.26</ele>
	<time>2026-08-14T11:12:49.023Z</time>
	<hdop>3.79</hdop>
	<extensions>
		<gpxtpx:TrackPointExtension>
			<gpxtpx:course>296.0</gpxtpx:course>
		</gpxtpx:TrackPointExtension>
	</extensions>
</trkpt>
<trkpt lat="43.7679289" lon="15.6329421">
	<ele>-7.67</ele>
	<time>2026-08-14T11:13:00.022Z</time>
	<hdop>3.79</hdop>
	<extensions>
		<gpxtpx:TrackPointExtension>
			<gpxtpx:course>296.0</gpxtpx:course>
		</gpxtpx:TrackPointExtension>
	</extensions>
</trkpt>
<trkpt lat="43.7680626" lon="15.6325559">
	<ele>-8.99</ele>
	<time>2026-08-14T11:13:10.023Z</time>
	<hdop>3.79</hdop>
	<extensions>
		<gpxtpx:TrackPointExtension>
			<gpxtpx:course>297.0</gpxtpx:course>
		</gpxtpx:TrackPointExtension>
	</extensions>
</trkpt>
<trkpt lat="43.7682097" lon="15.6321329">
	<ele>-26.16</ele>
	<time>2026-08-14T11:13:21.024Z</time>
	<hdop>3.79</hdop>
	<extensions>
		<gpxtpx:TrackPointExtension>
			<gpxtpx:course>295.0</gpxtpx:course>
		</gpxtpx:TrackPointExtension>
	</extensions>
</trkpt>
<trkpt lat="43.7683498" lon="15.6317138">
	<ele>-30.37</ele>
	<time>2026-08-14T11:13:32.023Z</time>
	<hdop>3.79</hdop>
	<extensions>
		<gpxtpx:TrackPointExtension>
			<gpxtpx:course>295.0</gpxtpx:course>
		</gpxtpx:TrackPointExtension>
	</extensions>
</trkpt>
<trkpt lat="43.7684856" lon="15.6313309">
	<ele>-24.16</ele>
	<time>2026-08-14T11:13:42.024Z</time>
	<hdop>3.79</hdop>
	<extensions>
		<gpxtpx:TrackPointExtension>
			<gpxtpx:course>294.0</gpxtpx:course>
		</gpxtpx:TrackPointExtension>
	</extensions>
</trkpt>
<trkpt lat="43.7686289" lon="15.6309114">
	<ele>-18.47</ele>
	<time>2026-08-14T11:13:53.022Z</time>
	<hdop>3.79</hdop>
	<extensions>
		<gpxtpx:TrackPointExtension>
			<gpxtpx:course>295.0</gpxtpx:course>
		</gpxtpx:TrackPointExtension>
	</extensions>
</trkpt>
<trkpt lat="43.7687625" lon="15.6305185">
	<ele>-6.10</ele>
	<time>2026-08-14T11:14:03.023Z</time>
	<hdop>3.79</hdop>
	<extensions>
		<gpxtpx:TrackPointExtension>
			<gpxtpx:course>295.0</gpxtpx:course>
		</gpxtpx:TrackPointExtension>
	</extensions>
</trkpt>
<trkpt lat="43.7689014" lon="15.6301412">
	<ele>-3.82</ele>
	<time>2026-08-14T11:14:13.023Z</time>
	<hdop>3.79</hdop>
	<extensions>
		<gpxtpx:TrackPointExtension>
			<gpxtpx:course>295.0</gpxtpx:course>
		</gpxtpx:TrackPointExtension>
	</extensions>
</trkpt>
<trkpt lat="43.7690359" lon="15.6297584">
	<ele>-0.18</ele>
	<time>2026-08-14T11:14:23.023Z</time>
	<hdop>3.79</hdop>
	<extensions>
		<gpxtpx:TrackPointExtension>
			<gpxtpx:course>295.0</gpxtpx:course>
		</gpxtpx:TrackPointExtension>
	</extensions>
</trkpt>
<trkpt lat="43.7691655" lon="15.6293786">
	<ele>8.62</ele>
	<time>2026-08-14T11:14:33.024Z</time>
	<hdop>3.79</hdop>
	<extensions>
		<gpxtpx:TrackPointExtension>
			<gpxtpx:course>295.0</gpxtpx:course>
		</gpxtpx:TrackPointExtension>
	</extensions>
</trkpt>
<trkpt lat="43.7693046" lon="15.6289817">
	<ele>9.28</ele>
	<time>2026-08-14T11:14:44.022Z</time>
	<hdop>3.79</hdop>
	<extensions>
		<gpxtpx:TrackPointExtension>
			<gpxtpx:course>294.0</gpxtpx:course>
		</gpxtpx:TrackPointExtension>
	</extensions>
</trkpt>
<trkpt lat="43.7694340" lon="15.6286073">
	<ele>4.82</ele>
	<time>2026-08-14T11:14:54.023Z</time>
	<hdop>3.79</hdop>
	<extensions>
		<gpxtpx:TrackPointExtension>
			<gpxtpx:course>296.0</gpxtpx:course>
		</gpxtpx:TrackPointExtension>
	</extensions>
</trkpt>
<trkpt lat="43.7695675" lon="15.6282319">
	<ele>11.28</ele>
	<time>2026-08-14T11:15:04.023Z</time>
	<hdop>3.79</hdop>
	<extensions>
		<gpxtpx:TrackPointExtension>
			<gpxtpx:course>297.0</gpxtpx:course>
		</gpxtpx:TrackPointExtension>
	</extensions>
</trkpt>
<trkpt lat="43.7697007" lon="15.6278651">
	<ele>5.47</ele>
	<time>2026-08-14T11:15:14.023Z</time>
	<hdop>3.79</hdop>
	<extensions>
		<gpxtpx:TrackPointExtension>
			<gpxtpx:course>296.0</gpxtpx:course>
		</gpxtpx:TrackPointExtension>
	</extensions>
</trkpt>
<trkpt lat="43.7698272" lon="15.6274902">
	<ele>5.74</ele>
	<time>2026-08-14T11:15:24.023Z</time>
	<hdop>3.79</hdop>
	<extensions>
		<gpxtpx:TrackPointExtension>
			<gpxtpx:course>294.0</gpxtpx:course>
		</gpxtpx:TrackPointExtension>
	</extensions>
</trkpt>
<trkpt lat="43.7699662" lon="15.6270630">
	<ele>4.69</ele>
	<time>2026-08-14T11:15:35.023Z</time>
	<hdop>3.79</hdop>
	<extensions>
		<gpxtpx:TrackPointExtension>
			<gpxtpx:course>293.0</gpxtpx:course>
		</gpxtpx:TrackPointExtension>
	</extensions>
</trkpt>
<trkpt lat="43.7700886" lon="15.6266942">
	<ele>-18.54</ele>
	<time>2026-08-14T11:15:45.023Z</time>
	<hdop>3.79</hdop>
	<extensions>
		<gpxtpx:TrackPointExtension>
			<gpxtpx:course>295.0</gpxtpx:course>
		</gpxtpx:TrackPointExtension>
	</extensions>
</trkpt>
<trkpt lat="43.7702198" lon="15.6263224">
	<ele>-27.48</ele>
	<time>2026-08-14T11:15:55.023Z</time>
	<hdop>3.79</hdop>
	<extensions>
		<gpxtpx:TrackPointExtension>
			<gpxtpx:course>295.0</gpxtpx:course>
		</gpxtpx:TrackPointExtension>
	</extensions>
</trkpt>
<trkpt lat="43.7703465" lon="15.6259539">
	<ele>-28.43</ele>
	<time>2026-08-14T11:16:05.023Z</time>
	<hdop>3.79</hdop>
	<extensions>
		<gpxtpx:TrackPointExtension>
			<gpxtpx:course>297.0</gpxtpx:course>
		</gpxtpx:TrackPointExtension>
	</extensions>
</trkpt>
<trkpt lat="43.7704998" lon="15.6256024">
	<ele>-29.12</ele>
	<time>2026-08-14T11:16:15.023Z</time>
	<hdop>3.79</hdop>
	<extensions>
		<gpxtpx:TrackPointExtension>
			<gpxtpx:course>304.0</gpxtpx:course>
		</gpxtpx:TrackPointExtension>
	</extensions>
</trkpt>
<trkpt lat="43.7706581" lon="15.6252587">
	<ele>-14.96</ele>
	<time>2026-08-14T11:16:25.023Z</time>
	<hdop>3.79</hdop>
	<extensions>
		<gpxtpx:TrackPointExtension>
			<gpxtpx:course>299.0</gpxtpx:course>
		</gpxtpx:TrackPointExtension>
	</extensions>
</trkpt>
<trkpt lat="43.7708270" lon="15.6249144">
	<ele>-33.99</ele>
	<time>2026-08-14T11:16:35.023Z</time>
	<hdop>3.79</hdop>
	<extensions>
		<gpxtpx:TrackPointExtension>
			<gpxtpx:course>304.0</gpxtpx:course>
		</gpxtpx:TrackPointExtension>
	</extensions>
</trkpt>
<trkpt lat="43.7709857" lon="15.6245689">
	<ele>-49.37</ele>
	<time>2026-08-14T11:16:45.023Z</time>
	<hdop>3.79</hdop>
	<extensions>
		<gpxtpx:TrackPointExtension>
			<gpxtpx:course>304.0</gpxtpx:course>
		</gpxtpx:TrackPointExtension>
	</extensions>
</trkpt>
<trkpt lat="43.7711667" lon="15.6241786">
	<ele>-55.82</ele>
	<time>2026-08-14T11:16:56.023Z</time>
	<hdop>3.79</hdop>
	<extensions>
		<gpxtpx:TrackPointExtension>
			<gpxtpx:course>302.0</gpxtpx:course>
		</gpxtpx:TrackPointExtension>
	</extensions>
</trkpt>
<trkpt lat="43.7713500" lon="15.6237941">
	<ele>-58.98</ele>
	<time>2026-08-14T11:17:07.023Z</time>
	<hdop>3.79</hdop>
	<extensions>
		<gpxtpx:TrackPointExtension>
			<gpxtpx:course>301.0</gpxtpx:course>
		</gpxtpx:TrackPointExtension>
	</extensions>
</trkpt>
<trkpt lat="43.7715259" lon="15.6234112">
	<ele>-50.94</ele>
	<time>2026-08-14T11:17:18.023Z</time>
	<hdop>3.79</hdop>
	<extensions>
		<gpxtpx:TrackPointExtension>
			<gpxtpx:course>299.0</gpxtpx:course>
		</gpxtpx:TrackPointExtension>
	</extensions>
</trkpt>
<trkpt lat="43.7717017" lon="15.6230262">
	<ele>-38.12</ele>
	<time>2026-08-14T11:17:29.023Z</time>
	<hdop>3.79</hdop>
	<extensions>
		<gpxtpx:TrackPointExtension>
			<gpxtpx:course>302.0</gpxtpx:course>
		</gpxtpx:TrackPointExtension>
	</extensions>
</trkpt>
<trkpt lat="43.7718553" lon="15.6226727">
	<ele>-39.66</ele>
	<time>2026-08-14T11:17:39.023Z</time>
	<hdop>3.79</hdop>
	<extensions>
		<gpxtpx:TrackPointExtension>
			<gpxtpx:course>302.0</gpxtpx:course>
		</gpxtpx:TrackPointExtension>
	</extensions>
</trkpt>
<trkpt lat="43.7720115" lon="15.6223300">
	<ele>-32.47</ele>
	<time>2026-08-14T11:17:49.023Z</time>
	<hdop>3.79</hdop>
	<extensions>
		<gpxtpx:TrackPointExtension>
			<gpxtpx:course>300.0</gpxtpx:course>
		</gpxtpx:TrackPointExtension>
	</extensions>
</trkpt>
<trkpt lat="43.7721889" lon="15.6219209">
	<ele>-15.83</ele>
	<time>2026-08-14T11:18:00.032Z</time>
	<hdop>4.48</hdop>
	<extensions>
		<gpxtpx:TrackPointExtension>
			<gpxtpx:course>301.37735</gpxtpx:course>
		</gpxtpx:TrackPointExtension>
	</extensions>
</trkpt>
<trkpt lat="43.7723647" lon="15.6215448">
	<ele>-7.63</ele>
	<time>2026-08-14T11:18:11.023Z</time>
	<hdop>4.96</hdop>
	<extensions>
		<gpxtpx:TrackPointExtension>
			<gpxtpx:course>304.90616</gpxtpx:course>
		</gpxtpx:TrackPointExtension>
	</extensions>
</trkpt>
<trkpt lat="43.7725279" lon="15.6211829">
	<ele>2.86</ele>
	<time>2026-08-14T11:18:21.960Z</time>
	<hdop>5.24</hdop>
	<extensions>
		<gpxtpx:TrackPointExtension>
			<gpxtpx:course>298.44394</gpxtpx:course>
		</gpxtpx:TrackPointExtension>
	</extensions>
</trkpt>
<trkpt lat="43.7727074" lon="15.6208096">
	<ele>11.54</ele>
	<time>2026-08-14T11:18:32.022Z</time>
	<hdop>4.29</hdop>
	<extensions>
		<gpxtpx:TrackPointExtension>
			<gpxtpx:course>303.1228</gpxtpx:course>
		</gpxtpx:TrackPointExtension>
	</extensions>
</trkpt>
<trkpt lat="43.7728769" lon="15.6204300">
	<ele>13.23</ele>
	<time>2026-08-14T11:18:43.022Z</time>
	<hdop>3.55</hdop>
	<extensions>
		<gpxtpx:TrackPointExtension>
			<gpxtpx:course>299.33994</gpxtpx:course>
		</gpxtpx:TrackPointExtension>
	</extensions>
</trkpt>
<trkpt lat="43.7730329" lon="15.6200626">
	<ele>3.44</ele>
	<time>2026-08-14T11:18:53.022Z</time>
	<hdop>5.01</hdop>
	<extensions>
		<gpxtpx:TrackPointExtension>
			<gpxtpx:course>300.88757</gpxtpx:course>
		</gpxtpx:TrackPointExtension>
	</extensions>
</trkpt>
<trkpt lat="43.7731939" lon="15.6197098">
	<ele>-0.37</ele>
	<time>2026-08-14T11:19:03.022Z</time>
	<hdop>4.86</hdop>
	<extensions>
		<gpxtpx:TrackPointExtension>
			<gpxtpx:course>301.03247</gpxtpx:course>
		</gpxtpx:TrackPointExtension>
	</extensions>
</trkpt>
<trkpt lat="43.7733563" lon="15.6193679">
	<ele>0.59</ele>
	<time>2026-08-14T11:19:13.022Z</time>
	<hdop>5.29</hdop>
	<extensions>
		<gpxtpx:TrackPointExtension>
			<gpxtpx:course>306.3618</gpxtpx:course>
		</gpxtpx:TrackPointExtension>
	</extensions>
</trkpt>
<trkpt lat="43.7734996" lon="15.6190154">
	<ele>10.91</ele>
	<time>2026-08-14T11:19:23.023Z</time>
	<hdop>4.24</hdop>
	<extensions>
		<gpxtpx:TrackPointExtension>
			<gpxtpx:course>296.75705</gpxtpx:course>
		</gpxtpx:TrackPointExtension>
	</extensions>
</trkpt>
<trkpt lat="43.7736733" lon="15.6186295">
	<ele>-0.08</ele>
	<time>2026-08-14T11:19:34.023Z</time>
	<hdop>3.17</hdop>
	<extensions>
		<gpxtpx:TrackPointExtension>
			<gpxtpx:course>300.0436</gpxtpx:course>
		</gpxtpx:TrackPointExtension>
	</extensions>
</trkpt>
<trkpt lat="43.7738370" lon="15.6182719">
	<ele>-11.15</ele>
	<time>2026-08-14T11:19:44.023Z</time>
	<hdop>4.93</hdop>
	<extensions>
		<gpxtpx:TrackPointExtension>
			<gpxtpx:course>302.55508</gpxtpx:course>
		</gpxtpx:TrackPointExtension>
	</extensions>
</trkpt>
<trkpt lat="43.7739959" lon="15.6179173">
	<ele>-13.40</ele>
	<time>2026-08-14T11:19:54.023Z</time>
	<hdop>5.07</hdop>
	<extensions>
		<gpxtpx:TrackPointExtension>
			<gpxtpx:course>299.44806</gpxtpx:course>
		</gpxtpx:TrackPointExtension>
	</extensions>
</trkpt>
<trkpt lat="43.7741784" lon="15.6175210">
	<ele>-22.81</ele>
	<time>2026-08-14T11:20:05.022Z</time>
	<hdop>4.63</hdop>
	<extensions>
		<gpxtpx:TrackPointExtension>
			<gpxtpx:course>299.58304</gpxtpx:course>
		</gpxtpx:TrackPointExtension>
	</extensions>
</trkpt>
<trkpt lat="43.7743321" lon="15.6171700">
	<ele>-25.34</ele>
	<time>2026-08-14T11:20:15.023Z</time>
	<hdop>5.09</hdop>
	<extensions>
		<gpxtpx:TrackPointExtension>
			<gpxtpx:course>307.9623</gpxtpx:course>
		</gpxtpx:TrackPointExtension>
	</extensions>
</trkpt>
<trkpt lat="43.7745036" lon="15.6167897">
	<ele>-2.20</ele>
	<time>2026-08-14T11:20:26.022Z</time>
	<hdop>4.65</hdop>
	<extensions>
		<gpxtpx:TrackPointExtension>
			<gpxtpx:course>302.01172</gpxtpx:course>
		</gpxtpx:TrackPointExtension>
	</extensions>
</trkpt>
<trkpt lat="43.7746584" lon="15.6164454">
	<ele>5.57</ele>
	<time>2026-08-14T11:20:36.022Z</time>
	<hdop>5.19</hdop>
	<extensions>
		<gpxtpx:TrackPointExtension>
			<gpxtpx:course>301.93857</gpxtpx:course>
		</gpxtpx:TrackPointExtension>
	</extensions>
</trkpt>
<trkpt lat="43.7748324" lon="15.6160987">
	<ele>19.62</ele>
	<time>2026-08-14T11:20:46.023Z</time>
	<hdop>4.76</hdop>
	<extensions>
		<gpxtpx:TrackPointExtension>
			<gpxtpx:course>298.54837</gpxtpx:course>
		</gpxtpx:TrackPointExtension>
	</extensions>
</trkpt>
<trkpt lat="43.7749552" lon="15.6156676">
	<ele>15.92</ele>
	<time>2026-08-14T11:20:57.023Z</time>
	<hdop>5.19</hdop>
	<extensions>
		<gpxtpx:TrackPointExtension>
			<gpxtpx:course>292.28</gpxtpx:course>
		</gpxtpx:TrackPointExtension>
	</extensions>
</trkpt>
<trkpt lat="43.7751031" lon="15.6153129">
	<ele>12.30</ele>
	<time>2026-08-14T11:21:07.023Z</time>
	<hdop>4.93</hdop>
	<extensions>
		<gpxtpx:TrackPointExtension>
			<gpxtpx:course>299.92322</gpxtpx:course>
		</gpxtpx:TrackPointExtension>
	</extensions>
</trkpt>
<trkpt lat="43.7752510" lon="15.6149398">
	<ele>13.22</ele>
	<time>2026-08-14T11:21:17.314Z</time>
	<hdop>4.84</hdop>
	<extensions>
		<gpxtpx:TrackPointExtension>
			<gpxtpx:course>300.34927</gpxtpx:course>
		</gpxtpx:TrackPointExtension>
	</extensions>
</trkpt>
<trkpt lat="43.7754437" lon="15.6145644">
	<ele>13.29</ele>
	<time>2026-08-14T11:21:28.022Z</time>
	<hdop>3.09</hdop>
	<extensions>
		<gpxtpx:TrackPointExtension>
			<gpxtpx:course>312.0042</gpxtpx:course>
		</gpxtpx:TrackPointExtension>
	</extensions>
</trkpt>
<trkpt lat="43.7756413" lon="15.6142424">
	<ele>13.00</ele>
	<time>2026-08-14T11:21:38.022Z</time>
	<hdop>3.85</hdop>
	<extensions>
		<gpxtpx:TrackPointExtension>
			<gpxtpx:course>311.59195</gpxtpx:course>
		</gpxtpx:TrackPointExtension>
	</extensions>
</trkpt>
<trkpt lat="43.7758281" lon="15.6139062">
	<ele>18.69</ele>
	<time>2026-08-14T11:21:48.022Z</time>
	<hdop>4.94</hdop>
	<extensions>
		<gpxtpx:TrackPointExtension>
			<gpxtpx:course>303.97885</gpxtpx:course>
		</gpxtpx:TrackPointExtension>
	</extensions>
</trkpt>
<trkpt lat="43.7759951" lon="15.6135658">
	<ele>18.88</ele>
	<time>2026-08-14T11:21:58.022Z</time>
	<hdop>5.02</hdop>
	<extensions>
		<gpxtpx:TrackPointExtension>
			<gpxtpx:course>290.39047</gpxtpx:course>
		</gpxtpx:TrackPointExtension>
	</extensions>
</trkpt>
<trkpt lat="43.7761980" lon="15.6132419">
	<ele>8.42</ele>
	<time>2026-08-14T11:22:08.022Z</time>
	<hdop>5.36</hdop>
	<extensions>
		<gpxtpx:TrackPointExtension>
			<gpxtpx:course>317.83884</gpxtpx:course>
		</gpxtpx:TrackPointExtension>
	</extensions>
</trkpt>
<trkpt lat="43.7763822" lon="15.6128598">
	<ele>-3.54</ele>
	<time>2026-08-14T11:22:18.973Z</time>
	<hdop>4.72</hdop>
	<extensions>
		<gpxtpx:TrackPointExtension>
			<gpxtpx:course>286.23807</gpxtpx:course>
		</gpxtpx:TrackPointExtension>
	</extensions>
</trkpt>
<trkpt lat="43.7765920" lon="15.6125500">
	<ele>-0.72</ele>
	<time>2026-08-14T11:22:29.022Z</time>
	<hdop>4.03</hdop>
	<extensions>
		<gpxtpx:TrackPointExtension>
			<gpxtpx:course>308.52325</gpxtpx:course>
		</gpxtpx:TrackPointExtension>
	</extensions>
</trkpt>
<trkpt lat="43.7767856" lon="15.6122958">
	<ele>-1.05</ele>
	<time>2026-08-14T11:22:39.022Z</time>
	<hdop>3.02</hdop>
	<extensions>
		<gpxtpx:TrackPointExtension>
			<gpxtpx:course>335.54663</gpxtpx:course>
		</gpxtpx:TrackPointExtension>
	</extensions>
</trkpt>
<trkpt lat="43.7769673" lon="15.6118568">
	<ele>-8.80</ele>
	<time>2026-08-14T11:22:50.022Z</time>
	<hdop>3.93</hdop>
	<extensions>
		<gpxtpx:TrackPointExtension>
			<gpxtpx:course>273.448</gpxtpx:course>
		</gpxtpx:TrackPointExtension>
	</extensions>
</trkpt>
<trkpt lat="43.7771437" lon="15.6115800">
	<ele>-10.87</ele>
	<time>2026-08-14T11:23:00.022Z</time>
	<hdop>3.00</hdop>
	<extensions>
		<gpxtpx:TrackPointExtension>
			<gpxtpx:course>323.35995</gpxtpx:course>
		</gpxtpx:TrackPointExtension>
	</extensions>
</trkpt>
<trkpt lat="43.7773647" lon="15.6111915">
	<ele>-1.95</ele>
	<time>2026-08-14T11:23:10.022Z</time>
	<hdop>3.68</hdop>
	<extensions>
		<gpxtpx:TrackPointExtension>
			<gpxtpx:course>301.64957</gpxtpx:course>
		</gpxtpx:TrackPointExtension>
	</extensions>
</trkpt>
<trkpt lat="43.7775860" lon="15.6108148">
	<ele>-14.56</ele>
	<time>2026-08-14T11:23:21.022Z</time>
	<hdop>5.18</hdop>
	<extensions>
		<gpxtpx:TrackPointExtension>
			<gpxtpx:course>308.17307</gpxtpx:course>
		</gpxtpx:TrackPointExtension>
	</extensions>
</trkpt>
<trkpt lat="43.7777779" lon="15.6104811">
	<ele>-20.07</ele>
	<time>2026-08-14T11:23:31.022Z</time>
	<hdop>5.15</hdop>
	<extensions>
		<gpxtpx:TrackPointExtension>
			<gpxtpx:course>306.11072</gpxtpx:course>
		</gpxtpx:TrackPointExtension>
	</extensions>
</trkpt>
<trkpt lat="43.7779592" lon="15.6101752">
	<ele>-6.80</ele>
	<time>2026-08-14T11:23:41.022Z</time>
	<hdop>4.62</hdop>
	<extensions>
		<gpxtpx:TrackPointExtension>
			<gpxtpx:course>307.0</gpxtpx:course>
		</gpxtpx:TrackPointExtension>
	</extensions>
</trkpt>
<trkpt lat="43.7781446" lon="15.6098400">
	<ele>1.14</ele>
	<time>2026-08-14T11:23:51.022Z</time>
	<hdop>3.79</hdop>
	<extensions>
		<gpxtpx:TrackPointExtension>
			<gpxtpx:course>306.0</gpxtpx:course>
		</gpxtpx:TrackPointExtension>
	</extensions>
</trkpt>
<trkpt lat="43.7783377" lon="15.6095172">
	<ele>7.53</ele>
	<time>2026-08-14T11:24:01.022Z</time>
	<hdop>3.79</hdop>
	<extensions>
		<gpxtpx:TrackPointExtension>
			<gpxtpx:course>308.0</gpxtpx:course>
		</gpxtpx:TrackPointExtension>
	</extensions>
</trkpt>
<trkpt lat="43.7785464" lon="15.6091466">
	<ele>12.77</ele>
	<time>2026-08-14T11:24:12.022Z</time>
	<hdop>3.79</hdop>
	<extensions>
		<gpxtpx:TrackPointExtension>
			<gpxtpx:course>305.0</gpxtpx:course>
		</gpxtpx:TrackPointExtension>
	</extensions>
</trkpt>
<trkpt lat="43.7787316" lon="15.6088063">
	<ele>12.07</ele>
	<time>2026-08-14T11:24:22.022Z</time>
	<hdop>3.79</hdop>
	<extensions>
		<gpxtpx:TrackPointExtension>
			<gpxtpx:course>307.0</gpxtpx:course>
		</gpxtpx:TrackPointExtension>
	</extensions>
</trkpt>
<trkpt lat="43.7789143" lon="15.6084706">
	<ele>12.01</ele>
	<time>2026-08-14T11:24:32.022Z</time>
	<hdop>3.79</hdop>
	<extensions>
		<gpxtpx:TrackPointExtension>
			<gpxtpx:course>307.0</gpxtpx:course>
		</gpxtpx:TrackPointExtension>
	</extensions>
</trkpt>
<trkpt lat="43.7791278" lon="15.6081036">
	<ele>14.49</ele>
	<time>2026-08-14T11:24:43.021Z</time>
	<hdop>3.79</hdop>
	<extensions>
		<gpxtpx:TrackPointExtension>
			<gpxtpx:course>308.0</gpxtpx:course>
		</gpxtpx:TrackPointExtension>
	</extensions>
</trkpt>
<trkpt lat="43.7793358" lon="15.6077259">
	<ele>11.67</ele>
	<time>2026-08-14T11:24:54.021Z</time>
	<hdop>3.79</hdop>
	<extensions>
		<gpxtpx:TrackPointExtension>
			<gpxtpx:course>308.0</gpxtpx:course>
		</gpxtpx:TrackPointExtension>
	</extensions>
</trkpt>
<trkpt lat="43.7795159" lon="15.6073834">
	<ele>13.87</ele>
	<time>2026-08-14T11:25:04.021Z</time>
	<hdop>3.79</hdop>
	<extensions>
		<gpxtpx:TrackPointExtension>
			<gpxtpx:course>305.0</gpxtpx:course>
		</gpxtpx:TrackPointExtension>
	</extensions>
</trkpt>
<trkpt lat="43.7797005" lon="15.6070504">
	<ele>9.81</ele>
	<time>2026-08-14T11:25:14.022Z</time>
	<hdop>3.79</hdop>
	<extensions>
		<gpxtpx:TrackPointExtension>
			<gpxtpx:course>306.0</gpxtpx:course>
		</gpxtpx:TrackPointExtension>
	</extensions>
</trkpt>
<trkpt lat="43.7799144" lon="15.6066804">
	<ele>9.40</ele>
	<time>2026-08-14T11:25:25.022Z</time>
	<hdop>3.79</hdop>
	<extensions>
		<gpxtpx:TrackPointExtension>
			<gpxtpx:course>308.0</gpxtpx:course>
		</gpxtpx:TrackPointExtension>
	</extensions>
</trkpt>
<trkpt lat="43.7801209" lon="15.6063175">
	<ele>12.98</ele>
	<time>2026-08-14T11:25:36.022Z</time>
	<hdop>3.79</hdop>
	<extensions>
		<gpxtpx:TrackPointExtension>
			<gpxtpx:course>306.0</gpxtpx:course>
		</gpxtpx:TrackPointExtension>
	</extensions>
</trkpt>
<trkpt lat="43.7803013" lon="15.6059800">
	<ele>11.84</ele>
	<time>2026-08-14T11:25:46.022Z</time>
	<hdop>3.79</hdop>
	<extensions>
		<gpxtpx:TrackPointExtension>
			<gpxtpx:course>306.0</gpxtpx:course>
		</gpxtpx:TrackPointExtension>
	</extensions>
</trkpt>
<trkpt lat="43.7804898" lon="15.6056302">
	<ele>6.50</ele>
	<time>2026-08-14T11:25:56.022Z</time>
	<hdop>3.79</hdop>
	<extensions>
		<gpxtpx:TrackPointExtension>
			<gpxtpx:course>305.0</gpxtpx:course>
		</gpxtpx:TrackPointExtension>
	</extensions>
</trkpt>
<trkpt lat="43.7806937" lon="15.6052464">
	<ele>11.03</ele>
	<time>2026-08-14T11:26:07.021Z</time>
	<hdop>3.79</hdop>
	<extensions>
		<gpxtpx:TrackPointExtension>
			<gpxtpx:course>306.0</gpxtpx:course>
		</gpxtpx:TrackPointExtension>
	</extensions>
</trkpt>
<trkpt lat="43.7808854" lon="15.6049044">
	<ele>8.90</ele>
	<time>2026-08-14T11:26:17.022Z</time>
	<hdop>3.79</hdop>
	<extensions>
		<gpxtpx:TrackPointExtension>
			<gpxtpx:course>307.0</gpxtpx:course>
		</gpxtpx:TrackPointExtension>
	</extensions>
</trkpt>
<trkpt lat="43.7810937" lon="15.6045247">
	<ele>-0.47</ele>
	<time>2026-08-14T11:26:28.022Z</time>
	<hdop>3.79</hdop>
	<extensions>
		<gpxtpx:TrackPointExtension>
			<gpxtpx:course>306.0</gpxtpx:course>
		</gpxtpx:TrackPointExtension>
	</extensions>
</trkpt>
<trkpt lat="43.7812796" lon="15.6041829">
	<ele>-23.07</ele>
	<time>2026-08-14T11:26:38.022Z</time>
	<hdop>3.79</hdop>
	<extensions>
		<gpxtpx:TrackPointExtension>
			<gpxtpx:course>307.0</gpxtpx:course>
		</gpxtpx:TrackPointExtension>
	</extensions>
</trkpt>
<trkpt lat="43.7814835" lon="15.6038197">
	<ele>-49.32</ele>
	<time>2026-08-14T11:26:49.020Z</time>
	<hdop>3.79</hdop>
	<extensions>
		<gpxtpx:TrackPointExtension>
			<gpxtpx:course>307.0</gpxtpx:course>
		</gpxtpx:TrackPointExtension>
	</extensions>
</trkpt>
<trkpt lat="43.7816730" lon="15.6034773">
	<ele>-40.20</ele>
	<time>2026-08-14T11:26:59.022Z</time>
	<hdop>3.79</hdop>
	<extensions>
		<gpxtpx:TrackPointExtension>
			<gpxtpx:course>305.0</gpxtpx:course>
		</gpxtpx:TrackPointExtension>
	</extensions>
</trkpt>
<trkpt lat="43.7818618" lon="15.6031376">
	<ele>-22.25</ele>
	<time>2026-08-14T11:27:09.022Z</time>
	<hdop>3.79</hdop>
	<extensions>
		<gpxtpx:TrackPointExtension>
			<gpxtpx:course>307.0</gpxtpx:course>
		</gpxtpx:TrackPointExtension>
	</extensions>
</trkpt>
<trkpt lat="43.7820691" lon="15.6027544">
	<ele>-8.61</ele>
	<time>2026-08-14T11:27:20.022Z</time>
	<hdop>3.79</hdop>
	<extensions>
		<gpxtpx:TrackPointExtension>
			<gpxtpx:course>307.0</gpxtpx:course>
		</gpxtpx:TrackPointExtension>
	</extensions>
</trkpt>
<trkpt lat="43.7822632" lon="15.6024095">
	<ele>1.08</ele>
	<time>2026-08-14T11:27:30.022Z</time>
	<hdop>3.79</hdop>
	<extensions>
		<gpxtpx:TrackPointExtension>
			<gpxtpx:course>307.0</gpxtpx:course>
		</gpxtpx:TrackPointExtension>
	</extensions>
</trkpt>
<trkpt lat="43.7824683" lon="15.6020375">
	<ele>2.77</ele>
	<time>2026-08-14T11:27:41.021Z</time>
	<hdop>3.79</hdop>
	<extensions>
		<gpxtpx:TrackPointExtension>
			<gpxtpx:course>307.0</gpxtpx:course>
		</gpxtpx:TrackPointExtension>
	</extensions>
</trkpt>
<trkpt lat="43.7826765" lon="15.6016698">
	<ele>5.34</ele>
	<time>2026-08-14T11:27:52.020Z</time>
	<hdop>3.79</hdop>
	<extensions>
		<gpxtpx:TrackPointExtension>
			<gpxtpx:course>309.0</gpxtpx:course>
		</gpxtpx:TrackPointExtension>
	</extensions>
</trkpt>
<trkpt lat="43.7828752" lon="15.6013266">
	<ele>10.04</ele>
	<time>2026-08-14T11:28:02.021Z</time>
	<hdop>3.79</hdop>
	<extensions>
		<gpxtpx:TrackPointExtension>
			<gpxtpx:course>308.0</gpxtpx:course>
		</gpxtpx:TrackPointExtension>
	</extensions>
</trkpt>
<trkpt lat="43.7830591" lon="15.6009878">
	<ele>7.93</ele>
	<time>2026-08-14T11:28:12.021Z</time>
	<hdop>3.79</hdop>
	<extensions>
		<gpxtpx:TrackPointExtension>
			<gpxtpx:course>306.0</gpxtpx:course>
		</gpxtpx:TrackPointExtension>
	</extensions>
</trkpt>
<trkpt lat="43.7832533" lon="15.6006453">
	<ele>-8.76</ele>
	<time>2026-08-14T11:28:22.021Z</time>
	<hdop>8.01</hdop>
	<extensions>
		<gpxtpx:TrackPointExtension>
			<gpxtpx:course>307.0</gpxtpx:course>
		</gpxtpx:TrackPointExtension>
	</extensions>
</trkpt>
<trkpt lat="43.7834470" lon="15.6003117">
	<ele>-34.07</ele>
	<time>2026-08-14T11:28:32.021Z</time>
	<hdop>3.79</hdop>
	<extensions>
		<gpxtpx:TrackPointExtension>
			<gpxtpx:course>306.0</gpxtpx:course>
		</gpxtpx:TrackPointExtension>
	</extensions>
</trkpt>
<trkpt lat="43.7836337" lon="15.5999640">
	<ele>-31.39</ele>
	<time>2026-08-14T11:28:42.021Z</time>
	<hdop>3.79</hdop>
	<extensions>
		<gpxtpx:TrackPointExtension>
			<gpxtpx:course>307.0</gpxtpx:course>
		</gpxtpx:TrackPointExtension>
	</extensions>
</trkpt>
<trkpt lat="43.7838467" lon="15.5995879">
	<ele>-21.22</ele>
	<time>2026-08-14T11:28:53.021Z</time>
	<hdop>3.79</hdop>
	<extensions>
		<gpxtpx:TrackPointExtension>
			<gpxtpx:course>310.0</gpxtpx:course>
		</gpxtpx:TrackPointExtension>
	</extensions>
</trkpt>
<trkpt lat="43.7840397" lon="15.5992403">
	<ele>-6.66</ele>
	<time>2026-08-14T11:29:03.021Z</time>
	<hdop>3.79</hdop>
	<extensions>
		<gpxtpx:TrackPointExtension>
			<gpxtpx:course>308.0</gpxtpx:course>
		</gpxtpx:TrackPointExtension>
	</extensions>
</trkpt>
<trkpt lat="43.7842530" lon="15.5988730">
	<ele>2.08</ele>
	<time>2026-08-14T11:29:14.020Z</time>
	<hdop>3.79</hdop>
	<extensions>
		<gpxtpx:TrackPointExtension>
			<gpxtpx:course>307.0</gpxtpx:course>
		</gpxtpx:TrackPointExtension>
	</extensions>
</trkpt>
<trkpt lat="43.7844443" lon="15.5985477">
	<ele>6.88</ele>
	<time>2026-08-14T11:29:24.021Z</time>
	<hdop>3.79</hdop>
	<extensions>
		<gpxtpx:TrackPointExtension>
			<gpxtpx:course>311.0</gpxtpx:course>
		</gpxtpx:TrackPointExtension>
	</extensions>
</trkpt>
<trkpt lat="43.7846666" lon="15.5981836">
	<ele>5.75</ele>
	<time>2026-08-14T11:29:35.022Z</time>
	<hdop>3.79</hdop>
	<extensions>
		<gpxtpx:TrackPointExtension>
			<gpxtpx:course>310.0</gpxtpx:course>
		</gpxtpx:TrackPointExtension>
	</extensions>
</trkpt>
<trkpt lat="43.7848924" lon="15.5978286">
	<ele>8.41</ele>
	<time>2026-08-14T11:29:46.021Z</time>
	<hdop>3.79</hdop>
	<extensions>
		<gpxtpx:TrackPointExtension>
			<gpxtpx:course>309.0</gpxtpx:course>
		</gpxtpx:TrackPointExtension>
	</extensions>
</trkpt>
<trkpt lat="43.7851071" lon="15.5974995">
	<ele>8.68</ele>
	<time>2026-08-14T11:29:56.021Z</time>
	<hdop>3.79</hdop>
	<extensions>
		<gpxtpx:TrackPointExtension>
			<gpxtpx:course>312.0</gpxtpx:course>
		</gpxtpx:TrackPointExtension>
	</extensions>
</trkpt>
<trkpt lat="43.7853043" lon="15.5971705">
	<ele>10.47</ele>
	<time>2026-08-14T11:30:06.021Z</time>
	<hdop>3.79</hdop>
	<extensions>
		<gpxtpx:TrackPointExtension>
			<gpxtpx:course>310.0</gpxtpx:course>
		</gpxtpx:TrackPointExtension>
	</extensions>
</trkpt>
<trkpt lat="43.7855315" lon="15.5968168">
	<ele>9.63</ele>
	<time>2026-08-14T11:30:17.020Z</time>
	<hdop>3.79</hdop>
	<extensions>
		<gpxtpx:TrackPointExtension>
			<gpxtpx:course>310.0</gpxtpx:course>
		</gpxtpx:TrackPointExtension>
	</extensions>
</trkpt>
<trkpt lat="43.7857357" lon="15.5964905">
	<ele>-0.55</ele>
	<time>2026-08-14T11:30:27.020Z</time>
	<hdop>3.79</hdop>
	<extensions>
		<gpxtpx:TrackPointExtension>
			<gpxtpx:course>312.0</gpxtpx:course>
		</gpxtpx:TrackPointExtension>
	</extensions>
</trkpt>
<trkpt lat="43.7859488" lon="15.5961692">
	<ele>-36.35</ele>
	<time>2026-08-14T11:30:37.021Z</time>
	<hdop>3.79</hdop>
	<extensions>
		<gpxtpx:TrackPointExtension>
			<gpxtpx:course>311.0</gpxtpx:course>
		</gpxtpx:TrackPointExtension>
	</extensions>
</trkpt>
<trkpt lat="43.7861518" lon="15.5958360">
	<ele>-41.55</ele>
	<time>2026-08-14T11:30:47.021Z</time>
	<hdop>3.79</hdop>
	<extensions>
		<gpxtpx:TrackPointExtension>
			<gpxtpx:course>309.0</gpxtpx:course>
		</gpxtpx:TrackPointExtension>
	</extensions>
</trkpt>
<trkpt lat="43.7863523" lon="15.5955041">
	<ele>-39.91</ele>
	<time>2026-08-14T11:30:57.021Z</time>
	<hdop>3.79</hdop>
	<extensions>
		<gpxtpx:TrackPointExtension>
			<gpxtpx:course>311.0</gpxtpx:course>
		</gpxtpx:TrackPointExtension>
	</extensions>
</trkpt>
<trkpt lat="43.7865638" lon="15.5951934">
	<ele>-51.92</ele>
	<time>2026-08-14T11:31:07.021Z</time>
	<hdop>3.79</hdop>
	<extensions>
		<gpxtpx:TrackPointExtension>
			<gpxtpx:course>312.0</gpxtpx:course>
		</gpxtpx:TrackPointExtension>
	</extensions>
</trkpt>
<trkpt lat="43.7867913" lon="15.5948497">
	<ele>-33.56</ele>
	<time>2026-08-14T11:31:18.022Z</time>
	<hdop>3.79</hdop>
	<extensions>
		<gpxtpx:TrackPointExtension>
			<gpxtpx:course>311.0</gpxtpx:course>
		</gpxtpx:TrackPointExtension>
	</extensions>
</trkpt>
<trkpt lat="43.7870226" lon="15.5944931">
	<ele>-14.57</ele>
	<time>2026-08-14T11:31:29.020Z</time>
	<hdop>3.79</hdop>
	<extensions>
		<gpxtpx:TrackPointExtension>
			<gpxtpx:course>311.0</gpxtpx:course>
		</gpxtpx:TrackPointExtension>
	</extensions>
</trkpt>
<trkpt lat="43.7872261" lon="15.5941685">
	<ele>-2.06</ele>
	<time>2026-08-14T11:31:39.020Z</time>
	<hdop>3.79</hdop>
	<extensions>
		<gpxtpx:TrackPointExtension>
			<gpxtpx:course>311.0</gpxtpx:course>
		</gpxtpx:TrackPointExtension>
	</extensions>
</trkpt>
<trkpt lat="43.7874355" lon="15.5938439">
	<ele>3.00</ele>
	<time>2026-08-14T11:31:49.021Z</time>
	<hdop>3.79</hdop>
	<extensions>
		<gpxtpx:TrackPointExtension>
			<gpxtpx:course>311.0</gpxtpx:course>
		</gpxtpx:TrackPointExtension>
	</extensions>
</trkpt>
<trkpt lat="43.7876382" lon="15.5935210">
	<ele>7.53</ele>
	<time>2026-08-14T11:31:59.021Z</time>
	<hdop>3.79</hdop>
	<extensions>
		<gpxtpx:TrackPointExtension>
			<gpxtpx:course>311.0</gpxtpx:course>
		</gpxtpx:TrackPointExtension>
	</extensions>
</trkpt>
<trkpt lat="43.7878511" lon="15.5931964">
	<ele>9.81</ele>
	<time>2026-08-14T11:32:09.021Z</time>
	<hdop>3.79</hdop>
	<extensions>
		<gpxtpx:TrackPointExtension>
			<gpxtpx:course>312.0</gpxtpx:course>
		</gpxtpx:TrackPointExtension>
	</extensions>
</trkpt>
<trkpt lat="43.7880548" lon="15.5928687">
	<ele>14.74</ele>
	<time>2026-08-14T11:32:19.021Z</time>
	<hdop>3.79</hdop>
	<extensions>
		<gpxtpx:TrackPointExtension>
			<gpxtpx:course>309.0</gpxtpx:course>
		</gpxtpx:TrackPointExtension>
	</extensions>
</trkpt>
<trkpt lat="43.7882632" lon="15.5925405">
	<ele>12.15</ele>
	<time>2026-08-14T11:32:29.021Z</time>
	<hdop>3.79</hdop>
	<extensions>
		<gpxtpx:TrackPointExtension>
			<gpxtpx:course>312.0</gpxtpx:course>
		</gpxtpx:TrackPointExtension>
	</extensions>
</trkpt>
<trkpt lat="43.7884951" lon="15.5921897">
	<ele>14.57</ele>
	<time>2026-08-14T11:32:40.021Z</time>
	<hdop>3.79</hdop>
	<extensions>
		<gpxtpx:TrackPointExtension>
			<gpxtpx:course>312.0</gpxtpx:course>
		</gpxtpx:TrackPointExtension>
	</extensions>
</trkpt>
<trkpt lat="43.7887233" lon="15.5918405">
	<ele>16.11</ele>
	<time>2026-08-14T11:32:51.021Z</time>
	<hdop>3.79</hdop>
	<extensions>
		<gpxtpx:TrackPointExtension>
			<gpxtpx:course>310.0</gpxtpx:course>
		</gpxtpx:TrackPointExtension>
	</extensions>
</trkpt>
<trkpt lat="43.7889290" lon="15.5915210">
	<ele>14.47</ele>
	<time>2026-08-14T11:33:01.021Z</time>
	<hdop>3.79</hdop>
	<extensions>
		<gpxtpx:TrackPointExtension>
			<gpxtpx:course>311.0</gpxtpx:course>
		</gpxtpx:TrackPointExtension>
	</extensions>
</trkpt>
<trkpt lat="43.7891352" lon="15.5911978">
	<ele>9.97</ele>
	<time>2026-08-14T11:33:11.021Z</time>
	<hdop>3.79</hdop>
	<extensions>
		<gpxtpx:TrackPointExtension>
			<gpxtpx:course>312.0</gpxtpx:course>
		</gpxtpx:TrackPointExtension>
	</extensions>
</trkpt>
<trkpt lat="43.7893406" lon="15.5908724">
	<ele>13.38</ele>
	<time>2026-08-14T11:33:21.021Z</time>
	<hdop>3.79</hdop>
	<extensions>
		<gpxtpx:TrackPointExtension>
			<gpxtpx:course>312.0</gpxtpx:course>
		</gpxtpx:TrackPointExtension>
	</extensions>
</trkpt>
<trkpt lat="43.7895477" lon="15.5905565">
	<ele>10.14</ele>
	<time>2026-08-14T11:33:31.021Z</time>
	<hdop>3.79</hdop>
	<extensions>
		<gpxtpx:TrackPointExtension>
			<gpxtpx:course>311.0</gpxtpx:course>
		</gpxtpx:TrackPointExtension>
	</extensions>
</trkpt>
<trkpt lat="43.7897546" lon="15.5902360">
	<ele>10.42</ele>
	<time>2026-08-14T11:33:41.021Z</time>
	<hdop>3.79</hdop>
	<extensions>
		<gpxtpx:TrackPointExtension>
			<gpxtpx:course>312.0</gpxtpx:course>
		</gpxtpx:TrackPointExtension>
	</extensions>
</trkpt>
<trkpt lat="43.7899620" lon="15.5899127">
	<ele>10.31</ele>
	<time>2026-08-14T11:33:51.021Z</time>
	<hdop>3.79</hdop>
	<extensions>
		<gpxtpx:TrackPointExtension>
			<gpxtpx:course>311.0</gpxtpx:course>
		</gpxtpx:TrackPointExtension>
	</extensions>
</trkpt>
<trkpt lat="43.7901936" lon="15.5895585">
	<ele>6.21</ele>
	<time>2026-08-14T11:34:02.020Z</time>
	<hdop>3.79</hdop>
	<extensions>
		<gpxtpx:TrackPointExtension>
			<gpxtpx:course>311.0</gpxtpx:course>
		</gpxtpx:TrackPointExtension>
	</extensions>
</trkpt>
<trkpt lat="43.7903958" lon="15.5892351">
	<ele>3.53</ele>
	<time>2026-08-14T11:34:12.021Z</time>
	<hdop>3.79</hdop>
	<extensions>
		<gpxtpx:TrackPointExtension>
			<gpxtpx:course>311.0</gpxtpx:course>
		</gpxtpx:TrackPointExtension>
	</extensions>
</trkpt>
<trkpt lat="43.7906005" lon="15.5889160">
	<ele>5.95</ele>
	<time>2026-08-14T11:34:22.021Z</time>
	<hdop>3.79</hdop>
	<extensions>
		<gpxtpx:TrackPointExtension>
			<gpxtpx:course>312.0</gpxtpx:course>
		</gpxtpx:TrackPointExtension>
	</extensions>
</trkpt>
<trkpt lat="43.7908273" lon="15.5885644">
	<ele>4.83</ele>
	<time>2026-08-14T11:34:33.021Z</time>
	<hdop>3.79</hdop>
	<extensions>
		<gpxtpx:TrackPointExtension>
			<gpxtpx:course>312.0</gpxtpx:course>
		</gpxtpx:TrackPointExtension>
	</extensions>
</trkpt>
<trkpt lat="43.7910630" lon="15.5882023">
	<ele>5.14</ele>
	<time>2026-08-14T11:34:44.020Z</time>
	<hdop>3.79</hdop>
	<extensions>
		<gpxtpx:TrackPointExtension>
			<gpxtpx:course>312.0</gpxtpx:course>
		</gpxtpx:TrackPointExtension>
	</extensions>
</trkpt>
<trkpt lat="43.7912751" lon="15.5878879">
	<ele>8.24</ele>
	<time>2026-08-14T11:34:54.021Z</time>
	<hdop>3.79</hdop>
	<extensions>
		<gpxtpx:TrackPointExtension>
			<gpxtpx:course>310.0</gpxtpx:course>
		</gpxtpx:TrackPointExtension>
	</extensions>
</trkpt>
<trkpt lat="43.7915015" lon="15.5875181">
	<ele>4.87</ele>
	<time>2026-08-14T11:35:05.020Z</time>
	<hdop>3.79</hdop>
	<extensions>
		<gpxtpx:TrackPointExtension>
			<gpxtpx:course>311.0</gpxtpx:course>
		</gpxtpx:TrackPointExtension>
	</extensions>
</trkpt>
<trkpt lat="43.7917138" lon="15.5871816">
	<ele>5.67</ele>
	<time>2026-08-14T11:35:15.020Z</time>
	<hdop>3.79</hdop>
	<extensions>
		<gpxtpx:TrackPointExtension>
			<gpxtpx:course>310.0</gpxtpx:course>
		</gpxtpx:TrackPointExtension>
	</extensions>
</trkpt>
<trkpt lat="43.7919203" lon="15.5868687">
	<ele>5.19</ele>
	<time>2026-08-14T11:35:25.021Z</time>
	<hdop>3.79</hdop>
	<extensions>
		<gpxtpx:TrackPointExtension>
			<gpxtpx:course>312.0</gpxtpx:course>
		</gpxtpx:TrackPointExtension>
	</extensions>
</trkpt>
<trkpt lat="43.7921539" lon="15.5865171">
	<ele>5.25</ele>
	<time>2026-08-14T11:35:36.020Z</time>
	<hdop>3.79</hdop>
	<extensions>
		<gpxtpx:TrackPointExtension>
			<gpxtpx:course>312.0</gpxtpx:course>
		</gpxtpx:TrackPointExtension>
	</extensions>
</trkpt>
<trkpt lat="43.7923690" lon="15.5861997">
	<ele>3.64</ele>
	<time>2026-08-14T11:35:46.020Z</time>
	<hdop>3.79</hdop>
	<extensions>
		<gpxtpx:TrackPointExtension>
			<gpxtpx:course>311.0</gpxtpx:course>
		</gpxtpx:TrackPointExtension>
	</extensions>
</trkpt>
<trkpt lat="43.7925705" lon="15.5858766">
	<ele>5.21</ele>
	<time>2026-08-14T11:35:56.021Z</time>
	<hdop>3.79</hdop>
	<extensions>
		<gpxtpx:TrackPointExtension>
			<gpxtpx:course>312.0</gpxtpx:course>
		</gpxtpx:TrackPointExtension>
	</extensions>
</trkpt>
<trkpt lat="43.7927956" lon="15.5855202">
	<ele>3.11</ele>
	<time>2026-08-14T11:36:07.021Z</time>
	<hdop>3.79</hdop>
	<extensions>
		<gpxtpx:TrackPointExtension>
			<gpxtpx:course>309.0</gpxtpx:course>
		</gpxtpx:TrackPointExtension>
	</extensions>
</trkpt>
<trkpt lat="43.7930282" lon="15.5851663">
	<ele>3.95</ele>
	<time>2026-08-14T11:36:18.019Z</time>
	<hdop>3.79</hdop>
	<extensions>
		<gpxtpx:TrackPointExtension>
			<gpxtpx:course>311.0</gpxtpx:course>
		</gpxtpx:TrackPointExtension>
	</extensions>
</trkpt>
<trkpt lat="43.7932396" lon="15.5848385">
	<ele>-3.51</ele>
	<time>2026-08-14T11:36:28.020Z</time>
	<hdop>3.79</hdop>
	<extensions>
		<gpxtpx:TrackPointExtension>
			<gpxtpx:course>311.0</gpxtpx:course>
		</gpxtpx:TrackPointExtension>
	</extensions>
</trkpt>
<trkpt lat="43.7934694" lon="15.5844864">
	<ele>-31.53</ele>
	<time>2026-08-14T11:36:39.020Z</time>
	<hdop>3.79</hdop>
	<extensions>
		<gpxtpx:TrackPointExtension>
			<gpxtpx:course>312.0</gpxtpx:course>
		</gpxtpx:TrackPointExtension>
	</extensions>
</trkpt>
<trkpt lat="43.7936775" lon="15.5841596">
	<ele>-57.07</ele>
	<time>2026-08-14T11:36:49.020Z</time>
	<hdop>3.79</hdop>
	<extensions>
		<gpxtpx:TrackPointExtension>
			<gpxtpx:course>313.0</gpxtpx:course>
		</gpxtpx:TrackPointExtension>
	</extensions>
</trkpt>
<trkpt lat="43.7938738" lon="15.5838388">
	<ele>-71.71</ele>
	<time>2026-08-14T11:36:59.020Z</time>
	<hdop>3.79</hdop>
	<extensions>
		<gpxtpx:TrackPointExtension>
			<gpxtpx:course>310.0</gpxtpx:course>
		</gpxtpx:TrackPointExtension>
	</extensions>
</trkpt>
<trkpt lat="43.7940957" lon="15.5834924">
	<ele>-72.69</ele>
	<time>2026-08-14T11:37:10.020Z</time>
	<hdop>3.79</hdop>
	<extensions>
		<gpxtpx:TrackPointExtension>
			<gpxtpx:course>311.0</gpxtpx:course>
		</gpxtpx:TrackPointExtension>
	</extensions>
</trkpt>
<trkpt lat="43.7943252" lon="15.5831446">
	<ele>-46.70</ele>
	<time>2026-08-14T11:37:21.021Z</time>
	<hdop>3.79</hdop>
	<extensions>
		<gpxtpx:TrackPointExtension>
			<gpxtpx:course>310.0</gpxtpx:course>
		</gpxtpx:TrackPointExtension>
	</extensions>
</trkpt>
<trkpt lat="43.7945490" lon="15.5827776">
	<ele>-24.38</ele>
	<time>2026-08-14T11:37:32.020Z</time>
	<hdop>3.79</hdop>
	<extensions>
		<gpxtpx:TrackPointExtension>
			<gpxtpx:course>312.0</gpxtpx:course>
		</gpxtpx:TrackPointExtension>
	</extensions>
</trkpt>
<trkpt lat="43.7947618" lon="15.5824539">
	<ele>-9.50</ele>
	<time>2026-08-14T11:37:42.021Z</time>
	<hdop>3.79</hdop>
	<extensions>
		<gpxtpx:TrackPointExtension>
			<gpxtpx:course>314.0</gpxtpx:course>
		</gpxtpx:TrackPointExtension>
	</extensions>
</trkpt>
<trkpt lat="43.7949919" lon="15.5821068">
	<ele>-3.73</ele>
	<time>2026-08-14T11:37:53.020Z</time>
	<hdop>3.79</hdop>
	<extensions>
		<gpxtpx:TrackPointExtension>
			<gpxtpx:course>311.0</gpxtpx:course>
		</gpxtpx:TrackPointExtension>
	</extensions>
</trkpt>
<trkpt lat="43.7951956" lon="15.5817793">
	<ele>1.24</ele>
	<time>2026-08-14T11:38:03.021Z</time>
	<hdop>3.79</hdop>
	<extensions>
		<gpxtpx:TrackPointExtension>
			<gpxtpx:course>310.0</gpxtpx:course>
		</gpxtpx:TrackPointExtension>
	</extensions>
</trkpt>
<trkpt lat="43.7954244" lon="15.5814307">
	<ele>4.35</ele>
	<time>2026-08-14T11:38:14.020Z</time>
	<hdop>3.79</hdop>
	<extensions>
		<gpxtpx:TrackPointExtension>
			<gpxtpx:course>311.0</gpxtpx:course>
		</gpxtpx:TrackPointExtension>
	</extensions>
</trkpt>
<trkpt lat="43.7956322" lon="15.5811032">
	<ele>6.33</ele>
	<time>2026-08-14T11:38:24.020Z</time>
	<hdop>3.79</hdop>
	<extensions>
		<gpxtpx:TrackPointExtension>
			<gpxtpx:course>311.0</gpxtpx:course>
		</gpxtpx:TrackPointExtension>
	</extensions>
</trkpt>
<trkpt lat="43.7958400" lon="15.5807818">
	<ele>-5.58</ele>
	<time>2026-08-14T11:38:34.020Z</time>
	<hdop>3.79</hdop>
	<extensions>
		<gpxtpx:TrackPointExtension>
			<gpxtpx:course>310.0</gpxtpx:course>
		</gpxtpx:TrackPointExtension>
	</extensions>
</trkpt>
<trkpt lat="43.7960321" lon="15.5804545">
	<ele>-36.64</ele>
	<time>2026-08-14T11:38:44.020Z</time>
	<hdop>3.79</hdop>
	<extensions>
		<gpxtpx:TrackPointExtension>
			<gpxtpx:course>311.0</gpxtpx:course>
		</gpxtpx:TrackPointExtension>
	</extensions>
</trkpt>
<trkpt lat="43.7962358" lon="15.5801307">
	<ele>-44.65</ele>
	<time>2026-08-14T11:38:54.020Z</time>
	<hdop>3.79</hdop>
	<extensions>
		<gpxtpx:TrackPointExtension>
			<gpxtpx:course>310.0</gpxtpx:course>
		</gpxtpx:TrackPointExtension>
	</extensions>
</trkpt>
<trkpt lat="43.7964425" lon="15.5798079">
	<ele>-29.07</ele>
	<time>2026-08-14T11:39:04.020Z</time>
	<hdop>3.79</hdop>
	<extensions>
		<gpxtpx:TrackPointExtension>
			<gpxtpx:course>310.0</gpxtpx:course>
		</gpxtpx:TrackPointExtension>
	</extensions>
</trkpt>
<trkpt lat="43.7966499" lon="15.5794896">
	<ele>-9.92</ele>
	<time>2026-08-14T11:39:14.020Z</time>
	<hdop>3.79</hdop>
	<extensions>
		<gpxtpx:TrackPointExtension>
			<gpxtpx:course>312.0</gpxtpx:course>
		</gpxtpx:TrackPointExtension>
	</extensions>
</trkpt>
<trkpt lat="43.7968725" lon="15.5791315">
	<ele>-1.24</ele>
	<time>2026-08-14T11:39:25.020Z</time>
	<hdop>3.79</hdop>
	<extensions>
		<gpxtpx:TrackPointExtension>
			<gpxtpx:course>312.0</gpxtpx:course>
		</gpxtpx:TrackPointExtension>
	</extensions>
</trkpt>
<trkpt lat="43.7971004" lon="15.5787673">
	<ele>2.31</ele>
	<time>2026-08-14T11:39:36.019Z</time>
	<hdop>3.79</hdop>
	<extensions>
		<gpxtpx:TrackPointExtension>
			<gpxtpx:course>311.0</gpxtpx:course>
		</gpxtpx:TrackPointExtension>
	</extensions>
</trkpt>
<trkpt lat="43.7973052" lon="15.5784390">
	<ele>4.23</ele>
	<time>2026-08-14T11:39:46.020Z</time>
	<hdop>3.79</hdop>
	<extensions>
		<gpxtpx:TrackPointExtension>
			<gpxtpx:course>310.0</gpxtpx:course>
		</gpxtpx:TrackPointExtension>
	</extensions>
</trkpt>
<trkpt lat="43.7975033" lon="15.5781086">
	<ele>5.56</ele>
	<time>2026-08-14T11:39:56.020Z</time>
	<hdop>3.79</hdop>
	<extensions>
		<gpxtpx:TrackPointExtension>
			<gpxtpx:course>312.0</gpxtpx:course>
		</gpxtpx:TrackPointExtension>
	</extensions>
</trkpt>
<trkpt lat="43.7976998" lon="15.5777830">
	<ele>6.78</ele>
	<time>2026-08-14T11:40:06.020Z</time>
	<hdop>3.79</hdop>
	<extensions>
		<gpxtpx:TrackPointExtension>
			<gpxtpx:course>310.0</gpxtpx:course>
		</gpxtpx:TrackPointExtension>
	</extensions>
</trkpt>
<trkpt lat="43.7979046" lon="15.5774540">
	<ele>8.14</ele>
	<time>2026-08-14T11:40:16.020Z</time>
	<hdop>5.97</hdop>
	<extensions>
		<gpxtpx:TrackPointExtension>
			<gpxtpx:course>308.0</gpxtpx:course>
		</gpxtpx:TrackPointExtension>
	</extensions>
</trkpt>
<trkpt lat="43.7981245" lon="15.5770955">
	<ele>2.66</ele>
	<time>2026-08-14T11:40:27.020Z</time>
	<hdop>3.79</hdop>
	<extensions>
		<gpxtpx:TrackPointExtension>
			<gpxtpx:course>309.0</gpxtpx:course>
		</gpxtpx:TrackPointExtension>
	</extensions>
</trkpt>
<trkpt lat="43.7983265" lon="15.5767659">
	<ele>4.99</ele>
	<time>2026-08-14T11:40:37.020Z</time>
	<hdop>3.79</hdop>
	<extensions>
		<gpxtpx:TrackPointExtension>
			<gpxtpx:course>311.0</gpxtpx:course>
		</gpxtpx:TrackPointExtension>
	</extensions>
</trkpt>
<trkpt lat="43.7985217" lon="15.5764386">
	<ele>7.45</ele>
	<time>2026-08-14T11:40:47.020Z</time>
	<hdop>3.79</hdop>
	<extensions>
		<gpxtpx:TrackPointExtension>
			<gpxtpx:course>308.0</gpxtpx:course>
		</gpxtpx:TrackPointExtension>
	</extensions>
</trkpt>
<trkpt lat="43.7987244" lon="15.5761103">
	<ele>9.71</ele>
	<time>2026-08-14T11:40:57.020Z</time>
	<hdop>3.79</hdop>
	<extensions>
		<gpxtpx:TrackPointExtension>
			<gpxtpx:course>308.0</gpxtpx:course>
		</gpxtpx:TrackPointExtension>
	</extensions>
</trkpt>
<trkpt lat="43.7989448" lon="15.5757511">
	<ele>9.78</ele>
	<time>2026-08-14T11:41:08.020Z</time>
	<hdop>3.79</hdop>
	<extensions>
		<gpxtpx:TrackPointExtension>
			<gpxtpx:course>311.0</gpxtpx:course>
		</gpxtpx:TrackPointExtension>
	</extensions>
</trkpt>
<trkpt lat="43.7991723" lon="15.5753841">
	<ele>10.22</ele>
	<time>2026-08-14T11:41:19.020Z</time>
	<hdop>3.79</hdop>
	<extensions>
		<gpxtpx:TrackPointExtension>
			<gpxtpx:course>308.0</gpxtpx:course>
		</gpxtpx:TrackPointExtension>
	</extensions>
</trkpt>
<trkpt lat="43.7993630" lon="15.5750589">
	<ele>8.56</ele>
	<time>2026-08-14T11:41:29.020Z</time>
	<hdop>3.79</hdop>
	<extensions>
		<gpxtpx:TrackPointExtension>
			<gpxtpx:course>309.0</gpxtpx:course>
		</gpxtpx:TrackPointExtension>
	</extensions>
</trkpt>
<trkpt lat="43.7995717" lon="15.5747251">
	<ele>10.57</ele>
	<time>2026-08-14T11:41:39.020Z</time>
	<hdop>3.79</hdop>
	<extensions>
		<gpxtpx:TrackPointExtension>
			<gpxtpx:course>310.0</gpxtpx:course>
		</gpxtpx:TrackPointExtension>
	</extensions>
</trkpt>
<trkpt lat="43.7997733" lon="15.5743993">
	<ele>7.99</ele>
	<time>2026-08-14T11:41:49.020Z</time>
	<hdop>3.79</hdop>
	<extensions>
		<gpxtpx:TrackPointExtension>
			<gpxtpx:course>309.0</gpxtpx:course>
		</gpxtpx:TrackPointExtension>
	</extensions>
</trkpt>
<trkpt lat="43.7999836" lon="15.5740228">
	<ele>8.89</ele>
	<time>2026-08-14T11:42:00.019Z</time>
	<hdop>3.79</hdop>
	<extensions>
		<gpxtpx:TrackPointExtension>
			<gpxtpx:course>305.0</gpxtpx:course>
		</gpxtpx:TrackPointExtension>
	</extensions>
</trkpt>
<trkpt lat="43.8001524" lon="15.5736561">
	<ele>7.59</ele>
	<time>2026-08-14T11:42:10.020Z</time>
	<hdop>3.79</hdop>
	<extensions>
		<gpxtpx:TrackPointExtension>
			<gpxtpx:course>302.0</gpxtpx:course>
		</gpxtpx:TrackPointExtension>
	</extensions>
</trkpt>
<trkpt lat="43.8003401" lon="15.5732629">
	<ele>8.06</ele>
	<time>2026-08-14T11:42:21.019Z</time>
	<hdop>3.79</hdop>
	<extensions>
		<gpxtpx:TrackPointExtension>
			<gpxtpx:course>303.0</gpxtpx:course>
		</gpxtpx:TrackPointExtension>
	</extensions>
</trkpt>
<trkpt lat="43.8005382" lon="15.5728769">
	<ele>8.45</ele>
	<time>2026-08-14T11:42:32.019Z</time>
	<hdop>3.79</hdop>
	<extensions>
		<gpxtpx:TrackPointExtension>
			<gpxtpx:course>307.0</gpxtpx:course>
		</gpxtpx:TrackPointExtension>
	</extensions>
</trkpt>
<trkpt lat="43.8007615" lon="15.5725931">
	<ele>7.43</ele>
	<time>2026-08-14T11:42:42.020Z</time>
	<hdop>3.79</hdop>
	<extensions>
		<gpxtpx:TrackPointExtension>
			<gpxtpx:course>326.0</gpxtpx:course>
		</gpxtpx:TrackPointExtension>
	</extensions>
</trkpt>
<trkpt lat="43.8010833" lon="15.5723996">
	<ele>4.83</ele>
	<time>2026-08-14T11:42:53.018Z</time>
	<hdop>3.79</hdop>
	<extensions>
		<gpxtpx:TrackPointExtension>
			<gpxtpx:course>338.0</gpxtpx:course>
		</gpxtpx:TrackPointExtension>
	</extensions>
</trkpt>
<trkpt lat="43.8013650" lon="15.5721746">
	<ele>4.29</ele>
	<time>2026-08-14T11:43:03.019Z</time>
	<hdop>3.79</hdop>
	<extensions>
		<gpxtpx:TrackPointExtension>
			<gpxtpx:course>321.0</gpxtpx:course>
		</gpxtpx:TrackPointExtension>
	</extensions>
</trkpt>
<trkpt lat="43.8016174" lon="15.5719160">
	<ele>1.56</ele>
	<time>2026-08-14T11:43:13.020Z</time>
	<hdop>3.79</hdop>
	<extensions>
		<gpxtpx:TrackPointExtension>
			<gpxtpx:course>323.0</gpxtpx:course>
		</gpxtpx:TrackPointExtension>
	</extensions>
</trkpt>
<trkpt lat="43.8018954" lon="15.5716331">
	<ele>1.08</ele>
	<time>2026-08-14T11:43:24.019Z</time>
	<hdop>3.79</hdop>
	<extensions>
		<gpxtpx:TrackPointExtension>
			<gpxtpx:course>322.0</gpxtpx:course>
		</gpxtpx:TrackPointExtension>
	</extensions>
</trkpt>
<trkpt lat="43.8021505" lon="15.5713765">
	<ele>0.30</ele>
	<time>2026-08-14T11:43:34.019Z</time>
	<hdop>3.79</hdop>
	<extensions>
		<gpxtpx:TrackPointExtension>
			<gpxtpx:course>323.0</gpxtpx:course>
		</gpxtpx:TrackPointExtension>
	</extensions>
</trkpt>
<trkpt lat="43.8024063" lon="15.5711115">
	<ele>0.60</ele>
	<time>2026-08-14T11:43:44.019Z</time>
	<hdop>3.79</hdop>
	<extensions>
		<gpxtpx:TrackPointExtension>
			<gpxtpx:course>322.0</gpxtpx:course>
		</gpxtpx:TrackPointExtension>
	</extensions>
</trkpt>
<trkpt lat="43.8026600" lon="15.5708528">
	<ele>-0.74</ele>
	<time>2026-08-14T11:43:54.019Z</time>
	<hdop>3.79</hdop>
	<extensions>
		<gpxtpx:TrackPointExtension>
			<gpxtpx:course>322.0</gpxtpx:course>
		</gpxtpx:TrackPointExtension>
	</extensions>
</trkpt>
<trkpt lat="43.8029019" lon="15.5705974">
	<ele>-0.20</ele>
	<time>2026-08-14T11:44:04.019Z</time>
	<hdop>3.79</hdop>
	<extensions>
		<gpxtpx:TrackPointExtension>
			<gpxtpx:course>322.0</gpxtpx:course>
		</gpxtpx:TrackPointExtension>
	</extensions>
</trkpt>
<trkpt lat="43.8031505" lon="15.5703421">
	<ele>-1.76</ele>
	<time>2026-08-14T11:44:14.019Z</time>
	<hdop>3.79</hdop>
	<extensions>
		<gpxtpx:TrackPointExtension>
			<gpxtpx:course>322.0</gpxtpx:course>
		</gpxtpx:TrackPointExtension>
	</extensions>
</trkpt>
<trkpt lat="43.8034021" lon="15.5700791">
	<ele>-1.78</ele>
	<time>2026-08-14T11:44:24.020Z</time>
	<hdop>3.79</hdop>
	<extensions>
		<gpxtpx:TrackPointExtension>
			<gpxtpx:course>322.0</gpxtpx:course>
		</gpxtpx:TrackPointExtension>
	</extensions>
</trkpt>
<trkpt lat="43.8036771" lon="15.5697923">
	<ele>-0.58</ele>
	<time>2026-08-14T11:44:35.020Z</time>
	<hdop>3.79</hdop>
	<extensions>
		<gpxtpx:TrackPointExtension>
			<gpxtpx:course>323.0</gpxtpx:course>
		</gpxtpx:TrackPointExtension>
	</extensions>
</trkpt>
<trkpt lat="43.8039287" lon="15.5695398">
	<ele>-1.44</ele>
	<time>2026-08-14T11:44:45.020Z</time>
	<hdop>3.79</hdop>
	<extensions>
		<gpxtpx:TrackPointExtension>
			<gpxtpx:course>323.0</gpxtpx:course>
		</gpxtpx:TrackPointExtension>
	</extensions>
</trkpt>
<trkpt lat="43.8041855" lon="15.5692769">
	<ele>-0.22</ele>
	<time>2026-08-14T11:44:55.020Z</time>
	<hdop>3.79</hdop>
	<extensions>
		<gpxtpx:TrackPointExtension>
			<gpxtpx:course>321.0</gpxtpx:course>
		</gpxtpx:TrackPointExtension>
	</extensions>
</trkpt>
<trkpt lat="43.8044291" lon="15.5690270">
	<ele>-0.29</ele>
	<time>2026-08-14T11:45:05.020Z</time>
	<hdop>3.79</hdop>
	<extensions>
		<gpxtpx:TrackPointExtension>
			<gpxtpx:course>323.0</gpxtpx:course>
		</gpxtpx:TrackPointExtension>
	</extensions>
</trkpt>
<trkpt lat="43.8047031" lon="15.5687306">
	<ele>-0.60</ele>
	<time>2026-08-14T11:45:16.020Z</time>
	<hdop>3.79</hdop>
	<extensions>
		<gpxtpx:TrackPointExtension>
			<gpxtpx:course>322.0</gpxtpx:course>
		</gpxtpx:TrackPointExtension>
	</extensions>
</trkpt>
<trkpt lat="43.8049794" lon="15.5684418">
	<ele>-1.90</ele>
	<time>2026-08-14T11:45:27.020Z</time>
	<hdop>3.79</hdop>
	<extensions>
		<gpxtpx:TrackPointExtension>
			<gpxtpx:course>321.0</gpxtpx:course>
		</gpxtpx:TrackPointExtension>
	</extensions>
</trkpt>
<trkpt lat="43.8052334" lon="15.5681824">
	<ele>-21.70</ele>
	<time>2026-08-14T11:45:37.020Z</time>
	<hdop>3.79</hdop>
	<extensions>
		<gpxtpx:TrackPointExtension>
			<gpxtpx:course>323.0</gpxtpx:course>
		</gpxtpx:TrackPointExtension>
	</extensions>
</trkpt>
<trkpt lat="43.8054823" lon="15.5679217">
	<ele>-33.45</ele>
	<time>2026-08-14T11:45:47.020Z</time>
	<hdop>3.79</hdop>
	<extensions>
		<gpxtpx:TrackPointExtension>
			<gpxtpx:course>322.0</gpxtpx:course>
		</gpxtpx:TrackPointExtension>
	</extensions>
</trkpt>
<trkpt lat="43.8057351" lon="15.5676530">
	<ele>-36.05</ele>
	<time>2026-08-14T11:45:57.020Z</time>
	<hdop>3.79</hdop>
	<extensions>
		<gpxtpx:TrackPointExtension>
			<gpxtpx:course>322.0</gpxtpx:course>
		</gpxtpx:TrackPointExtension>
	</extensions>
</trkpt>
<trkpt lat="43.8060143" lon="15.5673684">
	<ele>-34.47</ele>
	<time>2026-08-14T11:46:08.019Z</time>
	<hdop>3.79</hdop>
	<extensions>
		<gpxtpx:TrackPointExtension>
			<gpxtpx:course>320.0</gpxtpx:course>
		</gpxtpx:TrackPointExtension>
	</extensions>
</trkpt>
<trkpt lat="43.8062625" lon="15.5671060">
	<ele>-29.72</ele>
	<time>2026-08-14T11:46:18.019Z</time>
	<hdop>3.79</hdop>
	<extensions>
		<gpxtpx:TrackPointExtension>
			<gpxtpx:course>323.0</gpxtpx:course>
		</gpxtpx:TrackPointExtension>
	</extensions>
</trkpt>
<trkpt lat="43.8065141" lon="15.5668464">
	<ele>-27.94</ele>
	<time>2026-08-14T11:46:28.020Z</time>
	<hdop>3.79</hdop>
	<extensions>
		<gpxtpx:TrackPointExtension>
			<gpxtpx:course>323.0</gpxtpx:course>
		</gpxtpx:TrackPointExtension>
	</extensions>
</trkpt>
<trkpt lat="43.8067870" lon="15.5665482">
	<ele>-26.72</ele>
	<time>2026-08-14T11:46:39.019Z</time>
	<hdop>3.79</hdop>
	<extensions>
		<gpxtpx:TrackPointExtension>
			<gpxtpx:course>322.0</gpxtpx:course>
		</gpxtpx:TrackPointExtension>
	</extensions>
</trkpt>
<trkpt lat="43.8070711" lon="15.5662555">
	<ele>-32.03</ele>
	<time>2026-08-14T11:46:50.020Z</time>
	<hdop>3.79</hdop>
	<extensions>
		<gpxtpx:TrackPointExtension>
			<gpxtpx:course>322.0</gpxtpx:course>
		</gpxtpx:TrackPointExtension>
	</extensions>
</trkpt>
<trkpt lat="43.8073517" lon="15.5659675">
	<ele>-30.41</ele>
	<time>2026-08-14T11:47:01.020Z</time>
	<hdop>3.79</hdop>
	<extensions>
		<gpxtpx:TrackPointExtension>
			<gpxtpx:course>322.0</gpxtpx:course>
		</gpxtpx:TrackPointExtension>
	</extensions>
</trkpt>
<trkpt lat="43.8075988" lon="15.5657122">
	<ele>-27.53</ele>
	<time>2026-08-14T11:47:11.020Z</time>
	<hdop>3.79</hdop>
	<extensions>
		<gpxtpx:TrackPointExtension>
			<gpxtpx:course>321.0</gpxtpx:course>
		</gpxtpx:TrackPointExtension>
	</extensions>
</trkpt>
<trkpt lat="43.8078725" lon="15.5654257">
	<ele>-24.93</ele>
	<time>2026-08-14T11:47:22.020Z</time>
	<hdop>3.79</hdop>
	<extensions>
		<gpxtpx:TrackPointExtension>
			<gpxtpx:course>321.0</gpxtpx:course>
		</gpxtpx:TrackPointExtension>
	</extensions>
</trkpt>
<trkpt lat="43.8081422" lon="15.5651397">
	<ele>-26.64</ele>
	<time>2026-08-14T11:47:33.018Z</time>
	<hdop>3.79</hdop>
	<extensions>
		<gpxtpx:TrackPointExtension>
			<gpxtpx:course>326.0</gpxtpx:course>
		</gpxtpx:TrackPointExtension>
	</extensions>
</trkpt>
<trkpt lat="43.8083983" lon="15.5648796">
	<ele>-27.64</ele>
	<time>2026-08-14T11:47:43.019Z</time>
	<hdop>6.70</hdop>
	<extensions>
		<gpxtpx:TrackPointExtension>
			<gpxtpx:course>321.0</gpxtpx:course>
		</gpxtpx:TrackPointExtension>
	</extensions>
</trkpt>
<trkpt lat="43.8086528" lon="15.5646268">
	<ele>-38.36</ele>
	<time>2026-08-14T11:47:53.019Z</time>
	<hdop>3.79</hdop>
	<extensions>
		<gpxtpx:TrackPointExtension>
			<gpxtpx:course>324.0</gpxtpx:course>
		</gpxtpx:TrackPointExtension>
	</extensions>
</trkpt>
<trkpt lat="43.8089092" lon="15.5643606">
	<ele>-56.28</ele>
	<time>2026-08-14T11:48:03.019Z</time>
	<hdop>3.79</hdop>
	<extensions>
		<gpxtpx:TrackPointExtension>
			<gpxtpx:course>325.0</gpxtpx:course>
		</gpxtpx:TrackPointExtension>
	</extensions>
</trkpt>
<trkpt lat="43.8091671" lon="15.5640654">
	<ele>-61.16</ele>
	<time>2026-08-14T11:48:14.019Z</time>
	<hdop>3.79</hdop>
	<extensions>
		<gpxtpx:TrackPointExtension>
			<gpxtpx:course>314.0</gpxtpx:course>
		</gpxtpx:TrackPointExtension>
	</extensions>
</trkpt>
<trkpt lat="43.8093688" lon="15.5637569">
	<ele>-50.68</ele>
	<time>2026-08-14T11:48:24.019Z</time>
	<hdop>3.79</hdop>
	<extensions>
		<gpxtpx:TrackPointExtension>
			<gpxtpx:course>313.0</gpxtpx:course>
		</gpxtpx:TrackPointExtension>
	</extensions>
</trkpt>
<trkpt lat="43.8095787" lon="15.5634424">
	<ele>-41.49</ele>
	<time>2026-08-14T11:48:34.019Z</time>
	<hdop>3.79</hdop>
	<extensions>
		<gpxtpx:TrackPointExtension>
			<gpxtpx:course>306.0</gpxtpx:course>
		</gpxtpx:TrackPointExtension>
	</extensions>
</trkpt>
<trkpt lat="43.8097698" lon="15.5630958">
	<ele>-29.74</ele>
	<time>2026-08-14T11:48:44.019Z</time>
	<hdop>3.79</hdop>
	<extensions>
		<gpxtpx:TrackPointExtension>
			<gpxtpx:course>305.0</gpxtpx:course>
		</gpxtpx:TrackPointExtension>
	</extensions>
</trkpt>
<trkpt lat="43.8099385" lon="15.5627466">
	<ele>-22.06</ele>
	<time>2026-08-14T11:48:54.019Z</time>
	<hdop>3.79</hdop>
	<extensions>
		<gpxtpx:TrackPointExtension>
			<gpxtpx:course>303.0</gpxtpx:course>
		</gpxtpx:TrackPointExtension>
	</extensions>
</trkpt>
<trkpt lat="43.8101111" lon="15.5624029">
	<ele>-16.32</ele>
	<time>2026-08-14T11:49:04.019Z</time>
	<hdop>3.79</hdop>
	<extensions>
		<gpxtpx:TrackPointExtension>
			<gpxtpx:course>304.0</gpxtpx:course>
		</gpxtpx:TrackPointExtension>
	</extensions>
</trkpt>
<trkpt lat="43.8102797" lon="15.5620459">
	<ele>-23.41</ele>
	<time>2026-08-14T11:49:14.019Z</time>
	<hdop>3.79</hdop>
	<extensions>
		<gpxtpx:TrackPointExtension>
			<gpxtpx:course>302.0</gpxtpx:course>
		</gpxtpx:TrackPointExtension>
	</extensions>
</trkpt>
<trkpt lat="43.8104628" lon="15.5616642">
	<ele>-33.69</ele>
	<time>2026-08-14T11:49:25.019Z</time>
	<hdop>3.79</hdop>
	<extensions>
		<gpxtpx:TrackPointExtension>
			<gpxtpx:course>301.0</gpxtpx:course>
		</gpxtpx:TrackPointExtension>
	</extensions>
</trkpt>
<trkpt lat="43.8106348" lon="15.5613080">
	<ele>-30.08</ele>
	<time>2026-08-14T11:49:35.019Z</time>
	<hdop>3.79</hdop>
	<extensions>
		<gpxtpx:TrackPointExtension>
			<gpxtpx:course>302.0</gpxtpx:course>
		</gpxtpx:TrackPointExtension>
	</extensions>
</trkpt>
<trkpt lat="43.8107962" lon="15.5609559">
	<ele>-38.45</ele>
	<time>2026-08-14T11:49:45.019Z</time>
	<hdop>3.79</hdop>
	<extensions>
		<gpxtpx:TrackPointExtension>
			<gpxtpx:course>303.0</gpxtpx:course>
		</gpxtpx:TrackPointExtension>
	</extensions>
</trkpt>
<trkpt lat="43.8109615" lon="15.5606082">
	<ele>-46.80</ele>
	<time>2026-08-14T11:49:55.019Z</time>
	<hdop>3.79</hdop>
	<extensions>
		<gpxtpx:TrackPointExtension>
			<gpxtpx:course>303.0</gpxtpx:course>
		</gpxtpx:TrackPointExtension>
	</extensions>
</trkpt>
<trkpt lat="43.8111291" lon="15.5602560">
	<ele>-32.50</ele>
	<time>2026-08-14T11:50:05.019Z</time>
	<hdop>3.79</hdop>
	<extensions>
		<gpxtpx:TrackPointExtension>
			<gpxtpx:course>298.0</gpxtpx:course>
		</gpxtpx:TrackPointExtension>
	</extensions>
</trkpt>
<trkpt lat="43.8112835" lon="15.5599089">
	<ele>-20.69</ele>
	<time>2026-08-14T11:50:15.019Z</time>
	<hdop>3.79</hdop>
	<extensions>
		<gpxtpx:TrackPointExtension>
			<gpxtpx:course>300.0</gpxtpx:course>
		</gpxtpx:TrackPointExtension>
	</extensions>
</trkpt>
<trkpt lat="43.8114580" lon="15.5595222">
	<ele>-12.24</ele>
	<time>2026-08-14T11:50:26.018Z</time>
	<hdop>3.79</hdop>
	<extensions>
		<gpxtpx:TrackPointExtension>
			<gpxtpx:course>303.0</gpxtpx:course>
		</gpxtpx:TrackPointExtension>
	</extensions>
</trkpt>
<trkpt lat="43.8116333" lon="15.5591879">
	<ele>-0.44</ele>
	<time>2026-08-14T11:50:36.019Z</time>
	<hdop>3.79</hdop>
	<extensions>
		<gpxtpx:TrackPointExtension>
			<gpxtpx:course>303.0</gpxtpx:course>
		</gpxtpx:TrackPointExtension>
	</extensions>
</trkpt>
<trkpt lat="43.8118210" lon="15.5588129">
	<ele>7.66</ele>
	<time>2026-08-14T11:50:47.017Z</time>
	<hdop>3.79</hdop>
	<extensions>
		<gpxtpx:TrackPointExtension>
			<gpxtpx:course>303.0</gpxtpx:course>
		</gpxtpx:TrackPointExtension>
	</extensions>
</trkpt>
<trkpt lat="43.8119952" lon="15.5584704">
	<ele>11.19</ele>
	<time>2026-08-14T11:50:57.019Z</time>
	<hdop>3.79</hdop>
	<extensions>
		<gpxtpx:TrackPointExtension>
			<gpxtpx:course>303.0</gpxtpx:course>
		</gpxtpx:TrackPointExtension>
	</extensions>
</trkpt>
<trkpt lat="43.8121624" lon="15.5581153">
	<ele>4.51</ele>
	<time>2026-08-14T11:51:07.019Z</time>
	<hdop>3.79</hdop>
	<extensions>
		<gpxtpx:TrackPointExtension>
			<gpxtpx:course>303.0</gpxtpx:course>
		</gpxtpx:TrackPointExtension>
	</extensions>
</trkpt>
<trkpt lat="43.8123263" lon="15.5577676">
	<ele>-6.45</ele>
	<time>2026-08-14T11:51:17.019Z</time>
	<hdop>3.79</hdop>
	<extensions>
		<gpxtpx:TrackPointExtension>
			<gpxtpx:course>302.0</gpxtpx:course>
		</gpxtpx:TrackPointExtension>
	</extensions>
</trkpt>
<trkpt lat="43.8124970" lon="15.5574253">
	<ele>-8.31</ele>
	<time>2026-08-14T11:51:27.019Z</time>
	<hdop>3.79</hdop>
	<extensions>
		<gpxtpx:TrackPointExtension>
			<gpxtpx:course>303.0</gpxtpx:course>
		</gpxtpx:TrackPointExtension>
	</extensions>
</trkpt>
<trkpt lat="43.8126680" lon="15.5570817">
	<ele>-8.75</ele>
	<time>2026-08-14T11:51:37.019Z</time>
	<hdop>3.79</hdop>
	<extensions>
		<gpxtpx:TrackPointExtension>
			<gpxtpx:course>304.0</gpxtpx:course>
		</gpxtpx:TrackPointExtension>
	</extensions>
</trkpt>
<trkpt lat="43.8128247" lon="15.5567325">
	<ele>-4.59</ele>
	<time>2026-08-14T11:51:47.019Z</time>
	<hdop>3.79</hdop>
	<extensions>
		<gpxtpx:TrackPointExtension>
			<gpxtpx:course>302.0</gpxtpx:course>
		</gpxtpx:TrackPointExtension>
	</extensions>
</trkpt>
<trkpt lat="43.8129932" lon="15.5563793">
	<ele>3.08</ele>
	<time>2026-08-14T11:51:57.019Z</time>
	<hdop>3.79</hdop>
	<extensions>
		<gpxtpx:TrackPointExtension>
			<gpxtpx:course>301.0</gpxtpx:course>
		</gpxtpx:TrackPointExtension>
	</extensions>
</trkpt>
<trkpt lat="43.8131746" lon="15.5559982">
	<ele>9.98</ele>
	<time>2026-08-14T11:52:08.019Z</time>
	<hdop>3.79</hdop>
	<extensions>
		<gpxtpx:TrackPointExtension>
			<gpxtpx:course>302.0</gpxtpx:course>
		</gpxtpx:TrackPointExtension>
	</extensions>
</trkpt>
<trkpt lat="43.8133620" lon="15.5556119">
	<ele>13.24</ele>
	<time>2026-08-14T11:52:19.019Z</time>
	<hdop>3.79</hdop>
	<extensions>
		<gpxtpx:TrackPointExtension>
			<gpxtpx:course>296.0</gpxtpx:course>
		</gpxtpx:TrackPointExtension>
	</extensions>
</trkpt>
<trkpt lat="43.8135218" lon="15.5552590">
	<ele>11.74</ele>
	<time>2026-08-14T11:52:29.019Z</time>
	<hdop>3.79</hdop>
	<extensions>
		<gpxtpx:TrackPointExtension>
			<gpxtpx:course>302.0</gpxtpx:course>
		</gpxtpx:TrackPointExtension>
	</extensions>
</trkpt>
<trkpt lat="43.8136915" lon="15.5549189">
	<ele>3.08</ele>
	<time>2026-08-14T11:52:39.019Z</time>
	<hdop>3.79</hdop>
	<extensions>
		<gpxtpx:TrackPointExtension>
			<gpxtpx:course>304.0</gpxtpx:course>
		</gpxtpx:TrackPointExtension>
	</extensions>
</trkpt>
<trkpt lat="43.8138790" lon="15.5545389">
	<ele>-0.42</ele>
	<time>2026-08-14T11:52:50.019Z</time>
	<hdop>3.79</hdop>
	<extensions>
		<gpxtpx:TrackPointExtension>
			<gpxtpx:course>304.0</gpxtpx:course>
		</gpxtpx:TrackPointExtension>
	</extensions>
</trkpt>
<trkpt lat="43.8140413" lon="15.5541967">
	<ele>-7.12</ele>
	<time>2026-08-14T11:53:00.019Z</time>
	<hdop>3.79</hdop>
	<extensions>
		<gpxtpx:TrackPointExtension>
			<gpxtpx:course>302.0</gpxtpx:course>
		</gpxtpx:TrackPointExtension>
	</extensions>
</trkpt>
<trkpt lat="43.8142293" lon="15.5538158">
	<ele>-7.54</ele>
	<time>2026-08-14T11:53:11.018Z</time>
	<hdop>3.79</hdop>
	<extensions>
		<gpxtpx:TrackPointExtension>
			<gpxtpx:course>305.0</gpxtpx:course>
		</gpxtpx:TrackPointExtension>
	</extensions>
</trkpt>
<trkpt lat="43.8144131" lon="15.5534253">
	<ele>1.54</ele>
	<time>2026-08-14T11:53:22.018Z</time>
	<hdop>3.79</hdop>
	<extensions>
		<gpxtpx:TrackPointExtension>
			<gpxtpx:course>302.0</gpxtpx:course>
		</gpxtpx:TrackPointExtension>
	</extensions>
</trkpt>
<trkpt lat="43.8145897" lon="15.5530904">
	<ele>-0.83</ele>
	<time>2026-08-14T11:53:32.019Z</time>
	<hdop>3.79</hdop>
	<extensions>
		<gpxtpx:TrackPointExtension>
			<gpxtpx:course>305.0</gpxtpx:course>
		</gpxtpx:TrackPointExtension>
	</extensions>
</trkpt>
<trkpt lat="43.8147683" lon="15.5527068">
	<ele>3.36</ele>
	<time>2026-08-14T11:53:43.017Z</time>
	<hdop>3.79</hdop>
	<extensions>
		<gpxtpx:TrackPointExtension>
			<gpxtpx:course>304.0</gpxtpx:course>
		</gpxtpx:TrackPointExtension>
	</extensions>
</trkpt>
<trkpt lat="43.8149424" lon="15.5523551">
	<ele>8.51</ele>
	<time>2026-08-14T11:53:53.019Z</time>
	<hdop>3.79</hdop>
	<extensions>
		<gpxtpx:TrackPointExtension>
			<gpxtpx:course>304.0</gpxtpx:course>
		</gpxtpx:TrackPointExtension>
	</extensions>
</trkpt>
<trkpt lat="43.8151203" lon="15.5519822">
	<ele>10.53</ele>
	<time>2026-08-14T11:54:04.017Z</time>
	<hdop>3.79</hdop>
	<extensions>
		<gpxtpx:TrackPointExtension>
			<gpxtpx:course>305.0</gpxtpx:course>
		</gpxtpx:TrackPointExtension>
	</extensions>
</trkpt>
<trkpt lat="43.8152943" lon="15.5516294">
	<ele>9.57</ele>
	<time>2026-08-14T11:54:14.018Z</time>
	<hdop>3.79</hdop>
	<extensions>
		<gpxtpx:TrackPointExtension>
			<gpxtpx:course>302.0</gpxtpx:course>
		</gpxtpx:TrackPointExtension>
	</extensions>
</trkpt>
<trkpt lat="43.8154641" lon="15.5512897">
	<ele>9.90</ele>
	<time>2026-08-14T11:54:24.018Z</time>
	<hdop>3.79</hdop>
	<extensions>
		<gpxtpx:TrackPointExtension>
			<gpxtpx:course>302.0</gpxtpx:course>
		</gpxtpx:TrackPointExtension>
	</extensions>
</trkpt>
<trkpt lat="43.8156233" lon="15.5509318">
	<ele>7.42</ele>
	<time>2026-08-14T11:54:34.018Z</time>
	<hdop>3.79</hdop>
	<extensions>
		<gpxtpx:TrackPointExtension>
			<gpxtpx:course>303.0</gpxtpx:course>
		</gpxtpx:TrackPointExtension>
	</extensions>
</trkpt>
<trkpt lat="43.8158103" lon="15.5505512">
	<ele>6.33</ele>
	<time>2026-08-14T11:54:45.018Z</time>
	<hdop>3.79</hdop>
	<extensions>
		<gpxtpx:TrackPointExtension>
			<gpxtpx:course>303.0</gpxtpx:course>
		</gpxtpx:TrackPointExtension>
	</extensions>
</trkpt>
<trkpt lat="43.8159816" lon="15.5502137">
	<ele>3.93</ele>
	<time>2026-08-14T11:54:55.018Z</time>
	<hdop>3.79</hdop>
	<extensions>
		<gpxtpx:TrackPointExtension>
			<gpxtpx:course>303.0</gpxtpx:course>
		</gpxtpx:TrackPointExtension>
	</extensions>
</trkpt>
<trkpt lat="43.8161516" lon="15.5498553">
	<ele>11.59</ele>
	<time>2026-08-14T11:55:05.018Z</time>
	<hdop>3.79</hdop>
	<extensions>
		<gpxtpx:TrackPointExtension>
			<gpxtpx:course>303.0</gpxtpx:course>
		</gpxtpx:TrackPointExtension>
	</extensions>
</trkpt>
<trkpt lat="43.8163209" lon="15.5495137">
	<ele>18.46</ele>
	<time>2026-08-14T11:55:15.019Z</time>
	<hdop>3.79</hdop>
	<extensions>
		<gpxtpx:TrackPointExtension>
			<gpxtpx:course>303.0</gpxtpx:course>
		</gpxtpx:TrackPointExtension>
	</extensions>
</trkpt>
<trkpt lat="43.8165119" lon="15.5491382">
	<ele>14.94</ele>
	<time>2026-08-14T11:55:26.018Z</time>
	<hdop>3.79</hdop>
	<extensions>
		<gpxtpx:TrackPointExtension>
			<gpxtpx:course>304.0</gpxtpx:course>
		</gpxtpx:TrackPointExtension>
	</extensions>
</trkpt>
<trkpt lat="43.8166819" lon="15.5488034">
	<ele>-15.97</ele>
	<time>2026-08-14T11:55:36.019Z</time>
	<hdop>3.79</hdop>
	<extensions>
		<gpxtpx:TrackPointExtension>
			<gpxtpx:course>303.0</gpxtpx:course>
		</gpxtpx:TrackPointExtension>
	</extensions>
</trkpt>
<trkpt lat="43.8168763" lon="15.5484322">
	<ele>-22.01</ele>
	<time>2026-08-14T11:55:47.018Z</time>
	<hdop>3.79</hdop>
	<extensions>
		<gpxtpx:TrackPointExtension>
			<gpxtpx:course>305.0</gpxtpx:course>
		</gpxtpx:TrackPointExtension>
	</extensions>
</trkpt>
<trkpt lat="43.8170513" lon="15.5480851">
	<ele>-18.23</ele>
	<time>2026-08-14T11:55:57.018Z</time>
	<hdop>3.79</hdop>
	<extensions>
		<gpxtpx:TrackPointExtension>
			<gpxtpx:course>305.0</gpxtpx:course>
		</gpxtpx:TrackPointExtension>
	</extensions>
</trkpt>
<trkpt lat="43.8172172" lon="15.5477449">
	<ele>-25.11</ele>
	<time>2026-08-14T11:56:07.018Z</time>
	<hdop>3.79</hdop>
	<extensions>
		<gpxtpx:TrackPointExtension>
			<gpxtpx:course>303.0</gpxtpx:course>
		</gpxtpx:TrackPointExtension>
	</extensions>
</trkpt>
<trkpt lat="43.8173902" lon="15.5474106">
	<ele>-30.23</ele>
	<time>2026-08-14T11:56:17.018Z</time>
	<hdop>3.79</hdop>
	<extensions>
		<gpxtpx:TrackPointExtension>
			<gpxtpx:course>305.0</gpxtpx:course>
		</gpxtpx:TrackPointExtension>
	</extensions>
</trkpt>
<trkpt lat="43.8175793" lon="15.5470354">
	<ele>-22.44</ele>
	<time>2026-08-14T11:56:28.018Z</time>
	<hdop>3.79</hdop>
	<extensions>
		<gpxtpx:TrackPointExtension>
			<gpxtpx:course>304.0</gpxtpx:course>
		</gpxtpx:TrackPointExtension>
	</extensions>
</trkpt>
<trkpt lat="43.8177699" lon="15.5466492">
	<ele>-23.62</ele>
	<time>2026-08-14T11:56:39.017Z</time>
	<hdop>3.79</hdop>
	<extensions>
		<gpxtpx:TrackPointExtension>
			<gpxtpx:course>303.0</gpxtpx:course>
		</gpxtpx:TrackPointExtension>
	</extensions>
</trkpt>
<trkpt lat="43.8179366" lon="15.5463024">
	<ele>-25.95</ele>
	<time>2026-08-14T11:56:49.018Z</time>
	<hdop>3.79</hdop>
	<extensions>
		<gpxtpx:TrackPointExtension>
			<gpxtpx:course>304.0</gpxtpx:course>
		</gpxtpx:TrackPointExtension>
	</extensions>
</trkpt>
<trkpt lat="43.8181267" lon="15.5459417">
	<ele>-40.00</ele>
	<time>2026-08-14T11:57:00.017Z</time>
	<hdop>3.79</hdop>
	<extensions>
		<gpxtpx:TrackPointExtension>
			<gpxtpx:course>303.0</gpxtpx:course>
		</gpxtpx:TrackPointExtension>
	</extensions>
</trkpt>
<trkpt lat="43.8183037" lon="15.5456078">
	<ele>-64.09</ele>
	<time>2026-08-14T11:57:10.018Z</time>
	<hdop>3.79</hdop>
	<extensions>
		<gpxtpx:TrackPointExtension>
			<gpxtpx:course>305.0</gpxtpx:course>
		</gpxtpx:TrackPointExtension>
	</extensions>
</trkpt>
<trkpt lat="43.8184947" lon="15.5452193">
	<ele>-65.28</ele>
	<time>2026-08-14T11:57:21.017Z</time>
	<hdop>3.79</hdop>
	<extensions>
		<gpxtpx:TrackPointExtension>
			<gpxtpx:course>305.0</gpxtpx:course>
		</gpxtpx:TrackPointExtension>
	</extensions>
</trkpt>
<trkpt lat="43.8186678" lon="15.5448781">
	<ele>-61.31</ele>
	<time>2026-08-14T11:57:31.017Z</time>
	<hdop>3.79</hdop>
	<extensions>
		<gpxtpx:TrackPointExtension>
			<gpxtpx:course>305.0</gpxtpx:course>
		</gpxtpx:TrackPointExtension>
	</extensions>
</trkpt>
<trkpt lat="43.8188452" lon="15.5445327">
	<ele>-43.42</ele>
	<time>2026-08-14T11:57:41.018Z</time>
	<hdop>3.21</hdop>
	<extensions>
		<gpxtpx:TrackPointExtension>
			<gpxtpx:course>305.6044</gpxtpx:course>
		</gpxtpx:TrackPointExtension>
	</extensions>
</trkpt>
<trkpt lat="43.8189798" lon="15.5442087">
	<ele>-36.65</ele>
	<time>2026-08-14T11:57:51.018Z</time>
	<hdop>3.24</hdop>
	<extensions>
		<gpxtpx:TrackPointExtension>
			<gpxtpx:course>242.03998</gpxtpx:course>
		</gpxtpx:TrackPointExtension>
	</extensions>
</trkpt>
<trkpt lat="43.8191801" lon="15.5439892">
	<ele>-38.47</ele>
	<time>2026-08-14T11:58:01.018Z</time>
	<hdop>5.48</hdop>
	<extensions>
		<gpxtpx:TrackPointExtension>
			<gpxtpx:course>36.71981</gpxtpx:course>
		</gpxtpx:TrackPointExtension>
	</extensions>
</trkpt>
<trkpt lat="43.8193617" lon="15.5435163">
	<ele>-42.79</ele>
	<time>2026-08-14T11:58:11.018Z</time>
	<hdop>3.46</hdop>
	<extensions>
		<gpxtpx:TrackPointExtension>
			<gpxtpx:course>303.54327</gpxtpx:course>
		</gpxtpx:TrackPointExtension>
	</extensions>
</trkpt>
<trkpt lat="43.8195382" lon="15.5431699">
	<ele>-42.35</ele>
	<time>2026-08-14T11:58:21.018Z</time>
	<hdop>3.82</hdop>
	<extensions>
		<gpxtpx:TrackPointExtension>
			<gpxtpx:course>305.47437</gpxtpx:course>
		</gpxtpx:TrackPointExtension>
	</extensions>
</trkpt>
<trkpt lat="43.8197309" lon="15.5427959">
	<ele>-40.49</ele>
	<time>2026-08-14T11:58:32.018Z</time>
	<hdop>4.84</hdop>
	<extensions>
		<gpxtpx:TrackPointExtension>
			<gpxtpx:course>307.206</gpxtpx:course>
		</gpxtpx:TrackPointExtension>
	</extensions>
</trkpt>
<trkpt lat="43.8199200" lon="15.5424388">
	<ele>-35.98</ele>
	<time>2026-08-14T11:58:43.018Z</time>
	<hdop>5.07</hdop>
	<extensions>
		<gpxtpx:TrackPointExtension>
			<gpxtpx:course>304.5153</gpxtpx:course>
		</gpxtpx:TrackPointExtension>
	</extensions>
</trkpt>
<trkpt lat="43.8201172" lon="15.5420723">
	<ele>-32.23</ele>
	<time>2026-08-14T11:58:54.017Z</time>
	<hdop>4.66</hdop>
	<extensions>
		<gpxtpx:TrackPointExtension>
			<gpxtpx:course>308.22525</gpxtpx:course>
		</gpxtpx:TrackPointExtension>
	</extensions>
</trkpt>
<trkpt lat="43.8202867" lon="15.5417307">
	<ele>-39.05</ele>
	<time>2026-08-14T11:59:04.018Z</time>
	<hdop>4.73</hdop>
	<extensions>
		<gpxtpx:TrackPointExtension>
			<gpxtpx:course>308.06503</gpxtpx:course>
		</gpxtpx:TrackPointExtension>
	</extensions>
</trkpt>
<trkpt lat="43.8204529" lon="15.5414023">
	<ele>-40.78</ele>
	<time>2026-08-14T11:59:14.018Z</time>
	<hdop>4.92</hdop>
	<extensions>
		<gpxtpx:TrackPointExtension>
			<gpxtpx:course>300.62204</gpxtpx:course>
		</gpxtpx:TrackPointExtension>
	</extensions>
</trkpt>
<trkpt lat="43.8206002" lon="15.5410314">
	<ele>-22.01</ele>
	<time>2026-08-14T11:59:25.017Z</time>
	<hdop>3.79</hdop>
	<extensions>
		<gpxtpx:TrackPointExtension>
			<gpxtpx:course>296.0</gpxtpx:course>
		</gpxtpx:TrackPointExtension>
	</extensions>
</trkpt>
<trkpt lat="43.8207438" lon="15.5406735">
	<ele>-11.78</ele>
	<time>2026-08-14T11:59:35.017Z</time>
	<hdop>3.79</hdop>
	<extensions>
		<gpxtpx:TrackPointExtension>
			<gpxtpx:course>296.0</gpxtpx:course>
		</gpxtpx:TrackPointExtension>
	</extensions>
</trkpt>
<trkpt lat="43.8208842" lon="15.5403178">
	<ele>-1.14</ele>
	<time>2026-08-14T11:59:45.017Z</time>
	<hdop>3.79</hdop>
	<extensions>
		<gpxtpx:TrackPointExtension>
			<gpxtpx:course>297.0</gpxtpx:course>
		</gpxtpx:TrackPointExtension>
	</extensions>
</trkpt>
<trkpt lat="43.8210224" lon="15.5399562">
	<ele>5.63</ele>
	<time>2026-08-14T11:59:55.018Z</time>
	<hdop>3.79</hdop>
	<extensions>
		<gpxtpx:TrackPointExtension>
			<gpxtpx:course>297.0</gpxtpx:course>
		</gpxtpx:TrackPointExtension>
	</extensions>
</trkpt>
<trkpt lat="43.8211715" lon="15.5395526">
	<ele>3.62</ele>
	<time>2026-08-14T12:00:06.015Z</time>
	<hdop>3.79</hdop>
	<extensions>
		<gpxtpx:TrackPointExtension>
			<gpxtpx:course>296.0</gpxtpx:course>
		</gpxtpx:TrackPointExtension>
	</extensions>
</trkpt>
<trkpt lat="43.8213229" lon="15.5391549">
	<ele>6.50</ele>
	<time>2026-08-14T12:00:17.016Z</time>
	<hdop>8.71</hdop>
	<extensions>
		<gpxtpx:TrackPointExtension>
			<gpxtpx:course>296.0</gpxtpx:course>
		</gpxtpx:TrackPointExtension>
	</extensions>
</trkpt>
<trkpt lat="43.8214489" lon="15.5387939">
	<ele>3.07</ele>
	<time>2026-08-14T12:00:27.017Z</time>
	<hdop>3.79</hdop>
	<extensions>
		<gpxtpx:TrackPointExtension>
			<gpxtpx:course>296.0</gpxtpx:course>
		</gpxtpx:TrackPointExtension>
	</extensions>
</trkpt>
<trkpt lat="43.8215848" lon="15.5384211">
	<ele>-27.08</ele>
	<time>2026-08-14T12:00:37.017Z</time>
	<hdop>3.79</hdop>
	<extensions>
		<gpxtpx:TrackPointExtension>
			<gpxtpx:course>295.0</gpxtpx:course>
		</gpxtpx:TrackPointExtension>
	</extensions>
</trkpt>
<trkpt lat="43.8217220" lon="15.5380506">
	<ele>-30.67</ele>
	<time>2026-08-14T12:00:47.017Z</time>
	<hdop>3.79</hdop>
	<extensions>
		<gpxtpx:TrackPointExtension>
			<gpxtpx:course>297.0</gpxtpx:course>
		</gpxtpx:TrackPointExtension>
	</extensions>
</trkpt>
<trkpt lat="43.8218580" lon="15.5376774">
	<ele>-27.54</ele>
	<time>2026-08-14T12:00:57.017Z</time>
	<hdop>3.79</hdop>
	<extensions>
		<gpxtpx:TrackPointExtension>
			<gpxtpx:course>293.0</gpxtpx:course>
		</gpxtpx:TrackPointExtension>
	</extensions>
</trkpt>
<trkpt lat="43.8219911" lon="15.5372969">
	<ele>-29.72</ele>
	<time>2026-08-14T12:01:07.017Z</time>
	<hdop>3.79</hdop>
	<extensions>
		<gpxtpx:TrackPointExtension>
			<gpxtpx:course>300.0</gpxtpx:course>
		</gpxtpx:TrackPointExtension>
	</extensions>
</trkpt>
<trkpt lat="43.8221321" lon="15.5369262">
	<ele>-28.58</ele>
	<time>2026-08-14T12:01:17.018Z</time>
	<hdop>3.79</hdop>
	<extensions>
		<gpxtpx:TrackPointExtension>
			<gpxtpx:course>299.0</gpxtpx:course>
		</gpxtpx:TrackPointExtension>
	</extensions>
</trkpt>
<trkpt lat="43.8222721" lon="15.5365140">
	<ele>-19.57</ele>
	<time>2026-08-14T12:01:28.017Z</time>
	<hdop>3.79</hdop>
	<extensions>
		<gpxtpx:TrackPointExtension>
			<gpxtpx:course>293.0</gpxtpx:course>
		</gpxtpx:TrackPointExtension>
	</extensions>
</trkpt>
<trkpt lat="43.8223998" lon="15.5360895">
	<ele>-5.31</ele>
	<time>2026-08-14T12:01:39.017Z</time>
	<hdop>3.79</hdop>
	<extensions>
		<gpxtpx:TrackPointExtension>
			<gpxtpx:course>289.0</gpxtpx:course>
		</gpxtpx:TrackPointExtension>
	</extensions>
</trkpt>
<trkpt lat="43.8225066" lon="15.5356931">
	<ele>3.93</ele>
	<time>2026-08-14T12:01:49.017Z</time>
	<hdop>3.79</hdop>
	<extensions>
		<gpxtpx:TrackPointExtension>
			<gpxtpx:course>289.0</gpxtpx:course>
		</gpxtpx:TrackPointExtension>
	</extensions>
</trkpt>
<trkpt lat="43.8226233" lon="15.5352604">
	<ele>18.42</ele>
	<time>2026-08-14T12:01:59.017Z</time>
	<hdop>4.43</hdop>
	<extensions>
		<gpxtpx:TrackPointExtension>
			<gpxtpx:course>283.15103</gpxtpx:course>
		</gpxtpx:TrackPointExtension>
	</extensions>
</trkpt>
<trkpt lat="43.8227320" lon="15.5348777">
	<ele>22.92</ele>
	<time>2026-08-14T12:02:09.017Z</time>
	<hdop>5.50</hdop>
	<extensions>
		<gpxtpx:TrackPointExtension>
			<gpxtpx:course>284.2492</gpxtpx:course>
		</gpxtpx:TrackPointExtension>
	</extensions>
</trkpt>
<trkpt lat="43.8228304" lon="15.5344859">
	<ele>25.98</ele>
	<time>2026-08-14T12:02:19.017Z</time>
	<hdop>3.35</hdop>
	<extensions>
		<gpxtpx:TrackPointExtension>
			<gpxtpx:course>279.5492</gpxtpx:course>
		</gpxtpx:TrackPointExtension>
	</extensions>
</trkpt>
<trkpt lat="43.8229524" lon="15.5340994">
	<ele>11.59</ele>
	<time>2026-08-14T12:02:29.017Z</time>
	<hdop>3.17</hdop>
	<extensions>
		<gpxtpx:TrackPointExtension>
			<gpxtpx:course>300.71814</gpxtpx:course>
		</gpxtpx:TrackPointExtension>
	</extensions>
</trkpt>
<trkpt lat="43.8230377" lon="15.5336850">
	<ele>4.18</ele>
	<time>2026-08-14T12:02:39.017Z</time>
	<hdop>4.94</hdop>
	<extensions>
		<gpxtpx:TrackPointExtension>
			<gpxtpx:course>289.69086</gpxtpx:course>
		</gpxtpx:TrackPointExtension>
	</extensions>
</trkpt>
<trkpt lat="43.8231305" lon="15.5332462">
	<ele>-6.97</ele>
	<time>2026-08-14T12:02:50.017Z</time>
	<hdop>4.89</hdop>
	<extensions>
		<gpxtpx:TrackPointExtension>
			<gpxtpx:course>285.64117</gpxtpx:course>
		</gpxtpx:TrackPointExtension>
	</extensions>
</trkpt>
<trkpt lat="43.8232402" lon="15.5328015">
	<ele>-33.70</ele>
	<time>2026-08-14T12:03:01.017Z</time>
	<hdop>4.64</hdop>
	<extensions>
		<gpxtpx:TrackPointExtension>
			<gpxtpx:course>291.34763</gpxtpx:course>
		</gpxtpx:TrackPointExtension>
	</extensions>
</trkpt>
<trkpt lat="43.8233380" lon="15.5323436">
	<ele>-42.14</ele>
	<time>2026-08-14T12:03:12.017Z</time>
	<hdop>4.50</hdop>
	<extensions>
		<gpxtpx:TrackPointExtension>
			<gpxtpx:course>283.31976</gpxtpx:course>
		</gpxtpx:TrackPointExtension>
	</extensions>
</trkpt>
<trkpt lat="43.8234408" lon="15.5319005">
	<ele>-13.97</ele>
	<time>2026-08-14T12:03:23.017Z</time>
	<hdop>4.70</hdop>
	<extensions>
		<gpxtpx:TrackPointExtension>
			<gpxtpx:course>286.7731</gpxtpx:course>
		</gpxtpx:TrackPointExtension>
	</extensions>
</trkpt>
<trkpt lat="43.8235315" lon="15.5314856">
	<ele>0.14</ele>
	<time>2026-08-14T12:03:33.017Z</time>
	<hdop>4.64</hdop>
	<extensions>
		<gpxtpx:TrackPointExtension>
			<gpxtpx:course>286.59824</gpxtpx:course>
		</gpxtpx:TrackPointExtension>
	</extensions>
</trkpt>
<trkpt lat="43.8236362" lon="15.5310754">
	<ele>13.60</ele>
	<time>2026-08-14T12:03:43.017Z</time>
	<hdop>4.84</hdop>
	<extensions>
		<gpxtpx:TrackPointExtension>
			<gpxtpx:course>288.2024</gpxtpx:course>
		</gpxtpx:TrackPointExtension>
	</extensions>
</trkpt>
<trkpt lat="43.8237331" lon="15.5306731">
	<ele>30.86</ele>
	<time>2026-08-14T12:03:53.017Z</time>
	<hdop>5.49</hdop>
	<extensions>
		<gpxtpx:TrackPointExtension>
			<gpxtpx:course>287.0838</gpxtpx:course>
		</gpxtpx:TrackPointExtension>
	</extensions>
</trkpt>
<trkpt lat="43.8238212" lon="15.5302777">
	<ele>31.59</ele>
	<time>2026-08-14T12:04:03.017Z</time>
	<hdop>5.00</hdop>
	<extensions>
		<gpxtpx:TrackPointExtension>
			<gpxtpx:course>286.3045</gpxtpx:course>
		</gpxtpx:TrackPointExtension>
	</extensions>
</trkpt>
<trkpt lat="43.8239233" lon="15.5298267">
	<ele>31.11</ele>
	<time>2026-08-14T12:04:14.017Z</time>
	<hdop>5.15</hdop>
	<extensions>
		<gpxtpx:TrackPointExtension>
			<gpxtpx:course>289.72073</gpxtpx:course>
		</gpxtpx:TrackPointExtension>
	</extensions>
</trkpt>
<trkpt lat="43.8240140" lon="15.5294393">
	<ele>40.91</ele>
	<time>2026-08-14T12:04:24.017Z</time>
	<hdop>3.76</hdop>
	<extensions>
		<gpxtpx:TrackPointExtension>
			<gpxtpx:course>288.61728</gpxtpx:course>
		</gpxtpx:TrackPointExtension>
	</extensions>
</trkpt>
<trkpt lat="43.8241132" lon="15.5289904">
	<ele>29.16</ele>
	<time>2026-08-14T12:04:35.017Z</time>
	<hdop>3.04</hdop>
	<extensions>
		<gpxtpx:TrackPointExtension>
			<gpxtpx:course>290.85492</gpxtpx:course>
		</gpxtpx:TrackPointExtension>
	</extensions>
</trkpt>
<trkpt lat="43.8242269" lon="15.5285503">
	<ele>9.71</ele>
	<time>2026-08-14T12:04:46.017Z</time>
	<hdop>4.25</hdop>
	<extensions>
		<gpxtpx:TrackPointExtension>
			<gpxtpx:course>286.43277</gpxtpx:course>
		</gpxtpx:TrackPointExtension>
	</extensions>
</trkpt>
<trkpt lat="43.8243433" lon="15.5281666">
	<ele>-5.12</ele>
	<time>2026-08-14T12:04:56.017Z</time>
	<hdop>3.84</hdop>
	<extensions>
		<gpxtpx:TrackPointExtension>
			<gpxtpx:course>306.05856</gpxtpx:course>
		</gpxtpx:TrackPointExtension>
	</extensions>
</trkpt>
<trkpt lat="43.8244085" lon="15.5277483">
	<ele>-8.27</ele>
	<time>2026-08-14T12:05:06.017Z</time>
	<hdop>3.18</hdop>
	<extensions>
		<gpxtpx:TrackPointExtension>
			<gpxtpx:course>280.10135</gpxtpx:course>
		</gpxtpx:TrackPointExtension>
	</extensions>
</trkpt>
<trkpt lat="43.8245331" lon="15.5273181">
	<ele>-4.60</ele>
	<time>2026-08-14T12:05:17.017Z</time>
	<hdop>3.14</hdop>
	<extensions>
		<gpxtpx:TrackPointExtension>
			<gpxtpx:course>288.4418</gpxtpx:course>
		</gpxtpx:TrackPointExtension>
	</extensions>
</trkpt>
<trkpt lat="43.8246241" lon="15.5268930">
	<ele>-13.55</ele>
	<time>2026-08-14T12:05:27.017Z</time>
	<hdop>4.81</hdop>
	<extensions>
		<gpxtpx:TrackPointExtension>
			<gpxtpx:course>296.55978</gpxtpx:course>
		</gpxtpx:TrackPointExtension>
	</extensions>
</trkpt>
<trkpt lat="43.8247259" lon="15.5264813">
	<ele>-27.87</ele>
	<time>2026-08-14T12:05:37.017Z</time>
	<hdop>4.97</hdop>
	<extensions>
		<gpxtpx:TrackPointExtension>
			<gpxtpx:course>289.48917</gpxtpx:course>
		</gpxtpx:TrackPointExtension>
	</extensions>
</trkpt>
<trkpt lat="43.8248283" lon="15.5260463">
	<ele>-8.07</ele>
	<time>2026-08-14T12:05:48.017Z</time>
	<hdop>5.08</hdop>
	<extensions>
		<gpxtpx:TrackPointExtension>
			<gpxtpx:course>287.04642</gpxtpx:course>
		</gpxtpx:TrackPointExtension>
	</extensions>
</trkpt>
<trkpt lat="43.8249264" lon="15.5256323">
	<ele>1.71</ele>
	<time>2026-08-14T12:05:58.026Z</time>
	<hdop>5.10</hdop>
	<extensions>
		<gpxtpx:TrackPointExtension>
			<gpxtpx:course>289.731</gpxtpx:course>
		</gpxtpx:TrackPointExtension>
	</extensions>
</trkpt>
<trkpt lat="43.8250362" lon="15.5252124">
	<ele>0.46</ele>
	<time>2026-08-14T12:06:09.016Z</time>
	<hdop>3.24</hdop>
	<extensions>
		<gpxtpx:TrackPointExtension>
			<gpxtpx:course>300.69354</gpxtpx:course>
		</gpxtpx:TrackPointExtension>
	</extensions>
</trkpt>
<trkpt lat="43.8251352" lon="15.5247830">
	<ele>-16.31</ele>
	<time>2026-08-14T12:06:19.485Z</time>
	<hdop>3.79</hdop>
	<extensions>
		<gpxtpx:TrackPointExtension>
			<gpxtpx:course>280.3106</gpxtpx:course>
		</gpxtpx:TrackPointExtension>
	</extensions>
</trkpt>
<trkpt lat="43.8252333" lon="15.5243533">
	<ele>-23.07</ele>
	<time>2026-08-14T12:06:30.016Z</time>
	<hdop>3.06</hdop>
	<extensions>
		<gpxtpx:TrackPointExtension>
			<gpxtpx:course>283.14307</gpxtpx:course>
		</gpxtpx:TrackPointExtension>
	</extensions>
</trkpt>
<trkpt lat="43.8253301" lon="15.5239446">
	<ele>8.65</ele>
	<time>2026-08-14T12:06:40.017Z</time>
	<hdop>3.07</hdop>
	<extensions>
		<gpxtpx:TrackPointExtension>
			<gpxtpx:course>279.1844</gpxtpx:course>
		</gpxtpx:TrackPointExtension>
	</extensions>
</trkpt>
<trkpt lat="43.8254601" lon="15.5234974">
	<ele>6.92</ele>
	<time>2026-08-14T12:06:51.026Z</time>
	<hdop>4.99</hdop>
	<extensions>
		<gpxtpx:TrackPointExtension>
			<gpxtpx:course>293.8087</gpxtpx:course>
		</gpxtpx:TrackPointExtension>
	</extensions>
</trkpt>
<trkpt lat="43.8255595" lon="15.5230364">
	<ele>19.28</ele>
	<time>2026-08-14T12:07:02.016Z</time>
	<hdop>4.63</hdop>
	<extensions>
		<gpxtpx:TrackPointExtension>
			<gpxtpx:course>277.96088</gpxtpx:course>
		</gpxtpx:TrackPointExtension>
	</extensions>
</trkpt>
<trkpt lat="43.8256690" lon="15.5226379">
	<ele>24.60</ele>
	<time>2026-08-14T12:07:12.016Z</time>
	<hdop>4.45</hdop>
	<extensions>
		<gpxtpx:TrackPointExtension>
			<gpxtpx:course>296.42737</gpxtpx:course>
		</gpxtpx:TrackPointExtension>
	</extensions>
</trkpt>
<trkpt lat="43.8257760" lon="15.5222530">
	<ele>6.88</ele>
	<time>2026-08-14T12:07:22.017Z</time>
	<hdop>3.42</hdop>
	<extensions>
		<gpxtpx:TrackPointExtension>
			<gpxtpx:course>311.54376</gpxtpx:course>
		</gpxtpx:TrackPointExtension>
	</extensions>
</trkpt>
<trkpt lat="43.8258928" lon="15.5219178">
	<ele>-22.45</ele>
	<time>2026-08-14T12:07:33.017Z</time>
	<hdop>3.15</hdop>
	<extensions>
		<gpxtpx:TrackPointExtension>
			<gpxtpx:course>42.268276</gpxtpx:course>
		</gpxtpx:TrackPointExtension>
	</extensions>
</trkpt>
<trkpt lat="43.8259750" lon="15.5213671">
	<ele>-20.52</ele>
	<time>2026-08-14T12:07:44.016Z</time>
	<hdop>3.13</hdop>
	<extensions>
		<gpxtpx:TrackPointExtension>
			<gpxtpx:course>286.38504</gpxtpx:course>
		</gpxtpx:TrackPointExtension>
	</extensions>
</trkpt>
<trkpt lat="43.8260809" lon="15.5209151">
	<ele>-0.75</ele>
	<time>2026-08-14T12:07:55.015Z</time>
	<hdop>3.32</hdop>
	<extensions>
		<gpxtpx:TrackPointExtension>
			<gpxtpx:course>287.49832</gpxtpx:course>
		</gpxtpx:TrackPointExtension>
	</extensions>
</trkpt>
<trkpt lat="43.8261610" lon="15.5205029">
	<ele>27.11</ele>
	<time>2026-08-14T12:08:05.016Z</time>
	<hdop>3.04</hdop>
	<extensions>
		<gpxtpx:TrackPointExtension>
			<gpxtpx:course>285.02054</gpxtpx:course>
		</gpxtpx:TrackPointExtension>
	</extensions>
</trkpt>
<trkpt lat="43.8262128" lon="15.5200775">
	<ele>24.09</ele>
	<time>2026-08-14T12:08:15.017Z</time>
	<hdop>3.22</hdop>
	<extensions>
		<gpxtpx:TrackPointExtension>
			<gpxtpx:course>278.3313</gpxtpx:course>
		</gpxtpx:TrackPointExtension>
	</extensions>
</trkpt>
<trkpt lat="43.8263149" lon="15.5196242">
	<ele>-5.98</ele>
	<time>2026-08-14T12:08:26.016Z</time>
	<hdop>3.77</hdop>
	<extensions>
		<gpxtpx:TrackPointExtension>
			<gpxtpx:course>279.19638</gpxtpx:course>
		</gpxtpx:TrackPointExtension>
	</extensions>
</trkpt>
<trkpt lat="43.8263873" lon="15.5191948">
	<ele>-0.49</ele>
	<time>2026-08-14T12:08:36.016Z</time>
	<hdop>5.24</hdop>
	<extensions>
		<gpxtpx:TrackPointExtension>
			<gpxtpx:course>283.87943</gpxtpx:course>
		</gpxtpx:TrackPointExtension>
	</extensions>
</trkpt>
<trkpt lat="43.8264637" lon="15.5187777">
	<ele>1.01</ele>
	<time>2026-08-14T12:08:46.017Z</time>
	<hdop>5.13</hdop>
	<extensions>
		<gpxtpx:TrackPointExtension>
			<gpxtpx:course>285.49667</gpxtpx:course>
		</gpxtpx:TrackPointExtension>
	</extensions>
</trkpt>
<trkpt lat="43.8265600" lon="15.5183326">
	<ele>-0.59</ele>
	<time>2026-08-14T12:08:57.016Z</time>
	<hdop>5.34</hdop>
	<extensions>
		<gpxtpx:TrackPointExtension>
			<gpxtpx:course>299.22018</gpxtpx:course>
		</gpxtpx:TrackPointExtension>
	</extensions>
</trkpt>
<trkpt lat="43.8266662" lon="15.5178969">
	<ele>-19.79</ele>
	<time>2026-08-14T12:09:08.016Z</time>
	<hdop>4.94</hdop>
	<extensions>
		<gpxtpx:TrackPointExtension>
			<gpxtpx:course>293.43497</gpxtpx:course>
		</gpxtpx:TrackPointExtension>
	</extensions>
</trkpt>
<trkpt lat="43.8267562" lon="15.5174667">
	<ele>-29.57</ele>
	<time>2026-08-14T12:09:19.015Z</time>
	<hdop>3.99</hdop>
	<extensions>
		<gpxtpx:TrackPointExtension>
			<gpxtpx:course>283.0</gpxtpx:course>
		</gpxtpx:TrackPointExtension>
	</extensions>
</trkpt>
<trkpt lat="43.8268265" lon="15.5170438">
	<ele>-12.94</ele>
	<time>2026-08-14T12:09:29.016Z</time>
	<hdop>3.79</hdop>
	<extensions>
		<gpxtpx:TrackPointExtension>
			<gpxtpx:course>282.0</gpxtpx:course>
		</gpxtpx:TrackPointExtension>
	</extensions>
</trkpt>
<trkpt lat="43.8268831" lon="15.5166298">
	<ele>4.40</ele>
	<time>2026-08-14T12:09:39.016Z</time>
	<hdop>3.79</hdop>
	<extensions>
		<gpxtpx:TrackPointExtension>
			<gpxtpx:course>279.0</gpxtpx:course>
		</gpxtpx:TrackPointExtension>
	</extensions>
</trkpt>
<trkpt lat="43.8269405" lon="15.5162149">
	<ele>6.10</ele>
	<time>2026-08-14T12:09:49.016Z</time>
	<hdop>3.79</hdop>
	<extensions>
		<gpxtpx:TrackPointExtension>
			<gpxtpx:course>280.0</gpxtpx:course>
		</gpxtpx:TrackPointExtension>
	</extensions>
</trkpt>
<trkpt lat="43.8270159" lon="15.5157893">
	<ele>18.81</ele>
	<time>2026-08-14T12:09:59.016Z</time>
	<hdop>3.79</hdop>
	<extensions>
		<gpxtpx:TrackPointExtension>
			<gpxtpx:course>281.0</gpxtpx:course>
		</gpxtpx:TrackPointExtension>
	</extensions>
</trkpt>
<trkpt lat="43.8270732" lon="15.5153409">
	<ele>-5.67</ele>
	<time>2026-08-14T12:10:09.016Z</time>
	<hdop>3.79</hdop>
	<extensions>
		<gpxtpx:TrackPointExtension>
			<gpxtpx:course>280.0</gpxtpx:course>
		</gpxtpx:TrackPointExtension>
	</extensions>
</trkpt>
<trkpt lat="43.8271283" lon="15.5149017">
	<ele>-18.75</ele>
	<time>2026-08-14T12:10:20.016Z</time>
	<hdop>3.79</hdop>
	<extensions>
		<gpxtpx:TrackPointExtension>
			<gpxtpx:course>284.0</gpxtpx:course>
		</gpxtpx:TrackPointExtension>
	</extensions>
</trkpt>
<trkpt lat="43.8272084" lon="15.5145021">
	<ele>0.87</ele>
	<time>2026-08-14T12:10:31.016Z</time>
	<hdop>3.79</hdop>
	<extensions>
		<gpxtpx:TrackPointExtension>
			<gpxtpx:course>286.0</gpxtpx:course>
		</gpxtpx:TrackPointExtension>
	</extensions>
</trkpt>
<trkpt lat="43.8272886" lon="15.5141254">
	<ele>4.33</ele>
	<time>2026-08-14T12:10:41.016Z</time>
	<hdop>3.79</hdop>
	<extensions>
		<gpxtpx:TrackPointExtension>
			<gpxtpx:course>286.0</gpxtpx:course>
		</gpxtpx:TrackPointExtension>
	</extensions>
</trkpt>
<trkpt lat="43.8273680" lon="15.5137501">
	<ele>9.56</ele>
	<time>2026-08-14T12:10:51.016Z</time>
	<hdop>3.79</hdop>
	<extensions>
		<gpxtpx:TrackPointExtension>
			<gpxtpx:course>286.0</gpxtpx:course>
		</gpxtpx:TrackPointExtension>
	</extensions>
</trkpt>
<trkpt lat="43.8274427" lon="15.5133625">
	<ele>23.25</ele>
	<time>2026-08-14T12:11:01.016Z</time>
	<hdop>3.79</hdop>
	<extensions>
		<gpxtpx:TrackPointExtension>
			<gpxtpx:course>283.0</gpxtpx:course>
		</gpxtpx:TrackPointExtension>
	</extensions>
</trkpt>
<trkpt lat="43.8275238" lon="15.5129508">
	<ele>5.22</ele>
	<time>2026-08-14T12:11:12.016Z</time>
	<hdop>3.79</hdop>
	<extensions>
		<gpxtpx:TrackPointExtension>
			<gpxtpx:course>285.0</gpxtpx:course>
		</gpxtpx:TrackPointExtension>
	</extensions>
</trkpt>
<trkpt lat="43.8276032" lon="15.5125297">
	<ele>-14.02</ele>
	<time>2026-08-14T12:11:23.016Z</time>
	<hdop>3.79</hdop>
	<extensions>
		<gpxtpx:TrackPointExtension>
			<gpxtpx:course>285.0</gpxtpx:course>
		</gpxtpx:TrackPointExtension>
	</extensions>
</trkpt>
<trkpt lat="43.8276848" lon="15.5121111">
	<ele>-5.29</ele>
	<time>2026-08-14T12:11:34.016Z</time>
	<hdop>3.79</hdop>
	<extensions>
		<gpxtpx:TrackPointExtension>
			<gpxtpx:course>288.0</gpxtpx:course>
		</gpxtpx:TrackPointExtension>
	</extensions>
</trkpt>
<trkpt lat="43.8277868" lon="15.5117386">
	<ele>-1.87</ele>
	<time>2026-08-14T12:11:44.016Z</time>
	<hdop>3.79</hdop>
	<extensions>
		<gpxtpx:TrackPointExtension>
			<gpxtpx:course>289.0</gpxtpx:course>
		</gpxtpx:TrackPointExtension>
	</extensions>
</trkpt>
<trkpt lat="43.8278884" lon="15.5113662">
	<ele>4.83</ele>
	<time>2026-08-14T12:11:54.016Z</time>
	<hdop>3.79</hdop>
	<extensions>
		<gpxtpx:TrackPointExtension>
			<gpxtpx:course>292.0</gpxtpx:course>
		</gpxtpx:TrackPointExtension>
	</extensions>
</trkpt>
<trkpt lat="43.8280138" lon="15.5109571">
	<ele>15.05</ele>
	<time>2026-08-14T12:12:05.016Z</time>
	<hdop>3.79</hdop>
	<extensions>
		<gpxtpx:TrackPointExtension>
			<gpxtpx:course>293.0</gpxtpx:course>
		</gpxtpx:TrackPointExtension>
	</extensions>
</trkpt>
<trkpt lat="43.8281254" lon="15.5106064">
	<ele>11.19</ele>
	<time>2026-08-14T12:12:15.016Z</time>
	<hdop>3.79</hdop>
	<extensions>
		<gpxtpx:TrackPointExtension>
			<gpxtpx:course>295.0</gpxtpx:course>
		</gpxtpx:TrackPointExtension>
	</extensions>
</trkpt>
<trkpt lat="43.8282316" lon="15.5102876">
	<ele>14.41</ele>
	<time>2026-08-14T12:12:25.016Z</time>
	<hdop>3.79</hdop>
	<extensions>
		<gpxtpx:TrackPointExtension>
			<gpxtpx:course>293.0</gpxtpx:course>
		</gpxtpx:TrackPointExtension>
	</extensions>
</trkpt>
<trkpt lat="43.8283323" lon="15.5099700">
	<ele>17.36</ele>
	<time>2026-08-14T12:12:35.016Z</time>
	<hdop>3.79</hdop>
	<extensions>
		<gpxtpx:TrackPointExtension>
			<gpxtpx:course>293.0</gpxtpx:course>
		</gpxtpx:TrackPointExtension>
	</extensions>
</trkpt>
<trkpt lat="43.8284433" lon="15.5096072">
	<ele>-0.05</ele>
	<time>2026-08-14T12:12:46.016Z</time>
	<hdop>3.79</hdop>
	<extensions>
		<gpxtpx:TrackPointExtension>
			<gpxtpx:course>292.0</gpxtpx:course>
		</gpxtpx:TrackPointExtension>
	</extensions>
</trkpt>
<trkpt lat="43.8285360" lon="15.5092842">
	<ele>-3.64</ele>
	<time>2026-08-14T12:12:56.016Z</time>
	<hdop>3.79</hdop>
	<extensions>
		<gpxtpx:TrackPointExtension>
			<gpxtpx:course>288.0</gpxtpx:course>
		</gpxtpx:TrackPointExtension>
	</extensions>
</trkpt>
<trkpt lat="43.8286366" lon="15.5089321">
	<ele>-1.88</ele>
	<time>2026-08-14T12:13:07.015Z</time>
	<hdop>3.79</hdop>
	<extensions>
		<gpxtpx:TrackPointExtension>
			<gpxtpx:course>291.0</gpxtpx:course>
		</gpxtpx:TrackPointExtension>
	</extensions>
</trkpt>
<trkpt lat="43.8287385" lon="15.5086132">
	<ele>-6.00</ele>
	<time>2026-08-14T12:13:17.015Z</time>
	<hdop>3.79</hdop>
	<extensions>
		<gpxtpx:TrackPointExtension>
			<gpxtpx:course>293.0</gpxtpx:course>
		</gpxtpx:TrackPointExtension>
	</extensions>
</trkpt>
<trkpt lat="43.8288426" lon="15.5083043">
	<ele>1.58</ele>
	<time>2026-08-14T12:13:27.016Z</time>
	<hdop>3.79</hdop>
	<extensions>
		<gpxtpx:TrackPointExtension>
			<gpxtpx:course>295.0</gpxtpx:course>
		</gpxtpx:TrackPointExtension>
	</extensions>
</trkpt>
<trkpt lat="43.8289648" lon="15.5079629">
	<ele>7.64</ele>
	<time>2026-08-14T12:13:38.016Z</time>
	<hdop>3.79</hdop>
	<extensions>
		<gpxtpx:TrackPointExtension>
			<gpxtpx:course>294.0</gpxtpx:course>
		</gpxtpx:TrackPointExtension>
	</extensions>
</trkpt>
<trkpt lat="43.8290423" lon="15.5076003">
	<ele>8.99</ele>
	<time>2026-08-14T12:13:49.015Z</time>
	<hdop>3.79</hdop>
	<extensions>
		<gpxtpx:TrackPointExtension>
			<gpxtpx:course>284.0</gpxtpx:course>
		</gpxtpx:TrackPointExtension>
	</extensions>
</trkpt>
<trkpt lat="43.8290907" lon="15.5072618">
	<ele>10.77</ele>
	<time>2026-08-14T12:13:59.015Z</time>
	<hdop>3.79</hdop>
	<extensions>
		<gpxtpx:TrackPointExtension>
			<gpxtpx:course>279.0</gpxtpx:course>
		</gpxtpx:TrackPointExtension>
	</extensions>
</trkpt>
<trkpt lat="43.8291448" lon="15.5068939">
	<ele>2.53</ele>
	<time>2026-08-14T12:14:10.015Z</time>
	<hdop>3.79</hdop>
	<extensions>
		<gpxtpx:TrackPointExtension>
			<gpxtpx:course>277.0</gpxtpx:course>
		</gpxtpx:TrackPointExtension>
	</extensions>
</trkpt>
<trkpt lat="43.8291747" lon="15.5065564">
	<ele>-3.13</ele>
	<time>2026-08-14T12:14:20.016Z</time>
	<hdop>3.79</hdop>
	<extensions>
		<gpxtpx:TrackPointExtension>
			<gpxtpx:course>279.0</gpxtpx:course>
		</gpxtpx:TrackPointExtension>
	</extensions>
</trkpt>
<trkpt lat="43.8292450" lon="15.5061930">
	<ele>-0.23</ele>
	<time>2026-08-14T12:14:31.016Z</time>
	<hdop>3.79</hdop>
	<extensions>
		<gpxtpx:TrackPointExtension>
			<gpxtpx:course>291.0</gpxtpx:course>
		</gpxtpx:TrackPointExtension>
	</extensions>
</trkpt>
<trkpt lat="43.8293857" lon="15.5058663">
	<ele>-15.88</ele>
	<time>2026-08-14T12:14:42.015Z</time>
	<hdop>3.79</hdop>
	<extensions>
		<gpxtpx:TrackPointExtension>
			<gpxtpx:course>307.0</gpxtpx:course>
		</gpxtpx:TrackPointExtension>
	</extensions>
</trkpt>
<trkpt lat="43.8295336" lon="15.5055916">
	<ele>-21.87</ele>
	<time>2026-08-14T12:14:52.015Z</time>
	<hdop>3.79</hdop>
	<extensions>
		<gpxtpx:TrackPointExtension>
			<gpxtpx:course>302.0</gpxtpx:course>
		</gpxtpx:TrackPointExtension>
	</extensions>
</trkpt>
<trkpt lat="43.8296947" lon="15.5052780">
	<ele>-13.88</ele>
	<time>2026-08-14T12:15:03.016Z</time>
	<hdop>3.79</hdop>
	<extensions>
		<gpxtpx:TrackPointExtension>
			<gpxtpx:course>306.0</gpxtpx:course>
		</gpxtpx:TrackPointExtension>
	</extensions>
</trkpt>
<trkpt lat="43.8298751" lon="15.5049825">
	<ele>-1.64</ele>
	<time>2026-08-14T12:15:14.015Z</time>
	<hdop>3.79</hdop>
	<extensions>
		<gpxtpx:TrackPointExtension>
			<gpxtpx:course>312.0</gpxtpx:course>
		</gpxtpx:TrackPointExtension>
	</extensions>
</trkpt>
<trkpt lat="43.8300438" lon="15.5047235">
	<ele>-1.86</ele>
	<time>2026-08-14T12:15:24.015Z</time>
	<hdop>3.79</hdop>
	<extensions>
		<gpxtpx:TrackPointExtension>
			<gpxtpx:course>313.0</gpxtpx:course>
		</gpxtpx:TrackPointExtension>
	</extensions>
</trkpt>
<trkpt lat="43.8302226" lon="15.5044909">
	<ele>-6.18</ele>
	<time>2026-08-14T12:15:34.015Z</time>
	<hdop>3.79</hdop>
	<extensions>
		<gpxtpx:TrackPointExtension>
			<gpxtpx:course>318.0</gpxtpx:course>
		</gpxtpx:TrackPointExtension>
	</extensions>
</trkpt>
<trkpt lat="43.8303858" lon="15.5042740">
	<ele>-13.70</ele>
	<time>2026-08-14T12:15:44.016Z</time>
	<hdop>3.79</hdop>
	<extensions>
		<gpxtpx:TrackPointExtension>
			<gpxtpx:course>317.0</gpxtpx:course>
		</gpxtpx:TrackPointExtension>
	</extensions>
</trkpt>
<trkpt lat="43.8305872" lon="15.5040597">
	<ele>-32.71</ele>
	<time>2026-08-14T12:15:55.014Z</time>
	<hdop>3.79</hdop>
	<extensions>
		<gpxtpx:TrackPointExtension>
			<gpxtpx:course>322.0</gpxtpx:course>
		</gpxtpx:TrackPointExtension>
	</extensions>
</trkpt>
<trkpt lat="43.8307767" lon="15.5038879">
	<ele>-36.76</ele>
	<time>2026-08-14T12:16:05.014Z</time>
	<hdop>3.79</hdop>
	<extensions>
		<gpxtpx:TrackPointExtension>
			<gpxtpx:course>330.0</gpxtpx:course>
		</gpxtpx:TrackPointExtension>
	</extensions>
</trkpt>
<trkpt lat="43.8309914" lon="15.5037181">
	<ele>-25.37</ele>
	<time>2026-08-14T12:16:15.014Z</time>
	<hdop>3.79</hdop>
	<extensions>
		<gpxtpx:TrackPointExtension>
			<gpxtpx:course>332.0</gpxtpx:course>
		</gpxtpx:TrackPointExtension>
	</extensions>
</trkpt>
<trkpt lat="43.8312267" lon="15.5035590">
	<ele>-20.59</ele>
	<time>2026-08-14T12:16:25.015Z</time>
	<hdop>3.79</hdop>
	<extensions>
		<gpxtpx:TrackPointExtension>
			<gpxtpx:course>334.0</gpxtpx:course>
		</gpxtpx:TrackPointExtension>
	</extensions>
</trkpt>
<trkpt lat="43.8314587" lon="15.5033887">
	<ele>-29.70</ele>
	<time>2026-08-14T12:16:35.015Z</time>
	<hdop>3.79</hdop>
	<extensions>
		<gpxtpx:TrackPointExtension>
			<gpxtpx:course>328.0</gpxtpx:course>
		</gpxtpx:TrackPointExtension>
	</extensions>
</trkpt>
<trkpt lat="43.8316891" lon="15.5031943">
	<ele>-29.17</ele>
	<time>2026-08-14T12:16:45.015Z</time>
	<hdop>3.79</hdop>
	<extensions>
		<gpxtpx:TrackPointExtension>
			<gpxtpx:course>333.0</gpxtpx:course>
		</gpxtpx:TrackPointExtension>
	</extensions>
</trkpt>
<trkpt lat="43.8319515" lon="15.5030291">
	<ele>-28.61</ele>
	<time>2026-08-14T12:16:56.014Z</time>
	<hdop>3.79</hdop>
	<extensions>
		<gpxtpx:TrackPointExtension>
			<gpxtpx:course>336.0</gpxtpx:course>
		</gpxtpx:TrackPointExtension>
	</extensions>
</trkpt>
<trkpt lat="43.8321964" lon="15.5028798">
	<ele>-32.97</ele>
	<time>2026-08-14T12:17:06.014Z</time>
	<hdop>3.79</hdop>
	<extensions>
		<gpxtpx:TrackPointExtension>
			<gpxtpx:course>334.0</gpxtpx:course>
		</gpxtpx:TrackPointExtension>
	</extensions>
</trkpt>
<trkpt lat="43.8324317" lon="15.5027246">
	<ele>-30.79</ele>
	<time>2026-08-14T12:17:16.015Z</time>
	<hdop>3.79</hdop>
	<extensions>
		<gpxtpx:TrackPointExtension>
			<gpxtpx:course>334.0</gpxtpx:course>
		</gpxtpx:TrackPointExtension>
	</extensions>
</trkpt>
<trkpt lat="43.8326847" lon="15.5025563">
	<ele>-35.52</ele>
	<time>2026-08-14T12:17:27.015Z</time>
	<hdop>3.79</hdop>
	<extensions>
		<gpxtpx:TrackPointExtension>
			<gpxtpx:course>335.0</gpxtpx:course>
		</gpxtpx:TrackPointExtension>
	</extensions>
</trkpt>
<trkpt lat="43.8329254" lon="15.5024009">
	<ele>-46.55</ele>
	<time>2026-08-14T12:17:37.015Z</time>
	<hdop>3.79</hdop>
	<extensions>
		<gpxtpx:TrackPointExtension>
			<gpxtpx:course>334.0</gpxtpx:course>
		</gpxtpx:TrackPointExtension>
	</extensions>
</trkpt>
<trkpt lat="43.8331586" lon="15.5022497">
	<ele>-58.02</ele>
	<time>2026-08-14T12:17:47.015Z</time>
	<hdop>3.79</hdop>
	<extensions>
		<gpxtpx:TrackPointExtension>
			<gpxtpx:course>335.0</gpxtpx:course>
		</gpxtpx:TrackPointExtension>
	</extensions>
</trkpt>
<trkpt lat="43.8334141" lon="15.5020892">
	<ele>-54.86</ele>
	<time>2026-08-14T12:17:58.015Z</time>
	<hdop>3.79</hdop>
	<extensions>
		<gpxtpx:TrackPointExtension>
			<gpxtpx:course>332.0</gpxtpx:course>
		</gpxtpx:TrackPointExtension>
	</extensions>
</trkpt>
<trkpt lat="43.8336567" lon="15.5018939">
	<ele>-40.87</ele>
	<time>2026-08-14T12:18:08.015Z</time>
	<hdop>3.79</hdop>
	<extensions>
		<gpxtpx:TrackPointExtension>
			<gpxtpx:course>327.0</gpxtpx:course>
		</gpxtpx:TrackPointExtension>
	</extensions>
</trkpt>
<trkpt lat="43.8339064" lon="15.5016938">
	<ele>-28.72</ele>
	<time>2026-08-14T12:18:18.015Z</time>
	<hdop>3.79</hdop>
	<extensions>
		<gpxtpx:TrackPointExtension>
			<gpxtpx:course>329.0</gpxtpx:course>
		</gpxtpx:TrackPointExtension>
	</extensions>
</trkpt>
<trkpt lat="43.8341534" lon="15.5014916">
	<ele>-34.10</ele>
	<time>2026-08-14T12:18:28.015Z</time>
	<hdop>3.79</hdop>
	<extensions>
		<gpxtpx:TrackPointExtension>
			<gpxtpx:course>328.0</gpxtpx:course>
		</gpxtpx:TrackPointExtension>
	</extensions>
</trkpt>
<trkpt lat="43.8344376" lon="15.5012780">
	<ele>-35.47</ele>
	<time>2026-08-14T12:18:39.015Z</time>
	<hdop>3.79</hdop>
	<extensions>
		<gpxtpx:TrackPointExtension>
			<gpxtpx:course>331.0</gpxtpx:course>
		</gpxtpx:TrackPointExtension>
	</extensions>
</trkpt>
<trkpt lat="43.8347220" lon="15.5010633">
	<ele>-45.14</ele>
	<time>2026-08-14T12:18:50.015Z</time>
	<hdop>3.79</hdop>
	<extensions>
		<gpxtpx:TrackPointExtension>
			<gpxtpx:course>328.0</gpxtpx:course>
		</gpxtpx:TrackPointExtension>
	</extensions>
</trkpt>
<trkpt lat="43.8349848" lon="15.5008732">
	<ele>-41.69</ele>
	<time>2026-08-14T12:19:00.015Z</time>
	<hdop>3.79</hdop>
	<extensions>
		<gpxtpx:TrackPointExtension>
			<gpxtpx:course>338.0</gpxtpx:course>
		</gpxtpx:TrackPointExtension>
	</extensions>
</trkpt>
<trkpt lat="43.8352542" lon="15.5007086">
	<ele>-37.13</ele>
	<time>2026-08-14T12:19:10.015Z</time>
	<hdop>3.79</hdop>
	<extensions>
		<gpxtpx:TrackPointExtension>
			<gpxtpx:course>331.0</gpxtpx:course>
		</gpxtpx:TrackPointExtension>
	</extensions>
</trkpt>
<trkpt lat="43.8355243" lon="15.5005323">
	<ele>-37.98</ele>
	<time>2026-08-14T12:19:20.015Z</time>
	<hdop>3.79</hdop>
	<extensions>
		<gpxtpx:TrackPointExtension>
			<gpxtpx:course>338.0</gpxtpx:course>
		</gpxtpx:TrackPointExtension>
	</extensions>
</trkpt>
<trkpt lat="43.8358067" lon="15.5004006">
	<ele>-18.12</ele>
	<time>2026-08-14T12:19:30.015Z</time>
	<hdop>3.79</hdop>
	<extensions>
		<gpxtpx:TrackPointExtension>
			<gpxtpx:course>346.0</gpxtpx:course>
		</gpxtpx:TrackPointExtension>
	</extensions>
</trkpt>
<trkpt lat="43.8361010" lon="15.5003354">
	<ele>-3.57</ele>
	<time>2026-08-14T12:19:40.015Z</time>
	<hdop>3.79</hdop>
	<extensions>
		<gpxtpx:TrackPointExtension>
			<gpxtpx:course>349.0</gpxtpx:course>
		</gpxtpx:TrackPointExtension>
	</extensions>
</trkpt>
<trkpt lat="43.8363977" lon="15.5002522">
	<ele>3.42</ele>
	<time>2026-08-14T12:19:50.015Z</time>
	<hdop>3.79</hdop>
	<extensions>
		<gpxtpx:TrackPointExtension>
			<gpxtpx:course>344.0</gpxtpx:course>
		</gpxtpx:TrackPointExtension>
	</extensions>
</trkpt>
<trkpt lat="43.8366905" lon="15.5001419">
	<ele>10.37</ele>
	<time>2026-08-14T12:20:00.015Z</time>
	<hdop>3.79</hdop>
	<extensions>
		<gpxtpx:TrackPointExtension>
			<gpxtpx:course>344.0</gpxtpx:course>
		</gpxtpx:TrackPointExtension>
	</extensions>
</trkpt>
<trkpt lat="43.8369796" lon="15.5000221">
	<ele>3.46</ele>
	<time>2026-08-14T12:20:10.015Z</time>
	<hdop>3.79</hdop>
	<extensions>
		<gpxtpx:TrackPointExtension>
			<gpxtpx:course>340.0</gpxtpx:course>
		</gpxtpx:TrackPointExtension>
	</extensions>
</trkpt>
<trkpt lat="43.8372929" lon="15.4998591">
	<ele>-2.41</ele>
	<time>2026-08-14T12:20:21.014Z</time>
	<hdop>3.79</hdop>
	<extensions>
		<gpxtpx:TrackPointExtension>
			<gpxtpx:course>336.0</gpxtpx:course>
		</gpxtpx:TrackPointExtension>
	</extensions>
</trkpt>
<trkpt lat="43.8375615" lon="15.4997132">
	<ele>-6.79</ele>
	<time>2026-08-14T12:20:31.015Z</time>
	<hdop>3.79</hdop>
	<extensions>
		<gpxtpx:TrackPointExtension>
			<gpxtpx:course>337.0</gpxtpx:course>
		</gpxtpx:TrackPointExtension>
	</extensions>
</trkpt>
<trkpt lat="43.8378095" lon="15.4995520">
	<ele>-15.59</ele>
	<time>2026-08-14T12:20:41.015Z</time>
	<hdop>3.79</hdop>
	<extensions>
		<gpxtpx:TrackPointExtension>
			<gpxtpx:course>333.0</gpxtpx:course>
		</gpxtpx:TrackPointExtension>
	</extensions>
</trkpt>
<trkpt lat="43.8380577" lon="15.4993567">
	<ele>-24.32</ele>
	<time>2026-08-14T12:20:52.014Z</time>
	<hdop>3.79</hdop>
	<extensions>
		<gpxtpx:TrackPointExtension>
			<gpxtpx:course>327.0</gpxtpx:course>
		</gpxtpx:TrackPointExtension>
	</extensions>
</trkpt>
<trkpt lat="43.8382927" lon="15.4991788">
	<ele>-14.58</ele>
	<time>2026-08-14T12:21:02.014Z</time>
	<hdop>3.79</hdop>
	<extensions>
		<gpxtpx:TrackPointExtension>
			<gpxtpx:course>333.0</gpxtpx:course>
		</gpxtpx:TrackPointExtension>
	</extensions>
</trkpt>
<trkpt lat="43.8385342" lon="15.4989910">
	<ele>-19.98</ele>
	<time>2026-08-14T12:21:12.015Z</time>
	<hdop>3.79</hdop>
	<extensions>
		<gpxtpx:TrackPointExtension>
			<gpxtpx:course>331.0</gpxtpx:course>
		</gpxtpx:TrackPointExtension>
	</extensions>
</trkpt>
<trkpt lat="43.8388077" lon="15.4987812">
	<ele>-25.95</ele>
	<time>2026-08-14T12:21:23.013Z</time>
	<hdop>3.79</hdop>
	<extensions>
		<gpxtpx:TrackPointExtension>
			<gpxtpx:course>330.0</gpxtpx:course>
		</gpxtpx:TrackPointExtension>
	</extensions>
</trkpt>
<trkpt lat="43.8390486" lon="15.4985762">
	<ele>-30.97</ele>
	<time>2026-08-14T12:21:33.013Z</time>
	<hdop>3.79</hdop>
	<extensions>
		<gpxtpx:TrackPointExtension>
			<gpxtpx:course>321.0</gpxtpx:course>
		</gpxtpx:TrackPointExtension>
	</extensions>
</trkpt>
<trkpt lat="43.8392562" lon="15.4983452">
	<ele>-43.48</ele>
	<time>2026-08-14T12:21:43.014Z</time>
	<hdop>3.79</hdop>
	<extensions>
		<gpxtpx:TrackPointExtension>
			<gpxtpx:course>314.0</gpxtpx:course>
		</gpxtpx:TrackPointExtension>
	</extensions>
</trkpt>
<trkpt lat="43.8394586" lon="15.4980838">
	<ele>-24.70</ele>
	<time>2026-08-14T12:21:53.014Z</time>
	<hdop>3.79</hdop>
	<extensions>
		<gpxtpx:TrackPointExtension>
			<gpxtpx:course>317.0</gpxtpx:course>
		</gpxtpx:TrackPointExtension>
	</extensions>
</trkpt>
<trkpt lat="43.8396549" lon="15.4978149">
	<ele>-11.49</ele>
	<time>2026-08-14T12:22:03.014Z</time>
	<hdop>3.79</hdop>
	<extensions>
		<gpxtpx:TrackPointExtension>
			<gpxtpx:course>315.0</gpxtpx:course>
		</gpxtpx:TrackPointExtension>
	</extensions>
</trkpt>
<trkpt lat="43.8398509" lon="15.4975364">
	<ele>-1.10</ele>
	<time>2026-08-14T12:22:13.015Z</time>
	<hdop>3.79</hdop>
	<extensions>
		<gpxtpx:TrackPointExtension>
			<gpxtpx:course>318.0</gpxtpx:course>
		</gpxtpx:TrackPointExtension>
	</extensions>
</trkpt>
<trkpt lat="43.8400828" lon="15.4972397">
	<ele>14.20</ele>
	<time>2026-08-14T12:22:24.014Z</time>
	<hdop>3.79</hdop>
	<extensions>
		<gpxtpx:TrackPointExtension>
			<gpxtpx:course>315.0</gpxtpx:course>
		</gpxtpx:TrackPointExtension>
	</extensions>
</trkpt>
<trkpt lat="43.8402858" lon="15.4969383">
	<ele>22.10</ele>
	<time>2026-08-14T12:22:34.014Z</time>
	<hdop>3.79</hdop>
	<extensions>
		<gpxtpx:TrackPointExtension>
			<gpxtpx:course>306.0</gpxtpx:course>
		</gpxtpx:TrackPointExtension>
	</extensions>
</trkpt>
<trkpt lat="43.8404818" lon="15.4966164">
	<ele>23.19</ele>
	<time>2026-08-14T12:22:44.014Z</time>
	<hdop>3.79</hdop>
	<extensions>
		<gpxtpx:TrackPointExtension>
			<gpxtpx:course>313.0</gpxtpx:course>
		</gpxtpx:TrackPointExtension>
	</extensions>
</trkpt>
<trkpt lat="43.8407009" lon="15.4962738">
	<ele>34.48</ele>
	<time>2026-08-14T12:22:55.014Z</time>
	<hdop>3.79</hdop>
	<extensions>
		<gpxtpx:TrackPointExtension>
			<gpxtpx:course>307.0</gpxtpx:course>
		</gpxtpx:TrackPointExtension>
	</extensions>
</trkpt>
<trkpt lat="43.8408976" lon="15.4959580">
	<ele>29.68</ele>
	<time>2026-08-14T12:23:05.014Z</time>
	<hdop>3.79</hdop>
	<extensions>
		<gpxtpx:TrackPointExtension>
			<gpxtpx:course>309.0</gpxtpx:course>
		</gpxtpx:TrackPointExtension>
	</extensions>
</trkpt>
<trkpt lat="43.8411126" lon="15.4955941">
	<ele>33.39</ele>
	<time>2026-08-14T12:23:16.013Z</time>
	<hdop>3.79</hdop>
	<extensions>
		<gpxtpx:TrackPointExtension>
			<gpxtpx:course>307.0</gpxtpx:course>
		</gpxtpx:TrackPointExtension>
	</extensions>
</trkpt>
<trkpt lat="43.8412844" lon="15.4952538">
	<ele>35.14</ele>
	<time>2026-08-14T12:23:26.013Z</time>
	<hdop>3.79</hdop>
	<extensions>
		<gpxtpx:TrackPointExtension>
			<gpxtpx:course>302.0</gpxtpx:course>
		</gpxtpx:TrackPointExtension>
	</extensions>
</trkpt>
<trkpt lat="43.8414734" lon="15.4949068">
	<ele>28.34</ele>
	<time>2026-08-14T12:23:36.014Z</time>
	<hdop>3.79</hdop>
	<extensions>
		<gpxtpx:TrackPointExtension>
			<gpxtpx:course>308.0</gpxtpx:course>
		</gpxtpx:TrackPointExtension>
	</extensions>
</trkpt>
<trkpt lat="43.8416608" lon="15.4945773">
	<ele>27.28</ele>
	<time>2026-08-14T12:23:46.014Z</time>
	<hdop>3.79</hdop>
	<extensions>
		<gpxtpx:TrackPointExtension>
			<gpxtpx:course>309.0</gpxtpx:course>
		</gpxtpx:TrackPointExtension>
	</extensions>
</trkpt>
<trkpt lat="43.8418557" lon="15.4942476">
	<ele>28.55</ele>
	<time>2026-08-14T12:23:56.014Z</time>
	<hdop>3.97</hdop>
	<extensions>
		<gpxtpx:TrackPointExtension>
			<gpxtpx:course>312.0</gpxtpx:course>
		</gpxtpx:TrackPointExtension>
	</extensions>
</trkpt>
<trkpt lat="43.8420912" lon="15.4939028">
	<ele>27.03</ele>
	<time>2026-08-14T12:24:07.014Z</time>
	<hdop>3.79</hdop>
	<extensions>
		<gpxtpx:TrackPointExtension>
			<gpxtpx:course>314.0</gpxtpx:course>
		</gpxtpx:TrackPointExtension>
	</extensions>
</trkpt>
<trkpt lat="43.8423302" lon="15.4935774">
	<ele>28.73</ele>
	<time>2026-08-14T12:24:18.012Z</time>
	<hdop>3.79</hdop>
	<extensions>
		<gpxtpx:TrackPointExtension>
			<gpxtpx:course>317.0</gpxtpx:course>
		</gpxtpx:TrackPointExtension>
	</extensions>
</trkpt>
<trkpt lat="43.8425545" lon="15.4932872">
	<ele>27.88</ele>
	<time>2026-08-14T12:24:28.013Z</time>
	<hdop>3.79</hdop>
	<extensions>
		<gpxtpx:TrackPointExtension>
			<gpxtpx:course>317.0</gpxtpx:course>
		</gpxtpx:TrackPointExtension>
	</extensions>
</trkpt>
<trkpt lat="43.8428072" lon="15.4930460">
	<ele>9.87</ele>
	<time>2026-08-14T12:24:38.013Z</time>
	<hdop>4.34</hdop>
	<extensions>
		<gpxtpx:TrackPointExtension>
			<gpxtpx:course>327.0</gpxtpx:course>
		</gpxtpx:TrackPointExtension>
	</extensions>
</trkpt>
<trkpt lat="43.8431009" lon="15.4928001">
	<ele>-28.36</ele>
	<time>2026-08-14T12:24:49.013Z</time>
	<hdop>3.79</hdop>
	<extensions>
		<gpxtpx:TrackPointExtension>
			<gpxtpx:course>329.0</gpxtpx:course>
		</gpxtpx:TrackPointExtension>
	</extensions>
</trkpt>
<trkpt lat="43.8433750" lon="15.4925999">
	<ele>-39.36</ele>
	<time>2026-08-14T12:24:59.014Z</time>
	<hdop>4.23</hdop>
	<extensions>
		<gpxtpx:TrackPointExtension>
			<gpxtpx:course>333.0</gpxtpx:course>
		</gpxtpx:TrackPointExtension>
	</extensions>
</trkpt>
<trkpt lat="43.8436806" lon="15.4923868">
	<ele>-43.49</ele>
	<time>2026-08-14T12:25:10.013Z</time>
	<hdop>3.79</hdop>
	<extensions>
		<gpxtpx:TrackPointExtension>
			<gpxtpx:course>329.0</gpxtpx:course>
		</gpxtpx:TrackPointExtension>
	</extensions>
</trkpt>
<trkpt lat="43.8439309" lon="15.4921568">
	<ele>-34.76</ele>
	<time>2026-08-14T12:25:20.013Z</time>
	<hdop>4.16</hdop>
	<extensions>
		<gpxtpx:TrackPointExtension>
			<gpxtpx:course>328.0</gpxtpx:course>
		</gpxtpx:TrackPointExtension>
	</extensions>
</trkpt>
<trkpt lat="43.8441891" lon="15.4919244">
	<ele>-34.92</ele>
	<time>2026-08-14T12:25:30.013Z</time>
	<hdop>3.79</hdop>
	<extensions>
		<gpxtpx:TrackPointExtension>
			<gpxtpx:course>327.0</gpxtpx:course>
		</gpxtpx:TrackPointExtension>
	</extensions>
</trkpt>
<trkpt lat="43.8444477" lon="15.4916887">
	<ele>-35.20</ele>
	<time>2026-08-14T12:25:40.014Z</time>
	<hdop>4.02</hdop>
	<extensions>
		<gpxtpx:TrackPointExtension>
			<gpxtpx:course>324.0</gpxtpx:course>
		</gpxtpx:TrackPointExtension>
	</extensions>
</trkpt>
<trkpt lat="43.8447123" lon="15.4913997">
	<ele>-30.05</ele>
	<time>2026-08-14T12:25:51.013Z</time>
	<hdop>3.79</hdop>
	<extensions>
		<gpxtpx:TrackPointExtension>
			<gpxtpx:course>321.0</gpxtpx:course>
		</gpxtpx:TrackPointExtension>
	</extensions>
</trkpt>
<trkpt lat="43.8449384" lon="15.4911149">
	<ele>-26.35</ele>
	<time>2026-08-14T12:26:01.014Z</time>
	<hdop>3.79</hdop>
	<extensions>
		<gpxtpx:TrackPointExtension>
			<gpxtpx:course>318.0</gpxtpx:course>
		</gpxtpx:TrackPointExtension>
	</extensions>
</trkpt>
<trkpt lat="43.8451738" lon="15.4908481">
	<ele>-10.60</ele>
	<time>2026-08-14T12:26:11.014Z</time>
	<hdop>3.79</hdop>
	<extensions>
		<gpxtpx:TrackPointExtension>
			<gpxtpx:course>322.0</gpxtpx:course>
		</gpxtpx:TrackPointExtension>
	</extensions>
</trkpt>
<trkpt lat="43.8454539" lon="15.4905702">
	<ele>4.09</ele>
	<time>2026-08-14T12:26:22.013Z</time>
	<hdop>3.79</hdop>
	<extensions>
		<gpxtpx:TrackPointExtension>
			<gpxtpx:course>326.0</gpxtpx:course>
		</gpxtpx:TrackPointExtension>
	</extensions>
</trkpt>
<trkpt lat="43.8457167" lon="15.4903405">
	<ele>6.10</ele>
	<time>2026-08-14T12:26:32.013Z</time>
	<hdop>3.79</hdop>
	<extensions>
		<gpxtpx:TrackPointExtension>
			<gpxtpx:course>326.0</gpxtpx:course>
		</gpxtpx:TrackPointExtension>
	</extensions>
</trkpt>
<trkpt lat="43.8459958" lon="15.4901283">
	<ele>12.69</ele>
	<time>2026-08-14T12:26:42.014Z</time>
	<hdop>3.79</hdop>
	<extensions>
		<gpxtpx:TrackPointExtension>
			<gpxtpx:course>332.0</gpxtpx:course>
		</gpxtpx:TrackPointExtension>
	</extensions>
</trkpt>
<trkpt lat="43.8462908" lon="15.4898968">
	<ele>2.76</ele>
	<time>2026-08-14T12:26:53.012Z</time>
	<hdop>3.79</hdop>
	<extensions>
		<gpxtpx:TrackPointExtension>
			<gpxtpx:course>332.0</gpxtpx:course>
		</gpxtpx:TrackPointExtension>
	</extensions>
</trkpt>
<trkpt lat="43.8465495" lon="15.4896874">
	<ele>-2.48</ele>
	<time>2026-08-14T12:27:03.014Z</time>
	<hdop>3.79</hdop>
	<extensions>
		<gpxtpx:TrackPointExtension>
			<gpxtpx:course>332.0</gpxtpx:course>
		</gpxtpx:TrackPointExtension>
	</extensions>
</trkpt>
<trkpt lat="43.8468129" lon="15.4894975">
	<ele>8.73</ele>
	<time>2026-08-14T12:27:13.014Z</time>
	<hdop>3.79</hdop>
	<extensions>
		<gpxtpx:TrackPointExtension>
			<gpxtpx:course>333.0</gpxtpx:course>
		</gpxtpx:TrackPointExtension>
	</extensions>
</trkpt>
<trkpt lat="43.8471131" lon="15.4892997">
	<ele>7.95</ele>
	<time>2026-08-14T12:27:24.012Z</time>
	<hdop>3.79</hdop>
	<extensions>
		<gpxtpx:TrackPointExtension>
			<gpxtpx:course>334.0</gpxtpx:course>
		</gpxtpx:TrackPointExtension>
	</extensions>
</trkpt>
<trkpt lat="43.8473922" lon="15.4891322">
	<ele>2.80</ele>
	<time>2026-08-14T12:27:34.013Z</time>
	<hdop>3.79</hdop>
	<extensions>
		<gpxtpx:TrackPointExtension>
			<gpxtpx:course>335.0</gpxtpx:course>
		</gpxtpx:TrackPointExtension>
	</extensions>
</trkpt>
<trkpt lat="43.8477113" lon="15.4889727">
	<ele>6.05</ele>
	<time>2026-08-14T12:27:45.013Z</time>
	<hdop>3.79</hdop>
	<extensions>
		<gpxtpx:TrackPointExtension>
			<gpxtpx:course>338.0</gpxtpx:course>
		</gpxtpx:TrackPointExtension>
	</extensions>
</trkpt>
<trkpt lat="43.8479854" lon="15.4888146">
	<ele>-3.53</ele>
	<time>2026-08-14T12:27:55.013Z</time>
	<hdop>3.79</hdop>
	<extensions>
		<gpxtpx:TrackPointExtension>
			<gpxtpx:course>338.0</gpxtpx:course>
		</gpxtpx:TrackPointExtension>
	</extensions>
</trkpt>
<trkpt lat="43.8482910" lon="15.4886398">
	<ele>-14.07</ele>
	<time>2026-08-14T12:28:06.013Z</time>
	<hdop>3.79</hdop>
	<extensions>
		<gpxtpx:TrackPointExtension>
			<gpxtpx:course>334.0</gpxtpx:course>
		</gpxtpx:TrackPointExtension>
	</extensions>
</trkpt>
<trkpt lat="43.8485658" lon="15.4884750">
	<ele>-19.80</ele>
	<time>2026-08-14T12:28:16.013Z</time>
	<hdop>3.79</hdop>
	<extensions>
		<gpxtpx:TrackPointExtension>
			<gpxtpx:course>337.0</gpxtpx:course>
		</gpxtpx:TrackPointExtension>
	</extensions>
</trkpt>
<trkpt lat="43.8488604" lon="15.4882720">
	<ele>-28.50</ele>
	<time>2026-08-14T12:28:27.013Z</time>
	<hdop>3.79</hdop>
	<extensions>
		<gpxtpx:TrackPointExtension>
			<gpxtpx:course>333.0</gpxtpx:course>
		</gpxtpx:TrackPointExtension>
	</extensions>
</trkpt>
<trkpt lat="43.8491244" lon="15.4880699">
	<ele>-23.59</ele>
	<time>2026-08-14T12:28:37.013Z</time>
	<hdop>3.79</hdop>
	<extensions>
		<gpxtpx:TrackPointExtension>
			<gpxtpx:course>330.0</gpxtpx:course>
		</gpxtpx:TrackPointExtension>
	</extensions>
</trkpt>
<trkpt lat="43.8494084" lon="15.4878485">
	<ele>-18.67</ele>
	<time>2026-08-14T12:28:48.012Z</time>
	<hdop>3.79</hdop>
	<extensions>
		<gpxtpx:TrackPointExtension>
			<gpxtpx:course>329.0</gpxtpx:course>
		</gpxtpx:TrackPointExtension>
	</extensions>
</trkpt>
<trkpt lat="43.8496644" lon="15.4876376">
	<ele>-17.63</ele>
	<time>2026-08-14T12:28:58.013Z</time>
	<hdop>3.79</hdop>
	<extensions>
		<gpxtpx:TrackPointExtension>
			<gpxtpx:course>327.0</gpxtpx:course>
		</gpxtpx:TrackPointExtension>
	</extensions>
</trkpt>
<trkpt lat="43.8499098" lon="15.4874150">
	<ele>-2.39</ele>
	<time>2026-08-14T12:29:08.013Z</time>
	<hdop>3.79</hdop>
	<extensions>
		<gpxtpx:TrackPointExtension>
			<gpxtpx:course>324.0</gpxtpx:course>
		</gpxtpx:TrackPointExtension>
	</extensions>
</trkpt>
<trkpt lat="43.8501575" lon="15.4871791">
	<ele>6.36</ele>
	<time>2026-08-14T12:29:18.013Z</time>
	<hdop>3.79</hdop>
	<extensions>
		<gpxtpx:TrackPointExtension>
			<gpxtpx:course>325.0</gpxtpx:course>
		</gpxtpx:TrackPointExtension>
	</extensions>
</trkpt>
<trkpt lat="43.8504171" lon="15.4869698">
	<ele>13.33</ele>
	<time>2026-08-14T12:29:28.013Z</time>
	<hdop>3.79</hdop>
	<extensions>
		<gpxtpx:TrackPointExtension>
			<gpxtpx:course>331.0</gpxtpx:course>
		</gpxtpx:TrackPointExtension>
	</extensions>
</trkpt>
<trkpt lat="43.8506773" lon="15.4867701">
	<ele>22.95</ele>
	<time>2026-08-14T12:29:38.013Z</time>
	<hdop>3.79</hdop>
	<extensions>
		<gpxtpx:TrackPointExtension>
			<gpxtpx:course>332.0</gpxtpx:course>
		</gpxtpx:TrackPointExtension>
	</extensions>
</trkpt>
<trkpt lat="43.8509695" lon="15.4865459">
	<ele>21.63</ele>
	<time>2026-08-14T12:29:49.013Z</time>
	<hdop>3.79</hdop>
	<extensions>
		<gpxtpx:TrackPointExtension>
			<gpxtpx:course>330.0</gpxtpx:course>
		</gpxtpx:TrackPointExtension>
	</extensions>
</trkpt>
<trkpt lat="43.8512360" lon="15.4863412">
	<ele>23.07</ele>
	<time>2026-08-14T12:29:59.013Z</time>
	<hdop>3.79</hdop>
	<extensions>
		<gpxtpx:TrackPointExtension>
			<gpxtpx:course>331.0</gpxtpx:course>
		</gpxtpx:TrackPointExtension>
	</extensions>
</trkpt>
<trkpt lat="43.8515012" lon="15.4861311">
	<ele>30.23</ele>
	<time>2026-08-14T12:30:09.013Z</time>
	<hdop>3.79</hdop>
	<extensions>
		<gpxtpx:TrackPointExtension>
			<gpxtpx:course>331.0</gpxtpx:course>
		</gpxtpx:TrackPointExtension>
	</extensions>
</trkpt>
<trkpt lat="43.8517903" lon="15.4859043">
	<ele>25.98</ele>
	<time>2026-08-14T12:30:20.013Z</time>
	<hdop>3.79</hdop>
	<extensions>
		<gpxtpx:TrackPointExtension>
			<gpxtpx:course>331.0</gpxtpx:course>
		</gpxtpx:TrackPointExtension>
	</extensions>
</trkpt>
<trkpt lat="43.8520864" lon="15.4857057">
	<ele>26.77</ele>
	<time>2026-08-14T12:30:31.012Z</time>
	<hdop>3.79</hdop>
	<extensions>
		<gpxtpx:TrackPointExtension>
			<gpxtpx:course>335.0</gpxtpx:course>
		</gpxtpx:TrackPointExtension>
	</extensions>
</trkpt>
<trkpt lat="43.8523593" lon="15.4855358">
	<ele>29.76</ele>
	<time>2026-08-14T12:30:41.013Z</time>
	<hdop>3.79</hdop>
	<extensions>
		<gpxtpx:TrackPointExtension>
			<gpxtpx:course>337.0</gpxtpx:course>
		</gpxtpx:TrackPointExtension>
	</extensions>
</trkpt>
<trkpt lat="43.8526787" lon="15.4853788">
	<ele>24.33</ele>
	<time>2026-08-14T12:30:52.012Z</time>
	<hdop>3.79</hdop>
	<extensions>
		<gpxtpx:TrackPointExtension>
			<gpxtpx:course>339.0</gpxtpx:course>
		</gpxtpx:TrackPointExtension>
	</extensions>
</trkpt>
<trkpt lat="43.8529661" lon="15.4852292">
	<ele>24.88</ele>
	<time>2026-08-14T12:31:02.012Z</time>
	<hdop>3.79</hdop>
	<extensions>
		<gpxtpx:TrackPointExtension>
			<gpxtpx:course>340.0</gpxtpx:course>
		</gpxtpx:TrackPointExtension>
	</extensions>
</trkpt>
<trkpt lat="43.8532482" lon="15.4850852">
	<ele>17.65</ele>
	<time>2026-08-14T12:31:12.013Z</time>
	<hdop>3.79</hdop>
	<extensions>
		<gpxtpx:TrackPointExtension>
			<gpxtpx:course>339.0</gpxtpx:course>
		</gpxtpx:TrackPointExtension>
	</extensions>
</trkpt>
<trkpt lat="43.8535620" lon="15.4849402">
	<ele>14.39</ele>
	<time>2026-08-14T12:31:23.011Z</time>
	<hdop>3.79</hdop>
	<extensions>
		<gpxtpx:TrackPointExtension>
			<gpxtpx:course>342.0</gpxtpx:course>
		</gpxtpx:TrackPointExtension>
	</extensions>
</trkpt>
<trkpt lat="43.8538459" lon="15.4848020">
	<ele>10.95</ele>
	<time>2026-08-14T12:31:33.012Z</time>
	<hdop>3.79</hdop>
	<extensions>
		<gpxtpx:TrackPointExtension>
			<gpxtpx:course>342.0</gpxtpx:course>
		</gpxtpx:TrackPointExtension>
	</extensions>
</trkpt>
<trkpt lat="43.8541285" lon="15.4846402">
	<ele>6.82</ele>
	<time>2026-08-14T12:31:43.012Z</time>
	<hdop>3.79</hdop>
	<extensions>
		<gpxtpx:TrackPointExtension>
			<gpxtpx:course>345.0</gpxtpx:course>
		</gpxtpx:TrackPointExtension>
	</extensions>
</trkpt>
<trkpt lat="43.8544267" lon="15.4845340">
	<ele>-15.68</ele>
	<time>2026-08-14T12:31:53.013Z</time>
	<hdop>3.79</hdop>
	<extensions>
		<gpxtpx:TrackPointExtension>
			<gpxtpx:course>352.0</gpxtpx:course>
		</gpxtpx:TrackPointExtension>
	</extensions>
</trkpt>
<trkpt lat="43.8547617" lon="15.4844410">
	<ele>-43.27</ele>
	<time>2026-08-14T12:32:04.013Z</time>
	<hdop>3.79</hdop>
	<extensions>
		<gpxtpx:TrackPointExtension>
			<gpxtpx:course>348.0</gpxtpx:course>
		</gpxtpx:TrackPointExtension>
	</extensions>
</trkpt>
<trkpt lat="43.8550718" lon="15.4843572">
	<ele>-45.61</ele>
	<time>2026-08-14T12:32:14.013Z</time>
	<hdop>3.79</hdop>
	<extensions>
		<gpxtpx:TrackPointExtension>
			<gpxtpx:course>345.0</gpxtpx:course>
		</gpxtpx:TrackPointExtension>
	</extensions>
</trkpt>
<trkpt lat="43.8554086" lon="15.4842401">
	<ele>-42.78</ele>
	<time>2026-08-14T12:32:25.012Z</time>
	<hdop>3.79</hdop>
	<extensions>
		<gpxtpx:TrackPointExtension>
			<gpxtpx:course>347.0</gpxtpx:course>
		</gpxtpx:TrackPointExtension>
	</extensions>
</trkpt>
<trkpt lat="43.8557098" lon="15.4841598">
	<ele>-36.45</ele>
	<time>2026-08-14T12:32:35.012Z</time>
	<hdop>3.79</hdop>
	<extensions>
		<gpxtpx:TrackPointExtension>
			<gpxtpx:course>348.0</gpxtpx:course>
		</gpxtpx:TrackPointExtension>
	</extensions>
</trkpt>
<trkpt lat="43.8560541" lon="15.4840687">
	<ele>-17.46</ele>
	<time>2026-08-14T12:32:46.011Z</time>
	<hdop>3.79</hdop>
	<extensions>
		<gpxtpx:TrackPointExtension>
			<gpxtpx:course>345.0</gpxtpx:course>
		</gpxtpx:TrackPointExtension>
	</extensions>
</trkpt>
<trkpt lat="43.8563518" lon="15.4839683">
	<ele>-1.72</ele>
	<time>2026-08-14T12:32:56.012Z</time>
	<hdop>3.79</hdop>
	<extensions>
		<gpxtpx:TrackPointExtension>
			<gpxtpx:course>343.0</gpxtpx:course>
		</gpxtpx:TrackPointExtension>
	</extensions>
</trkpt>
<trkpt lat="43.8566522" lon="15.4838603">
	<ele>1.57</ele>
	<time>2026-08-14T12:33:06.012Z</time>
	<hdop>3.79</hdop>
	<extensions>
		<gpxtpx:TrackPointExtension>
			<gpxtpx:course>345.0</gpxtpx:course>
		</gpxtpx:TrackPointExtension>
	</extensions>
</trkpt>
<trkpt lat="43.8569816" lon="15.4837297">
	<ele>8.15</ele>
	<time>2026-08-14T12:33:17.011Z</time>
	<hdop>3.79</hdop>
	<extensions>
		<gpxtpx:TrackPointExtension>
			<gpxtpx:course>342.0</gpxtpx:course>
		</gpxtpx:TrackPointExtension>
	</extensions>
</trkpt>
<trkpt lat="43.8572754" lon="15.4836323">
	<ele>10.38</ele>
	<time>2026-08-14T12:33:27.012Z</time>
	<hdop>3.79</hdop>
	<extensions>
		<gpxtpx:TrackPointExtension>
			<gpxtpx:course>348.0</gpxtpx:course>
		</gpxtpx:TrackPointExtension>
	</extensions>
</trkpt>
<trkpt lat="43.8576267" lon="15.4835827">
	<ele>12.93</ele>
	<time>2026-08-14T12:33:38.010Z</time>
	<hdop>3.79</hdop>
	<extensions>
		<gpxtpx:TrackPointExtension>
			<gpxtpx:course>354.0</gpxtpx:course>
		</gpxtpx:TrackPointExtension>
	</extensions>
</trkpt>
<trkpt lat="43.8579344" lon="15.4835543">
	<ele>4.68</ele>
	<time>2026-08-14T12:33:48.012Z</time>
	<hdop>3.79</hdop>
	<extensions>
		<gpxtpx:TrackPointExtension>
			<gpxtpx:course>358.0</gpxtpx:course>
		</gpxtpx:TrackPointExtension>
	</extensions>
</trkpt>
<trkpt lat="43.8582469" lon="15.4835730">
	<ele>-4.06</ele>
	<time>2026-08-14T12:33:58.013Z</time>
	<hdop>3.79</hdop>
	<extensions>
		<gpxtpx:TrackPointExtension>
			<gpxtpx:course>8.0</gpxtpx:course>
		</gpxtpx:TrackPointExtension>
	</extensions>
</trkpt>
<trkpt lat="43.8586043" lon="15.4836198">
	<ele>-9.92</ele>
	<time>2026-08-14T12:34:09.011Z</time>
	<hdop>3.79</hdop>
	<extensions>
		<gpxtpx:TrackPointExtension>
			<gpxtpx:course>6.0</gpxtpx:course>
		</gpxtpx:TrackPointExtension>
	</extensions>
</trkpt>
<trkpt lat="43.8589298" lon="15.4836809">
	<ele>-4.94</ele>
	<time>2026-08-14T12:34:19.011Z</time>
	<hdop>3.79</hdop>
	<extensions>
		<gpxtpx:TrackPointExtension>
			<gpxtpx:course>9.0</gpxtpx:course>
		</gpxtpx:TrackPointExtension>
	</extensions>
</trkpt>
<trkpt lat="43.8592520" lon="15.4837506">
	<ele>3.96</ele>
	<time>2026-08-14T12:34:29.012Z</time>
	<hdop>3.79</hdop>
	<extensions>
		<gpxtpx:TrackPointExtension>
			<gpxtpx:course>9.0</gpxtpx:course>
		</gpxtpx:TrackPointExtension>
	</extensions>
</trkpt>
<trkpt lat="43.8596026" lon="15.4838294">
	<ele>25.13</ele>
	<time>2026-08-14T12:34:40.012Z</time>
	<hdop>3.79</hdop>
	<extensions>
		<gpxtpx:TrackPointExtension>
			<gpxtpx:course>11.0</gpxtpx:course>
		</gpxtpx:TrackPointExtension>
	</extensions>
</trkpt>
<trkpt lat="43.8599318" lon="15.4839134">
	<ele>34.69</ele>
	<time>2026-08-14T12:34:50.013Z</time>
	<hdop>3.79</hdop>
	<extensions>
		<gpxtpx:TrackPointExtension>
			<gpxtpx:course>8.0</gpxtpx:course>
		</gpxtpx:TrackPointExtension>
	</extensions>
</trkpt>
<trkpt lat="43.8602948" lon="15.4840206">
	<ele>38.50</ele>
	<time>2026-08-14T12:35:01.012Z</time>
	<hdop>3.79</hdop>
	<extensions>
		<gpxtpx:TrackPointExtension>
			<gpxtpx:course>17.0</gpxtpx:course>
		</gpxtpx:TrackPointExtension>
	</extensions>
</trkpt>
<trkpt lat="43.8606056" lon="15.4841878">
	<ele>41.23</ele>
	<time>2026-08-14T12:35:11.012Z</time>
	<hdop>3.79</hdop>
	<extensions>
		<gpxtpx:TrackPointExtension>
			<gpxtpx:course>27.0</gpxtpx:course>
		</gpxtpx:TrackPointExtension>
	</extensions>
</trkpt>
<trkpt lat="43.8609060" lon="15.4844077">
	<ele>44.67</ele>
	<time>2026-08-14T12:35:21.012Z</time>
	<hdop>3.79</hdop>
	<extensions>
		<gpxtpx:TrackPointExtension>
			<gpxtpx:course>29.0</gpxtpx:course>
		</gpxtpx:TrackPointExtension>
	</extensions>
</trkpt>
<trkpt lat="43.8611755" lon="15.4846853">
	<ele>38.21</ele>
	<time>2026-08-14T12:35:31.012Z</time>
	<hdop>3.79</hdop>
	<extensions>
		<gpxtpx:TrackPointExtension>
			<gpxtpx:course>45.0</gpxtpx:course>
		</gpxtpx:TrackPointExtension>
	</extensions>
</trkpt>
<trkpt lat="43.8614186" lon="15.4850368">
	<ele>20.59</ele>
	<time>2026-08-14T12:35:41.012Z</time>
	<hdop>4.48</hdop>
	<extensions>
		<gpxtpx:TrackPointExtension>
			<gpxtpx:course>46.0</gpxtpx:course>
		</gpxtpx:TrackPointExtension>
	</extensions>
</trkpt>
<trkpt lat="43.8616564" lon="15.4854045">
	<ele>-4.68</ele>
	<time>2026-08-14T12:35:51.012Z</time>
	<hdop>3.79</hdop>
	<extensions>
		<gpxtpx:TrackPointExtension>
			<gpxtpx:course>47.0</gpxtpx:course>
		</gpxtpx:TrackPointExtension>
	</extensions>
</trkpt>
<trkpt lat="43.8619000" lon="15.4858076">
	<ele>-13.54</ele>
	<time>2026-08-14T12:36:02.011Z</time>
	<hdop>3.79</hdop>
	<extensions>
		<gpxtpx:TrackPointExtension>
			<gpxtpx:course>55.0</gpxtpx:course>
		</gpxtpx:TrackPointExtension>
	</extensions>
</trkpt>
<trkpt lat="43.8620960" lon="15.4862043">
	<ele>-10.48</ele>
	<time>2026-08-14T12:36:12.011Z</time>
	<hdop>3.79</hdop>
	<extensions>
		<gpxtpx:TrackPointExtension>
			<gpxtpx:course>57.0</gpxtpx:course>
		</gpxtpx:TrackPointExtension>
	</extensions>
</trkpt>
<trkpt lat="43.8622694" lon="15.4866249">
	<ele>-1.07</ele>
	<time>2026-08-14T12:36:22.012Z</time>
	<hdop>3.79</hdop>
	<extensions>
		<gpxtpx:TrackPointExtension>
			<gpxtpx:course>59.0</gpxtpx:course>
		</gpxtpx:TrackPointExtension>
	</extensions>
</trkpt>
<trkpt lat="43.8624425" lon="15.4870378">
	<ele>0.62</ele>
	<time>2026-08-14T12:36:32.012Z</time>
	<hdop>3.79</hdop>
	<extensions>
		<gpxtpx:TrackPointExtension>
			<gpxtpx:course>50.0</gpxtpx:course>
		</gpxtpx:TrackPointExtension>
	</extensions>
</trkpt>
<trkpt lat="43.8626303" lon="15.4874389">
	<ele>-2.97</ele>
	<time>2026-08-14T12:36:42.012Z</time>
	<hdop>3.79</hdop>
	<extensions>
		<gpxtpx:TrackPointExtension>
			<gpxtpx:course>59.0</gpxtpx:course>
		</gpxtpx:TrackPointExtension>
	</extensions>
</trkpt>
<trkpt lat="43.8628201" lon="15.4878418">
	<ele>0.94</ele>
	<time>2026-08-14T12:36:52.012Z</time>
	<hdop>3.79</hdop>
	<extensions>
		<gpxtpx:TrackPointExtension>
			<gpxtpx:course>57.0</gpxtpx:course>
		</gpxtpx:TrackPointExtension>
	</extensions>
</trkpt>
<trkpt lat="43.8630298" lon="15.4882953">
	<ele>14.86</ele>
	<time>2026-08-14T12:37:03.012Z</time>
	<hdop>3.79</hdop>
	<extensions>
		<gpxtpx:TrackPointExtension>
			<gpxtpx:course>56.0</gpxtpx:course>
		</gpxtpx:TrackPointExtension>
	</extensions>
</trkpt>
<trkpt lat="43.8632320" lon="15.4887382">
	<ele>15.89</ele>
	<time>2026-08-14T12:37:14.011Z</time>
	<hdop>3.79</hdop>
	<extensions>
		<gpxtpx:TrackPointExtension>
			<gpxtpx:course>58.0</gpxtpx:course>
		</gpxtpx:TrackPointExtension>
	</extensions>
</trkpt>
<trkpt lat="43.8634193" lon="15.4891515">
	<ele>9.78</ele>
	<time>2026-08-14T12:37:24.011Z</time>
	<hdop>3.79</hdop>
	<extensions>
		<gpxtpx:TrackPointExtension>
			<gpxtpx:course>56.0</gpxtpx:course>
		</gpxtpx:TrackPointExtension>
	</extensions>
</trkpt>
<trkpt lat="43.8636060" lon="15.4895565">
	<ele>-0.76</ele>
	<time>2026-08-14T12:37:34.011Z</time>
	<hdop>3.79</hdop>
	<extensions>
		<gpxtpx:TrackPointExtension>
			<gpxtpx:course>58.0</gpxtpx:course>
		</gpxtpx:TrackPointExtension>
	</extensions>
</trkpt>
<trkpt lat="43.8637837" lon="15.4899283">
	<ele>-1.40</ele>
	<time>2026-08-14T12:37:44.011Z</time>
	<hdop>3.79</hdop>
	<extensions>
		<gpxtpx:TrackPointExtension>
			<gpxtpx:course>52.0</gpxtpx:course>
		</gpxtpx:TrackPointExtension>
	</extensions>
</trkpt>
<trkpt lat="43.8639757" lon="15.4902102">
	<ele>12.15</ele>
	<time>2026-08-14T12:37:55.012Z</time>
	<hdop>3.79</hdop>
	<extensions>
		<gpxtpx:TrackPointExtension>
			<gpxtpx:course>45.0</gpxtpx:course>
		</gpxtpx:TrackPointExtension>
	</extensions>
</trkpt>
<trkpt lat="43.8641792" lon="15.4905013">
	<ele>25.90</ele>
	<time>2026-08-14T12:38:05.012Z</time>
	<hdop>3.79</hdop>
	<extensions>
		<gpxtpx:TrackPointExtension>
			<gpxtpx:course>48.0</gpxtpx:course>
		</gpxtpx:TrackPointExtension>
	</extensions>
</trkpt>
<trkpt lat="43.8643967" lon="15.4908686">
	<ele>33.48</ele>
	<time>2026-08-14T12:38:16.011Z</time>
	<hdop>3.79</hdop>
	<extensions>
		<gpxtpx:TrackPointExtension>
			<gpxtpx:course>54.0</gpxtpx:course>
		</gpxtpx:TrackPointExtension>
	</extensions>
</trkpt>
<trkpt lat="43.8645713" lon="15.4912409">
	<ele>34.54</ele>
	<time>2026-08-14T12:38:26.012Z</time>
	<hdop>3.79</hdop>
	<extensions>
		<gpxtpx:TrackPointExtension>
			<gpxtpx:course>60.0</gpxtpx:course>
		</gpxtpx:TrackPointExtension>
	</extensions>
</trkpt>
<trkpt lat="43.8647262" lon="15.4916961">
	<ele>35.34</ele>
	<time>2026-08-14T12:38:37.010Z</time>
	<hdop>3.79</hdop>
	<extensions>
		<gpxtpx:TrackPointExtension>
			<gpxtpx:course>72.0</gpxtpx:course>
		</gpxtpx:TrackPointExtension>
	</extensions>
</trkpt>
<trkpt lat="43.8648388" lon="15.4921261">
	<ele>34.44</ele>
	<time>2026-08-14T12:38:47.011Z</time>
	<hdop>3.79</hdop>
	<extensions>
		<gpxtpx:TrackPointExtension>
			<gpxtpx:course>69.0</gpxtpx:course>
		</gpxtpx:TrackPointExtension>
	</extensions>
</trkpt>
<trkpt lat="43.8649763" lon="15.4926251">
	<ele>35.92</ele>
	<time>2026-08-14T12:38:58.012Z</time>
	<hdop>3.79</hdop>
	<extensions>
		<gpxtpx:TrackPointExtension>
			<gpxtpx:course>68.0</gpxtpx:course>
		</gpxtpx:TrackPointExtension>
	</extensions>
</trkpt>
<trkpt lat="43.8651278" lon="15.4931365">
	<ele>17.71</ele>
	<time>2026-08-14T12:39:09.010Z</time>
	<hdop>3.79</hdop>
	<extensions>
		<gpxtpx:TrackPointExtension>
			<gpxtpx:course>67.0</gpxtpx:course>
		</gpxtpx:TrackPointExtension>
	</extensions>
</trkpt>
<trkpt lat="43.8652630" lon="15.4935935">
	<ele>5.96</ele>
	<time>2026-08-14T12:39:19.011Z</time>
	<hdop>3.79</hdop>
	<extensions>
		<gpxtpx:TrackPointExtension>
			<gpxtpx:course>67.0</gpxtpx:course>
		</gpxtpx:TrackPointExtension>
	</extensions>
</trkpt>
<trkpt lat="43.8653997" lon="15.4940451">
	<ele>2.51</ele>
	<time>2026-08-14T12:39:29.011Z</time>
	<hdop>3.79</hdop>
	<extensions>
		<gpxtpx:TrackPointExtension>
			<gpxtpx:course>69.0</gpxtpx:course>
		</gpxtpx:TrackPointExtension>
	</extensions>
</trkpt>
<trkpt lat="43.8655300" lon="15.4945028">
	<ele>7.74</ele>
	<time>2026-08-14T12:39:39.011Z</time>
	<hdop>3.79</hdop>
	<extensions>
		<gpxtpx:TrackPointExtension>
			<gpxtpx:course>69.0</gpxtpx:course>
		</gpxtpx:TrackPointExtension>
	</extensions>
</trkpt>
<trkpt lat="43.8656581" lon="15.4949604">
	<ele>2.86</ele>
	<time>2026-08-14T12:39:49.011Z</time>
	<hdop>3.79</hdop>
	<extensions>
		<gpxtpx:TrackPointExtension>
			<gpxtpx:course>67.0</gpxtpx:course>
		</gpxtpx:TrackPointExtension>
	</extensions>
</trkpt>
<trkpt lat="43.8657889" lon="15.4954039">
	<ele>0.69</ele>
	<time>2026-08-14T12:39:59.011Z</time>
	<hdop>3.79</hdop>
	<extensions>
		<gpxtpx:TrackPointExtension>
			<gpxtpx:course>62.0</gpxtpx:course>
		</gpxtpx:TrackPointExtension>
	</extensions>
</trkpt>
<trkpt lat="43.8659616" lon="15.4958326">
	<ele>-20.49</ele>
	<time>2026-08-14T12:40:09.011Z</time>
	<hdop>3.79</hdop>
	<extensions>
		<gpxtpx:TrackPointExtension>
			<gpxtpx:course>56.0</gpxtpx:course>
		</gpxtpx:TrackPointExtension>
	</extensions>
</trkpt>
<trkpt lat="43.8661853" lon="15.4962828">
	<ele>-32.09</ele>
	<time>2026-08-14T12:40:20.011Z</time>
	<hdop>3.79</hdop>
	<extensions>
		<gpxtpx:TrackPointExtension>
			<gpxtpx:course>53.0</gpxtpx:course>
		</gpxtpx:TrackPointExtension>
	</extensions>
</trkpt>
<trkpt lat="43.8664035" lon="15.4966708">
	<ele>-20.34</ele>
	<time>2026-08-14T12:40:30.011Z</time>
	<hdop>3.79</hdop>
	<extensions>
		<gpxtpx:TrackPointExtension>
			<gpxtpx:course>54.0</gpxtpx:course>
		</gpxtpx:TrackPointExtension>
	</extensions>
</trkpt>
<trkpt lat="43.8666088" lon="15.4970601">
	<ele>1.23</ele>
	<time>2026-08-14T12:40:40.011Z</time>
	<hdop>3.79</hdop>
	<extensions>
		<gpxtpx:TrackPointExtension>
			<gpxtpx:course>52.0</gpxtpx:course>
		</gpxtpx:TrackPointExtension>
	</extensions>
</trkpt>
<trkpt lat="43.8668234" lon="15.4974433">
	<ele>15.02</ele>
	<time>2026-08-14T12:40:50.011Z</time>
	<hdop>3.79</hdop>
	<extensions>
		<gpxtpx:TrackPointExtension>
			<gpxtpx:course>51.0</gpxtpx:course>
		</gpxtpx:TrackPointExtension>
	</extensions>
</trkpt>
<trkpt lat="43.8670606" lon="15.4978633">
	<ele>22.86</ele>
	<time>2026-08-14T12:41:01.011Z</time>
	<hdop>3.79</hdop>
	<extensions>
		<gpxtpx:TrackPointExtension>
			<gpxtpx:course>50.0</gpxtpx:course>
		</gpxtpx:TrackPointExtension>
	</extensions>
</trkpt>
<trkpt lat="43.8672808" lon="15.4982379">
	<ele>14.17</ele>
	<time>2026-08-14T12:41:11.011Z</time>
	<hdop>3.79</hdop>
	<extensions>
		<gpxtpx:TrackPointExtension>
			<gpxtpx:course>51.0</gpxtpx:course>
		</gpxtpx:TrackPointExtension>
	</extensions>
</trkpt>
<trkpt lat="43.8675026" lon="15.4986236">
	<ele>22.84</ele>
	<time>2026-08-14T12:41:21.011Z</time>
	<hdop>3.79</hdop>
	<extensions>
		<gpxtpx:TrackPointExtension>
			<gpxtpx:course>52.0</gpxtpx:course>
		</gpxtpx:TrackPointExtension>
	</extensions>
</trkpt>
<trkpt lat="43.8677131" lon="15.4990186">
	<ele>29.34</ele>
	<time>2026-08-14T12:41:31.011Z</time>
	<hdop>3.79</hdop>
	<extensions>
		<gpxtpx:TrackPointExtension>
			<gpxtpx:course>54.0</gpxtpx:course>
		</gpxtpx:TrackPointExtension>
	</extensions>
</trkpt>
<trkpt lat="43.8679256" lon="15.4993898">
	<ele>25.93</ele>
	<time>2026-08-14T12:41:41.011Z</time>
	<hdop>3.79</hdop>
	<extensions>
		<gpxtpx:TrackPointExtension>
			<gpxtpx:course>55.0</gpxtpx:course>
		</gpxtpx:TrackPointExtension>
	</extensions>
</trkpt>
<trkpt lat="43.8681645" lon="15.4998144">
	<ele>25.84</ele>
	<time>2026-08-14T12:41:52.010Z</time>
	<hdop>3.79</hdop>
	<extensions>
		<gpxtpx:TrackPointExtension>
			<gpxtpx:course>54.0</gpxtpx:course>
		</gpxtpx:TrackPointExtension>
	</extensions>
</trkpt>
<trkpt lat="43.8683792" lon="15.5001950">
	<ele>30.55</ele>
	<time>2026-08-14T12:42:02.010Z</time>
	<hdop>3.79</hdop>
	<extensions>
		<gpxtpx:TrackPointExtension>
			<gpxtpx:course>53.0</gpxtpx:course>
		</gpxtpx:TrackPointExtension>
	</extensions>
</trkpt>
<trkpt lat="43.8685981" lon="15.5005773">
	<ele>24.85</ele>
	<time>2026-08-14T12:42:12.011Z</time>
	<hdop>3.79</hdop>
	<extensions>
		<gpxtpx:TrackPointExtension>
			<gpxtpx:course>46.0</gpxtpx:course>
		</gpxtpx:TrackPointExtension>
	</extensions>
</trkpt>
<trkpt lat="43.8688290" lon="15.5009690">
	<ele>29.10</ele>
	<time>2026-08-14T12:42:22.011Z</time>
	<hdop>4.85</hdop>
	<extensions>
		<gpxtpx:TrackPointExtension>
			<gpxtpx:course>46.022564</gpxtpx:course>
		</gpxtpx:TrackPointExtension>
	</extensions>
</trkpt>
<trkpt lat="43.8690562" lon="15.5013316">
	<ele>27.58</ele>
	<time>2026-08-14T12:42:32.011Z</time>
	<hdop>5.00</hdop>
	<extensions>
		<gpxtpx:TrackPointExtension>
			<gpxtpx:course>47.056087</gpxtpx:course>
		</gpxtpx:TrackPointExtension>
	</extensions>
</trkpt>
<trkpt lat="43.8692721" lon="15.5016796">
	<ele>27.11</ele>
	<time>2026-08-14T12:42:42.011Z</time>
	<hdop>3.79</hdop>
	<extensions>
		<gpxtpx:TrackPointExtension>
			<gpxtpx:course>47.0</gpxtpx:course>
		</gpxtpx:TrackPointExtension>
	</extensions>
</trkpt>
<trkpt lat="43.8695232" lon="15.5020834">
	<ele>25.17</ele>
	<time>2026-08-14T12:42:53.010Z</time>
	<hdop>3.79</hdop>
	<extensions>
		<gpxtpx:TrackPointExtension>
			<gpxtpx:course>51.0</gpxtpx:course>
		</gpxtpx:TrackPointExtension>
	</extensions>
</trkpt>
<trkpt lat="43.8697447" lon="15.5024586">
	<ele>18.99</ele>
	<time>2026-08-14T12:43:03.010Z</time>
	<hdop>3.79</hdop>
	<extensions>
		<gpxtpx:TrackPointExtension>
			<gpxtpx:course>49.0</gpxtpx:course>
		</gpxtpx:TrackPointExtension>
	</extensions>
</trkpt>
<trkpt lat="43.8699681" lon="15.5028248">
	<ele>15.17</ele>
	<time>2026-08-14T12:43:13.010Z</time>
	<hdop>3.79</hdop>
	<extensions>
		<gpxtpx:TrackPointExtension>
			<gpxtpx:course>49.0</gpxtpx:course>
		</gpxtpx:TrackPointExtension>
	</extensions>
</trkpt>
<trkpt lat="43.8701911" lon="15.5031950">
	<ele>15.69</ele>
	<time>2026-08-14T12:43:23.010Z</time>
	<hdop>3.79</hdop>
	<extensions>
		<gpxtpx:TrackPointExtension>
			<gpxtpx:course>49.0</gpxtpx:course>
		</gpxtpx:TrackPointExtension>
	</extensions>
</trkpt>
<trkpt lat="43.8704202" lon="15.5035615">
	<ele>14.41</ele>
	<time>2026-08-14T12:43:33.011Z</time>
	<hdop>3.79</hdop>
	<extensions>
		<gpxtpx:TrackPointExtension>
			<gpxtpx:course>51.0</gpxtpx:course>
		</gpxtpx:TrackPointExtension>
	</extensions>
</trkpt>
<trkpt lat="43.8706403" lon="15.5039310">
	<ele>17.47</ele>
	<time>2026-08-14T12:43:43.011Z</time>
	<hdop>3.79</hdop>
	<extensions>
		<gpxtpx:TrackPointExtension>
			<gpxtpx:course>47.0</gpxtpx:course>
		</gpxtpx:TrackPointExtension>
	</extensions>
</trkpt>
<trkpt lat="43.8708841" lon="15.5043372">
	<ele>14.97</ele>
	<time>2026-08-14T12:43:54.010Z</time>
	<hdop>3.79</hdop>
	<extensions>
		<gpxtpx:TrackPointExtension>
			<gpxtpx:course>47.0</gpxtpx:course>
		</gpxtpx:TrackPointExtension>
	</extensions>
</trkpt>
<trkpt lat="43.8711062" lon="15.5047086">
	<ele>16.25</ele>
	<time>2026-08-14T12:44:04.011Z</time>
	<hdop>3.79</hdop>
	<extensions>
		<gpxtpx:TrackPointExtension>
			<gpxtpx:course>49.0</gpxtpx:course>
		</gpxtpx:TrackPointExtension>
	</extensions>
</trkpt>
<trkpt lat="43.8713263" lon="15.5050816">
	<ele>13.28</ele>
	<time>2026-08-14T12:44:14.011Z</time>
	<hdop>3.79</hdop>
	<extensions>
		<gpxtpx:TrackPointExtension>
			<gpxtpx:course>53.0</gpxtpx:course>
		</gpxtpx:TrackPointExtension>
	</extensions>
</trkpt>
<trkpt lat="43.8715407" lon="15.5054511">
	<ele>18.47</ele>
	<time>2026-08-14T12:44:24.011Z</time>
	<hdop>3.79</hdop>
	<extensions>
		<gpxtpx:TrackPointExtension>
			<gpxtpx:course>50.0</gpxtpx:course>
		</gpxtpx:TrackPointExtension>
	</extensions>
</trkpt>
<trkpt lat="43.8717860" lon="15.5058645">
	<ele>18.69</ele>
	<time>2026-08-14T12:44:35.011Z</time>
	<hdop>3.79</hdop>
	<extensions>
		<gpxtpx:TrackPointExtension>
			<gpxtpx:course>50.0</gpxtpx:course>
		</gpxtpx:TrackPointExtension>
	</extensions>
</trkpt>
<trkpt lat="43.8720093" lon="15.5062310">
	<ele>15.23</ele>
	<time>2026-08-14T12:44:45.011Z</time>
	<hdop>3.79</hdop>
	<extensions>
		<gpxtpx:TrackPointExtension>
			<gpxtpx:course>50.0</gpxtpx:course>
		</gpxtpx:TrackPointExtension>
	</extensions>
</trkpt>
<trkpt lat="43.8722493" lon="15.5066389">
	<ele>19.14</ele>
	<time>2026-08-14T12:44:56.010Z</time>
	<hdop>3.79</hdop>
	<extensions>
		<gpxtpx:TrackPointExtension>
			<gpxtpx:course>52.0</gpxtpx:course>
		</gpxtpx:TrackPointExtension>
	</extensions>
</trkpt>
<trkpt lat="43.8724718" lon="15.5070072">
	<ele>14.92</ele>
	<time>2026-08-14T12:45:06.010Z</time>
	<hdop>3.79</hdop>
	<extensions>
		<gpxtpx:TrackPointExtension>
			<gpxtpx:course>52.0</gpxtpx:course>
		</gpxtpx:TrackPointExtension>
	</extensions>
</trkpt>
<trkpt lat="43.8726965" lon="15.5073709">
	<ele>10.36</ele>
	<time>2026-08-14T12:45:16.011Z</time>
	<hdop>3.79</hdop>
	<extensions>
		<gpxtpx:TrackPointExtension>
			<gpxtpx:course>49.0</gpxtpx:course>
		</gpxtpx:TrackPointExtension>
	</extensions>
</trkpt>
<trkpt lat="43.8729210" lon="15.5077480">
	<ele>17.17</ele>
	<time>2026-08-14T12:45:26.011Z</time>
	<hdop>3.79</hdop>
	<extensions>
		<gpxtpx:TrackPointExtension>
			<gpxtpx:course>51.0</gpxtpx:course>
		</gpxtpx:TrackPointExtension>
	</extensions>
</trkpt>
<trkpt lat="43.8731611" lon="15.5081540">
	<ele>8.56</ele>
	<time>2026-08-14T12:45:37.010Z</time>
	<hdop>3.79</hdop>
	<extensions>
		<gpxtpx:TrackPointExtension>
			<gpxtpx:course>52.0</gpxtpx:course>
		</gpxtpx:TrackPointExtension>
	</extensions>
</trkpt>
<trkpt lat="43.8733810" lon="15.5085257">
	<ele>13.52</ele>
	<time>2026-08-14T12:45:47.010Z</time>
	<hdop>3.79</hdop>
	<extensions>
		<gpxtpx:TrackPointExtension>
			<gpxtpx:course>52.0</gpxtpx:course>
		</gpxtpx:TrackPointExtension>
	</extensions>
</trkpt>
<trkpt lat="43.8736040" lon="15.5089049">
	<ele>16.95</ele>
	<time>2026-08-14T12:45:57.010Z</time>
	<hdop>3.79</hdop>
	<extensions>
		<gpxtpx:TrackPointExtension>
			<gpxtpx:course>50.0</gpxtpx:course>
		</gpxtpx:TrackPointExtension>
	</extensions>
</trkpt>
<trkpt lat="43.8738311" lon="15.5092848">
	<ele>5.91</ele>
	<time>2026-08-14T12:46:07.011Z</time>
	<hdop>3.79</hdop>
	<extensions>
		<gpxtpx:TrackPointExtension>
			<gpxtpx:course>46.0</gpxtpx:course>
		</gpxtpx:TrackPointExtension>
	</extensions>
</trkpt>
<trkpt lat="43.8740926" lon="15.5097105">
	<ele>12.30</ele>
	<time>2026-08-14T12:46:18.010Z</time>
	<hdop>3.79</hdop>
	<extensions>
		<gpxtpx:TrackPointExtension>
			<gpxtpx:course>49.0</gpxtpx:course>
		</gpxtpx:TrackPointExtension>
	</extensions>
</trkpt>
<trkpt lat="43.8743224" lon="15.5100939">
	<ele>15.66</ele>
	<time>2026-08-14T12:46:28.011Z</time>
	<hdop>3.79</hdop>
	<extensions>
		<gpxtpx:TrackPointExtension>
			<gpxtpx:course>49.0</gpxtpx:course>
		</gpxtpx:TrackPointExtension>
	</extensions>
</trkpt>
<trkpt lat="43.8745832" lon="15.5105200">
	<ele>2.41</ele>
	<time>2026-08-14T12:46:39.009Z</time>
	<hdop>3.79</hdop>
	<extensions>
		<gpxtpx:TrackPointExtension>
			<gpxtpx:course>54.0</gpxtpx:course>
		</gpxtpx:TrackPointExtension>
	</extensions>
</trkpt>
<trkpt lat="43.8748141" lon="15.5109139">
	<ele>12.43</ele>
	<time>2026-08-14T12:46:49.009Z</time>
	<hdop>3.79</hdop>
	<extensions>
		<gpxtpx:TrackPointExtension>
			<gpxtpx:course>47.0</gpxtpx:course>
		</gpxtpx:TrackPointExtension>
	</extensions>
</trkpt>
<trkpt lat="43.8750121" lon="15.5113227">
	<ele>14.91</ele>
	<time>2026-08-14T12:46:59.011Z</time>
	<hdop>3.79</hdop>
	<extensions>
		<gpxtpx:TrackPointExtension>
			<gpxtpx:course>67.0</gpxtpx:course>
		</gpxtpx:TrackPointExtension>
	</extensions>
</trkpt>
<trkpt lat="43.8750287" lon="15.5118854">
	<ele>3.11</ele>
	<time>2026-08-14T12:47:10.010Z</time>
	<hdop>3.79</hdop>
	<extensions>
		<gpxtpx:TrackPointExtension>
			<gpxtpx:course>95.0</gpxtpx:course>
		</gpxtpx:TrackPointExtension>
	</extensions>
</trkpt>
<trkpt lat="43.8749687" lon="15.5124380">
	<ele>12.81</ele>
	<time>2026-08-14T12:47:21.011Z</time>
	<hdop>3.79</hdop>
	<extensions>
		<gpxtpx:TrackPointExtension>
			<gpxtpx:course>97.0</gpxtpx:course>
		</gpxtpx:TrackPointExtension>
	</extensions>
</trkpt>
<trkpt lat="43.8749326" lon="15.5129547">
	<ele>2.63</ele>
	<time>2026-08-14T12:47:31.011Z</time>
	<hdop>3.79</hdop>
	<extensions>
		<gpxtpx:TrackPointExtension>
			<gpxtpx:course>93.0</gpxtpx:course>
		</gpxtpx:TrackPointExtension>
	</extensions>
</trkpt>
<trkpt lat="43.8749047" lon="15.5135215">
	<ele>-3.33</ele>
	<time>2026-08-14T12:47:42.010Z</time>
	<hdop>3.79</hdop>
	<extensions>
		<gpxtpx:TrackPointExtension>
			<gpxtpx:course>95.0</gpxtpx:course>
		</gpxtpx:TrackPointExtension>
	</extensions>
</trkpt>
<trkpt lat="43.8748834" lon="15.5140842">
	<ele>-6.77</ele>
	<time>2026-08-14T12:47:53.010Z</time>
	<hdop>3.79</hdop>
	<extensions>
		<gpxtpx:TrackPointExtension>
			<gpxtpx:course>88.0</gpxtpx:course>
		</gpxtpx:TrackPointExtension>
	</extensions>
</trkpt>
<trkpt lat="43.8749122" lon="15.5145967">
	<ele>-20.38</ele>
	<time>2026-08-14T12:48:03.010Z</time>
	<hdop>3.79</hdop>
	<extensions>
		<gpxtpx:TrackPointExtension>
			<gpxtpx:course>84.0</gpxtpx:course>
		</gpxtpx:TrackPointExtension>
	</extensions>
</trkpt>
<trkpt lat="43.8750244" lon="15.5151319">
	<ele>-23.76</ele>
	<time>2026-08-14T12:48:14.010Z</time>
	<hdop>3.79</hdop>
	<extensions>
		<gpxtpx:TrackPointExtension>
			<gpxtpx:course>71.0</gpxtpx:course>
		</gpxtpx:TrackPointExtension>
	</extensions>
</trkpt>
<trkpt lat="43.8752265" lon="15.5155613">
	<ele>-18.98</ele>
	<time>2026-08-14T12:48:24.010Z</time>
	<hdop>3.79</hdop>
	<extensions>
		<gpxtpx:TrackPointExtension>
			<gpxtpx:course>49.0</gpxtpx:course>
		</gpxtpx:TrackPointExtension>
	</extensions>
</trkpt>
<trkpt lat="43.8754828" lon="15.5160019">
	<ele>-17.74</ele>
	<time>2026-08-14T12:48:35.010Z</time>
	<hdop>3.79</hdop>
	<extensions>
		<gpxtpx:TrackPointExtension>
			<gpxtpx:course>50.0</gpxtpx:course>
		</gpxtpx:TrackPointExtension>
	</extensions>
</trkpt>
<trkpt lat="43.8757067" lon="15.5163979">
	<ele>-8.84</ele>
	<time>2026-08-14T12:48:45.010Z</time>
	<hdop>3.79</hdop>
	<extensions>
		<gpxtpx:TrackPointExtension>
			<gpxtpx:course>54.0</gpxtpx:course>
		</gpxtpx:TrackPointExtension>
	</extensions>
</trkpt>
<trkpt lat="43.8759392" lon="15.5167880">
	<ele>-2.61</ele>
	<time>2026-08-14T12:48:55.010Z</time>
	<hdop>3.79</hdop>
	<extensions>
		<gpxtpx:TrackPointExtension>
			<gpxtpx:course>46.0</gpxtpx:course>
		</gpxtpx:TrackPointExtension>
	</extensions>
</trkpt>
<trkpt lat="43.8761520" lon="15.5171884">
	<ele>-1.54</ele>
	<time>2026-08-14T12:49:05.010Z</time>
	<hdop>3.79</hdop>
	<extensions>
		<gpxtpx:TrackPointExtension>
			<gpxtpx:course>60.0</gpxtpx:course>
		</gpxtpx:TrackPointExtension>
	</extensions>
</trkpt>
<trkpt lat="43.8763327" lon="15.5176403">
	<ele>4.15</ele>
	<time>2026-08-14T12:49:15.010Z</time>
	<hdop>3.79</hdop>
	<extensions>
		<gpxtpx:TrackPointExtension>
			<gpxtpx:course>65.0</gpxtpx:course>
		</gpxtpx:TrackPointExtension>
	</extensions>
</trkpt>
<trkpt lat="43.8765156" lon="15.5181435">
	<ele>3.55</ele>
	<time>2026-08-14T12:49:26.010Z</time>
	<hdop>3.79</hdop>
	<extensions>
		<gpxtpx:TrackPointExtension>
			<gpxtpx:course>65.0</gpxtpx:course>
		</gpxtpx:TrackPointExtension>
	</extensions>
</trkpt>
<trkpt lat="43.8766525" lon="15.5186159">
	<ele>-1.47</ele>
	<time>2026-08-14T12:49:36.010Z</time>
	<hdop>3.79</hdop>
	<extensions>
		<gpxtpx:TrackPointExtension>
			<gpxtpx:course>71.0</gpxtpx:course>
		</gpxtpx:TrackPointExtension>
	</extensions>
</trkpt>
<trkpt lat="43.8768221" lon="15.5191362">
	<ele>-18.57</ele>
	<time>2026-08-14T12:49:47.009Z</time>
	<hdop>3.79</hdop>
	<extensions>
		<gpxtpx:TrackPointExtension>
			<gpxtpx:course>64.0</gpxtpx:course>
		</gpxtpx:TrackPointExtension>
	</extensions>
</trkpt>
<trkpt lat="43.8770144" lon="15.5195754">
	<ele>-48.12</ele>
	<time>2026-08-14T12:49:57.010Z</time>
	<hdop>3.79</hdop>
	<extensions>
		<gpxtpx:TrackPointExtension>
			<gpxtpx:course>50.0</gpxtpx:course>
		</gpxtpx:TrackPointExtension>
	</extensions>
</trkpt>
<trkpt lat="43.8772679" lon="15.5199255">
	<ele>-48.58</ele>
	<time>2026-08-14T12:50:07.010Z</time>
	<hdop>3.79</hdop>
	<extensions>
		<gpxtpx:TrackPointExtension>
			<gpxtpx:course>39.0</gpxtpx:course>
		</gpxtpx:TrackPointExtension>
	</extensions>
</trkpt>
<trkpt lat="43.8775547" lon="15.5202458">
	<ele>-53.41</ele>
	<time>2026-08-14T12:50:17.010Z</time>
	<hdop>3.79</hdop>
	<extensions>
		<gpxtpx:TrackPointExtension>
			<gpxtpx:course>39.0</gpxtpx:course>
		</gpxtpx:TrackPointExtension>
	</extensions>
</trkpt>
<trkpt lat="43.8778698" lon="15.5205866">
	<ele>-70.02</ele>
	<time>2026-08-14T12:50:28.010Z</time>
	<hdop>3.79</hdop>
	<extensions>
		<gpxtpx:TrackPointExtension>
			<gpxtpx:course>35.0</gpxtpx:course>
		</gpxtpx:TrackPointExtension>
	</extensions>
</trkpt>
<trkpt lat="43.8781651" lon="15.5209672">
	<ele>-50.37</ele>
	<time>2026-08-14T12:50:39.009Z</time>
	<hdop>3.79</hdop>
	<extensions>
		<gpxtpx:TrackPointExtension>
			<gpxtpx:course>43.0</gpxtpx:course>
		</gpxtpx:TrackPointExtension>
	</extensions>
</trkpt>
<trkpt lat="43.8784376" lon="15.5212847">
	<ele>-34.00</ele>
	<time>2026-08-14T12:50:49.010Z</time>
	<hdop>3.79</hdop>
	<extensions>
		<gpxtpx:TrackPointExtension>
			<gpxtpx:course>41.0</gpxtpx:course>
		</gpxtpx:TrackPointExtension>
	</extensions>
</trkpt>
<trkpt lat="43.8787374" lon="15.5215834">
	<ele>-27.04</ele>
	<time>2026-08-14T12:50:59.010Z</time>
	<hdop>3.79</hdop>
	<extensions>
		<gpxtpx:TrackPointExtension>
			<gpxtpx:course>35.0</gpxtpx:course>
		</gpxtpx:TrackPointExtension>
	</extensions>
</trkpt>
<trkpt lat="43.8790732" lon="15.5218908">
	<ele>-11.95</ele>
	<time>2026-08-14T12:51:10.010Z</time>
	<hdop>3.79</hdop>
	<extensions>
		<gpxtpx:TrackPointExtension>
			<gpxtpx:course>31.0</gpxtpx:course>
		</gpxtpx:TrackPointExtension>
	</extensions>
</trkpt>
<trkpt lat="43.8793807" lon="15.5221658">
	<ele>-19.20</ele>
	<time>2026-08-14T12:51:20.010Z</time>
	<hdop>3.79</hdop>
	<extensions>
		<gpxtpx:TrackPointExtension>
			<gpxtpx:course>30.0</gpxtpx:course>
		</gpxtpx:TrackPointExtension>
	</extensions>
</trkpt>
<trkpt lat="43.8796894" lon="15.5224044">
	<ele>-16.26</ele>
	<time>2026-08-14T12:51:30.010Z</time>
	<hdop>3.79</hdop>
	<extensions>
		<gpxtpx:TrackPointExtension>
			<gpxtpx:course>31.0</gpxtpx:course>
		</gpxtpx:TrackPointExtension>
	</extensions>
</trkpt>
<trkpt lat="43.8799931" lon="15.5226651">
	<ele>-4.36</ele>
	<time>2026-08-14T12:51:40.010Z</time>
	<hdop>3.79</hdop>
	<extensions>
		<gpxtpx:TrackPointExtension>
			<gpxtpx:course>31.0</gpxtpx:course>
		</gpxtpx:TrackPointExtension>
	</extensions>
</trkpt>
<trkpt lat="43.8803321" lon="15.5229465">
	<ele>-2.37</ele>
	<time>2026-08-14T12:51:51.010Z</time>
	<hdop>3.79</hdop>
	<extensions>
		<gpxtpx:TrackPointExtension>
			<gpxtpx:course>31.0</gpxtpx:course>
		</gpxtpx:TrackPointExtension>
	</extensions>
</trkpt>
<trkpt lat="43.8806474" lon="15.5231675">
	<ele>-0.57</ele>
	<time>2026-08-14T12:52:01.010Z</time>
	<hdop>3.79</hdop>
	<extensions>
		<gpxtpx:TrackPointExtension>
			<gpxtpx:course>24.0</gpxtpx:course>
		</gpxtpx:TrackPointExtension>
	</extensions>
</trkpt>
<trkpt lat="43.8809677" lon="15.5233863">
	<ele>-2.98</ele>
	<time>2026-08-14T12:52:11.010Z</time>
	<hdop>3.79</hdop>
	<extensions>
		<gpxtpx:TrackPointExtension>
			<gpxtpx:course>25.0</gpxtpx:course>
		</gpxtpx:TrackPointExtension>
	</extensions>
</trkpt>
<trkpt lat="43.8813045" lon="15.5236566">
	<ele>-3.50</ele>
	<time>2026-08-14T12:52:22.009Z</time>
	<hdop>3.79</hdop>
	<extensions>
		<gpxtpx:TrackPointExtension>
			<gpxtpx:course>31.0</gpxtpx:course>
		</gpxtpx:TrackPointExtension>
	</extensions>
</trkpt>
<trkpt lat="43.8816157" lon="15.5239000">
	<ele>2.56</ele>
	<time>2026-08-14T12:52:32.009Z</time>
	<hdop>3.79</hdop>
	<extensions>
		<gpxtpx:TrackPointExtension>
			<gpxtpx:course>29.0</gpxtpx:course>
		</gpxtpx:TrackPointExtension>
	</extensions>
</trkpt>
<trkpt lat="43.8819304" lon="15.5241450">
	<ele>2.88</ele>
	<time>2026-08-14T12:52:42.010Z</time>
	<hdop>3.79</hdop>
	<extensions>
		<gpxtpx:TrackPointExtension>
			<gpxtpx:course>29.0</gpxtpx:course>
		</gpxtpx:TrackPointExtension>
	</extensions>
</trkpt>
<trkpt lat="43.8822579" lon="15.5243387">
	<ele>3.28</ele>
	<time>2026-08-14T12:52:52.010Z</time>
	<hdop>3.79</hdop>
	<extensions>
		<gpxtpx:TrackPointExtension>
			<gpxtpx:course>26.0</gpxtpx:course>
		</gpxtpx:TrackPointExtension>
	</extensions>
</trkpt>
<trkpt lat="43.8826053" lon="15.5245301">
	<ele>1.10</ele>
	<time>2026-08-14T12:53:03.010Z</time>
	<hdop>3.79</hdop>
	<extensions>
		<gpxtpx:TrackPointExtension>
			<gpxtpx:course>21.0</gpxtpx:course>
		</gpxtpx:TrackPointExtension>
	</extensions>
</trkpt>
<trkpt lat="43.8829084" lon="15.5247091">
	<ele>0.17</ele>
	<time>2026-08-14T12:53:13.010Z</time>
	<hdop>3.79</hdop>
	<extensions>
		<gpxtpx:TrackPointExtension>
			<gpxtpx:course>24.0</gpxtpx:course>
		</gpxtpx:TrackPointExtension>
	</extensions>
</trkpt>
<trkpt lat="43.8832470" lon="15.5248913">
	<ele>-3.56</ele>
	<time>2026-08-14T12:53:24.010Z</time>
	<hdop>3.79</hdop>
	<extensions>
		<gpxtpx:TrackPointExtension>
			<gpxtpx:course>20.0</gpxtpx:course>
		</gpxtpx:TrackPointExtension>
	</extensions>
</trkpt>
<trkpt lat="43.8835809" lon="15.5250779">
	<ele>6.81</ele>
	<time>2026-08-14T12:53:35.010Z</time>
	<hdop>3.79</hdop>
	<extensions>
		<gpxtpx:TrackPointExtension>
			<gpxtpx:course>26.0</gpxtpx:course>
		</gpxtpx:TrackPointExtension>
	</extensions>
</trkpt>
<trkpt lat="43.8838884" lon="15.5252515">
	<ele>6.52</ele>
	<time>2026-08-14T12:53:45.010Z</time>
	<hdop>3.79</hdop>
	<extensions>
		<gpxtpx:TrackPointExtension>
			<gpxtpx:course>21.0</gpxtpx:course>
		</gpxtpx:TrackPointExtension>
	</extensions>
</trkpt>
<trkpt lat="43.8842222" lon="15.5254491">
	<ele>9.44</ele>
	<time>2026-08-14T12:53:56.009Z</time>
	<hdop>3.79</hdop>
	<extensions>
		<gpxtpx:TrackPointExtension>
			<gpxtpx:course>23.0</gpxtpx:course>
		</gpxtpx:TrackPointExtension>
	</extensions>
</trkpt>
<trkpt lat="43.8845156" lon="15.5256348">
	<ele>16.13</ele>
	<time>2026-08-14T12:54:06.009Z</time>
	<hdop>3.79</hdop>
	<extensions>
		<gpxtpx:TrackPointExtension>
			<gpxtpx:course>22.0</gpxtpx:course>
		</gpxtpx:TrackPointExtension>
	</extensions>
</trkpt>
<trkpt lat="43.8848082" lon="15.5258136">
	<ele>10.91</ele>
	<time>2026-08-14T12:54:16.010Z</time>
	<hdop>3.79</hdop>
	<extensions>
		<gpxtpx:TrackPointExtension>
			<gpxtpx:course>24.0</gpxtpx:course>
		</gpxtpx:TrackPointExtension>
	</extensions>
</trkpt>
<trkpt lat="43.8851386" lon="15.5260000">
	<ele>12.77</ele>
	<time>2026-08-14T12:54:27.009Z</time>
	<hdop>3.79</hdop>
	<extensions>
		<gpxtpx:TrackPointExtension>
			<gpxtpx:course>20.0</gpxtpx:course>
		</gpxtpx:TrackPointExtension>
	</extensions>
</trkpt>
<trkpt lat="43.8854383" lon="15.5261721">
	<ele>22.34</ele>
	<time>2026-08-14T12:54:37.010Z</time>
	<hdop>3.79</hdop>
	<extensions>
		<gpxtpx:TrackPointExtension>
			<gpxtpx:course>21.0</gpxtpx:course>
		</gpxtpx:TrackPointExtension>
	</extensions>
</trkpt>
<trkpt lat="43.8857682" lon="15.5263754">
	<ele>14.30</ele>
	<time>2026-08-14T12:54:48.010Z</time>
	<hdop>3.79</hdop>
	<extensions>
		<gpxtpx:TrackPointExtension>
			<gpxtpx:course>24.0</gpxtpx:course>
		</gpxtpx:TrackPointExtension>
	</extensions>
</trkpt>
<trkpt lat="43.8860737" lon="15.5265366">
	<ele>17.35</ele>
	<time>2026-08-14T12:54:58.010Z</time>
	<hdop>3.79</hdop>
	<extensions>
		<gpxtpx:TrackPointExtension>
			<gpxtpx:course>20.0</gpxtpx:course>
		</gpxtpx:TrackPointExtension>
	</extensions>
</trkpt>
<trkpt lat="43.8863672" lon="15.5267134">
	<ele>16.30</ele>
	<time>2026-08-14T12:55:08.010Z</time>
	<hdop>3.79</hdop>
	<extensions>
		<gpxtpx:TrackPointExtension>
			<gpxtpx:course>22.0</gpxtpx:course>
		</gpxtpx:TrackPointExtension>
	</extensions>
</trkpt>
<trkpt lat="43.8866950" lon="15.5268961">
	<ele>10.72</ele>
	<time>2026-08-14T12:55:19.009Z</time>
	<hdop>3.79</hdop>
	<extensions>
		<gpxtpx:TrackPointExtension>
			<gpxtpx:course>22.0</gpxtpx:course>
		</gpxtpx:TrackPointExtension>
	</extensions>
</trkpt>
<trkpt lat="43.8869905" lon="15.5270700">
	<ele>14.44</ele>
	<time>2026-08-14T12:55:29.009Z</time>
	<hdop>3.79</hdop>
	<extensions>
		<gpxtpx:TrackPointExtension>
			<gpxtpx:course>20.0</gpxtpx:course>
		</gpxtpx:TrackPointExtension>
	</extensions>
</trkpt>
<trkpt lat="43.8872968" lon="15.5272524">
	<ele>9.51</ele>
	<time>2026-08-14T12:55:39.009Z</time>
	<hdop>3.79</hdop>
	<extensions>
		<gpxtpx:TrackPointExtension>
			<gpxtpx:course>24.0</gpxtpx:course>
		</gpxtpx:TrackPointExtension>
	</extensions>
</trkpt>
<trkpt lat="43.8875942" lon="15.5274304">
	<ele>-20.11</ele>
	<time>2026-08-14T12:55:49.010Z</time>
	<hdop>3.79</hdop>
	<extensions>
		<gpxtpx:TrackPointExtension>
			<gpxtpx:course>20.0</gpxtpx:course>
		</gpxtpx:TrackPointExtension>
	</extensions>
</trkpt>
<trkpt lat="43.8879219" lon="15.5276191">
	<ele>-50.38</ele>
	<time>2026-08-14T12:56:00.009Z</time>
	<hdop>3.79</hdop>
	<extensions>
		<gpxtpx:TrackPointExtension>
			<gpxtpx:course>22.0</gpxtpx:course>
		</gpxtpx:TrackPointExtension>
	</extensions>
</trkpt>
<trkpt lat="43.8882143" lon="15.5277664">
	<ele>-52.67</ele>
	<time>2026-08-14T12:56:10.009Z</time>
	<hdop>3.79</hdop>
	<extensions>
		<gpxtpx:TrackPointExtension>
			<gpxtpx:course>18.0</gpxtpx:course>
		</gpxtpx:TrackPointExtension>
	</extensions>
</trkpt>
<trkpt lat="43.8884869" lon="15.5279296">
	<ele>-39.92</ele>
	<time>2026-08-14T12:56:20.009Z</time>
	<hdop>3.79</hdop>
	<extensions>
		<gpxtpx:TrackPointExtension>
			<gpxtpx:course>26.0</gpxtpx:course>
		</gpxtpx:TrackPointExtension>
	</extensions>
</trkpt>
<trkpt lat="43.8887447" lon="15.5281240">
	<ele>-19.58</ele>
	<time>2026-08-14T12:56:30.009Z</time>
	<hdop>3.79</hdop>
	<extensions>
		<gpxtpx:TrackPointExtension>
			<gpxtpx:course>27.0</gpxtpx:course>
		</gpxtpx:TrackPointExtension>
	</extensions>
</trkpt>
<trkpt lat="43.8890074" lon="15.5283085">
	<ele>-5.69</ele>
	<time>2026-08-14T12:56:41.009Z</time>
	<hdop>3.79</hdop>
	<extensions>
		<gpxtpx:TrackPointExtension>
			<gpxtpx:course>26.0</gpxtpx:course>
		</gpxtpx:TrackPointExtension>
	</extensions>
</trkpt>
<trkpt lat="43.8892354" lon="15.5284510">
	<ele>5.02</ele>
	<time>2026-08-14T12:56:51.010Z</time>
	<hdop>3.79</hdop>
	<extensions>
		<gpxtpx:TrackPointExtension>
			<gpxtpx:course>19.0</gpxtpx:course>
		</gpxtpx:TrackPointExtension>
	</extensions>
</trkpt>
<trkpt lat="43.8894760" lon="15.5285837">
	<ele>9.10</ele>
	<time>2026-08-14T12:57:02.009Z</time>
	<hdop>3.79</hdop>
	<extensions>
		<gpxtpx:TrackPointExtension>
			<gpxtpx:course>24.0</gpxtpx:course>
		</gpxtpx:TrackPointExtension>
	</extensions>
</trkpt>
<trkpt lat="43.8896829" lon="15.5287320">
	<ele>7.42</ele>
	<time>2026-08-14T12:57:12.009Z</time>
	<hdop>3.79</hdop>
	<extensions>
		<gpxtpx:TrackPointExtension>
			<gpxtpx:course>26.0</gpxtpx:course>
		</gpxtpx:TrackPointExtension>
	</extensions>
</trkpt>
<trkpt lat="43.8899119" lon="15.5288664">
	<ele>11.66</ele>
	<time>2026-08-14T12:57:23.009Z</time>
	<hdop>3.79</hdop>
	<extensions>
		<gpxtpx:TrackPointExtension>
			<gpxtpx:course>6.0</gpxtpx:course>
		</gpxtpx:TrackPointExtension>
	</extensions>
</trkpt>
<trkpt lat="43.8901222" lon="15.5288194">
	<ele>9.36</ele>
	<time>2026-08-14T12:57:33.009Z</time>
	<hdop>3.79</hdop>
	<extensions>
		<gpxtpx:TrackPointExtension>
			<gpxtpx:course>333.0</gpxtpx:course>
		</gpxtpx:TrackPointExtension>
	</extensions>
</trkpt>
<trkpt lat="43.8903140" lon="15.5287371">
	<ele>6.60</ele>
	<time>2026-08-14T12:57:43.009Z</time>
	<hdop>3.79</hdop>
	<extensions>
		<gpxtpx:TrackPointExtension>
			<gpxtpx:course>25.0</gpxtpx:course>
		</gpxtpx:TrackPointExtension>
	</extensions>
</trkpt>
<trkpt lat="43.8903974" lon="15.5290003">
	<ele>9.44</ele>
	<time>2026-08-14T12:57:53.009Z</time>
	<hdop>3.79</hdop>
	<extensions>
		<gpxtpx:TrackPointExtension>
			<gpxtpx:course>90.0</gpxtpx:course>
		</gpxtpx:TrackPointExtension>
	</extensions>
</trkpt>
<trkpt lat="43.8903947" lon="15.5293695">
	<ele>5.65</ele>
	<time>2026-08-14T12:58:04.009Z</time>
	<hdop>3.79</hdop>
	<extensions>
		<gpxtpx:TrackPointExtension>
			<gpxtpx:course>84.0</gpxtpx:course>
		</gpxtpx:TrackPointExtension>
	</extensions>
</trkpt>
<trkpt lat="43.8904587" lon="15.5297058">
	<ele>2.78</ele>
	<time>2026-08-14T12:58:14.010Z</time>
	<hdop>3.79</hdop>
	<extensions>
		<gpxtpx:TrackPointExtension>
			<gpxtpx:course>74.0</gpxtpx:course>
		</gpxtpx:TrackPointExtension>
	</extensions>
</trkpt>
<trkpt lat="43.8905209" lon="15.5301040">
	<ele>5.95</ele>
	<time>2026-08-14T12:58:25.009Z</time>
	<hdop>3.79</hdop>
	<extensions>
		<gpxtpx:TrackPointExtension>
			<gpxtpx:course>81.0</gpxtpx:course>
		</gpxtpx:TrackPointExtension>
	</extensions>
</trkpt>
<trkpt lat="43.8905584" lon="15.5305087">
	<ele>4.30</ele>
	<time>2026-08-14T12:58:36.009Z</time>
	<hdop>3.79</hdop>
	<extensions>
		<gpxtpx:TrackPointExtension>
			<gpxtpx:course>83.0</gpxtpx:course>
		</gpxtpx:TrackPointExtension>
	</extensions>
</trkpt>
<trkpt lat="43.8905959" lon="15.5308416">
	<ele>5.95</ele>
	<time>2026-08-14T12:58:46.009Z</time>
	<hdop>3.79</hdop>
	<extensions>
		<gpxtpx:TrackPointExtension>
			<gpxtpx:course>79.0</gpxtpx:course>
		</gpxtpx:TrackPointExtension>
	</extensions>
</trkpt>
<trkpt lat="43.8906404" lon="15.5311251">
	<ele>3.89</ele>
	<time>2026-08-14T12:58:57.009Z</time>
	<hdop>3.79</hdop>
	<extensions>
		<gpxtpx:TrackPointExtension>
			<gpxtpx:course>69.0</gpxtpx:course>
		</gpxtpx:TrackPointExtension>
	</extensions>
</trkpt>
<trkpt lat="43.8907577" lon="15.5312637">
	<ele>3.75</ele>
	<time>2026-08-14T12:59:07.009Z</time>
	<hdop>3.79</hdop>
	<extensions>
		<gpxtpx:TrackPointExtension>
			<gpxtpx:course>9.0</gpxtpx:course>
		</gpxtpx:TrackPointExtension>
	</extensions>
</trkpt>
<trkpt lat="43.8908671" lon="15.5312246">
	<ele>5.71</ele>
	<time>2026-08-14T12:59:18.009Z</time>
	<hdop>3.79</hdop>
	<extensions>
		<gpxtpx:TrackPointExtension>
			<gpxtpx:course>333.0</gpxtpx:course>
		</gpxtpx:TrackPointExtension>
	</extensions>
</trkpt>
<trkpt lat="43.8908250" lon="15.5313482">
	<ele>2.14</ele>
	<time>2026-08-14T12:59:38.009Z</time>
	<hdop>3.79</hdop>
	<extensions>
		<gpxtpx:TrackPointExtension>
			<gpxtpx:course>123.0</gpxtpx:course>
		</gpxtpx:TrackPointExtension>
	</extensions>
</trkpt>
<trkpt lat="43.8908181" lon="15.5315522">
	<ele>2.15</ele>
	<time>2026-08-14T12:59:48.009Z</time>
	<hdop>3.79</hdop>
	<extensions>
		<gpxtpx:TrackPointExtension>
			<gpxtpx:course>59.0</gpxtpx:course>
		</gpxtpx:TrackPointExtension>
	</extensions>
</trkpt>
<trkpt lat="43.8909006" lon="15.5317145">
	<ele>2.35</ele>
	<time>2026-08-14T12:59:59.009Z</time>
	<hdop>3.79</hdop>
	<extensions>
		<gpxtpx:TrackPointExtension>
			<gpxtpx:course>62.0</gpxtpx:course>
		</gpxtpx:TrackPointExtension>
	</extensions>
</trkpt>
<trkpt lat="43.8909311" lon="15.5318757">
	<ele>2.16</ele>
	<time>2026-08-14T13:00:09.009Z</time>
	<hdop>3.79</hdop>
	<extensions>
		<gpxtpx:TrackPointExtension>
			<gpxtpx:course>82.0</gpxtpx:course>
		</gpxtpx:TrackPointExtension>
	</extensions>
</trkpt>
<trkpt lat="43.8909276" lon="15.5320324">
	<ele>-1.38</ele>
	<time>2026-08-14T13:00:19.009Z</time>
	<hdop>3.79</hdop>
	<extensions>
		<gpxtpx:TrackPointExtension>
			<gpxtpx:course>99.0</gpxtpx:course>
		</gpxtpx:TrackPointExtension>
	</extensions>
</trkpt>
<trkpt lat="43.8908981" lon="15.5321829">
	<ele>-1.32</ele>
	<time>2026-08-14T13:00:29.009Z</time>
	<hdop>3.79</hdop>
	<extensions>
		<gpxtpx:TrackPointExtension>
			<gpxtpx:course>102.0</gpxtpx:course>
		</gpxtpx:TrackPointExtension>
	</extensions>
</trkpt>
<trkpt lat="43.8908842" lon="15.5323332">
	<ele>-2.08</ele>
	<time>2026-08-14T13:00:39.009Z</time>
	<hdop>3.79</hdop>
	<extensions>
		<gpxtpx:TrackPointExtension>
			<gpxtpx:course>99.0</gpxtpx:course>
		</gpxtpx:TrackPointExtension>
	</extensions>
</trkpt>
<trkpt lat="43.8908634" lon="15.5324850">
	<ele>-3.75</ele>
	<time>2026-08-14T13:00:49.009Z</time>
	<hdop>3.79</hdop>
	<extensions>
		<gpxtpx:TrackPointExtension>
			<gpxtpx:course>101.0</gpxtpx:course>
		</gpxtpx:TrackPointExtension>
	</extensions>
</trkpt>
<trkpt lat="43.8908412" lon="15.5326507">
	<ele>-2.36</ele>
	<time>2026-08-14T13:01:00.009Z</time>
	<hdop>3.79</hdop>
	<extensions>
		<gpxtpx:TrackPointExtension>
			<gpxtpx:course>100.0</gpxtpx:course>
		</gpxtpx:TrackPointExtension>
	</extensions>
</trkpt>
<trkpt lat="43.8908209" lon="15.5328041">
	<ele>-4.58</ele>
	<time>2026-08-14T13:01:10.009Z</time>
	<hdop>3.79</hdop>
	<extensions>
		<gpxtpx:TrackPointExtension>
			<gpxtpx:course>106.0</gpxtpx:course>
		</gpxtpx:TrackPointExtension>
	</extensions>
</trkpt>
<trkpt lat="43.8907748" lon="15.5329495">
	<ele>-4.44</ele>
	<time>2026-08-14T13:01:20.009Z</time>
	<hdop>3.79</hdop>
	<extensions>
		<gpxtpx:TrackPointExtension>
			<gpxtpx:course>121.0</gpxtpx:course>
		</gpxtpx:TrackPointExtension>
	</extensions>
</trkpt>
<trkpt lat="43.8907128" lon="15.5330867">
	<ele>-1.28</ele>
	<time>2026-08-14T13:01:31.009Z</time>
	<hdop>3.79</hdop>
	<extensions>
		<gpxtpx:TrackPointExtension>
			<gpxtpx:course>126.0</gpxtpx:course>
		</gpxtpx:TrackPointExtension>
	</extensions>
</trkpt>
<trkpt lat="43.8906347" lon="15.5331894">
	<ele>-2.05</ele>
	<time>2026-08-14T13:01:41.009Z</time>
	<hdop>3.79</hdop>
	<extensions>
		<gpxtpx:TrackPointExtension>
			<gpxtpx:course>135.0</gpxtpx:course>
		</gpxtpx:TrackPointExtension>
	</extensions>
</trkpt>
<trkpt lat="43.8905322" lon="15.5332839">
	<ele>0.71</ele>
	<time>2026-08-14T13:01:52.007Z</time>
	<hdop>3.79</hdop>
	<extensions>
		<gpxtpx:TrackPointExtension>
			<gpxtpx:course>154.0</gpxtpx:course>
		</gpxtpx:TrackPointExtension>
	</extensions>
</trkpt>
<trkpt lat="43.8904368" lon="15.5333261">
	<ele>2.25</ele>
	<time>2026-08-14T13:02:02.008Z</time>
	<hdop>3.79</hdop>
	<extensions>
		<gpxtpx:TrackPointExtension>
			<gpxtpx:course>164.0</gpxtpx:course>
		</gpxtpx:TrackPointExtension>
	</extensions>
</trkpt>
<trkpt lat="43.8903345" lon="15.5333703">
	<ele>-4.47</ele>
	<time>2026-08-14T13:02:13.009Z</time>
	<hdop>3.79</hdop>
	<extensions>
		<gpxtpx:TrackPointExtension>
			<gpxtpx:course>164.0</gpxtpx:course>
		</gpxtpx:TrackPointExtension>
	</extensions>
</trkpt>
<trkpt lat="43.8902226" lon="15.5334282">
	<ele>-4.57</ele>
	<time>2026-08-14T13:02:24.009Z</time>
	<hdop>3.79</hdop>
	<extensions>
		<gpxtpx:TrackPointExtension>
			<gpxtpx:course>152.0</gpxtpx:course>
		</gpxtpx:TrackPointExtension>
	</extensions>
</trkpt>
<trkpt lat="43.8901284" lon="15.5336194">
	<ele>-9.95</ele>
	<time>2026-08-14T13:02:35.008Z</time>
	<hdop>3.79</hdop>
	<extensions>
		<gpxtpx:TrackPointExtension>
			<gpxtpx:course>92.0</gpxtpx:course>
		</gpxtpx:TrackPointExtension>
	</extensions>
</trkpt>
<trkpt lat="43.8901709" lon="15.5338134">
	<ele>-9.81</ele>
	<time>2026-08-14T13:02:45.008Z</time>
	<hdop>3.79</hdop>
	<extensions>
		<gpxtpx:TrackPointExtension>
			<gpxtpx:course>65.0</gpxtpx:course>
		</gpxtpx:TrackPointExtension>
	</extensions>
</trkpt>
<trkpt lat="43.8902021" lon="15.5339784">
	<ele>-5.91</ele>
	<time>2026-08-14T13:02:55.009Z</time>
	<hdop>3.79</hdop>
	<extensions>
		<gpxtpx:TrackPointExtension>
			<gpxtpx:course>78.0</gpxtpx:course>
		</gpxtpx:TrackPointExtension>
	</extensions>
</trkpt>
<trkpt lat="43.8902135" lon="15.5341521">
	<ele>-10.79</ele>
	<time>2026-08-14T13:03:06.008Z</time>
	<hdop>3.79</hdop>
	<extensions>
		<gpxtpx:TrackPointExtension>
			<gpxtpx:course>89.0</gpxtpx:course>
		</gpxtpx:TrackPointExtension>
	</extensions>
</trkpt>
<trkpt lat="43.8902018" lon="15.5342972">
	<ele>-7.70</ele>
	<time>2026-08-14T13:03:16.009Z</time>
	<hdop>3.79</hdop>
	<extensions>
		<gpxtpx:TrackPointExtension>
			<gpxtpx:course>96.0</gpxtpx:course>
		</gpxtpx:TrackPointExtension>
	</extensions>
</trkpt>
</trkseg>
</trk>
</gpx>
