<?xml version="1.0" encoding="utf-8" standalone="yes"?>
<gpx version="1.1" creator="Locus Map, Android"
 xmlns="http://www.topografix.com/GPX/1/1"
 xmlns:xsi="http://www.w3.org/2001/XMLSchema-instance"
 xsi:schemaLocation="http://www.topografix.com/GPX/1/1 http://www.topografix.com/GPX/1/1/gpx.xsd"
 xmlns:gpxx="http://www.garmin.com/xmlschemas/GpxExtensions/v3"
 xmlns:gpxtrkx="http://www.garmin.com/xmlschemas/TrackStatsExtension/v1"
 xmlns:gpxtpx="http://www.garmin.com/xmlschemas/TrackPointExtension/v2"
 xmlns:locus="http://www.locusmap.eu">
	<metadata>
		<desc>File with points/tracks from Locus Map Classic/3.70.17</desc>
		<time>2026-08-16T06:43:11.792Z</time>
	</metadata>
<trk>
<name>3. den Veli iz</name>
	<extensions>
		<line xmlns="http://www.topografix.com/GPX/gpx_style/0/2">
			<color>0000FF</color>
			<opacity>0.59</opacity>
			<width>6.0</width>
			<extensions>
				<locus:lsColorBase>#960000FF</locus:lsColorBase>
				<locus:lsWidth>6.0</locus:lsWidth>
				<locus:lsUnits>PIXELS</locus:lsUnits>
			</extensions>
		</line>
		<locus:activity>walking</locus:activity>
	</extensions>
<trkseg>
<trkpt lat="44.3831787" lon="14.7970462">
	<ele>3.21</ele>
	<time>2026-08-10T08:59:34.094Z</time>
	<hdop>3.27</hdop>
</trkpt>
<trkpt lat="44.3832669" lon="14.7971024">
	<ele>-39.43</ele>
	<time>2026-08-10T09:12:20.090Z</time>
	<hdop>3.45</hdop>
	<extensions>
		<gpxtpx:TrackPointExtension>
			<gpxtpx:course>32.121784</gpxtpx:course>
		</gpxtpx:TrackPointExtension>
	</extensions>
</trkpt>
<trkpt lat="44.3833167" lon="14.7972145">
	<ele>-29.87</ele>
	<time>2026-08-10T09:12:32.091Z</time>
	<hdop>3.78</hdop>
	<extensions>
		<gpxtpx:TrackPointExtension>
			<gpxtpx:course>68.241776</gpxtpx:course>
		</gpxtpx:TrackPointExtension>
	</extensions>
</trkpt>
<trkpt lat="44.3833478" lon="14.7973721">
	<ele>0.95</ele>
	<time>2026-08-10T09:12:42.091Z</time>
	<hdop>4.07</hdop>
	<extensions>
		<gpxtpx:TrackPointExtension>
			<gpxtpx:course>78.42944</gpxtpx:course>
		</gpxtpx:TrackPointExtension>
	</extensions>
</trkpt>
<trkpt lat="44.3833829" lon="14.7975826">
	<ele>9.14</ele>
	<time>2026-08-10T09:12:53.090Z</time>
	<hdop>4.14</hdop>
	<extensions>
		<gpxtpx:TrackPointExtension>
			<gpxtpx:course>78.80954</gpxtpx:course>
		</gpxtpx:TrackPointExtension>
	</extensions>
</trkpt>
<trkpt lat="44.3833933" lon="14.7978006">
	<ele>4.76</ele>
	<time>2026-08-10T09:13:03.090Z</time>
	<hdop>4.31</hdop>
	<extensions>
		<gpxtpx:TrackPointExtension>
			<gpxtpx:course>91.916794</gpxtpx:course>
		</gpxtpx:TrackPointExtension>
	</extensions>
</trkpt>
<trkpt lat="44.3833909" lon="14.7980315">
	<ele>-27.64</ele>
	<time>2026-08-10T09:13:13.091Z</time>
	<hdop>4.14</hdop>
	<extensions>
		<gpxtpx:TrackPointExtension>
			<gpxtpx:course>92.16804</gpxtpx:course>
		</gpxtpx:TrackPointExtension>
	</extensions>
</trkpt>
<trkpt lat="44.3833585" lon="14.7982893">
	<ele>-25.95</ele>
	<time>2026-08-10T09:13:24.090Z</time>
	<hdop>4.21</hdop>
	<extensions>
		<gpxtpx:TrackPointExtension>
			<gpxtpx:course>102.11368</gpxtpx:course>
		</gpxtpx:TrackPointExtension>
	</extensions>
</trkpt>
<trkpt lat="44.3833137" lon="14.7985267">
	<ele>-19.08</ele>
	<time>2026-08-10T09:13:34.090Z</time>
	<hdop>4.13</hdop>
	<extensions>
		<gpxtpx:TrackPointExtension>
			<gpxtpx:course>107.54623</gpxtpx:course>
		</gpxtpx:TrackPointExtension>
	</extensions>
</trkpt>
<trkpt lat="44.3832594" lon="14.7987560">
	<ele>11.54</ele>
	<time>2026-08-10T09:13:44.098Z</time>
	<hdop>4.26</hdop>
	<extensions>
		<gpxtpx:TrackPointExtension>
			<gpxtpx:course>108.6928</gpxtpx:course>
		</gpxtpx:TrackPointExtension>
	</extensions>
</trkpt>
<trkpt lat="44.3831973" lon="14.7990166">
	<ele>-8.93</ele>
	<time>2026-08-10T09:13:55.091Z</time>
	<hdop>4.13</hdop>
	<extensions>
		<gpxtpx:TrackPointExtension>
			<gpxtpx:course>110.3648</gpxtpx:course>
		</gpxtpx:TrackPointExtension>
	</extensions>
</trkpt>
<trkpt lat="44.3831303" lon="14.7992701">
	<ele>-0.10</ele>
	<time>2026-08-10T09:14:06.091Z</time>
	<hdop>4.48</hdop>
	<extensions>
		<gpxtpx:TrackPointExtension>
			<gpxtpx:course>109.78246</gpxtpx:course>
		</gpxtpx:TrackPointExtension>
	</extensions>
</trkpt>
<trkpt lat="44.3830532" lon="14.7995169">
	<ele>19.17</ele>
	<time>2026-08-10T09:14:17.090Z</time>
	<hdop>4.19</hdop>
	<extensions>
		<gpxtpx:TrackPointExtension>
			<gpxtpx:course>117.25958</gpxtpx:course>
		</gpxtpx:TrackPointExtension>
	</extensions>
</trkpt>
<trkpt lat="44.3829700" lon="14.7997383">
	<ele>26.52</ele>
	<time>2026-08-10T09:14:27.091Z</time>
	<hdop>4.11</hdop>
	<extensions>
		<gpxtpx:TrackPointExtension>
			<gpxtpx:course>119.40966</gpxtpx:course>
		</gpxtpx:TrackPointExtension>
	</extensions>
</trkpt>
<trkpt lat="44.3828782" lon="14.7999804">
	<ele>25.29</ele>
	<time>2026-08-10T09:14:38.089Z</time>
	<hdop>4.10</hdop>
	<extensions>
		<gpxtpx:TrackPointExtension>
			<gpxtpx:course>119.262054</gpxtpx:course>
		</gpxtpx:TrackPointExtension>
	</extensions>
</trkpt>
<trkpt lat="44.3827790" lon="14.8001924">
	<ele>29.08</ele>
	<time>2026-08-10T09:14:48.090Z</time>
	<hdop>4.07</hdop>
	<extensions>
		<gpxtpx:TrackPointExtension>
			<gpxtpx:course>125.349045</gpxtpx:course>
		</gpxtpx:TrackPointExtension>
	</extensions>
</trkpt>
<trkpt lat="44.3826672" lon="14.8003904">
	<ele>27.55</ele>
	<time>2026-08-10T09:14:58.090Z</time>
	<hdop>4.38</hdop>
	<extensions>
		<gpxtpx:TrackPointExtension>
			<gpxtpx:course>127.44177</gpxtpx:course>
		</gpxtpx:TrackPointExtension>
	</extensions>
</trkpt>
<trkpt lat="44.3825470" lon="14.8005758">
	<ele>24.59</ele>
	<time>2026-08-10T09:15:08.091Z</time>
	<hdop>4.09</hdop>
	<extensions>
		<gpxtpx:TrackPointExtension>
			<gpxtpx:course>134.9133</gpxtpx:course>
		</gpxtpx:TrackPointExtension>
	</extensions>
</trkpt>
<trkpt lat="44.3824242" lon="14.8007695">
	<ele>8.79</ele>
	<time>2026-08-10T09:15:18.091Z</time>
	<hdop>4.18</hdop>
	<extensions>
		<gpxtpx:TrackPointExtension>
			<gpxtpx:course>126.3801</gpxtpx:course>
		</gpxtpx:TrackPointExtension>
	</extensions>
</trkpt>
<trkpt lat="44.3823176" lon="14.8009749">
	<ele>9.31</ele>
	<time>2026-08-10T09:15:28.091Z</time>
	<hdop>4.23</hdop>
	<extensions>
		<gpxtpx:TrackPointExtension>
			<gpxtpx:course>123.82983</gpxtpx:course>
		</gpxtpx:TrackPointExtension>
	</extensions>
</trkpt>
<trkpt lat="44.3822272" lon="14.8012001">
	<ele>15.30</ele>
	<time>2026-08-10T09:15:38.091Z</time>
	<hdop>4.32</hdop>
	<extensions>
		<gpxtpx:TrackPointExtension>
			<gpxtpx:course>116.02283</gpxtpx:course>
		</gpxtpx:TrackPointExtension>
	</extensions>
</trkpt>
<trkpt lat="44.3821359" lon="14.8014481">
	<ele>18.84</ele>
	<time>2026-08-10T09:15:49.091Z</time>
	<hdop>4.12</hdop>
	<extensions>
		<gpxtpx:TrackPointExtension>
			<gpxtpx:course>116.44431</gpxtpx:course>
		</gpxtpx:TrackPointExtension>
	</extensions>
</trkpt>
<trkpt lat="44.3820597" lon="14.8016861">
	<ele>19.11</ele>
	<time>2026-08-10T09:15:59.091Z</time>
	<hdop>4.34</hdop>
	<extensions>
		<gpxtpx:TrackPointExtension>
			<gpxtpx:course>115.59078</gpxtpx:course>
		</gpxtpx:TrackPointExtension>
	</extensions>
</trkpt>
<trkpt lat="44.3819877" lon="14.8019241">
	<ele>17.34</ele>
	<time>2026-08-10T09:16:09.091Z</time>
	<hdop>4.07</hdop>
	<extensions>
		<gpxtpx:TrackPointExtension>
			<gpxtpx:course>113.28765</gpxtpx:course>
		</gpxtpx:TrackPointExtension>
	</extensions>
</trkpt>
<trkpt lat="44.3819158" lon="14.8021596">
	<ele>7.46</ele>
	<time>2026-08-10T09:16:19.091Z</time>
	<hdop>4.01</hdop>
	<extensions>
		<gpxtpx:TrackPointExtension>
			<gpxtpx:course>116.98513</gpxtpx:course>
		</gpxtpx:TrackPointExtension>
	</extensions>
</trkpt>
</trkseg>
<trkseg>
<trkpt lat="44.3818602" lon="14.8024437">
	<ele>3.04</ele>
	<time>2026-08-10T09:16:33.992Z</time>
	<hdop>4.16</hdop>
	<extensions>
		<gpxtpx:TrackPointExtension>
			<gpxtpx:course>15.065261</gpxtpx:course>
		</gpxtpx:TrackPointExtension>
	</extensions>
</trkpt>
<trkpt lat="44.3817604" lon="14.8026945">
	<ele>-17.71</ele>
	<time>2026-08-10T09:16:44.089Z</time>
	<hdop>3.38</hdop>
	<extensions>
		<gpxtpx:TrackPointExtension>
			<gpxtpx:course>115.02409</gpxtpx:course>
		</gpxtpx:TrackPointExtension>
	</extensions>
</trkpt>
<trkpt lat="44.3816926" lon="14.8029418">
	<ele>-6.52</ele>
	<time>2026-08-10T09:16:54.090Z</time>
	<hdop>3.01</hdop>
	<extensions>
		<gpxtpx:TrackPointExtension>
			<gpxtpx:course>109.416214</gpxtpx:course>
		</gpxtpx:TrackPointExtension>
	</extensions>
</trkpt>
<trkpt lat="44.3816185" lon="14.8031883">
	<ele>0.71</ele>
	<time>2026-08-10T09:17:04.090Z</time>
	<hdop>3.70</hdop>
	<extensions>
		<gpxtpx:TrackPointExtension>
			<gpxtpx:course>119.29123</gpxtpx:course>
		</gpxtpx:TrackPointExtension>
	</extensions>
</trkpt>
<trkpt lat="44.3815340" lon="14.8034223">
	<ele>-0.07</ele>
	<time>2026-08-10T09:17:14.090Z</time>
	<hdop>4.26</hdop>
	<extensions>
		<gpxtpx:TrackPointExtension>
			<gpxtpx:course>121.11375</gpxtpx:course>
		</gpxtpx:TrackPointExtension>
	</extensions>
</trkpt>
<trkpt lat="44.3814689" lon="14.8036531">
	<ele>2.52</ele>
	<time>2026-08-10T09:17:24.090Z</time>
	<hdop>3.12</hdop>
	<extensions>
		<gpxtpx:TrackPointExtension>
			<gpxtpx:course>112.16037</gpxtpx:course>
		</gpxtpx:TrackPointExtension>
	</extensions>
</trkpt>
<trkpt lat="44.3813748" lon="14.8038857">
	<ele>21.25</ele>
	<time>2026-08-10T09:17:34.091Z</time>
	<hdop>4.63</hdop>
	<extensions>
		<gpxtpx:TrackPointExtension>
			<gpxtpx:course>127.22921</gpxtpx:course>
		</gpxtpx:TrackPointExtension>
	</extensions>
</trkpt>
<trkpt lat="44.3812912" lon="14.8041399">
	<ele>25.91</ele>
	<time>2026-08-10T09:17:45.091Z</time>
	<hdop>4.30</hdop>
	<extensions>
		<gpxtpx:TrackPointExtension>
			<gpxtpx:course>111.70839</gpxtpx:course>
		</gpxtpx:TrackPointExtension>
	</extensions>
</trkpt>
<trkpt lat="44.3812274" lon="14.8043989">
	<ele>25.72</ele>
	<time>2026-08-10T09:17:56.091Z</time>
	<hdop>4.37</hdop>
	<extensions>
		<gpxtpx:TrackPointExtension>
			<gpxtpx:course>105.56274</gpxtpx:course>
		</gpxtpx:TrackPointExtension>
	</extensions>
</trkpt>
<trkpt lat="44.3811282" lon="14.8046491">
	<ele>19.43</ele>
	<time>2026-08-10T09:18:07.090Z</time>
	<hdop>4.39</hdop>
	<extensions>
		<gpxtpx:TrackPointExtension>
			<gpxtpx:course>118.961136</gpxtpx:course>
		</gpxtpx:TrackPointExtension>
	</extensions>
</trkpt>
<trkpt lat="44.3810450" lon="14.8049064">
	<ele>26.49</ele>
	<time>2026-08-10T09:18:18.091Z</time>
	<hdop>4.58</hdop>
	<extensions>
		<gpxtpx:TrackPointExtension>
			<gpxtpx:course>114.93535</gpxtpx:course>
		</gpxtpx:TrackPointExtension>
	</extensions>
</trkpt>
<trkpt lat="44.3809662" lon="14.8051377">
	<ele>20.54</ele>
	<time>2026-08-10T09:18:28.091Z</time>
	<hdop>4.27</hdop>
	<extensions>
		<gpxtpx:TrackPointExtension>
			<gpxtpx:course>113.2528</gpxtpx:course>
		</gpxtpx:TrackPointExtension>
	</extensions>
</trkpt>
<trkpt lat="44.3808916" lon="14.8053597">
	<ele>17.00</ele>
	<time>2026-08-10T09:18:38.091Z</time>
	<hdop>3.14</hdop>
	<extensions>
		<gpxtpx:TrackPointExtension>
			<gpxtpx:course>116.3046</gpxtpx:course>
		</gpxtpx:TrackPointExtension>
	</extensions>
</trkpt>
<trkpt lat="44.3807962" lon="14.8056092">
	<ele>25.37</ele>
	<time>2026-08-10T09:18:49.090Z</time>
	<hdop>3.01</hdop>
	<extensions>
		<gpxtpx:TrackPointExtension>
			<gpxtpx:course>121.62616</gpxtpx:course>
		</gpxtpx:TrackPointExtension>
	</extensions>
</trkpt>
<trkpt lat="44.3807092" lon="14.8058724">
	<ele>27.32</ele>
	<time>2026-08-10T09:19:00.090Z</time>
	<hdop>3.06</hdop>
	<extensions>
		<gpxtpx:TrackPointExtension>
			<gpxtpx:course>115.03949</gpxtpx:course>
		</gpxtpx:TrackPointExtension>
	</extensions>
</trkpt>
<trkpt lat="44.3806262" lon="14.8061106">
	<ele>36.12</ele>
	<time>2026-08-10T09:19:10.090Z</time>
	<hdop>4.48</hdop>
	<extensions>
		<gpxtpx:TrackPointExtension>
			<gpxtpx:course>118.390945</gpxtpx:course>
		</gpxtpx:TrackPointExtension>
	</extensions>
</trkpt>
<trkpt lat="44.3805372" lon="14.8063329">
	<ele>42.52</ele>
	<time>2026-08-10T09:19:20.090Z</time>
	<hdop>4.43</hdop>
	<extensions>
		<gpxtpx:TrackPointExtension>
			<gpxtpx:course>117.9025</gpxtpx:course>
		</gpxtpx:TrackPointExtension>
	</extensions>
</trkpt>
<trkpt lat="44.3804362" lon="14.8065568">
	<ele>48.65</ele>
	<time>2026-08-10T09:19:30.090Z</time>
	<hdop>4.24</hdop>
	<extensions>
		<gpxtpx:TrackPointExtension>
			<gpxtpx:course>123.970474</gpxtpx:course>
		</gpxtpx:TrackPointExtension>
	</extensions>
</trkpt>
<trkpt lat="44.3803329" lon="14.8068065">
	<ele>49.91</ele>
	<time>2026-08-10T09:19:41.089Z</time>
	<hdop>4.43</hdop>
	<extensions>
		<gpxtpx:TrackPointExtension>
			<gpxtpx:course>95.6363</gpxtpx:course>
		</gpxtpx:TrackPointExtension>
	</extensions>
</trkpt>
<trkpt lat="44.3802289" lon="14.8070097">
	<ele>51.38</ele>
	<time>2026-08-10T09:19:51.090Z</time>
	<hdop>3.18</hdop>
	<extensions>
		<gpxtpx:TrackPointExtension>
			<gpxtpx:course>126.36925</gpxtpx:course>
		</gpxtpx:TrackPointExtension>
	</extensions>
</trkpt>
<trkpt lat="44.3801101" lon="14.8072471">
	<ele>50.92</ele>
	<time>2026-08-10T09:20:02.090Z</time>
	<hdop>3.12</hdop>
	<extensions>
		<gpxtpx:TrackPointExtension>
			<gpxtpx:course>125.00061</gpxtpx:course>
		</gpxtpx:TrackPointExtension>
	</extensions>
</trkpt>
<trkpt lat="44.3799863" lon="14.8074536">
	<ele>55.36</ele>
	<time>2026-08-10T09:20:12.090Z</time>
	<hdop>4.31</hdop>
	<extensions>
		<gpxtpx:TrackPointExtension>
			<gpxtpx:course>135.86026</gpxtpx:course>
		</gpxtpx:TrackPointExtension>
	</extensions>
</trkpt>
<trkpt lat="44.3798681" lon="14.8076601">
	<ele>44.99</ele>
	<time>2026-08-10T09:20:22.090Z</time>
	<hdop>4.48</hdop>
	<extensions>
		<gpxtpx:TrackPointExtension>
			<gpxtpx:course>129.55746</gpxtpx:course>
		</gpxtpx:TrackPointExtension>
	</extensions>
</trkpt>
<trkpt lat="44.3797396" lon="14.8078541">
	<ele>45.05</ele>
	<time>2026-08-10T09:20:32.090Z</time>
	<hdop>4.49</hdop>
	<extensions>
		<gpxtpx:TrackPointExtension>
			<gpxtpx:course>133.76543</gpxtpx:course>
		</gpxtpx:TrackPointExtension>
	</extensions>
</trkpt>
<trkpt lat="44.3795977" lon="14.8080557">
	<ele>44.62</ele>
	<time>2026-08-10T09:20:43.091Z</time>
	<hdop>4.51</hdop>
	<extensions>
		<gpxtpx:TrackPointExtension>
			<gpxtpx:course>138.82796</gpxtpx:course>
		</gpxtpx:TrackPointExtension>
	</extensions>
</trkpt>
<trkpt lat="44.3794434" lon="14.8082493">
	<ele>49.98</ele>
	<time>2026-08-10T09:20:54.090Z</time>
	<hdop>4.34</hdop>
	<extensions>
		<gpxtpx:TrackPointExtension>
			<gpxtpx:course>136.08624</gpxtpx:course>
		</gpxtpx:TrackPointExtension>
	</extensions>
</trkpt>
<trkpt lat="44.3792864" lon="14.8084407">
	<ele>48.79</ele>
	<time>2026-08-10T09:21:05.090Z</time>
	<hdop>4.57</hdop>
	<extensions>
		<gpxtpx:TrackPointExtension>
			<gpxtpx:course>138.74316</gpxtpx:course>
		</gpxtpx:TrackPointExtension>
	</extensions>
</trkpt>
<trkpt lat="44.3791483" lon="14.8086096">
	<ele>43.85</ele>
	<time>2026-08-10T09:21:15.091Z</time>
	<hdop>4.72</hdop>
	<extensions>
		<gpxtpx:TrackPointExtension>
			<gpxtpx:course>140.74863</gpxtpx:course>
		</gpxtpx:TrackPointExtension>
	</extensions>
</trkpt>
<trkpt lat="44.3789944" lon="14.8088059">
	<ele>39.12</ele>
	<time>2026-08-10T09:21:26.090Z</time>
	<hdop>4.32</hdop>
	<extensions>
		<gpxtpx:TrackPointExtension>
			<gpxtpx:course>135.58275</gpxtpx:course>
		</gpxtpx:TrackPointExtension>
	</extensions>
</trkpt>
<trkpt lat="44.3788388" lon="14.8089959">
	<ele>43.86</ele>
	<time>2026-08-10T09:21:37.091Z</time>
	<hdop>4.53</hdop>
	<extensions>
		<gpxtpx:TrackPointExtension>
			<gpxtpx:course>140.70692</gpxtpx:course>
		</gpxtpx:TrackPointExtension>
	</extensions>
</trkpt>
<trkpt lat="44.3786913" lon="14.8091957">
	<ele>41.51</ele>
	<time>2026-08-10T09:21:48.090Z</time>
	<hdop>4.41</hdop>
	<extensions>
		<gpxtpx:TrackPointExtension>
			<gpxtpx:course>137.86629</gpxtpx:course>
		</gpxtpx:TrackPointExtension>
	</extensions>
</trkpt>
<trkpt lat="44.3785602" lon="14.8093879">
	<ele>39.21</ele>
	<time>2026-08-10T09:21:58.090Z</time>
	<hdop>4.13</hdop>
	<extensions>
		<gpxtpx:TrackPointExtension>
			<gpxtpx:course>137.32172</gpxtpx:course>
		</gpxtpx:TrackPointExtension>
	</extensions>
</trkpt>
<trkpt lat="44.3784159" lon="14.8095748">
	<ele>36.18</ele>
	<time>2026-08-10T09:22:08.090Z</time>
	<hdop>4.20</hdop>
	<extensions>
		<gpxtpx:TrackPointExtension>
			<gpxtpx:course>136.63322</gpxtpx:course>
		</gpxtpx:TrackPointExtension>
	</extensions>
</trkpt>
<trkpt lat="44.3782404" lon="14.8098134">
	<ele>34.27</ele>
	<time>2026-08-10T09:22:18.090Z</time>
	<hdop>4.65</hdop>
	<extensions>
		<gpxtpx:TrackPointExtension>
			<gpxtpx:course>134.96846</gpxtpx:course>
		</gpxtpx:TrackPointExtension>
	</extensions>
</trkpt>
<trkpt lat="44.3780423" lon="14.8101131">
	<ele>35.22</ele>
	<time>2026-08-10T09:22:28.425Z</time>
	<hdop>4.90</hdop>
	<extensions>
		<gpxtpx:TrackPointExtension>
			<gpxtpx:course>128.9042</gpxtpx:course>
		</gpxtpx:TrackPointExtension>
	</extensions>
</trkpt>
<trkpt lat="44.3778202" lon="14.8104113">
	<ele>41.80</ele>
	<time>2026-08-10T09:22:38.785Z</time>
	<hdop>4.62</hdop>
	<extensions>
		<gpxtpx:TrackPointExtension>
			<gpxtpx:course>141.6064</gpxtpx:course>
		</gpxtpx:TrackPointExtension>
	</extensions>
</trkpt>
<trkpt lat="44.3776061" lon="14.8107372">
	<ele>41.41</ele>
	<time>2026-08-10T09:22:49.090Z</time>
	<hdop>3.34</hdop>
	<extensions>
		<gpxtpx:TrackPointExtension>
			<gpxtpx:course>130.05539</gpxtpx:course>
		</gpxtpx:TrackPointExtension>
	</extensions>
</trkpt>
<trkpt lat="44.3773894" lon="14.8110447">
	<ele>41.14</ele>
	<time>2026-08-10T09:22:59.090Z</time>
	<hdop>3.17</hdop>
	<extensions>
		<gpxtpx:TrackPointExtension>
			<gpxtpx:course>132.59622</gpxtpx:course>
		</gpxtpx:TrackPointExtension>
	</extensions>
</trkpt>
<trkpt lat="44.3771656" lon="14.8113433">
	<ele>42.48</ele>
	<time>2026-08-10T09:23:09.090Z</time>
	<hdop>4.17</hdop>
	<extensions>
		<gpxtpx:TrackPointExtension>
			<gpxtpx:course>136.0</gpxtpx:course>
		</gpxtpx:TrackPointExtension>
	</extensions>
</trkpt>
<trkpt lat="44.3769270" lon="14.8116909">
	<ele>39.91</ele>
	<time>2026-08-10T09:23:20.089Z</time>
	<hdop>3.79</hdop>
	<extensions>
		<gpxtpx:TrackPointExtension>
			<gpxtpx:course>133.0</gpxtpx:course>
		</gpxtpx:TrackPointExtension>
	</extensions>
</trkpt>
<trkpt lat="44.3767078" lon="14.8120048">
	<ele>42.50</ele>
	<time>2026-08-10T09:23:30.090Z</time>
	<hdop>3.79</hdop>
	<extensions>
		<gpxtpx:TrackPointExtension>
			<gpxtpx:course>134.0</gpxtpx:course>
		</gpxtpx:TrackPointExtension>
	</extensions>
</trkpt>
<trkpt lat="44.3764957" lon="14.8123175">
	<ele>33.42</ele>
	<time>2026-08-10T09:23:40.090Z</time>
	<hdop>3.79</hdop>
	<extensions>
		<gpxtpx:TrackPointExtension>
			<gpxtpx:course>136.0</gpxtpx:course>
		</gpxtpx:TrackPointExtension>
	</extensions>
</trkpt>
<trkpt lat="44.3762659" lon="14.8126230">
	<ele>3.06</ele>
	<time>2026-08-10T09:23:50.090Z</time>
	<hdop>3.79</hdop>
	<extensions>
		<gpxtpx:TrackPointExtension>
			<gpxtpx:course>137.0</gpxtpx:course>
		</gpxtpx:TrackPointExtension>
	</extensions>
</trkpt>
<trkpt lat="44.3760264" lon="14.8129239">
	<ele>-23.70</ele>
	<time>2026-08-10T09:24:00.090Z</time>
	<hdop>3.79</hdop>
	<extensions>
		<gpxtpx:TrackPointExtension>
			<gpxtpx:course>138.0</gpxtpx:course>
		</gpxtpx:TrackPointExtension>
	</extensions>
</trkpt>
<trkpt lat="44.3757712" lon="14.8132420">
	<ele>-30.07</ele>
	<time>2026-08-10T09:24:11.088Z</time>
	<hdop>3.79</hdop>
	<extensions>
		<gpxtpx:TrackPointExtension>
			<gpxtpx:course>137.0</gpxtpx:course>
		</gpxtpx:TrackPointExtension>
	</extensions>
</trkpt>
<trkpt lat="44.3755341" lon="14.8135292">
	<ele>-26.77</ele>
	<time>2026-08-10T09:24:21.088Z</time>
	<hdop>3.79</hdop>
	<extensions>
		<gpxtpx:TrackPointExtension>
			<gpxtpx:course>139.0</gpxtpx:course>
		</gpxtpx:TrackPointExtension>
	</extensions>
</trkpt>
<trkpt lat="44.3752932" lon="14.8138174">
	<ele>-14.98</ele>
	<time>2026-08-10T09:24:31.089Z</time>
	<hdop>3.79</hdop>
	<extensions>
		<gpxtpx:TrackPointExtension>
			<gpxtpx:course>139.0</gpxtpx:course>
		</gpxtpx:TrackPointExtension>
	</extensions>
</trkpt>
<trkpt lat="44.3750364" lon="14.8141254">
	<ele>-6.62</ele>
	<time>2026-08-10T09:24:42.089Z</time>
	<hdop>3.79</hdop>
	<extensions>
		<gpxtpx:TrackPointExtension>
			<gpxtpx:course>141.0</gpxtpx:course>
		</gpxtpx:TrackPointExtension>
	</extensions>
</trkpt>
<trkpt lat="44.3747960" lon="14.8144197">
	<ele>-4.29</ele>
	<time>2026-08-10T09:24:52.090Z</time>
	<hdop>3.79</hdop>
	<extensions>
		<gpxtpx:TrackPointExtension>
			<gpxtpx:course>139.0</gpxtpx:course>
		</gpxtpx:TrackPointExtension>
	</extensions>
</trkpt>
<trkpt lat="44.3745382" lon="14.8147464">
	<ele>4.00</ele>
	<time>2026-08-10T09:25:03.087Z</time>
	<hdop>3.79</hdop>
	<extensions>
		<gpxtpx:TrackPointExtension>
			<gpxtpx:course>136.0</gpxtpx:course>
		</gpxtpx:TrackPointExtension>
	</extensions>
</trkpt>
<trkpt lat="44.3743044" lon="14.8150440">
	<ele>16.04</ele>
	<time>2026-08-10T09:25:13.089Z</time>
	<hdop>3.79</hdop>
	<extensions>
		<gpxtpx:TrackPointExtension>
			<gpxtpx:course>139.0</gpxtpx:course>
		</gpxtpx:TrackPointExtension>
	</extensions>
</trkpt>
<trkpt lat="44.3740681" lon="14.8153302">
	<ele>15.31</ele>
	<time>2026-08-10T09:25:23.089Z</time>
	<hdop>3.79</hdop>
	<extensions>
		<gpxtpx:TrackPointExtension>
			<gpxtpx:course>137.0</gpxtpx:course>
		</gpxtpx:TrackPointExtension>
	</extensions>
</trkpt>
<trkpt lat="44.3738408" lon="14.8156207">
	<ele>14.25</ele>
	<time>2026-08-10T09:25:33.089Z</time>
	<hdop>3.79</hdop>
	<extensions>
		<gpxtpx:TrackPointExtension>
			<gpxtpx:course>138.0</gpxtpx:course>
		</gpxtpx:TrackPointExtension>
	</extensions>
</trkpt>
<trkpt lat="44.3736075" lon="14.8159036">
	<ele>7.84</ele>
	<time>2026-08-10T09:25:43.089Z</time>
	<hdop>3.79</hdop>
	<extensions>
		<gpxtpx:TrackPointExtension>
			<gpxtpx:course>135.0</gpxtpx:course>
		</gpxtpx:TrackPointExtension>
	</extensions>
</trkpt>
<trkpt lat="44.3733647" lon="14.8162007">
	<ele>15.51</ele>
	<time>2026-08-10T09:25:53.090Z</time>
	<hdop>3.79</hdop>
	<extensions>
		<gpxtpx:TrackPointExtension>
			<gpxtpx:course>138.0</gpxtpx:course>
		</gpxtpx:TrackPointExtension>
	</extensions>
</trkpt>
<trkpt lat="44.3731228" lon="14.8165197">
	<ele>24.10</ele>
	<time>2026-08-10T09:26:04.090Z</time>
	<hdop>3.79</hdop>
	<extensions>
		<gpxtpx:TrackPointExtension>
			<gpxtpx:course>138.0</gpxtpx:course>
		</gpxtpx:TrackPointExtension>
	</extensions>
</trkpt>
<trkpt lat="44.3728762" lon="14.8168521">
	<ele>30.56</ele>
	<time>2026-08-10T09:26:15.089Z</time>
	<hdop>3.79</hdop>
	<extensions>
		<gpxtpx:TrackPointExtension>
			<gpxtpx:course>135.0</gpxtpx:course>
		</gpxtpx:TrackPointExtension>
	</extensions>
</trkpt>
<trkpt lat="44.3726519" lon="14.8171578">
	<ele>33.22</ele>
	<time>2026-08-10T09:26:25.090Z</time>
	<hdop>3.79</hdop>
	<extensions>
		<gpxtpx:TrackPointExtension>
			<gpxtpx:course>136.0</gpxtpx:course>
		</gpxtpx:TrackPointExtension>
	</extensions>
</trkpt>
<trkpt lat="44.3724344" lon="14.8174712">
	<ele>37.29</ele>
	<time>2026-08-10T09:26:35.090Z</time>
	<hdop>3.79</hdop>
	<extensions>
		<gpxtpx:TrackPointExtension>
			<gpxtpx:course>134.0</gpxtpx:course>
		</gpxtpx:TrackPointExtension>
	</extensions>
</trkpt>
<trkpt lat="44.3721877" lon="14.8177958">
	<ele>34.27</ele>
	<time>2026-08-10T09:26:46.089Z</time>
	<hdop>3.79</hdop>
	<extensions>
		<gpxtpx:TrackPointExtension>
			<gpxtpx:course>137.0</gpxtpx:course>
		</gpxtpx:TrackPointExtension>
	</extensions>
</trkpt>
<trkpt lat="44.3719326" lon="14.8181033">
	<ele>32.28</ele>
	<time>2026-08-10T09:26:57.088Z</time>
	<hdop>3.79</hdop>
	<extensions>
		<gpxtpx:TrackPointExtension>
			<gpxtpx:course>136.0</gpxtpx:course>
		</gpxtpx:TrackPointExtension>
	</extensions>
</trkpt>
<trkpt lat="44.3716865" lon="14.8183715">
	<ele>31.88</ele>
	<time>2026-08-10T09:27:07.089Z</time>
	<hdop>3.79</hdop>
	<extensions>
		<gpxtpx:TrackPointExtension>
			<gpxtpx:course>143.0</gpxtpx:course>
		</gpxtpx:TrackPointExtension>
	</extensions>
</trkpt>
<trkpt lat="44.3714308" lon="14.8186240">
	<ele>31.92</ele>
	<time>2026-08-10T09:27:17.089Z</time>
	<hdop>3.79</hdop>
	<extensions>
		<gpxtpx:TrackPointExtension>
			<gpxtpx:course>147.0</gpxtpx:course>
		</gpxtpx:TrackPointExtension>
	</extensions>
</trkpt>
<trkpt lat="44.3711445" lon="14.8188724">
	<ele>30.12</ele>
	<time>2026-08-10T09:27:28.090Z</time>
	<hdop>3.79</hdop>
	<extensions>
		<gpxtpx:TrackPointExtension>
			<gpxtpx:course>149.0</gpxtpx:course>
		</gpxtpx:TrackPointExtension>
	</extensions>
</trkpt>
<trkpt lat="44.3708417" lon="14.8191253">
	<ele>19.75</ele>
	<time>2026-08-10T09:27:39.089Z</time>
	<hdop>3.79</hdop>
	<extensions>
		<gpxtpx:TrackPointExtension>
			<gpxtpx:course>148.0</gpxtpx:course>
		</gpxtpx:TrackPointExtension>
	</extensions>
</trkpt>
<trkpt lat="44.3705765" lon="14.8193580">
	<ele>22.29</ele>
	<time>2026-08-10T09:27:49.089Z</time>
	<hdop>3.79</hdop>
	<extensions>
		<gpxtpx:TrackPointExtension>
			<gpxtpx:course>145.0</gpxtpx:course>
		</gpxtpx:TrackPointExtension>
	</extensions>
</trkpt>
<trkpt lat="44.3702925" lon="14.8196214">
	<ele>21.78</ele>
	<time>2026-08-10T09:28:00.089Z</time>
	<hdop>3.79</hdop>
	<extensions>
		<gpxtpx:TrackPointExtension>
			<gpxtpx:course>145.0</gpxtpx:course>
		</gpxtpx:TrackPointExtension>
	</extensions>
</trkpt>
<trkpt lat="44.3700320" lon="14.8198740">
	<ele>23.48</ele>
	<time>2026-08-10T09:28:10.089Z</time>
	<hdop>3.79</hdop>
	<extensions>
		<gpxtpx:TrackPointExtension>
			<gpxtpx:course>145.0</gpxtpx:course>
		</gpxtpx:TrackPointExtension>
	</extensions>
</trkpt>
<trkpt lat="44.3697535" lon="14.8201285">
	<ele>28.30</ele>
	<time>2026-08-10T09:28:20.089Z</time>
	<hdop>3.79</hdop>
	<extensions>
		<gpxtpx:TrackPointExtension>
			<gpxtpx:course>144.0</gpxtpx:course>
		</gpxtpx:TrackPointExtension>
	</extensions>
</trkpt>
<trkpt lat="44.3694802" lon="14.8204047">
	<ele>23.88</ele>
	<time>2026-08-10T09:28:30.089Z</time>
	<hdop>3.79</hdop>
	<extensions>
		<gpxtpx:TrackPointExtension>
			<gpxtpx:course>145.0</gpxtpx:course>
		</gpxtpx:TrackPointExtension>
	</extensions>
</trkpt>
<trkpt lat="44.3691829" lon="14.8207047">
	<ele>23.60</ele>
	<time>2026-08-10T09:28:41.089Z</time>
	<hdop>3.79</hdop>
	<extensions>
		<gpxtpx:TrackPointExtension>
			<gpxtpx:course>144.0</gpxtpx:course>
		</gpxtpx:TrackPointExtension>
	</extensions>
</trkpt>
<trkpt lat="44.3689086" lon="14.8209855">
	<ele>23.66</ele>
	<time>2026-08-10T09:28:51.089Z</time>
	<hdop>3.79</hdop>
	<extensions>
		<gpxtpx:TrackPointExtension>
			<gpxtpx:course>144.0</gpxtpx:course>
		</gpxtpx:TrackPointExtension>
	</extensions>
</trkpt>
<trkpt lat="44.3686345" lon="14.8212510">
	<ele>19.17</ele>
	<time>2026-08-10T09:29:01.089Z</time>
	<hdop>3.79</hdop>
	<extensions>
		<gpxtpx:TrackPointExtension>
			<gpxtpx:course>145.0</gpxtpx:course>
		</gpxtpx:TrackPointExtension>
	</extensions>
</trkpt>
<trkpt lat="44.3683652" lon="14.8215192">
	<ele>19.83</ele>
	<time>2026-08-10T09:29:11.089Z</time>
	<hdop>3.79</hdop>
	<extensions>
		<gpxtpx:TrackPointExtension>
			<gpxtpx:course>145.0</gpxtpx:course>
		</gpxtpx:TrackPointExtension>
	</extensions>
</trkpt>
<trkpt lat="44.3680630" lon="14.8218018">
	<ele>16.04</ele>
	<time>2026-08-10T09:29:22.088Z</time>
	<hdop>3.79</hdop>
	<extensions>
		<gpxtpx:TrackPointExtension>
			<gpxtpx:course>145.0</gpxtpx:course>
		</gpxtpx:TrackPointExtension>
	</extensions>
</trkpt>
<trkpt lat="44.3677810" lon="14.8220612">
	<ele>17.78</ele>
	<time>2026-08-10T09:29:32.089Z</time>
	<hdop>3.79</hdop>
	<extensions>
		<gpxtpx:TrackPointExtension>
			<gpxtpx:course>148.0</gpxtpx:course>
		</gpxtpx:TrackPointExtension>
	</extensions>
</trkpt>
<trkpt lat="44.3674909" lon="14.8223077">
	<ele>17.79</ele>
	<time>2026-08-10T09:29:42.089Z</time>
	<hdop>3.79</hdop>
	<extensions>
		<gpxtpx:TrackPointExtension>
			<gpxtpx:course>149.0</gpxtpx:course>
		</gpxtpx:TrackPointExtension>
	</extensions>
</trkpt>
<trkpt lat="44.3671591" lon="14.8225536">
	<ele>14.25</ele>
	<time>2026-08-10T09:29:53.088Z</time>
	<hdop>3.79</hdop>
	<extensions>
		<gpxtpx:TrackPointExtension>
			<gpxtpx:course>152.0</gpxtpx:course>
		</gpxtpx:TrackPointExtension>
	</extensions>
</trkpt>
<trkpt lat="44.3668610" lon="14.8227811">
	<ele>15.58</ele>
	<time>2026-08-10T09:30:03.088Z</time>
	<hdop>3.79</hdop>
	<extensions>
		<gpxtpx:TrackPointExtension>
			<gpxtpx:course>150.0</gpxtpx:course>
		</gpxtpx:TrackPointExtension>
	</extensions>
</trkpt>
<trkpt lat="44.3665487" lon="14.8230616">
	<ele>8.89</ele>
	<time>2026-08-10T09:30:14.088Z</time>
	<hdop>3.79</hdop>
	<extensions>
		<gpxtpx:TrackPointExtension>
			<gpxtpx:course>149.0</gpxtpx:course>
		</gpxtpx:TrackPointExtension>
	</extensions>
</trkpt>
<trkpt lat="44.3662629" lon="14.8233241">
	<ele>11.00</ele>
	<time>2026-08-10T09:30:24.088Z</time>
	<hdop>3.79</hdop>
	<extensions>
		<gpxtpx:TrackPointExtension>
			<gpxtpx:course>145.0</gpxtpx:course>
		</gpxtpx:TrackPointExtension>
	</extensions>
</trkpt>
<trkpt lat="44.3659840" lon="14.8235907">
	<ele>13.60</ele>
	<time>2026-08-10T09:30:34.089Z</time>
	<hdop>3.79</hdop>
	<extensions>
		<gpxtpx:TrackPointExtension>
			<gpxtpx:course>146.0</gpxtpx:course>
		</gpxtpx:TrackPointExtension>
	</extensions>
</trkpt>
<trkpt lat="44.3657031" lon="14.8238677">
	<ele>7.81</ele>
	<time>2026-08-10T09:30:44.089Z</time>
	<hdop>3.79</hdop>
	<extensions>
		<gpxtpx:TrackPointExtension>
			<gpxtpx:course>143.0</gpxtpx:course>
		</gpxtpx:TrackPointExtension>
	</extensions>
</trkpt>
<trkpt lat="44.3654281" lon="14.8241410">
	<ele>9.21</ele>
	<time>2026-08-10T09:30:54.089Z</time>
	<hdop>3.79</hdop>
	<extensions>
		<gpxtpx:TrackPointExtension>
			<gpxtpx:course>142.0</gpxtpx:course>
		</gpxtpx:TrackPointExtension>
	</extensions>
</trkpt>
<trkpt lat="44.3651576" lon="14.8244266">
	<ele>8.53</ele>
	<time>2026-08-10T09:31:04.089Z</time>
	<hdop>3.79</hdop>
	<extensions>
		<gpxtpx:TrackPointExtension>
			<gpxtpx:course>141.0</gpxtpx:course>
		</gpxtpx:TrackPointExtension>
	</extensions>
</trkpt>
<trkpt lat="44.3648892" lon="14.8247261">
	<ele>3.38</ele>
	<time>2026-08-10T09:31:14.089Z</time>
	<hdop>3.79</hdop>
	<extensions>
		<gpxtpx:TrackPointExtension>
			<gpxtpx:course>140.0</gpxtpx:course>
		</gpxtpx:TrackPointExtension>
	</extensions>
</trkpt>
<trkpt lat="44.3646272" lon="14.8250195">
	<ele>4.83</ele>
	<time>2026-08-10T09:31:24.089Z</time>
	<hdop>3.79</hdop>
	<extensions>
		<gpxtpx:TrackPointExtension>
			<gpxtpx:course>140.0</gpxtpx:course>
		</gpxtpx:TrackPointExtension>
	</extensions>
</trkpt>
<trkpt lat="44.3643463" lon="14.8253584">
	<ele>1.59</ele>
	<time>2026-08-10T09:31:35.088Z</time>
	<hdop>3.79</hdop>
	<extensions>
		<gpxtpx:TrackPointExtension>
			<gpxtpx:course>139.0</gpxtpx:course>
		</gpxtpx:TrackPointExtension>
	</extensions>
</trkpt>
<trkpt lat="44.3640916" lon="14.8256643">
	<ele>3.11</ele>
	<time>2026-08-10T09:31:45.089Z</time>
	<hdop>3.79</hdop>
	<extensions>
		<gpxtpx:TrackPointExtension>
			<gpxtpx:course>139.0</gpxtpx:course>
		</gpxtpx:TrackPointExtension>
	</extensions>
</trkpt>
<trkpt lat="44.3638104" lon="14.8260174">
	<ele>6.64</ele>
	<time>2026-08-10T09:31:56.087Z</time>
	<hdop>3.79</hdop>
	<extensions>
		<gpxtpx:TrackPointExtension>
			<gpxtpx:course>137.0</gpxtpx:course>
		</gpxtpx:TrackPointExtension>
	</extensions>
</trkpt>
<trkpt lat="44.3635584" lon="14.8263334">
	<ele>4.98</ele>
	<time>2026-08-10T09:32:06.089Z</time>
	<hdop>3.79</hdop>
	<extensions>
		<gpxtpx:TrackPointExtension>
			<gpxtpx:course>136.0</gpxtpx:course>
		</gpxtpx:TrackPointExtension>
	</extensions>
</trkpt>
<trkpt lat="44.3632851" lon="14.8266848">
	<ele>-0.37</ele>
	<time>2026-08-10T09:32:17.089Z</time>
	<hdop>3.79</hdop>
	<extensions>
		<gpxtpx:TrackPointExtension>
			<gpxtpx:course>139.0</gpxtpx:course>
		</gpxtpx:TrackPointExtension>
	</extensions>
</trkpt>
<trkpt lat="44.3630321" lon="14.8270022">
	<ele>2.70</ele>
	<time>2026-08-10T09:32:27.089Z</time>
	<hdop>3.79</hdop>
	<extensions>
		<gpxtpx:TrackPointExtension>
			<gpxtpx:course>137.0</gpxtpx:course>
		</gpxtpx:TrackPointExtension>
	</extensions>
</trkpt>
<trkpt lat="44.3627588" lon="14.8273523">
	<ele>1.28</ele>
	<time>2026-08-10T09:32:38.088Z</time>
	<hdop>3.79</hdop>
	<extensions>
		<gpxtpx:TrackPointExtension>
			<gpxtpx:course>137.0</gpxtpx:course>
		</gpxtpx:TrackPointExtension>
	</extensions>
</trkpt>
<trkpt lat="44.3625145" lon="14.8276695">
	<ele>0.45</ele>
	<time>2026-08-10T09:32:48.088Z</time>
	<hdop>3.79</hdop>
	<extensions>
		<gpxtpx:TrackPointExtension>
			<gpxtpx:course>135.0</gpxtpx:course>
		</gpxtpx:TrackPointExtension>
	</extensions>
</trkpt>
<trkpt lat="44.3622665" lon="14.8279908">
	<ele>-2.49</ele>
	<time>2026-08-10T09:32:58.088Z</time>
	<hdop>3.79</hdop>
	<extensions>
		<gpxtpx:TrackPointExtension>
			<gpxtpx:course>138.0</gpxtpx:course>
		</gpxtpx:TrackPointExtension>
	</extensions>
</trkpt>
<trkpt lat="44.3620182" lon="14.8283173">
	<ele>-1.14</ele>
	<time>2026-08-10T09:33:08.088Z</time>
	<hdop>3.79</hdop>
	<extensions>
		<gpxtpx:TrackPointExtension>
			<gpxtpx:course>136.0</gpxtpx:course>
		</gpxtpx:TrackPointExtension>
	</extensions>
</trkpt>
<trkpt lat="44.3617785" lon="14.8286536">
	<ele>1.58</ele>
	<time>2026-08-10T09:33:18.088Z</time>
	<hdop>3.79</hdop>
	<extensions>
		<gpxtpx:TrackPointExtension>
			<gpxtpx:course>134.0</gpxtpx:course>
		</gpxtpx:TrackPointExtension>
	</extensions>
</trkpt>
<trkpt lat="44.3615274" lon="14.8290266">
	<ele>1.92</ele>
	<time>2026-08-10T09:33:29.089Z</time>
	<hdop>3.79</hdop>
	<extensions>
		<gpxtpx:TrackPointExtension>
			<gpxtpx:course>131.0</gpxtpx:course>
		</gpxtpx:TrackPointExtension>
	</extensions>
</trkpt>
<trkpt lat="44.3612775" lon="14.8294170">
	<ele>0.98</ele>
	<time>2026-08-10T09:33:40.089Z</time>
	<hdop>3.79</hdop>
	<extensions>
		<gpxtpx:TrackPointExtension>
			<gpxtpx:course>132.0</gpxtpx:course>
		</gpxtpx:TrackPointExtension>
	</extensions>
</trkpt>
<trkpt lat="44.3610365" lon="14.8298110">
	<ele>2.63</ele>
	<time>2026-08-10T09:33:51.087Z</time>
	<hdop>3.79</hdop>
	<extensions>
		<gpxtpx:TrackPointExtension>
			<gpxtpx:course>130.0</gpxtpx:course>
		</gpxtpx:TrackPointExtension>
	</extensions>
</trkpt>
<trkpt lat="44.3608145" lon="14.8301697">
	<ele>2.94</ele>
	<time>2026-08-10T09:34:01.088Z</time>
	<hdop>3.79</hdop>
	<extensions>
		<gpxtpx:TrackPointExtension>
			<gpxtpx:course>129.0</gpxtpx:course>
		</gpxtpx:TrackPointExtension>
	</extensions>
</trkpt>
<trkpt lat="44.3605761" lon="14.8305695">
	<ele>2.28</ele>
	<time>2026-08-10T09:34:12.087Z</time>
	<hdop>3.79</hdop>
	<extensions>
		<gpxtpx:TrackPointExtension>
			<gpxtpx:course>132.0</gpxtpx:course>
		</gpxtpx:TrackPointExtension>
	</extensions>
</trkpt>
<trkpt lat="44.3603731" lon="14.8309399">
	<ele>-3.66</ele>
	<time>2026-08-10T09:34:22.087Z</time>
	<hdop>3.79</hdop>
	<extensions>
		<gpxtpx:TrackPointExtension>
			<gpxtpx:course>130.0</gpxtpx:course>
		</gpxtpx:TrackPointExtension>
	</extensions>
</trkpt>
<trkpt lat="44.3601509" lon="14.8313053">
	<ele>-36.86</ele>
	<time>2026-08-10T09:34:32.088Z</time>
	<hdop>3.79</hdop>
	<extensions>
		<gpxtpx:TrackPointExtension>
			<gpxtpx:course>124.0</gpxtpx:course>
		</gpxtpx:TrackPointExtension>
	</extensions>
</trkpt>
<trkpt lat="44.3599529" lon="14.8317515">
	<ele>-42.45</ele>
	<time>2026-08-10T09:34:43.089Z</time>
	<hdop>3.79</hdop>
	<extensions>
		<gpxtpx:TrackPointExtension>
			<gpxtpx:course>125.0</gpxtpx:course>
		</gpxtpx:TrackPointExtension>
	</extensions>
</trkpt>
<trkpt lat="44.3596990" lon="14.8321318">
	<ele>-35.91</ele>
	<time>2026-08-10T09:34:54.089Z</time>
	<hdop>3.79</hdop>
	<extensions>
		<gpxtpx:TrackPointExtension>
			<gpxtpx:course>135.0</gpxtpx:course>
		</gpxtpx:TrackPointExtension>
	</extensions>
</trkpt>
<trkpt lat="44.3594756" lon="14.8324860">
	<ele>-46.50</ele>
	<time>2026-08-10T09:35:04.089Z</time>
	<hdop>3.79</hdop>
	<extensions>
		<gpxtpx:TrackPointExtension>
			<gpxtpx:course>132.0</gpxtpx:course>
		</gpxtpx:TrackPointExtension>
	</extensions>
</trkpt>
<trkpt lat="44.3592521" lon="14.8328479">
	<ele>-38.69</ele>
	<time>2026-08-10T09:35:14.089Z</time>
	<hdop>3.79</hdop>
	<extensions>
		<gpxtpx:TrackPointExtension>
			<gpxtpx:course>132.0</gpxtpx:course>
		</gpxtpx:TrackPointExtension>
	</extensions>
</trkpt>
<trkpt lat="44.3589762" lon="14.8332095">
	<ele>-29.99</ele>
	<time>2026-08-10T09:35:25.088Z</time>
	<hdop>3.79</hdop>
	<extensions>
		<gpxtpx:TrackPointExtension>
			<gpxtpx:course>137.0</gpxtpx:course>
		</gpxtpx:TrackPointExtension>
	</extensions>
</trkpt>
<trkpt lat="44.3587130" lon="14.8335154">
	<ele>-29.75</ele>
	<time>2026-08-10T09:35:35.088Z</time>
	<hdop>3.79</hdop>
	<extensions>
		<gpxtpx:TrackPointExtension>
			<gpxtpx:course>144.0</gpxtpx:course>
		</gpxtpx:TrackPointExtension>
	</extensions>
</trkpt>
<trkpt lat="44.3584299" lon="14.8337935">
	<ele>-21.32</ele>
	<time>2026-08-10T09:35:45.088Z</time>
	<hdop>3.79</hdop>
	<extensions>
		<gpxtpx:TrackPointExtension>
			<gpxtpx:course>145.0</gpxtpx:course>
		</gpxtpx:TrackPointExtension>
	</extensions>
</trkpt>
<trkpt lat="44.3581177" lon="14.8340938">
	<ele>-6.71</ele>
	<time>2026-08-10T09:35:56.087Z</time>
	<hdop>3.79</hdop>
	<extensions>
		<gpxtpx:TrackPointExtension>
			<gpxtpx:course>146.0</gpxtpx:course>
		</gpxtpx:TrackPointExtension>
	</extensions>
</trkpt>
<trkpt lat="44.3578329" lon="14.8343627">
	<ele>-2.63</ele>
	<time>2026-08-10T09:36:06.088Z</time>
	<hdop>3.79</hdop>
	<extensions>
		<gpxtpx:TrackPointExtension>
			<gpxtpx:course>145.0</gpxtpx:course>
		</gpxtpx:TrackPointExtension>
	</extensions>
</trkpt>
<trkpt lat="44.3575575" lon="14.8346366">
	<ele>3.37</ele>
	<time>2026-08-10T09:36:16.088Z</time>
	<hdop>3.79</hdop>
	<extensions>
		<gpxtpx:TrackPointExtension>
			<gpxtpx:course>145.0</gpxtpx:course>
		</gpxtpx:TrackPointExtension>
	</extensions>
</trkpt>
<trkpt lat="44.3572401" lon="14.8349198">
	<ele>2.59</ele>
	<time>2026-08-10T09:36:27.088Z</time>
	<hdop>3.79</hdop>
	<extensions>
		<gpxtpx:TrackPointExtension>
			<gpxtpx:course>146.0</gpxtpx:course>
		</gpxtpx:TrackPointExtension>
	</extensions>
</trkpt>
<trkpt lat="44.3569338" lon="14.8352030">
	<ele>3.32</ele>
	<time>2026-08-10T09:36:38.088Z</time>
	<hdop>3.79</hdop>
	<extensions>
		<gpxtpx:TrackPointExtension>
			<gpxtpx:course>145.0</gpxtpx:course>
		</gpxtpx:TrackPointExtension>
	</extensions>
</trkpt>
<trkpt lat="44.3566495" lon="14.8354655">
	<ele>1.34</ele>
	<time>2026-08-10T09:36:48.088Z</time>
	<hdop>3.79</hdop>
	<extensions>
		<gpxtpx:TrackPointExtension>
			<gpxtpx:course>146.0</gpxtpx:course>
		</gpxtpx:TrackPointExtension>
	</extensions>
</trkpt>
<trkpt lat="44.3563384" lon="14.8357531">
	<ele>-1.08</ele>
	<time>2026-08-10T09:36:59.088Z</time>
	<hdop>3.79</hdop>
	<extensions>
		<gpxtpx:TrackPointExtension>
			<gpxtpx:course>145.0</gpxtpx:course>
		</gpxtpx:TrackPointExtension>
	</extensions>
</trkpt>
<trkpt lat="44.3560547" lon="14.8360123">
	<ele>-0.78</ele>
	<time>2026-08-10T09:37:09.088Z</time>
	<hdop>3.79</hdop>
	<extensions>
		<gpxtpx:TrackPointExtension>
			<gpxtpx:course>147.0</gpxtpx:course>
		</gpxtpx:TrackPointExtension>
	</extensions>
</trkpt>
<trkpt lat="44.3557784" lon="14.8362731">
	<ele>0.12</ele>
	<time>2026-08-10T09:37:19.088Z</time>
	<hdop>3.79</hdop>
	<extensions>
		<gpxtpx:TrackPointExtension>
			<gpxtpx:course>145.0</gpxtpx:course>
		</gpxtpx:TrackPointExtension>
	</extensions>
</trkpt>
<trkpt lat="44.3554707" lon="14.8365588">
	<ele>-5.96</ele>
	<time>2026-08-10T09:37:30.087Z</time>
	<hdop>3.79</hdop>
	<extensions>
		<gpxtpx:TrackPointExtension>
			<gpxtpx:course>146.0</gpxtpx:course>
		</gpxtpx:TrackPointExtension>
	</extensions>
</trkpt>
<trkpt lat="44.3551855" lon="14.8368103">
	<ele>-10.22</ele>
	<time>2026-08-10T09:37:40.087Z</time>
	<hdop>3.79</hdop>
	<extensions>
		<gpxtpx:TrackPointExtension>
			<gpxtpx:course>147.0</gpxtpx:course>
		</gpxtpx:TrackPointExtension>
	</extensions>
</trkpt>
<trkpt lat="44.3549120" lon="14.8370683">
	<ele>-10.25</ele>
	<time>2026-08-10T09:37:50.087Z</time>
	<hdop>3.79</hdop>
	<extensions>
		<gpxtpx:TrackPointExtension>
			<gpxtpx:course>146.0</gpxtpx:course>
		</gpxtpx:TrackPointExtension>
	</extensions>
</trkpt>
<trkpt lat="44.3546372" lon="14.8373414">
	<ele>-7.80</ele>
	<time>2026-08-10T09:38:00.087Z</time>
	<hdop>3.79</hdop>
	<extensions>
		<gpxtpx:TrackPointExtension>
			<gpxtpx:course>145.0</gpxtpx:course>
		</gpxtpx:TrackPointExtension>
	</extensions>
</trkpt>
<trkpt lat="44.3543565" lon="14.8375954">
	<ele>-3.55</ele>
	<time>2026-08-10T09:38:10.088Z</time>
	<hdop>3.79</hdop>
	<extensions>
		<gpxtpx:TrackPointExtension>
			<gpxtpx:course>146.0</gpxtpx:course>
		</gpxtpx:TrackPointExtension>
	</extensions>
</trkpt>
<trkpt lat="44.3540802" lon="14.8378559">
	<ele>0.44</ele>
	<time>2026-08-10T09:38:20.088Z</time>
	<hdop>3.79</hdop>
	<extensions>
		<gpxtpx:TrackPointExtension>
			<gpxtpx:course>146.0</gpxtpx:course>
		</gpxtpx:TrackPointExtension>
	</extensions>
</trkpt>
<trkpt lat="44.3537724" lon="14.8381458">
	<ele>0.23</ele>
	<time>2026-08-10T09:38:31.088Z</time>
	<hdop>3.79</hdop>
	<extensions>
		<gpxtpx:TrackPointExtension>
			<gpxtpx:course>145.0</gpxtpx:course>
		</gpxtpx:TrackPointExtension>
	</extensions>
</trkpt>
<trkpt lat="44.3535035" lon="14.8384016">
	<ele>0.92</ele>
	<time>2026-08-10T09:38:41.088Z</time>
	<hdop>3.79</hdop>
	<extensions>
		<gpxtpx:TrackPointExtension>
			<gpxtpx:course>146.0</gpxtpx:course>
		</gpxtpx:TrackPointExtension>
	</extensions>
</trkpt>
<trkpt lat="44.3531947" lon="14.8386946">
	<ele>-0.02</ele>
	<time>2026-08-10T09:38:52.087Z</time>
	<hdop>3.79</hdop>
	<extensions>
		<gpxtpx:TrackPointExtension>
			<gpxtpx:course>145.0</gpxtpx:course>
		</gpxtpx:TrackPointExtension>
	</extensions>
</trkpt>
<trkpt lat="44.3529223" lon="14.8389579">
	<ele>0.33</ele>
	<time>2026-08-10T09:39:02.088Z</time>
	<hdop>3.79</hdop>
	<extensions>
		<gpxtpx:TrackPointExtension>
			<gpxtpx:course>145.0</gpxtpx:course>
		</gpxtpx:TrackPointExtension>
	</extensions>
</trkpt>
<trkpt lat="44.3526532" lon="14.8392221">
	<ele>0.91</ele>
	<time>2026-08-10T09:39:12.088Z</time>
	<hdop>3.79</hdop>
	<extensions>
		<gpxtpx:TrackPointExtension>
			<gpxtpx:course>146.0</gpxtpx:course>
		</gpxtpx:TrackPointExtension>
	</extensions>
</trkpt>
<trkpt lat="44.3523565" lon="14.8395109">
	<ele>-6.72</ele>
	<time>2026-08-10T09:39:23.088Z</time>
	<hdop>3.79</hdop>
	<extensions>
		<gpxtpx:TrackPointExtension>
			<gpxtpx:course>143.0</gpxtpx:course>
		</gpxtpx:TrackPointExtension>
	</extensions>
</trkpt>
<trkpt lat="44.3520519" lon="14.8398033">
	<ele>-34.48</ele>
	<time>2026-08-10T09:39:34.087Z</time>
	<hdop>7.52</hdop>
	<extensions>
		<gpxtpx:TrackPointExtension>
			<gpxtpx:course>145.0</gpxtpx:course>
		</gpxtpx:TrackPointExtension>
	</extensions>
</trkpt>
<trkpt lat="44.3517555" lon="14.8400716">
	<ele>-50.21</ele>
	<time>2026-08-10T09:39:45.087Z</time>
	<hdop>3.79</hdop>
	<extensions>
		<gpxtpx:TrackPointExtension>
			<gpxtpx:course>146.0</gpxtpx:course>
		</gpxtpx:TrackPointExtension>
	</extensions>
</trkpt>
<trkpt lat="44.3514735" lon="14.8403357">
	<ele>-43.96</ele>
	<time>2026-08-10T09:39:55.087Z</time>
	<hdop>3.79</hdop>
	<extensions>
		<gpxtpx:TrackPointExtension>
			<gpxtpx:course>146.0</gpxtpx:course>
		</gpxtpx:TrackPointExtension>
	</extensions>
</trkpt>
<trkpt lat="44.3512010" lon="14.8405941">
	<ele>-29.61</ele>
	<time>2026-08-10T09:40:05.088Z</time>
	<hdop>3.79</hdop>
	<extensions>
		<gpxtpx:TrackPointExtension>
			<gpxtpx:course>145.0</gpxtpx:course>
		</gpxtpx:TrackPointExtension>
	</extensions>
</trkpt>
<trkpt lat="44.3509264" lon="14.8408551">
	<ele>-15.74</ele>
	<time>2026-08-10T09:40:15.088Z</time>
	<hdop>3.79</hdop>
	<extensions>
		<gpxtpx:TrackPointExtension>
			<gpxtpx:course>146.0</gpxtpx:course>
		</gpxtpx:TrackPointExtension>
	</extensions>
</trkpt>
<trkpt lat="44.3506229" lon="14.8411487">
	<ele>-9.21</ele>
	<time>2026-08-10T09:40:26.088Z</time>
	<hdop>3.79</hdop>
	<extensions>
		<gpxtpx:TrackPointExtension>
			<gpxtpx:course>145.0</gpxtpx:course>
		</gpxtpx:TrackPointExtension>
	</extensions>
</trkpt>
<trkpt lat="44.3503269" lon="14.8414379">
	<ele>-4.28</ele>
	<time>2026-08-10T09:40:37.088Z</time>
	<hdop>3.79</hdop>
	<extensions>
		<gpxtpx:TrackPointExtension>
			<gpxtpx:course>144.0</gpxtpx:course>
		</gpxtpx:TrackPointExtension>
	</extensions>
</trkpt>
<trkpt lat="44.3500303" lon="14.8417320">
	<ele>-4.06</ele>
	<time>2026-08-10T09:40:48.088Z</time>
	<hdop>3.79</hdop>
	<extensions>
		<gpxtpx:TrackPointExtension>
			<gpxtpx:course>144.0</gpxtpx:course>
		</gpxtpx:TrackPointExtension>
	</extensions>
</trkpt>
<trkpt lat="44.3497312" lon="14.8420282">
	<ele>-1.59</ele>
	<time>2026-08-10T09:40:59.087Z</time>
	<hdop>3.79</hdop>
	<extensions>
		<gpxtpx:TrackPointExtension>
			<gpxtpx:course>145.0</gpxtpx:course>
		</gpxtpx:TrackPointExtension>
	</extensions>
</trkpt>
<trkpt lat="44.3494388" lon="14.8423117">
	<ele>0.08</ele>
	<time>2026-08-10T09:41:10.087Z</time>
	<hdop>3.79</hdop>
	<extensions>
		<gpxtpx:TrackPointExtension>
			<gpxtpx:course>143.0</gpxtpx:course>
		</gpxtpx:TrackPointExtension>
	</extensions>
</trkpt>
<trkpt lat="44.3491744" lon="14.8425774">
	<ele>3.02</ele>
	<time>2026-08-10T09:41:20.088Z</time>
	<hdop>3.79</hdop>
	<extensions>
		<gpxtpx:TrackPointExtension>
			<gpxtpx:course>144.0</gpxtpx:course>
		</gpxtpx:TrackPointExtension>
	</extensions>
</trkpt>
<trkpt lat="44.3489173" lon="14.8428445">
	<ele>3.96</ele>
	<time>2026-08-10T09:41:30.088Z</time>
	<hdop>3.79</hdop>
	<extensions>
		<gpxtpx:TrackPointExtension>
			<gpxtpx:course>144.0</gpxtpx:course>
		</gpxtpx:TrackPointExtension>
	</extensions>
</trkpt>
<trkpt lat="44.3486255" lon="14.8431445">
	<ele>6.62</ele>
	<time>2026-08-10T09:41:41.087Z</time>
	<hdop>3.79</hdop>
	<extensions>
		<gpxtpx:TrackPointExtension>
			<gpxtpx:course>144.0</gpxtpx:course>
		</gpxtpx:TrackPointExtension>
	</extensions>
</trkpt>
<trkpt lat="44.3483296" lon="14.8434370">
	<ele>8.06</ele>
	<time>2026-08-10T09:41:52.088Z</time>
	<hdop>3.79</hdop>
	<extensions>
		<gpxtpx:TrackPointExtension>
			<gpxtpx:course>143.0</gpxtpx:course>
		</gpxtpx:TrackPointExtension>
	</extensions>
</trkpt>
<trkpt lat="44.3480408" lon="14.8437273">
	<ele>8.29</ele>
	<time>2026-08-10T09:42:03.086Z</time>
	<hdop>3.79</hdop>
	<extensions>
		<gpxtpx:TrackPointExtension>
			<gpxtpx:course>144.0</gpxtpx:course>
		</gpxtpx:TrackPointExtension>
	</extensions>
</trkpt>
<trkpt lat="44.3477766" lon="14.8439997">
	<ele>6.41</ele>
	<time>2026-08-10T09:42:13.086Z</time>
	<hdop>3.79</hdop>
	<extensions>
		<gpxtpx:TrackPointExtension>
			<gpxtpx:course>143.0</gpxtpx:course>
		</gpxtpx:TrackPointExtension>
	</extensions>
</trkpt>
<trkpt lat="44.3475114" lon="14.8442662">
	<ele>6.70</ele>
	<time>2026-08-10T09:42:23.088Z</time>
	<hdop>3.79</hdop>
	<extensions>
		<gpxtpx:TrackPointExtension>
			<gpxtpx:course>144.0</gpxtpx:course>
		</gpxtpx:TrackPointExtension>
	</extensions>
</trkpt>
<trkpt lat="44.3472257" lon="14.8445602">
	<ele>7.58</ele>
	<time>2026-08-10T09:42:34.086Z</time>
	<hdop>3.79</hdop>
	<extensions>
		<gpxtpx:TrackPointExtension>
			<gpxtpx:course>143.0</gpxtpx:course>
		</gpxtpx:TrackPointExtension>
	</extensions>
</trkpt>
<trkpt lat="44.3469722" lon="14.8448361">
	<ele>7.14</ele>
	<time>2026-08-10T09:42:44.086Z</time>
	<hdop>3.79</hdop>
	<extensions>
		<gpxtpx:TrackPointExtension>
			<gpxtpx:course>142.0</gpxtpx:course>
		</gpxtpx:TrackPointExtension>
	</extensions>
</trkpt>
<trkpt lat="44.3467146" lon="14.8451151">
	<ele>7.14</ele>
	<time>2026-08-10T09:42:54.087Z</time>
	<hdop>3.79</hdop>
	<extensions>
		<gpxtpx:TrackPointExtension>
			<gpxtpx:course>141.0</gpxtpx:course>
		</gpxtpx:TrackPointExtension>
	</extensions>
</trkpt>
<trkpt lat="44.3464604" lon="14.8453903">
	<ele>7.38</ele>
	<time>2026-08-10T09:43:04.087Z</time>
	<hdop>3.79</hdop>
	<extensions>
		<gpxtpx:TrackPointExtension>
			<gpxtpx:course>142.0</gpxtpx:course>
		</gpxtpx:TrackPointExtension>
	</extensions>
</trkpt>
<trkpt lat="44.3462028" lon="14.8456692">
	<ele>6.48</ele>
	<time>2026-08-10T09:43:14.087Z</time>
	<hdop>3.79</hdop>
	<extensions>
		<gpxtpx:TrackPointExtension>
			<gpxtpx:course>143.0</gpxtpx:course>
		</gpxtpx:TrackPointExtension>
	</extensions>
</trkpt>
<trkpt lat="44.3459123" lon="14.8459745">
	<ele>6.99</ele>
	<time>2026-08-10T09:43:25.086Z</time>
	<hdop>3.79</hdop>
	<extensions>
		<gpxtpx:TrackPointExtension>
			<gpxtpx:course>142.0</gpxtpx:course>
		</gpxtpx:TrackPointExtension>
	</extensions>
</trkpt>
<trkpt lat="44.3456578" lon="14.8462490">
	<ele>6.35</ele>
	<time>2026-08-10T09:43:35.086Z</time>
	<hdop>3.79</hdop>
	<extensions>
		<gpxtpx:TrackPointExtension>
			<gpxtpx:course>142.0</gpxtpx:course>
		</gpxtpx:TrackPointExtension>
	</extensions>
</trkpt>
<trkpt lat="44.3453980" lon="14.8465258">
	<ele>5.69</ele>
	<time>2026-08-10T09:43:45.086Z</time>
	<hdop>3.79</hdop>
	<extensions>
		<gpxtpx:TrackPointExtension>
			<gpxtpx:course>143.0</gpxtpx:course>
		</gpxtpx:TrackPointExtension>
	</extensions>
</trkpt>
<trkpt lat="44.3451312" lon="14.8468194">
	<ele>4.26</ele>
	<time>2026-08-10T09:43:55.086Z</time>
	<hdop>3.79</hdop>
	<extensions>
		<gpxtpx:TrackPointExtension>
			<gpxtpx:course>142.0</gpxtpx:course>
		</gpxtpx:TrackPointExtension>
	</extensions>
</trkpt>
<trkpt lat="44.3448698" lon="14.8471017">
	<ele>0.60</ele>
	<time>2026-08-10T09:44:05.087Z</time>
	<hdop>3.79</hdop>
	<extensions>
		<gpxtpx:TrackPointExtension>
			<gpxtpx:course>141.0</gpxtpx:course>
		</gpxtpx:TrackPointExtension>
	</extensions>
</trkpt>
<trkpt lat="44.3446158" lon="14.8473884">
	<ele>0.97</ele>
	<time>2026-08-10T09:44:15.087Z</time>
	<hdop>3.79</hdop>
	<extensions>
		<gpxtpx:TrackPointExtension>
			<gpxtpx:course>140.0</gpxtpx:course>
		</gpxtpx:TrackPointExtension>
	</extensions>
</trkpt>
<trkpt lat="44.3443358" lon="14.8477055">
	<ele>0.36</ele>
	<time>2026-08-10T09:44:26.087Z</time>
	<hdop>3.79</hdop>
	<extensions>
		<gpxtpx:TrackPointExtension>
			<gpxtpx:course>143.0</gpxtpx:course>
		</gpxtpx:TrackPointExtension>
	</extensions>
</trkpt>
<trkpt lat="44.3440783" lon="14.8479934">
	<ele>0.10</ele>
	<time>2026-08-10T09:44:36.087Z</time>
	<hdop>3.79</hdop>
	<extensions>
		<gpxtpx:TrackPointExtension>
			<gpxtpx:course>141.0</gpxtpx:course>
		</gpxtpx:TrackPointExtension>
	</extensions>
</trkpt>
<trkpt lat="44.3438215" lon="14.8482787">
	<ele>0.85</ele>
	<time>2026-08-10T09:44:46.087Z</time>
	<hdop>3.79</hdop>
	<extensions>
		<gpxtpx:TrackPointExtension>
			<gpxtpx:course>138.0</gpxtpx:course>
		</gpxtpx:TrackPointExtension>
	</extensions>
</trkpt>
<trkpt lat="44.3435675" lon="14.8485579">
	<ele>-2.95</ele>
	<time>2026-08-10T09:44:56.087Z</time>
	<hdop>3.79</hdop>
	<extensions>
		<gpxtpx:TrackPointExtension>
			<gpxtpx:course>142.0</gpxtpx:course>
		</gpxtpx:TrackPointExtension>
	</extensions>
</trkpt>
<trkpt lat="44.3432850" lon="14.8488807">
	<ele>-10.10</ele>
	<time>2026-08-10T09:45:07.087Z</time>
	<hdop>3.79</hdop>
	<extensions>
		<gpxtpx:TrackPointExtension>
			<gpxtpx:course>146.0</gpxtpx:course>
		</gpxtpx:TrackPointExtension>
	</extensions>
</trkpt>
<trkpt lat="44.3430007" lon="14.8491848">
	<ele>-3.91</ele>
	<time>2026-08-10T09:45:18.086Z</time>
	<hdop>3.79</hdop>
	<extensions>
		<gpxtpx:TrackPointExtension>
			<gpxtpx:course>142.0</gpxtpx:course>
		</gpxtpx:TrackPointExtension>
	</extensions>
</trkpt>
<trkpt lat="44.3427418" lon="14.8494719">
	<ele>1.25</ele>
	<time>2026-08-10T09:45:28.086Z</time>
	<hdop>3.79</hdop>
	<extensions>
		<gpxtpx:TrackPointExtension>
			<gpxtpx:course>142.0</gpxtpx:course>
		</gpxtpx:TrackPointExtension>
	</extensions>
</trkpt>
<trkpt lat="44.3424869" lon="14.8497628">
	<ele>2.10</ele>
	<time>2026-08-10T09:45:38.087Z</time>
	<hdop>3.79</hdop>
	<extensions>
		<gpxtpx:TrackPointExtension>
			<gpxtpx:course>141.0</gpxtpx:course>
		</gpxtpx:TrackPointExtension>
	</extensions>
</trkpt>
<trkpt lat="44.3422306" lon="14.8500466">
	<ele>4.80</ele>
	<time>2026-08-10T09:45:48.087Z</time>
	<hdop>3.79</hdop>
	<extensions>
		<gpxtpx:TrackPointExtension>
			<gpxtpx:course>141.0</gpxtpx:course>
		</gpxtpx:TrackPointExtension>
	</extensions>
</trkpt>
<trkpt lat="44.3419440" lon="14.8503500">
	<ele>4.06</ele>
	<time>2026-08-10T09:45:59.087Z</time>
	<hdop>3.79</hdop>
	<extensions>
		<gpxtpx:TrackPointExtension>
			<gpxtpx:course>141.0</gpxtpx:course>
		</gpxtpx:TrackPointExtension>
	</extensions>
</trkpt>
<trkpt lat="44.3416553" lon="14.8506514">
	<ele>2.25</ele>
	<time>2026-08-10T09:46:10.086Z</time>
	<hdop>3.79</hdop>
	<extensions>
		<gpxtpx:TrackPointExtension>
			<gpxtpx:course>142.0</gpxtpx:course>
		</gpxtpx:TrackPointExtension>
	</extensions>
</trkpt>
<trkpt lat="44.3413692" lon="14.8509607">
	<ele>-2.18</ele>
	<time>2026-08-10T09:46:21.087Z</time>
	<hdop>3.79</hdop>
	<extensions>
		<gpxtpx:TrackPointExtension>
			<gpxtpx:course>142.0</gpxtpx:course>
		</gpxtpx:TrackPointExtension>
	</extensions>
</trkpt>
<trkpt lat="44.3410821" lon="14.8512744">
	<ele>-4.29</ele>
	<time>2026-08-10T09:46:32.086Z</time>
	<hdop>3.79</hdop>
	<extensions>
		<gpxtpx:TrackPointExtension>
			<gpxtpx:course>141.0</gpxtpx:course>
		</gpxtpx:TrackPointExtension>
	</extensions>
</trkpt>
<trkpt lat="44.3408291" lon="14.8515541">
	<ele>-3.57</ele>
	<time>2026-08-10T09:46:42.087Z</time>
	<hdop>3.79</hdop>
	<extensions>
		<gpxtpx:TrackPointExtension>
			<gpxtpx:course>142.0</gpxtpx:course>
		</gpxtpx:TrackPointExtension>
	</extensions>
</trkpt>
<trkpt lat="44.3405696" lon="14.8518208">
	<ele>-1.50</ele>
	<time>2026-08-10T09:46:52.087Z</time>
	<hdop>3.79</hdop>
	<extensions>
		<gpxtpx:TrackPointExtension>
			<gpxtpx:course>142.0</gpxtpx:course>
		</gpxtpx:TrackPointExtension>
	</extensions>
</trkpt>
<trkpt lat="44.3403063" lon="14.8521078">
	<ele>-1.15</ele>
	<time>2026-08-10T09:47:02.087Z</time>
	<hdop>3.79</hdop>
	<extensions>
		<gpxtpx:TrackPointExtension>
			<gpxtpx:course>143.0</gpxtpx:course>
		</gpxtpx:TrackPointExtension>
	</extensions>
</trkpt>
<trkpt lat="44.3400198" lon="14.8524086">
	<ele>-1.38</ele>
	<time>2026-08-10T09:47:13.086Z</time>
	<hdop>3.79</hdop>
	<extensions>
		<gpxtpx:TrackPointExtension>
			<gpxtpx:course>143.0</gpxtpx:course>
		</gpxtpx:TrackPointExtension>
	</extensions>
</trkpt>
<trkpt lat="44.3397511" lon="14.8526915">
	<ele>-0.89</ele>
	<time>2026-08-10T09:47:23.086Z</time>
	<hdop>3.79</hdop>
	<extensions>
		<gpxtpx:TrackPointExtension>
			<gpxtpx:course>144.0</gpxtpx:course>
		</gpxtpx:TrackPointExtension>
	</extensions>
</trkpt>
<trkpt lat="44.3394961" lon="14.8529552">
	<ele>-0.92</ele>
	<time>2026-08-10T09:47:33.086Z</time>
	<hdop>3.79</hdop>
	<extensions>
		<gpxtpx:TrackPointExtension>
			<gpxtpx:course>142.0</gpxtpx:course>
		</gpxtpx:TrackPointExtension>
	</extensions>
</trkpt>
<trkpt lat="44.3392343" lon="14.8532255">
	<ele>-2.33</ele>
	<time>2026-08-10T09:47:43.086Z</time>
	<hdop>3.79</hdop>
	<extensions>
		<gpxtpx:TrackPointExtension>
			<gpxtpx:course>143.0</gpxtpx:course>
		</gpxtpx:TrackPointExtension>
	</extensions>
</trkpt>
<trkpt lat="44.3389859" lon="14.8534948">
	<ele>-2.12</ele>
	<time>2026-08-10T09:47:53.087Z</time>
	<hdop>3.79</hdop>
	<extensions>
		<gpxtpx:TrackPointExtension>
			<gpxtpx:course>143.0</gpxtpx:course>
		</gpxtpx:TrackPointExtension>
	</extensions>
</trkpt>
<trkpt lat="44.3387247" lon="14.8537820">
	<ele>-1.19</ele>
	<time>2026-08-10T09:48:03.087Z</time>
	<hdop>3.79</hdop>
	<extensions>
		<gpxtpx:TrackPointExtension>
			<gpxtpx:course>146.0</gpxtpx:course>
		</gpxtpx:TrackPointExtension>
	</extensions>
</trkpt>
<trkpt lat="44.3384653" lon="14.8540410">
	<ele>-2.19</ele>
	<time>2026-08-10T09:48:13.087Z</time>
	<hdop>3.79</hdop>
	<extensions>
		<gpxtpx:TrackPointExtension>
			<gpxtpx:course>144.0</gpxtpx:course>
		</gpxtpx:TrackPointExtension>
	</extensions>
</trkpt>
<trkpt lat="44.3381652" lon="14.8543463">
	<ele>-1.39</ele>
	<time>2026-08-10T09:48:24.087Z</time>
	<hdop>3.79</hdop>
	<extensions>
		<gpxtpx:TrackPointExtension>
			<gpxtpx:course>145.0</gpxtpx:course>
		</gpxtpx:TrackPointExtension>
	</extensions>
</trkpt>
<trkpt lat="44.3378993" lon="14.8546206">
	<ele>-7.80</ele>
	<time>2026-08-10T09:48:34.087Z</time>
	<hdop>3.79</hdop>
	<extensions>
		<gpxtpx:TrackPointExtension>
			<gpxtpx:course>146.0</gpxtpx:course>
		</gpxtpx:TrackPointExtension>
	</extensions>
</trkpt>
<trkpt lat="44.3375988" lon="14.8549266">
	<ele>-51.81</ele>
	<time>2026-08-10T09:48:45.085Z</time>
	<hdop>3.79</hdop>
	<extensions>
		<gpxtpx:TrackPointExtension>
			<gpxtpx:course>145.0</gpxtpx:course>
		</gpxtpx:TrackPointExtension>
	</extensions>
</trkpt>
<trkpt lat="44.3373338" lon="14.8552089">
	<ele>-75.08</ele>
	<time>2026-08-10T09:48:55.086Z</time>
	<hdop>3.79</hdop>
	<extensions>
		<gpxtpx:TrackPointExtension>
			<gpxtpx:course>143.0</gpxtpx:course>
		</gpxtpx:TrackPointExtension>
	</extensions>
</trkpt>
<trkpt lat="44.3370668" lon="14.8554962">
	<ele>-86.55</ele>
	<time>2026-08-10T09:49:05.086Z</time>
	<hdop>3.79</hdop>
	<extensions>
		<gpxtpx:TrackPointExtension>
			<gpxtpx:course>142.0</gpxtpx:course>
		</gpxtpx:TrackPointExtension>
	</extensions>
</trkpt>
<trkpt lat="44.3367976" lon="14.8557657">
	<ele>-82.32</ele>
	<time>2026-08-10T09:49:15.086Z</time>
	<hdop>3.79</hdop>
	<extensions>
		<gpxtpx:TrackPointExtension>
			<gpxtpx:course>144.0</gpxtpx:course>
		</gpxtpx:TrackPointExtension>
	</extensions>
</trkpt>
<trkpt lat="44.3364947" lon="14.8560710">
	<ele>-67.78</ele>
	<time>2026-08-10T09:49:26.086Z</time>
	<hdop>3.79</hdop>
	<extensions>
		<gpxtpx:TrackPointExtension>
			<gpxtpx:course>146.0</gpxtpx:course>
		</gpxtpx:TrackPointExtension>
	</extensions>
</trkpt>
<trkpt lat="44.3362244" lon="14.8563520">
	<ele>-62.89</ele>
	<time>2026-08-10T09:49:36.086Z</time>
	<hdop>3.79</hdop>
	<extensions>
		<gpxtpx:TrackPointExtension>
			<gpxtpx:course>143.0</gpxtpx:course>
		</gpxtpx:TrackPointExtension>
	</extensions>
</trkpt>
<trkpt lat="44.3359551" lon="14.8566295">
	<ele>-40.30</ele>
	<time>2026-08-10T09:49:46.086Z</time>
	<hdop>3.79</hdop>
	<extensions>
		<gpxtpx:TrackPointExtension>
			<gpxtpx:course>142.0</gpxtpx:course>
		</gpxtpx:TrackPointExtension>
	</extensions>
</trkpt>
<trkpt lat="44.3356856" lon="14.8569167">
	<ele>-20.86</ele>
	<time>2026-08-10T09:49:56.086Z</time>
	<hdop>3.79</hdop>
	<extensions>
		<gpxtpx:TrackPointExtension>
			<gpxtpx:course>144.0</gpxtpx:course>
		</gpxtpx:TrackPointExtension>
	</extensions>
</trkpt>
<trkpt lat="44.3354180" lon="14.8571982">
	<ele>-13.59</ele>
	<time>2026-08-10T09:50:06.086Z</time>
	<hdop>3.79</hdop>
	<extensions>
		<gpxtpx:TrackPointExtension>
			<gpxtpx:course>144.0</gpxtpx:course>
		</gpxtpx:TrackPointExtension>
	</extensions>
</trkpt>
<trkpt lat="44.3351425" lon="14.8574843">
	<ele>-26.56</ele>
	<time>2026-08-10T09:50:16.086Z</time>
	<hdop>3.79</hdop>
	<extensions>
		<gpxtpx:TrackPointExtension>
			<gpxtpx:course>144.0</gpxtpx:course>
		</gpxtpx:TrackPointExtension>
	</extensions>
</trkpt>
<trkpt lat="44.3348759" lon="14.8577593">
	<ele>-49.05</ele>
	<time>2026-08-10T09:50:26.086Z</time>
	<hdop>3.79</hdop>
	<extensions>
		<gpxtpx:TrackPointExtension>
			<gpxtpx:course>142.0</gpxtpx:course>
		</gpxtpx:TrackPointExtension>
	</extensions>
</trkpt>
<trkpt lat="44.3345751" lon="14.8580790">
	<ele>-44.91</ele>
	<time>2026-08-10T09:50:37.086Z</time>
	<hdop>3.79</hdop>
	<extensions>
		<gpxtpx:TrackPointExtension>
			<gpxtpx:course>144.0</gpxtpx:course>
		</gpxtpx:TrackPointExtension>
	</extensions>
</trkpt>
<trkpt lat="44.3342928" lon="14.8583625">
	<ele>-34.61</ele>
	<time>2026-08-10T09:50:47.086Z</time>
	<hdop>3.79</hdop>
	<extensions>
		<gpxtpx:TrackPointExtension>
			<gpxtpx:course>142.0</gpxtpx:course>
		</gpxtpx:TrackPointExtension>
	</extensions>
</trkpt>
<trkpt lat="44.3339931" lon="14.8586757">
	<ele>-22.18</ele>
	<time>2026-08-10T09:50:58.086Z</time>
	<hdop>3.79</hdop>
	<extensions>
		<gpxtpx:TrackPointExtension>
			<gpxtpx:course>144.0</gpxtpx:course>
		</gpxtpx:TrackPointExtension>
	</extensions>
</trkpt>
<trkpt lat="44.3337140" lon="14.8589560">
	<ele>-14.64</ele>
	<time>2026-08-10T09:51:08.086Z</time>
	<hdop>3.79</hdop>
	<extensions>
		<gpxtpx:TrackPointExtension>
			<gpxtpx:course>144.0</gpxtpx:course>
		</gpxtpx:TrackPointExtension>
	</extensions>
</trkpt>
<trkpt lat="44.3334021" lon="14.8592654">
	<ele>-13.48</ele>
	<time>2026-08-10T09:51:19.086Z</time>
	<hdop>3.79</hdop>
	<extensions>
		<gpxtpx:TrackPointExtension>
			<gpxtpx:course>143.0</gpxtpx:course>
		</gpxtpx:TrackPointExtension>
	</extensions>
</trkpt>
<trkpt lat="44.3331267" lon="14.8595547">
	<ele>-16.17</ele>
	<time>2026-08-10T09:51:29.087Z</time>
	<hdop>3.79</hdop>
	<extensions>
		<gpxtpx:TrackPointExtension>
			<gpxtpx:course>143.0</gpxtpx:course>
		</gpxtpx:TrackPointExtension>
	</extensions>
</trkpt>
<trkpt lat="44.3328216" lon="14.8598706">
	<ele>-13.92</ele>
	<time>2026-08-10T09:51:40.085Z</time>
	<hdop>3.79</hdop>
	<extensions>
		<gpxtpx:TrackPointExtension>
			<gpxtpx:course>143.0</gpxtpx:course>
		</gpxtpx:TrackPointExtension>
	</extensions>
</trkpt>
<trkpt lat="44.3325448" lon="14.8601465">
	<ele>-11.50</ele>
	<time>2026-08-10T09:51:50.086Z</time>
	<hdop>3.79</hdop>
	<extensions>
		<gpxtpx:TrackPointExtension>
			<gpxtpx:course>144.0</gpxtpx:course>
		</gpxtpx:TrackPointExtension>
	</extensions>
</trkpt>
<trkpt lat="44.3322344" lon="14.8604619">
	<ele>-17.29</ele>
	<time>2026-08-10T09:52:01.086Z</time>
	<hdop>3.79</hdop>
	<extensions>
		<gpxtpx:TrackPointExtension>
			<gpxtpx:course>144.0</gpxtpx:course>
		</gpxtpx:TrackPointExtension>
	</extensions>
</trkpt>
<trkpt lat="44.3319502" lon="14.8607476">
	<ele>-28.44</ele>
	<time>2026-08-10T09:52:11.086Z</time>
	<hdop>3.79</hdop>
	<extensions>
		<gpxtpx:TrackPointExtension>
			<gpxtpx:course>145.0</gpxtpx:course>
		</gpxtpx:TrackPointExtension>
	</extensions>
</trkpt>
<trkpt lat="44.3316643" lon="14.8610271">
	<ele>-26.11</ele>
	<time>2026-08-10T09:52:21.086Z</time>
	<hdop>3.79</hdop>
	<extensions>
		<gpxtpx:TrackPointExtension>
			<gpxtpx:course>145.0</gpxtpx:course>
		</gpxtpx:TrackPointExtension>
	</extensions>
</trkpt>
<trkpt lat="44.3313639" lon="14.8613269">
	<ele>-27.67</ele>
	<time>2026-08-10T09:52:32.086Z</time>
	<hdop>3.79</hdop>
	<extensions>
		<gpxtpx:TrackPointExtension>
			<gpxtpx:course>144.0</gpxtpx:course>
		</gpxtpx:TrackPointExtension>
	</extensions>
</trkpt>
<trkpt lat="44.3310859" lon="14.8616101">
	<ele>-24.76</ele>
	<time>2026-08-10T09:52:42.086Z</time>
	<hdop>3.79</hdop>
	<extensions>
		<gpxtpx:TrackPointExtension>
			<gpxtpx:course>145.0</gpxtpx:course>
		</gpxtpx:TrackPointExtension>
	</extensions>
</trkpt>
<trkpt lat="44.3307769" lon="14.8619328">
	<ele>-21.15</ele>
	<time>2026-08-10T09:52:53.085Z</time>
	<hdop>3.79</hdop>
	<extensions>
		<gpxtpx:TrackPointExtension>
			<gpxtpx:course>144.0</gpxtpx:course>
		</gpxtpx:TrackPointExtension>
	</extensions>
</trkpt>
<trkpt lat="44.3304959" lon="14.8622173">
	<ele>-12.47</ele>
	<time>2026-08-10T09:53:03.086Z</time>
	<hdop>3.79</hdop>
	<extensions>
		<gpxtpx:TrackPointExtension>
			<gpxtpx:course>142.0</gpxtpx:course>
		</gpxtpx:TrackPointExtension>
	</extensions>
</trkpt>
<trkpt lat="44.3301836" lon="14.8625284">
	<ele>-11.61</ele>
	<time>2026-08-10T09:53:14.086Z</time>
	<hdop>3.79</hdop>
	<extensions>
		<gpxtpx:TrackPointExtension>
			<gpxtpx:course>145.0</gpxtpx:course>
		</gpxtpx:TrackPointExtension>
	</extensions>
</trkpt>
<trkpt lat="44.3298705" lon="14.8628489">
	<ele>-11.24</ele>
	<time>2026-08-10T09:53:25.086Z</time>
	<hdop>3.79</hdop>
	<extensions>
		<gpxtpx:TrackPointExtension>
			<gpxtpx:course>146.0</gpxtpx:course>
		</gpxtpx:TrackPointExtension>
	</extensions>
</trkpt>
<trkpt lat="44.3295856" lon="14.8631292">
	<ele>-12.17</ele>
	<time>2026-08-10T09:53:35.086Z</time>
	<hdop>3.79</hdop>
	<extensions>
		<gpxtpx:TrackPointExtension>
			<gpxtpx:course>145.0</gpxtpx:course>
		</gpxtpx:TrackPointExtension>
	</extensions>
</trkpt>
<trkpt lat="44.3292737" lon="14.8634356">
	<ele>-9.28</ele>
	<time>2026-08-10T09:53:46.085Z</time>
	<hdop>3.79</hdop>
	<extensions>
		<gpxtpx:TrackPointExtension>
			<gpxtpx:course>145.0</gpxtpx:course>
		</gpxtpx:TrackPointExtension>
	</extensions>
</trkpt>
<trkpt lat="44.3289902" lon="14.8637077">
	<ele>-31.68</ele>
	<time>2026-08-10T09:53:56.085Z</time>
	<hdop>3.79</hdop>
	<extensions>
		<gpxtpx:TrackPointExtension>
			<gpxtpx:course>145.0</gpxtpx:course>
		</gpxtpx:TrackPointExtension>
	</extensions>
</trkpt>
<trkpt lat="44.3287053" lon="14.8639764">
	<ele>-46.22</ele>
	<time>2026-08-10T09:54:06.085Z</time>
	<hdop>3.79</hdop>
	<extensions>
		<gpxtpx:TrackPointExtension>
			<gpxtpx:course>143.0</gpxtpx:course>
		</gpxtpx:TrackPointExtension>
	</extensions>
</trkpt>
<trkpt lat="44.3284206" lon="14.8642490">
	<ele>-39.10</ele>
	<time>2026-08-10T09:54:16.086Z</time>
	<hdop>3.79</hdop>
	<extensions>
		<gpxtpx:TrackPointExtension>
			<gpxtpx:course>146.0</gpxtpx:course>
		</gpxtpx:TrackPointExtension>
	</extensions>
</trkpt>
<trkpt lat="44.3281017" lon="14.8645432">
	<ele>-32.26</ele>
	<time>2026-08-10T09:54:27.086Z</time>
	<hdop>3.79</hdop>
	<extensions>
		<gpxtpx:TrackPointExtension>
			<gpxtpx:course>146.0</gpxtpx:course>
		</gpxtpx:TrackPointExtension>
	</extensions>
</trkpt>
<trkpt lat="44.3277905" lon="14.8648456">
	<ele>-22.39</ele>
	<time>2026-08-10T09:54:38.085Z</time>
	<hdop>3.79</hdop>
	<extensions>
		<gpxtpx:TrackPointExtension>
			<gpxtpx:course>143.0</gpxtpx:course>
		</gpxtpx:TrackPointExtension>
	</extensions>
</trkpt>
<trkpt lat="44.3274722" lon="14.8651367">
	<ele>-20.84</ele>
	<time>2026-08-10T09:54:49.085Z</time>
	<hdop>3.79</hdop>
	<extensions>
		<gpxtpx:TrackPointExtension>
			<gpxtpx:course>147.0</gpxtpx:course>
		</gpxtpx:TrackPointExtension>
	</extensions>
</trkpt>
<trkpt lat="44.3271858" lon="14.8654056">
	<ele>-33.32</ele>
	<time>2026-08-10T09:54:59.085Z</time>
	<hdop>3.79</hdop>
	<extensions>
		<gpxtpx:TrackPointExtension>
			<gpxtpx:course>146.0</gpxtpx:course>
		</gpxtpx:TrackPointExtension>
	</extensions>
</trkpt>
<trkpt lat="44.3269037" lon="14.8656727">
	<ele>-35.88</ele>
	<time>2026-08-10T09:55:09.085Z</time>
	<hdop>3.79</hdop>
	<extensions>
		<gpxtpx:TrackPointExtension>
			<gpxtpx:course>146.0</gpxtpx:course>
		</gpxtpx:TrackPointExtension>
	</extensions>
</trkpt>
<trkpt lat="44.3266186" lon="14.8659408">
	<ele>-36.47</ele>
	<time>2026-08-10T09:55:19.085Z</time>
	<hdop>3.79</hdop>
	<extensions>
		<gpxtpx:TrackPointExtension>
			<gpxtpx:course>146.0</gpxtpx:course>
		</gpxtpx:TrackPointExtension>
	</extensions>
</trkpt>
<trkpt lat="44.3263287" lon="14.8662161">
	<ele>-49.80</ele>
	<time>2026-08-10T09:55:29.086Z</time>
	<hdop>3.79</hdop>
	<extensions>
		<gpxtpx:TrackPointExtension>
			<gpxtpx:course>146.0</gpxtpx:course>
		</gpxtpx:TrackPointExtension>
	</extensions>
</trkpt>
<trkpt lat="44.3260131" lon="14.8665130">
	<ele>-40.46</ele>
	<time>2026-08-10T09:55:40.085Z</time>
	<hdop>3.79</hdop>
	<extensions>
		<gpxtpx:TrackPointExtension>
			<gpxtpx:course>146.0</gpxtpx:course>
		</gpxtpx:TrackPointExtension>
	</extensions>
</trkpt>
<trkpt lat="44.3256960" lon="14.8668066">
	<ele>-24.14</ele>
	<time>2026-08-10T09:55:51.086Z</time>
	<hdop>3.79</hdop>
	<extensions>
		<gpxtpx:TrackPointExtension>
			<gpxtpx:course>144.0</gpxtpx:course>
		</gpxtpx:TrackPointExtension>
	</extensions>
</trkpt>
<trkpt lat="44.3253796" lon="14.8671036">
	<ele>-8.57</ele>
	<time>2026-08-10T09:56:02.084Z</time>
	<hdop>3.79</hdop>
	<extensions>
		<gpxtpx:TrackPointExtension>
			<gpxtpx:course>145.0</gpxtpx:course>
		</gpxtpx:TrackPointExtension>
	</extensions>
</trkpt>
<trkpt lat="44.3250842" lon="14.8673636">
	<ele>1.03</ele>
	<time>2026-08-10T09:56:12.085Z</time>
	<hdop>3.79</hdop>
	<extensions>
		<gpxtpx:TrackPointExtension>
			<gpxtpx:course>145.0</gpxtpx:course>
		</gpxtpx:TrackPointExtension>
	</extensions>
</trkpt>
<trkpt lat="44.3247920" lon="14.8676330">
	<ele>0.63</ele>
	<time>2026-08-10T09:56:22.086Z</time>
	<hdop>3.79</hdop>
	<extensions>
		<gpxtpx:TrackPointExtension>
			<gpxtpx:course>146.0</gpxtpx:course>
		</gpxtpx:TrackPointExtension>
	</extensions>
</trkpt>
<trkpt lat="44.3245024" lon="14.8678952">
	<ele>2.77</ele>
	<time>2026-08-10T09:56:32.086Z</time>
	<hdop>3.79</hdop>
	<extensions>
		<gpxtpx:TrackPointExtension>
			<gpxtpx:course>148.0</gpxtpx:course>
		</gpxtpx:TrackPointExtension>
	</extensions>
</trkpt>
<trkpt lat="44.3242135" lon="14.8681519">
	<ele>11.39</ele>
	<time>2026-08-10T09:56:42.086Z</time>
	<hdop>3.79</hdop>
	<extensions>
		<gpxtpx:TrackPointExtension>
			<gpxtpx:course>147.0</gpxtpx:course>
		</gpxtpx:TrackPointExtension>
	</extensions>
</trkpt>
<trkpt lat="44.3238909" lon="14.8684504">
	<ele>9.57</ele>
	<time>2026-08-10T09:56:53.085Z</time>
	<hdop>3.79</hdop>
	<extensions>
		<gpxtpx:TrackPointExtension>
			<gpxtpx:course>146.0</gpxtpx:course>
		</gpxtpx:TrackPointExtension>
	</extensions>
</trkpt>
<trkpt lat="44.3235977" lon="14.8687188">
	<ele>11.42</ele>
	<time>2026-08-10T09:57:03.086Z</time>
	<hdop>3.79</hdop>
	<extensions>
		<gpxtpx:TrackPointExtension>
			<gpxtpx:course>146.0</gpxtpx:course>
		</gpxtpx:TrackPointExtension>
	</extensions>
</trkpt>
<trkpt lat="44.3233062" lon="14.8689928">
	<ele>3.92</ele>
	<time>2026-08-10T09:57:13.086Z</time>
	<hdop>3.79</hdop>
	<extensions>
		<gpxtpx:TrackPointExtension>
			<gpxtpx:course>147.0</gpxtpx:course>
		</gpxtpx:TrackPointExtension>
	</extensions>
</trkpt>
<trkpt lat="44.3229836" lon="14.8692858">
	<ele>-46.73</ele>
	<time>2026-08-10T09:57:24.085Z</time>
	<hdop>3.79</hdop>
	<extensions>
		<gpxtpx:TrackPointExtension>
			<gpxtpx:course>146.0</gpxtpx:course>
		</gpxtpx:TrackPointExtension>
	</extensions>
</trkpt>
<trkpt lat="44.3226968" lon="14.8695543">
	<ele>-85.18</ele>
	<time>2026-08-10T09:57:34.085Z</time>
	<hdop>3.79</hdop>
	<extensions>
		<gpxtpx:TrackPointExtension>
			<gpxtpx:course>148.0</gpxtpx:course>
		</gpxtpx:TrackPointExtension>
	</extensions>
</trkpt>
<trkpt lat="44.3224057" lon="14.8698170">
	<ele>-80.05</ele>
	<time>2026-08-10T09:57:44.085Z</time>
	<hdop>3.79</hdop>
	<extensions>
		<gpxtpx:TrackPointExtension>
			<gpxtpx:course>147.0</gpxtpx:course>
		</gpxtpx:TrackPointExtension>
	</extensions>
</trkpt>
<trkpt lat="44.3221127" lon="14.8700722">
	<ele>-66.30</ele>
	<time>2026-08-10T09:57:54.085Z</time>
	<hdop>3.79</hdop>
	<extensions>
		<gpxtpx:TrackPointExtension>
			<gpxtpx:course>146.0</gpxtpx:course>
		</gpxtpx:TrackPointExtension>
	</extensions>
</trkpt>
<trkpt lat="44.3217964" lon="14.8703709">
	<ele>-56.96</ele>
	<time>2026-08-10T09:58:05.084Z</time>
	<hdop>3.79</hdop>
	<extensions>
		<gpxtpx:TrackPointExtension>
			<gpxtpx:course>144.0</gpxtpx:course>
		</gpxtpx:TrackPointExtension>
	</extensions>
</trkpt>
<trkpt lat="44.3215090" lon="14.8706348">
	<ele>-61.79</ele>
	<time>2026-08-10T09:58:15.085Z</time>
	<hdop>3.79</hdop>
	<extensions>
		<gpxtpx:TrackPointExtension>
			<gpxtpx:course>147.0</gpxtpx:course>
		</gpxtpx:TrackPointExtension>
	</extensions>
</trkpt>
<trkpt lat="44.3212205" lon="14.8709055">
	<ele>-57.06</ele>
	<time>2026-08-10T09:58:25.085Z</time>
	<hdop>3.79</hdop>
	<extensions>
		<gpxtpx:TrackPointExtension>
			<gpxtpx:course>146.0</gpxtpx:course>
		</gpxtpx:TrackPointExtension>
	</extensions>
</trkpt>
<trkpt lat="44.3209354" lon="14.8711730">
	<ele>-43.06</ele>
	<time>2026-08-10T09:58:35.085Z</time>
	<hdop>3.79</hdop>
	<extensions>
		<gpxtpx:TrackPointExtension>
			<gpxtpx:course>145.0</gpxtpx:course>
		</gpxtpx:TrackPointExtension>
	</extensions>
</trkpt>
<trkpt lat="44.3206401" lon="14.8714377">
	<ele>-43.93</ele>
	<time>2026-08-10T09:58:45.085Z</time>
	<hdop>3.79</hdop>
	<extensions>
		<gpxtpx:TrackPointExtension>
			<gpxtpx:course>147.0</gpxtpx:course>
		</gpxtpx:TrackPointExtension>
	</extensions>
</trkpt>
<trkpt lat="44.3203189" lon="14.8717317">
	<ele>-49.67</ele>
	<time>2026-08-10T09:58:56.085Z</time>
	<hdop>3.79</hdop>
	<extensions>
		<gpxtpx:TrackPointExtension>
			<gpxtpx:course>145.0</gpxtpx:course>
		</gpxtpx:TrackPointExtension>
	</extensions>
</trkpt>
<trkpt lat="44.3200123" lon="14.8720233">
	<ele>-30.19</ele>
	<time>2026-08-10T09:59:07.085Z</time>
	<hdop>3.79</hdop>
	<extensions>
		<gpxtpx:TrackPointExtension>
			<gpxtpx:course>146.0</gpxtpx:course>
		</gpxtpx:TrackPointExtension>
	</extensions>
</trkpt>
<trkpt lat="44.3196988" lon="14.8723267">
	<ele>-18.11</ele>
	<time>2026-08-10T09:59:18.085Z</time>
	<hdop>3.79</hdop>
	<extensions>
		<gpxtpx:TrackPointExtension>
			<gpxtpx:course>146.0</gpxtpx:course>
		</gpxtpx:TrackPointExtension>
	</extensions>
</trkpt>
<trkpt lat="44.3194173" lon="14.8725917">
	<ele>-23.68</ele>
	<time>2026-08-10T09:59:28.085Z</time>
	<hdop>3.79</hdop>
	<extensions>
		<gpxtpx:TrackPointExtension>
			<gpxtpx:course>146.0</gpxtpx:course>
		</gpxtpx:TrackPointExtension>
	</extensions>
</trkpt>
<trkpt lat="44.3191386" lon="14.8728687">
	<ele>-16.96</ele>
	<time>2026-08-10T09:59:38.085Z</time>
	<hdop>3.79</hdop>
	<extensions>
		<gpxtpx:TrackPointExtension>
			<gpxtpx:course>143.0</gpxtpx:course>
		</gpxtpx:TrackPointExtension>
	</extensions>
</trkpt>
<trkpt lat="44.3188225" lon="14.8731682">
	<ele>-10.01</ele>
	<time>2026-08-10T09:59:49.084Z</time>
	<hdop>3.79</hdop>
	<extensions>
		<gpxtpx:TrackPointExtension>
			<gpxtpx:course>147.0</gpxtpx:course>
		</gpxtpx:TrackPointExtension>
	</extensions>
</trkpt>
<trkpt lat="44.3185368" lon="14.8734272">
	<ele>1.32</ele>
	<time>2026-08-10T09:59:59.085Z</time>
	<hdop>3.79</hdop>
	<extensions>
		<gpxtpx:TrackPointExtension>
			<gpxtpx:course>153.0</gpxtpx:course>
		</gpxtpx:TrackPointExtension>
	</extensions>
</trkpt>
<trkpt lat="44.3182177" lon="14.8737251">
	<ele>5.38</ele>
	<time>2026-08-10T10:00:10.085Z</time>
	<hdop>3.79</hdop>
	<extensions>
		<gpxtpx:TrackPointExtension>
			<gpxtpx:course>144.0</gpxtpx:course>
		</gpxtpx:TrackPointExtension>
	</extensions>
</trkpt>
<trkpt lat="44.3179008" lon="14.8740212">
	<ele>-10.67</ele>
	<time>2026-08-10T10:00:21.084Z</time>
	<hdop>3.79</hdop>
	<extensions>
		<gpxtpx:TrackPointExtension>
			<gpxtpx:course>147.0</gpxtpx:course>
		</gpxtpx:TrackPointExtension>
	</extensions>
</trkpt>
<trkpt lat="44.3175866" lon="14.8743161">
	<ele>-2.61</ele>
	<time>2026-08-10T10:00:32.083Z</time>
	<hdop>3.79</hdop>
	<extensions>
		<gpxtpx:TrackPointExtension>
			<gpxtpx:course>144.0</gpxtpx:course>
		</gpxtpx:TrackPointExtension>
	</extensions>
</trkpt>
<trkpt lat="44.3173017" lon="14.8745872">
	<ele>13.67</ele>
	<time>2026-08-10T10:00:42.085Z</time>
	<hdop>3.79</hdop>
	<extensions>
		<gpxtpx:TrackPointExtension>
			<gpxtpx:course>144.0</gpxtpx:course>
		</gpxtpx:TrackPointExtension>
	</extensions>
</trkpt>
<trkpt lat="44.3170132" lon="14.8748534">
	<ele>12.23</ele>
	<time>2026-08-10T10:00:52.085Z</time>
	<hdop>3.79</hdop>
	<extensions>
		<gpxtpx:TrackPointExtension>
			<gpxtpx:course>144.0</gpxtpx:course>
		</gpxtpx:TrackPointExtension>
	</extensions>
</trkpt>
<trkpt lat="44.3166969" lon="14.8751429">
	<ele>17.50</ele>
	<time>2026-08-10T10:01:03.083Z</time>
	<hdop>3.79</hdop>
	<extensions>
		<gpxtpx:TrackPointExtension>
			<gpxtpx:course>145.0</gpxtpx:course>
		</gpxtpx:TrackPointExtension>
	</extensions>
</trkpt>
<trkpt lat="44.3164205" lon="14.8754146">
	<ele>25.11</ele>
	<time>2026-08-10T10:01:13.085Z</time>
	<hdop>3.79</hdop>
	<extensions>
		<gpxtpx:TrackPointExtension>
			<gpxtpx:course>144.0</gpxtpx:course>
		</gpxtpx:TrackPointExtension>
	</extensions>
</trkpt>
<trkpt lat="44.3161356" lon="14.8756909">
	<ele>12.18</ele>
	<time>2026-08-10T10:01:23.085Z</time>
	<hdop>3.79</hdop>
	<extensions>
		<gpxtpx:TrackPointExtension>
			<gpxtpx:course>147.0</gpxtpx:course>
		</gpxtpx:TrackPointExtension>
	</extensions>
</trkpt>
<trkpt lat="44.3158409" lon="14.8759616">
	<ele>1.91</ele>
	<time>2026-08-10T10:01:33.085Z</time>
	<hdop>3.79</hdop>
	<extensions>
		<gpxtpx:TrackPointExtension>
			<gpxtpx:course>149.0</gpxtpx:course>
		</gpxtpx:TrackPointExtension>
	</extensions>
</trkpt>
<trkpt lat="44.3155273" lon="14.8762629">
	<ele>-35.89</ele>
	<time>2026-08-10T10:01:44.083Z</time>
	<hdop>3.79</hdop>
	<extensions>
		<gpxtpx:TrackPointExtension>
			<gpxtpx:course>142.0</gpxtpx:course>
		</gpxtpx:TrackPointExtension>
	</extensions>
</trkpt>
<trkpt lat="44.3152380" lon="14.8765290">
	<ele>-52.73</ele>
	<time>2026-08-10T10:01:54.084Z</time>
	<hdop>3.79</hdop>
	<extensions>
		<gpxtpx:TrackPointExtension>
			<gpxtpx:course>144.0</gpxtpx:course>
		</gpxtpx:TrackPointExtension>
	</extensions>
</trkpt>
<trkpt lat="44.3149490" lon="14.8768048">
	<ele>-37.96</ele>
	<time>2026-08-10T10:02:04.084Z</time>
	<hdop>3.79</hdop>
	<extensions>
		<gpxtpx:TrackPointExtension>
			<gpxtpx:course>144.0</gpxtpx:course>
		</gpxtpx:TrackPointExtension>
	</extensions>
</trkpt>
<trkpt lat="44.3146665" lon="14.8770593">
	<ele>-34.37</ele>
	<time>2026-08-10T10:02:14.085Z</time>
	<hdop>3.79</hdop>
	<extensions>
		<gpxtpx:TrackPointExtension>
			<gpxtpx:course>147.0</gpxtpx:course>
		</gpxtpx:TrackPointExtension>
	</extensions>
</trkpt>
<trkpt lat="44.3143832" lon="14.8773144">
	<ele>-22.68</ele>
	<time>2026-08-10T10:02:24.085Z</time>
	<hdop>3.79</hdop>
	<extensions>
		<gpxtpx:TrackPointExtension>
			<gpxtpx:course>145.0</gpxtpx:course>
		</gpxtpx:TrackPointExtension>
	</extensions>
</trkpt>
<trkpt lat="44.3140681" lon="14.8776111">
	<ele>-2.46</ele>
	<time>2026-08-10T10:02:35.084Z</time>
	<hdop>3.79</hdop>
	<extensions>
		<gpxtpx:TrackPointExtension>
			<gpxtpx:course>145.0</gpxtpx:course>
		</gpxtpx:TrackPointExtension>
	</extensions>
</trkpt>
<trkpt lat="44.3137719" lon="14.8778780">
	<ele>2.46</ele>
	<time>2026-08-10T10:02:45.084Z</time>
	<hdop>3.79</hdop>
	<extensions>
		<gpxtpx:TrackPointExtension>
			<gpxtpx:course>148.0</gpxtpx:course>
		</gpxtpx:TrackPointExtension>
	</extensions>
</trkpt>
<trkpt lat="44.3134827" lon="14.8781434">
	<ele>8.05</ele>
	<time>2026-08-10T10:02:55.084Z</time>
	<hdop>3.79</hdop>
	<extensions>
		<gpxtpx:TrackPointExtension>
			<gpxtpx:course>146.0</gpxtpx:course>
		</gpxtpx:TrackPointExtension>
	</extensions>
</trkpt>
<trkpt lat="44.3131938" lon="14.8784062">
	<ele>20.04</ele>
	<time>2026-08-10T10:03:05.084Z</time>
	<hdop>3.79</hdop>
	<extensions>
		<gpxtpx:TrackPointExtension>
			<gpxtpx:course>145.0</gpxtpx:course>
		</gpxtpx:TrackPointExtension>
	</extensions>
</trkpt>
<trkpt lat="44.3129067" lon="14.8786814">
	<ele>11.17</ele>
	<time>2026-08-10T10:03:15.085Z</time>
	<hdop>3.79</hdop>
	<extensions>
		<gpxtpx:TrackPointExtension>
			<gpxtpx:course>147.0</gpxtpx:course>
		</gpxtpx:TrackPointExtension>
	</extensions>
</trkpt>
<trkpt lat="44.3125919" lon="14.8789784">
	<ele>11.46</ele>
	<time>2026-08-10T10:03:26.084Z</time>
	<hdop>3.79</hdop>
	<extensions>
		<gpxtpx:TrackPointExtension>
			<gpxtpx:course>145.0</gpxtpx:course>
		</gpxtpx:TrackPointExtension>
	</extensions>
</trkpt>
<trkpt lat="44.3122952" lon="14.8792529">
	<ele>21.78</ele>
	<time>2026-08-10T10:03:36.084Z</time>
	<hdop>3.79</hdop>
	<extensions>
		<gpxtpx:TrackPointExtension>
			<gpxtpx:course>145.0</gpxtpx:course>
		</gpxtpx:TrackPointExtension>
	</extensions>
</trkpt>
<trkpt lat="44.3119723" lon="14.8795426">
	<ele>13.57</ele>
	<time>2026-08-10T10:03:47.083Z</time>
	<hdop>3.79</hdop>
	<extensions>
		<gpxtpx:TrackPointExtension>
			<gpxtpx:course>147.0</gpxtpx:course>
		</gpxtpx:TrackPointExtension>
	</extensions>
</trkpt>
<trkpt lat="44.3116833" lon="14.8798104">
	<ele>20.65</ele>
	<time>2026-08-10T10:03:57.084Z</time>
	<hdop>3.79</hdop>
	<extensions>
		<gpxtpx:TrackPointExtension>
			<gpxtpx:course>145.0</gpxtpx:course>
		</gpxtpx:TrackPointExtension>
	</extensions>
</trkpt>
<trkpt lat="44.3113847" lon="14.8800923">
	<ele>25.38</ele>
	<time>2026-08-10T10:04:07.084Z</time>
	<hdop>3.79</hdop>
	<extensions>
		<gpxtpx:TrackPointExtension>
			<gpxtpx:course>147.0</gpxtpx:course>
		</gpxtpx:TrackPointExtension>
	</extensions>
</trkpt>
<trkpt lat="44.3110927" lon="14.8803588">
	<ele>16.01</ele>
	<time>2026-08-10T10:04:17.084Z</time>
	<hdop>3.79</hdop>
	<extensions>
		<gpxtpx:TrackPointExtension>
			<gpxtpx:course>147.0</gpxtpx:course>
		</gpxtpx:TrackPointExtension>
	</extensions>
</trkpt>
<trkpt lat="44.3107709" lon="14.8806631">
	<ele>25.60</ele>
	<time>2026-08-10T10:04:28.083Z</time>
	<hdop>3.79</hdop>
	<extensions>
		<gpxtpx:TrackPointExtension>
			<gpxtpx:course>147.0</gpxtpx:course>
		</gpxtpx:TrackPointExtension>
	</extensions>
</trkpt>
<trkpt lat="44.3104836" lon="14.8809329">
	<ele>20.02</ele>
	<time>2026-08-10T10:04:38.084Z</time>
	<hdop>3.79</hdop>
	<extensions>
		<gpxtpx:TrackPointExtension>
			<gpxtpx:course>148.0</gpxtpx:course>
		</gpxtpx:TrackPointExtension>
	</extensions>
</trkpt>
<trkpt lat="44.3101653" lon="14.8812266">
	<ele>13.74</ele>
	<time>2026-08-10T10:04:49.084Z</time>
	<hdop>3.79</hdop>
	<extensions>
		<gpxtpx:TrackPointExtension>
			<gpxtpx:course>146.0</gpxtpx:course>
		</gpxtpx:TrackPointExtension>
	</extensions>
</trkpt>
<trkpt lat="44.3098617" lon="14.8814979">
	<ele>22.87</ele>
	<time>2026-08-10T10:04:59.084Z</time>
	<hdop>3.79</hdop>
	<extensions>
		<gpxtpx:TrackPointExtension>
			<gpxtpx:course>146.0</gpxtpx:course>
		</gpxtpx:TrackPointExtension>
	</extensions>
</trkpt>
<trkpt lat="44.3095466" lon="14.8817960">
	<ele>13.22</ele>
	<time>2026-08-10T10:05:10.083Z</time>
	<hdop>3.79</hdop>
	<extensions>
		<gpxtpx:TrackPointExtension>
			<gpxtpx:course>146.0</gpxtpx:course>
		</gpxtpx:TrackPointExtension>
	</extensions>
</trkpt>
<trkpt lat="44.3092537" lon="14.8820756">
	<ele>10.84</ele>
	<time>2026-08-10T10:05:20.084Z</time>
	<hdop>3.79</hdop>
	<extensions>
		<gpxtpx:TrackPointExtension>
			<gpxtpx:course>144.0</gpxtpx:course>
		</gpxtpx:TrackPointExtension>
	</extensions>
</trkpt>
<trkpt lat="44.3089581" lon="14.8823441">
	<ele>22.92</ele>
	<time>2026-08-10T10:05:30.084Z</time>
	<hdop>3.79</hdop>
	<extensions>
		<gpxtpx:TrackPointExtension>
			<gpxtpx:course>148.0</gpxtpx:course>
		</gpxtpx:TrackPointExtension>
	</extensions>
</trkpt>
<trkpt lat="44.3086426" lon="14.8826387">
	<ele>12.39</ele>
	<time>2026-08-10T10:05:41.083Z</time>
	<hdop>3.79</hdop>
	<extensions>
		<gpxtpx:TrackPointExtension>
			<gpxtpx:course>145.0</gpxtpx:course>
		</gpxtpx:TrackPointExtension>
	</extensions>
</trkpt>
<trkpt lat="44.3083502" lon="14.8829128">
	<ele>15.92</ele>
	<time>2026-08-10T10:05:51.083Z</time>
	<hdop>3.79</hdop>
	<extensions>
		<gpxtpx:TrackPointExtension>
			<gpxtpx:course>145.0</gpxtpx:course>
		</gpxtpx:TrackPointExtension>
	</extensions>
</trkpt>
<trkpt lat="44.3080659" lon="14.8831826">
	<ele>19.76</ele>
	<time>2026-08-10T10:06:01.083Z</time>
	<hdop>3.79</hdop>
	<extensions>
		<gpxtpx:TrackPointExtension>
			<gpxtpx:course>145.0</gpxtpx:course>
		</gpxtpx:TrackPointExtension>
	</extensions>
</trkpt>
<trkpt lat="44.3077402" lon="14.8834877">
	<ele>11.54</ele>
	<time>2026-08-10T10:06:12.084Z</time>
	<hdop>3.79</hdop>
	<extensions>
		<gpxtpx:TrackPointExtension>
			<gpxtpx:course>140.0</gpxtpx:course>
		</gpxtpx:TrackPointExtension>
	</extensions>
</trkpt>
<trkpt lat="44.3074576" lon="14.8837528">
	<ele>12.16</ele>
	<time>2026-08-10T10:06:22.084Z</time>
	<hdop>3.79</hdop>
	<extensions>
		<gpxtpx:TrackPointExtension>
			<gpxtpx:course>146.0</gpxtpx:course>
		</gpxtpx:TrackPointExtension>
	</extensions>
</trkpt>
<trkpt lat="44.3071265" lon="14.8840528">
	<ele>-31.10</ele>
	<time>2026-08-10T10:06:33.083Z</time>
	<hdop>3.79</hdop>
	<extensions>
		<gpxtpx:TrackPointExtension>
			<gpxtpx:course>148.0</gpxtpx:course>
		</gpxtpx:TrackPointExtension>
	</extensions>
</trkpt>
<trkpt lat="44.3068068" lon="14.8843532">
	<ele>-55.19</ele>
	<time>2026-08-10T10:06:44.083Z</time>
	<hdop>3.79</hdop>
	<extensions>
		<gpxtpx:TrackPointExtension>
			<gpxtpx:course>147.0</gpxtpx:course>
		</gpxtpx:TrackPointExtension>
	</extensions>
</trkpt>
<trkpt lat="44.3065139" lon="14.8846157">
	<ele>-31.80</ele>
	<time>2026-08-10T10:06:54.083Z</time>
	<hdop>3.79</hdop>
	<extensions>
		<gpxtpx:TrackPointExtension>
			<gpxtpx:course>145.0</gpxtpx:course>
		</gpxtpx:TrackPointExtension>
	</extensions>
</trkpt>
<trkpt lat="44.3062168" lon="14.8848886">
	<ele>-23.12</ele>
	<time>2026-08-10T10:07:04.083Z</time>
	<hdop>3.79</hdop>
	<extensions>
		<gpxtpx:TrackPointExtension>
			<gpxtpx:course>146.0</gpxtpx:course>
		</gpxtpx:TrackPointExtension>
	</extensions>
</trkpt>
<trkpt lat="44.3059186" lon="14.8851638">
	<ele>-15.51</ele>
	<time>2026-08-10T10:07:14.084Z</time>
	<hdop>3.79</hdop>
	<extensions>
		<gpxtpx:TrackPointExtension>
			<gpxtpx:course>145.0</gpxtpx:course>
		</gpxtpx:TrackPointExtension>
	</extensions>
</trkpt>
<trkpt lat="44.3056250" lon="14.8854489">
	<ele>-3.63</ele>
	<time>2026-08-10T10:07:24.084Z</time>
	<hdop>3.79</hdop>
	<extensions>
		<gpxtpx:TrackPointExtension>
			<gpxtpx:course>146.0</gpxtpx:course>
		</gpxtpx:TrackPointExtension>
	</extensions>
</trkpt>
<trkpt lat="44.3053275" lon="14.8857188">
	<ele>-14.59</ele>
	<time>2026-08-10T10:07:34.084Z</time>
	<hdop>3.79</hdop>
	<extensions>
		<gpxtpx:TrackPointExtension>
			<gpxtpx:course>145.0</gpxtpx:course>
		</gpxtpx:TrackPointExtension>
	</extensions>
</trkpt>
<trkpt lat="44.3050043" lon="14.8860112">
	<ele>-16.01</ele>
	<time>2026-08-10T10:07:45.082Z</time>
	<hdop>3.79</hdop>
	<extensions>
		<gpxtpx:TrackPointExtension>
			<gpxtpx:course>145.0</gpxtpx:course>
		</gpxtpx:TrackPointExtension>
	</extensions>
</trkpt>
<trkpt lat="44.3047110" lon="14.8862757">
	<ele>-7.46</ele>
	<time>2026-08-10T10:07:55.082Z</time>
	<hdop>3.79</hdop>
	<extensions>
		<gpxtpx:TrackPointExtension>
			<gpxtpx:course>147.0</gpxtpx:course>
		</gpxtpx:TrackPointExtension>
	</extensions>
</trkpt>
<trkpt lat="44.3044141" lon="14.8865502">
	<ele>-6.68</ele>
	<time>2026-08-10T10:08:05.083Z</time>
	<hdop>3.79</hdop>
	<extensions>
		<gpxtpx:TrackPointExtension>
			<gpxtpx:course>146.0</gpxtpx:course>
		</gpxtpx:TrackPointExtension>
	</extensions>
</trkpt>
<trkpt lat="44.3041164" lon="14.8868132">
	<ele>-5.60</ele>
	<time>2026-08-10T10:08:15.084Z</time>
	<hdop>3.79</hdop>
	<extensions>
		<gpxtpx:TrackPointExtension>
			<gpxtpx:course>146.0</gpxtpx:course>
		</gpxtpx:TrackPointExtension>
	</extensions>
</trkpt>
<trkpt lat="44.3037891" lon="14.8871092">
	<ele>-4.73</ele>
	<time>2026-08-10T10:08:26.083Z</time>
	<hdop>3.79</hdop>
	<extensions>
		<gpxtpx:TrackPointExtension>
			<gpxtpx:course>148.0</gpxtpx:course>
		</gpxtpx:TrackPointExtension>
	</extensions>
</trkpt>
<trkpt lat="44.3034624" lon="14.8874123">
	<ele>-0.17</ele>
	<time>2026-08-10T10:08:37.083Z</time>
	<hdop>3.79</hdop>
	<extensions>
		<gpxtpx:TrackPointExtension>
			<gpxtpx:course>147.0</gpxtpx:course>
		</gpxtpx:TrackPointExtension>
	</extensions>
</trkpt>
<trkpt lat="44.3031688" lon="14.8876935">
	<ele>2.80</ele>
	<time>2026-08-10T10:08:47.988Z</time>
	<hdop>9.82</hdop>
</trkpt>
<trkpt lat="44.3028421" lon="14.8879781">
	<ele>-13.30</ele>
	<time>2026-08-10T10:08:58.082Z</time>
	<hdop>3.79</hdop>
	<extensions>
		<gpxtpx:TrackPointExtension>
			<gpxtpx:course>145.0</gpxtpx:course>
		</gpxtpx:TrackPointExtension>
	</extensions>
</trkpt>
<trkpt lat="44.3025462" lon="14.8882517">
	<ele>-10.40</ele>
	<time>2026-08-10T10:09:08.082Z</time>
	<hdop>3.79</hdop>
	<extensions>
		<gpxtpx:TrackPointExtension>
			<gpxtpx:course>145.0</gpxtpx:course>
		</gpxtpx:TrackPointExtension>
	</extensions>
</trkpt>
<trkpt lat="44.3022517" lon="14.8885185">
	<ele>-0.67</ele>
	<time>2026-08-10T10:09:18.082Z</time>
	<hdop>3.79</hdop>
	<extensions>
		<gpxtpx:TrackPointExtension>
			<gpxtpx:course>145.0</gpxtpx:course>
		</gpxtpx:TrackPointExtension>
	</extensions>
</trkpt>
<trkpt lat="44.3019608" lon="14.8887905">
	<ele>0.82</ele>
	<time>2026-08-10T10:09:28.083Z</time>
	<hdop>3.79</hdop>
	<extensions>
		<gpxtpx:TrackPointExtension>
			<gpxtpx:course>148.0</gpxtpx:course>
		</gpxtpx:TrackPointExtension>
	</extensions>
</trkpt>
<trkpt lat="44.3016605" lon="14.8890574">
	<ele>-1.96</ele>
	<time>2026-08-10T10:09:38.083Z</time>
	<hdop>3.79</hdop>
	<extensions>
		<gpxtpx:TrackPointExtension>
			<gpxtpx:course>145.0</gpxtpx:course>
		</gpxtpx:TrackPointExtension>
	</extensions>
</trkpt>
<trkpt lat="44.3013359" lon="14.8893498">
	<ele>-4.07</ele>
	<time>2026-08-10T10:09:49.082Z</time>
	<hdop>3.79</hdop>
	<extensions>
		<gpxtpx:TrackPointExtension>
			<gpxtpx:course>147.0</gpxtpx:course>
		</gpxtpx:TrackPointExtension>
	</extensions>
</trkpt>
<trkpt lat="44.3010312" lon="14.8896194">
	<ele>0.75</ele>
	<time>2026-08-10T10:09:59.082Z</time>
	<hdop>3.79</hdop>
	<extensions>
		<gpxtpx:TrackPointExtension>
			<gpxtpx:course>147.0</gpxtpx:course>
		</gpxtpx:TrackPointExtension>
	</extensions>
</trkpt>
<trkpt lat="44.3007363" lon="14.8898938">
	<ele>6.12</ele>
	<time>2026-08-10T10:10:09.082Z</time>
	<hdop>3.79</hdop>
	<extensions>
		<gpxtpx:TrackPointExtension>
			<gpxtpx:course>148.0</gpxtpx:course>
		</gpxtpx:TrackPointExtension>
	</extensions>
</trkpt>
<trkpt lat="44.3004416" lon="14.8901711">
	<ele>14.92</ele>
	<time>2026-08-10T10:10:19.083Z</time>
	<hdop>3.79</hdop>
	<extensions>
		<gpxtpx:TrackPointExtension>
			<gpxtpx:course>146.0</gpxtpx:course>
		</gpxtpx:TrackPointExtension>
	</extensions>
</trkpt>
<trkpt lat="44.3001158" lon="14.8904677">
	<ele>17.74</ele>
	<time>2026-08-10T10:10:30.082Z</time>
	<hdop>3.79</hdop>
	<extensions>
		<gpxtpx:TrackPointExtension>
			<gpxtpx:course>144.0</gpxtpx:course>
		</gpxtpx:TrackPointExtension>
	</extensions>
</trkpt>
<trkpt lat="44.2998097" lon="14.8907529">
	<ele>19.02</ele>
	<time>2026-08-10T10:10:40.084Z</time>
	<hdop>3.79</hdop>
	<extensions>
		<gpxtpx:TrackPointExtension>
			<gpxtpx:course>149.0</gpxtpx:course>
		</gpxtpx:TrackPointExtension>
	</extensions>
</trkpt>
<trkpt lat="44.2994796" lon="14.8910536">
	<ele>26.74</ele>
	<time>2026-08-10T10:10:51.083Z</time>
	<hdop>3.79</hdop>
	<extensions>
		<gpxtpx:TrackPointExtension>
			<gpxtpx:course>146.0</gpxtpx:course>
		</gpxtpx:TrackPointExtension>
	</extensions>
</trkpt>
<trkpt lat="44.2991471" lon="14.8913464">
	<ele>23.60</ele>
	<time>2026-08-10T10:11:02.083Z</time>
	<hdop>3.79</hdop>
	<extensions>
		<gpxtpx:TrackPointExtension>
			<gpxtpx:course>147.0</gpxtpx:course>
		</gpxtpx:TrackPointExtension>
	</extensions>
</trkpt>
<trkpt lat="44.2988240" lon="14.8916470">
	<ele>26.18</ele>
	<time>2026-08-10T10:11:13.083Z</time>
	<hdop>3.79</hdop>
	<extensions>
		<gpxtpx:TrackPointExtension>
			<gpxtpx:course>147.0</gpxtpx:course>
		</gpxtpx:TrackPointExtension>
	</extensions>
</trkpt>
<trkpt lat="44.2985037" lon="14.8919424">
	<ele>20.70</ele>
	<time>2026-08-10T10:11:24.082Z</time>
	<hdop>3.79</hdop>
	<extensions>
		<gpxtpx:TrackPointExtension>
			<gpxtpx:course>143.0</gpxtpx:course>
		</gpxtpx:TrackPointExtension>
	</extensions>
</trkpt>
<trkpt lat="44.2982048" lon="14.8922076">
	<ele>-0.02</ele>
	<time>2026-08-10T10:11:34.082Z</time>
	<hdop>3.79</hdop>
	<extensions>
		<gpxtpx:TrackPointExtension>
			<gpxtpx:course>148.0</gpxtpx:course>
		</gpxtpx:TrackPointExtension>
	</extensions>
</trkpt>
<trkpt lat="44.2979135" lon="14.8924868">
	<ele>-36.20</ele>
	<time>2026-08-10T10:11:44.083Z</time>
	<hdop>3.79</hdop>
	<extensions>
		<gpxtpx:TrackPointExtension>
			<gpxtpx:course>144.0</gpxtpx:course>
		</gpxtpx:TrackPointExtension>
	</extensions>
</trkpt>
<trkpt lat="44.2975955" lon="14.8927650">
	<ele>-48.10</ele>
	<time>2026-08-10T10:11:55.082Z</time>
	<hdop>3.79</hdop>
	<extensions>
		<gpxtpx:TrackPointExtension>
			<gpxtpx:course>146.0</gpxtpx:course>
		</gpxtpx:TrackPointExtension>
	</extensions>
</trkpt>
<trkpt lat="44.2973099" lon="14.8930243">
	<ele>-28.92</ele>
	<time>2026-08-10T10:12:05.082Z</time>
	<hdop>6.90</hdop>
	<extensions>
		<gpxtpx:TrackPointExtension>
			<gpxtpx:course>144.0</gpxtpx:course>
		</gpxtpx:TrackPointExtension>
	</extensions>
</trkpt>
<trkpt lat="44.2970124" lon="14.8932915">
	<ele>-23.54</ele>
	<time>2026-08-10T10:12:15.082Z</time>
	<hdop>3.79</hdop>
	<extensions>
		<gpxtpx:TrackPointExtension>
			<gpxtpx:course>145.0</gpxtpx:course>
		</gpxtpx:TrackPointExtension>
	</extensions>
</trkpt>
<trkpt lat="44.2967108" lon="14.8935716">
	<ele>-10.14</ele>
	<time>2026-08-10T10:12:25.082Z</time>
	<hdop>3.79</hdop>
	<extensions>
		<gpxtpx:TrackPointExtension>
			<gpxtpx:course>148.0</gpxtpx:course>
		</gpxtpx:TrackPointExtension>
	</extensions>
</trkpt>
<trkpt lat="44.2964190" lon="14.8938271">
	<ele>2.18</ele>
	<time>2026-08-10T10:12:35.083Z</time>
	<hdop>3.79</hdop>
	<extensions>
		<gpxtpx:TrackPointExtension>
			<gpxtpx:course>147.0</gpxtpx:course>
		</gpxtpx:TrackPointExtension>
	</extensions>
</trkpt>
<trkpt lat="44.2961026" lon="14.8941227">
	<ele>6.53</ele>
	<time>2026-08-10T10:12:46.082Z</time>
	<hdop>7.49</hdop>
	<extensions>
		<gpxtpx:TrackPointExtension>
			<gpxtpx:course>146.0</gpxtpx:course>
		</gpxtpx:TrackPointExtension>
	</extensions>
</trkpt>
<trkpt lat="44.2958101" lon="14.8944000">
	<ele>-0.10</ele>
	<time>2026-08-10T10:12:56.082Z</time>
	<hdop>3.79</hdop>
	<extensions>
		<gpxtpx:TrackPointExtension>
			<gpxtpx:course>147.0</gpxtpx:course>
		</gpxtpx:TrackPointExtension>
	</extensions>
</trkpt>
<trkpt lat="44.2955161" lon="14.8946602">
	<ele>1.60</ele>
	<time>2026-08-10T10:13:06.082Z</time>
	<hdop>3.79</hdop>
	<extensions>
		<gpxtpx:TrackPointExtension>
			<gpxtpx:course>146.0</gpxtpx:course>
		</gpxtpx:TrackPointExtension>
	</extensions>
</trkpt>
<trkpt lat="44.2951921" lon="14.8949430">
	<ele>-0.98</ele>
	<time>2026-08-10T10:13:17.082Z</time>
	<hdop>3.79</hdop>
	<extensions>
		<gpxtpx:TrackPointExtension>
			<gpxtpx:course>146.0</gpxtpx:course>
		</gpxtpx:TrackPointExtension>
	</extensions>
</trkpt>
<trkpt lat="44.2948798" lon="14.8952281">
	<ele>-8.31</ele>
	<time>2026-08-10T10:13:28.081Z</time>
	<hdop>3.79</hdop>
	<extensions>
		<gpxtpx:TrackPointExtension>
			<gpxtpx:course>149.0</gpxtpx:course>
		</gpxtpx:TrackPointExtension>
	</extensions>
</trkpt>
<trkpt lat="44.2945955" lon="14.8954771">
	<ele>-9.79</ele>
	<time>2026-08-10T10:13:38.083Z</time>
	<hdop>3.79</hdop>
	<extensions>
		<gpxtpx:TrackPointExtension>
			<gpxtpx:course>147.0</gpxtpx:course>
		</gpxtpx:TrackPointExtension>
	</extensions>
</trkpt>
<trkpt lat="44.2942741" lon="14.8957698">
	<ele>-6.32</ele>
	<time>2026-08-10T10:13:49.083Z</time>
	<hdop>3.79</hdop>
	<extensions>
		<gpxtpx:TrackPointExtension>
			<gpxtpx:course>146.0</gpxtpx:course>
		</gpxtpx:TrackPointExtension>
	</extensions>
</trkpt>
<trkpt lat="44.2939536" lon="14.8960463">
	<ele>0.65</ele>
	<time>2026-08-10T10:14:00.082Z</time>
	<hdop>3.79</hdop>
	<extensions>
		<gpxtpx:TrackPointExtension>
			<gpxtpx:course>146.0</gpxtpx:course>
		</gpxtpx:TrackPointExtension>
	</extensions>
</trkpt>
<trkpt lat="44.2936324" lon="14.8963399">
	<ele>13.51</ele>
	<time>2026-08-10T10:14:11.082Z</time>
	<hdop>3.79</hdop>
	<extensions>
		<gpxtpx:TrackPointExtension>
			<gpxtpx:course>148.0</gpxtpx:course>
		</gpxtpx:TrackPointExtension>
	</extensions>
</trkpt>
<trkpt lat="44.2933432" lon="14.8965924">
	<ele>13.44</ele>
	<time>2026-08-10T10:14:21.082Z</time>
	<hdop>3.79</hdop>
	<extensions>
		<gpxtpx:TrackPointExtension>
			<gpxtpx:course>146.0</gpxtpx:course>
		</gpxtpx:TrackPointExtension>
	</extensions>
</trkpt>
<trkpt lat="44.2930600" lon="14.8968546">
	<ele>17.05</ele>
	<time>2026-08-10T10:14:31.083Z</time>
	<hdop>3.79</hdop>
	<extensions>
		<gpxtpx:TrackPointExtension>
			<gpxtpx:course>146.0</gpxtpx:course>
		</gpxtpx:TrackPointExtension>
	</extensions>
</trkpt>
<trkpt lat="44.2927382" lon="14.8971531">
	<ele>14.97</ele>
	<time>2026-08-10T10:14:42.083Z</time>
	<hdop>3.79</hdop>
	<extensions>
		<gpxtpx:TrackPointExtension>
			<gpxtpx:course>145.0</gpxtpx:course>
		</gpxtpx:TrackPointExtension>
	</extensions>
</trkpt>
<trkpt lat="44.2924182" lon="14.8974437">
	<ele>-3.83</ele>
	<time>2026-08-10T10:14:53.081Z</time>
	<hdop>3.79</hdop>
	<extensions>
		<gpxtpx:TrackPointExtension>
			<gpxtpx:course>147.0</gpxtpx:course>
		</gpxtpx:TrackPointExtension>
	</extensions>
</trkpt>
<trkpt lat="44.2921324" lon="14.8977108">
	<ele>-3.66</ele>
	<time>2026-08-10T10:15:03.082Z</time>
	<hdop>3.79</hdop>
	<extensions>
		<gpxtpx:TrackPointExtension>
			<gpxtpx:course>146.0</gpxtpx:course>
		</gpxtpx:TrackPointExtension>
	</extensions>
</trkpt>
<trkpt lat="44.2918505" lon="14.8979665">
	<ele>-5.60</ele>
	<time>2026-08-10T10:15:13.082Z</time>
	<hdop>3.79</hdop>
	<extensions>
		<gpxtpx:TrackPointExtension>
			<gpxtpx:course>145.0</gpxtpx:course>
		</gpxtpx:TrackPointExtension>
	</extensions>
</trkpt>
<trkpt lat="44.2915745" lon="14.8982359">
	<ele>-6.64</ele>
	<time>2026-08-10T10:15:23.082Z</time>
	<hdop>3.79</hdop>
	<extensions>
		<gpxtpx:TrackPointExtension>
			<gpxtpx:course>144.0</gpxtpx:course>
		</gpxtpx:TrackPointExtension>
	</extensions>
</trkpt>
<trkpt lat="44.2912881" lon="14.8985075">
	<ele>-7.36</ele>
	<time>2026-08-10T10:15:33.082Z</time>
	<hdop>3.79</hdop>
	<extensions>
		<gpxtpx:TrackPointExtension>
			<gpxtpx:course>148.0</gpxtpx:course>
		</gpxtpx:TrackPointExtension>
	</extensions>
</trkpt>
<trkpt lat="44.2909779" lon="14.8987994">
	<ele>-61.00</ele>
	<time>2026-08-10T10:15:44.081Z</time>
	<hdop>3.79</hdop>
	<extensions>
		<gpxtpx:TrackPointExtension>
			<gpxtpx:course>147.0</gpxtpx:course>
		</gpxtpx:TrackPointExtension>
	</extensions>
</trkpt>
<trkpt lat="44.2907024" lon="14.8990522">
	<ele>-73.65</ele>
	<time>2026-08-10T10:15:54.082Z</time>
	<hdop>3.79</hdop>
	<extensions>
		<gpxtpx:TrackPointExtension>
			<gpxtpx:course>146.0</gpxtpx:course>
		</gpxtpx:TrackPointExtension>
	</extensions>
</trkpt>
<trkpt lat="44.2904129" lon="14.8993230">
	<ele>-57.84</ele>
	<time>2026-08-10T10:16:04.082Z</time>
	<hdop>3.79</hdop>
	<extensions>
		<gpxtpx:TrackPointExtension>
			<gpxtpx:course>145.0</gpxtpx:course>
		</gpxtpx:TrackPointExtension>
	</extensions>
</trkpt>
<trkpt lat="44.2901255" lon="14.8996021">
	<ele>-38.46</ele>
	<time>2026-08-10T10:16:14.082Z</time>
	<hdop>3.79</hdop>
	<extensions>
		<gpxtpx:TrackPointExtension>
			<gpxtpx:course>144.0</gpxtpx:course>
		</gpxtpx:TrackPointExtension>
	</extensions>
</trkpt>
<trkpt lat="44.2898390" lon="14.8998743">
	<ele>-30.53</ele>
	<time>2026-08-10T10:16:24.082Z</time>
	<hdop>3.79</hdop>
	<extensions>
		<gpxtpx:TrackPointExtension>
			<gpxtpx:course>145.0</gpxtpx:course>
		</gpxtpx:TrackPointExtension>
	</extensions>
</trkpt>
<trkpt lat="44.2895737" lon="14.9001444">
	<ele>2.50</ele>
	<time>2026-08-10T10:16:34.082Z</time>
	<hdop>3.79</hdop>
	<extensions>
		<gpxtpx:TrackPointExtension>
			<gpxtpx:course>146.0</gpxtpx:course>
		</gpxtpx:TrackPointExtension>
	</extensions>
</trkpt>
<trkpt lat="44.2892875" lon="14.9004096">
	<ele>21.74</ele>
	<time>2026-08-10T10:16:44.082Z</time>
	<hdop>3.79</hdop>
	<extensions>
		<gpxtpx:TrackPointExtension>
			<gpxtpx:course>146.0</gpxtpx:course>
		</gpxtpx:TrackPointExtension>
	</extensions>
</trkpt>
<trkpt lat="44.2890038" lon="14.9006785">
	<ele>31.81</ele>
	<time>2026-08-10T10:16:54.082Z</time>
	<hdop>3.79</hdop>
	<extensions>
		<gpxtpx:TrackPointExtension>
			<gpxtpx:course>146.0</gpxtpx:course>
		</gpxtpx:TrackPointExtension>
	</extensions>
</trkpt>
<trkpt lat="44.2887281" lon="14.9009465">
	<ele>25.72</ele>
	<time>2026-08-10T10:17:04.082Z</time>
	<hdop>3.79</hdop>
	<extensions>
		<gpxtpx:TrackPointExtension>
			<gpxtpx:course>145.0</gpxtpx:course>
		</gpxtpx:TrackPointExtension>
	</extensions>
</trkpt>
<trkpt lat="44.2884177" lon="14.9012536">
	<ele>17.43</ele>
	<time>2026-08-10T10:17:15.082Z</time>
	<hdop>3.79</hdop>
	<extensions>
		<gpxtpx:TrackPointExtension>
			<gpxtpx:course>144.0</gpxtpx:course>
		</gpxtpx:TrackPointExtension>
	</extensions>
</trkpt>
<trkpt lat="44.2881351" lon="14.9015299">
	<ele>20.38</ele>
	<time>2026-08-10T10:17:25.082Z</time>
	<hdop>3.79</hdop>
	<extensions>
		<gpxtpx:TrackPointExtension>
			<gpxtpx:course>146.0</gpxtpx:course>
		</gpxtpx:TrackPointExtension>
	</extensions>
</trkpt>
<trkpt lat="44.2877953" lon="14.9018520">
	<ele>8.88</ele>
	<time>2026-08-10T10:17:36.082Z</time>
	<hdop>3.79</hdop>
	<extensions>
		<gpxtpx:TrackPointExtension>
			<gpxtpx:course>145.0</gpxtpx:course>
		</gpxtpx:TrackPointExtension>
	</extensions>
</trkpt>
<trkpt lat="44.2874846" lon="14.9021224">
	<ele>-6.13</ele>
	<time>2026-08-10T10:17:46.082Z</time>
	<hdop>3.79</hdop>
	<extensions>
		<gpxtpx:TrackPointExtension>
			<gpxtpx:course>146.0</gpxtpx:course>
		</gpxtpx:TrackPointExtension>
	</extensions>
</trkpt>
<trkpt lat="44.2871611" lon="14.9024405">
	<ele>0.90</ele>
	<time>2026-08-10T10:17:57.082Z</time>
	<hdop>4.57</hdop>
	<extensions>
		<gpxtpx:TrackPointExtension>
			<gpxtpx:course>144.0</gpxtpx:course>
		</gpxtpx:TrackPointExtension>
	</extensions>
</trkpt>
<trkpt lat="44.2868809" lon="14.9027276">
	<ele>8.54</ele>
	<time>2026-08-10T10:18:07.082Z</time>
	<hdop>3.79</hdop>
	<extensions>
		<gpxtpx:TrackPointExtension>
			<gpxtpx:course>143.0</gpxtpx:course>
		</gpxtpx:TrackPointExtension>
	</extensions>
</trkpt>
<trkpt lat="44.2865761" lon="14.9030270">
	<ele>11.55</ele>
	<time>2026-08-10T10:18:18.080Z</time>
	<hdop>3.79</hdop>
	<extensions>
		<gpxtpx:TrackPointExtension>
			<gpxtpx:course>145.0</gpxtpx:course>
		</gpxtpx:TrackPointExtension>
	</extensions>
</trkpt>
<trkpt lat="44.2862877" lon="14.9033037">
	<ele>11.71</ele>
	<time>2026-08-10T10:18:28.082Z</time>
	<hdop>3.79</hdop>
	<extensions>
		<gpxtpx:TrackPointExtension>
			<gpxtpx:course>146.0</gpxtpx:course>
		</gpxtpx:TrackPointExtension>
	</extensions>
</trkpt>
<trkpt lat="44.2859744" lon="14.9036136">
	<ele>7.90</ele>
	<time>2026-08-10T10:18:39.082Z</time>
	<hdop>3.79</hdop>
	<extensions>
		<gpxtpx:TrackPointExtension>
			<gpxtpx:course>143.0</gpxtpx:course>
		</gpxtpx:TrackPointExtension>
	</extensions>
</trkpt>
<trkpt lat="44.2856625" lon="14.9039120">
	<ele>-0.60</ele>
	<time>2026-08-10T10:18:50.082Z</time>
	<hdop>3.79</hdop>
	<extensions>
		<gpxtpx:TrackPointExtension>
			<gpxtpx:course>142.0</gpxtpx:course>
		</gpxtpx:TrackPointExtension>
	</extensions>
</trkpt>
<trkpt lat="44.2853598" lon="14.9042221">
	<ele>0.64</ele>
	<time>2026-08-10T10:19:01.082Z</time>
	<hdop>3.79</hdop>
	<extensions>
		<gpxtpx:TrackPointExtension>
			<gpxtpx:course>144.0</gpxtpx:course>
		</gpxtpx:TrackPointExtension>
	</extensions>
</trkpt>
<trkpt lat="44.2850926" lon="14.9045081">
	<ele>1.74</ele>
	<time>2026-08-10T10:19:11.082Z</time>
	<hdop>3.79</hdop>
	<extensions>
		<gpxtpx:TrackPointExtension>
			<gpxtpx:course>143.0</gpxtpx:course>
		</gpxtpx:TrackPointExtension>
	</extensions>
</trkpt>
<trkpt lat="44.2847803" lon="14.9048136">
	<ele>2.28</ele>
	<time>2026-08-10T10:19:22.081Z</time>
	<hdop>3.79</hdop>
	<extensions>
		<gpxtpx:TrackPointExtension>
			<gpxtpx:course>144.0</gpxtpx:course>
		</gpxtpx:TrackPointExtension>
	</extensions>
</trkpt>
<trkpt lat="44.2844708" lon="14.9051236">
	<ele>2.21</ele>
	<time>2026-08-10T10:19:33.081Z</time>
	<hdop>3.79</hdop>
	<extensions>
		<gpxtpx:TrackPointExtension>
			<gpxtpx:course>143.0</gpxtpx:course>
		</gpxtpx:TrackPointExtension>
	</extensions>
</trkpt>
<trkpt lat="44.2841992" lon="14.9054165">
	<ele>1.07</ele>
	<time>2026-08-10T10:19:43.081Z</time>
	<hdop>3.79</hdop>
	<extensions>
		<gpxtpx:TrackPointExtension>
			<gpxtpx:course>143.0</gpxtpx:course>
		</gpxtpx:TrackPointExtension>
	</extensions>
</trkpt>
<trkpt lat="44.2839198" lon="14.9057119">
	<ele>1.14</ele>
	<time>2026-08-10T10:19:54.081Z</time>
	<hdop>3.79</hdop>
	<extensions>
		<gpxtpx:TrackPointExtension>
			<gpxtpx:course>138.0</gpxtpx:course>
		</gpxtpx:TrackPointExtension>
	</extensions>
</trkpt>
<trkpt lat="44.2836602" lon="14.9059749">
	<ele>0.23</ele>
	<time>2026-08-10T10:20:04.082Z</time>
	<hdop>3.79</hdop>
	<extensions>
		<gpxtpx:TrackPointExtension>
			<gpxtpx:course>145.0</gpxtpx:course>
		</gpxtpx:TrackPointExtension>
	</extensions>
</trkpt>
<trkpt lat="44.2833796" lon="14.9062575">
	<ele>6.61</ele>
	<time>2026-08-10T10:20:14.082Z</time>
	<hdop>3.79</hdop>
	<extensions>
		<gpxtpx:TrackPointExtension>
			<gpxtpx:course>144.0</gpxtpx:course>
		</gpxtpx:TrackPointExtension>
	</extensions>
</trkpt>
<trkpt lat="44.2830712" lon="14.9065653">
	<ele>11.71</ele>
	<time>2026-08-10T10:20:25.081Z</time>
	<hdop>3.79</hdop>
	<extensions>
		<gpxtpx:TrackPointExtension>
			<gpxtpx:course>141.0</gpxtpx:course>
		</gpxtpx:TrackPointExtension>
	</extensions>
</trkpt>
<trkpt lat="44.2827901" lon="14.9068504">
	<ele>19.77</ele>
	<time>2026-08-10T10:20:35.081Z</time>
	<hdop>3.79</hdop>
	<extensions>
		<gpxtpx:TrackPointExtension>
			<gpxtpx:course>141.0</gpxtpx:course>
		</gpxtpx:TrackPointExtension>
	</extensions>
</trkpt>
<trkpt lat="44.2825088" lon="14.9071390">
	<ele>19.69</ele>
	<time>2026-08-10T10:20:45.081Z</time>
	<hdop>3.79</hdop>
	<extensions>
		<gpxtpx:TrackPointExtension>
			<gpxtpx:course>144.0</gpxtpx:course>
		</gpxtpx:TrackPointExtension>
	</extensions>
</trkpt>
<trkpt lat="44.2822054" lon="14.9074544">
	<ele>21.97</ele>
	<time>2026-08-10T10:20:56.080Z</time>
	<hdop>3.79</hdop>
	<extensions>
		<gpxtpx:TrackPointExtension>
			<gpxtpx:course>143.0</gpxtpx:course>
		</gpxtpx:TrackPointExtension>
	</extensions>
</trkpt>
<trkpt lat="44.2819273" lon="14.9077393">
	<ele>21.27</ele>
	<time>2026-08-10T10:21:06.082Z</time>
	<hdop>3.79</hdop>
	<extensions>
		<gpxtpx:TrackPointExtension>
			<gpxtpx:course>143.0</gpxtpx:course>
		</gpxtpx:TrackPointExtension>
	</extensions>
</trkpt>
<trkpt lat="44.2816023" lon="14.9080705">
	<ele>21.62</ele>
	<time>2026-08-10T10:21:17.080Z</time>
	<hdop>3.79</hdop>
	<extensions>
		<gpxtpx:TrackPointExtension>
			<gpxtpx:course>143.0</gpxtpx:course>
		</gpxtpx:TrackPointExtension>
	</extensions>
</trkpt>
<trkpt lat="44.2813134" lon="14.9083503">
	<ele>18.77</ele>
	<time>2026-08-10T10:21:27.081Z</time>
	<hdop>3.79</hdop>
	<extensions>
		<gpxtpx:TrackPointExtension>
			<gpxtpx:course>144.0</gpxtpx:course>
		</gpxtpx:TrackPointExtension>
	</extensions>
</trkpt>
<trkpt lat="44.2810056" lon="14.9086580">
	<ele>19.66</ele>
	<time>2026-08-10T10:21:38.080Z</time>
	<hdop>3.79</hdop>
	<extensions>
		<gpxtpx:TrackPointExtension>
			<gpxtpx:course>145.0</gpxtpx:course>
		</gpxtpx:TrackPointExtension>
	</extensions>
</trkpt>
<trkpt lat="44.2807277" lon="14.9089233">
	<ele>18.56</ele>
	<time>2026-08-10T10:21:48.080Z</time>
	<hdop>3.79</hdop>
	<extensions>
		<gpxtpx:TrackPointExtension>
			<gpxtpx:course>143.0</gpxtpx:course>
		</gpxtpx:TrackPointExtension>
	</extensions>
</trkpt>
<trkpt lat="44.2804461" lon="14.9092156">
	<ele>20.13</ele>
	<time>2026-08-10T10:21:58.081Z</time>
	<hdop>3.79</hdop>
	<extensions>
		<gpxtpx:TrackPointExtension>
			<gpxtpx:course>144.0</gpxtpx:course>
		</gpxtpx:TrackPointExtension>
	</extensions>
</trkpt>
<trkpt lat="44.2801664" lon="14.9095000">
	<ele>16.64</ele>
	<time>2026-08-10T10:22:08.081Z</time>
	<hdop>3.79</hdop>
	<extensions>
		<gpxtpx:TrackPointExtension>
			<gpxtpx:course>143.0</gpxtpx:course>
		</gpxtpx:TrackPointExtension>
	</extensions>
</trkpt>
<trkpt lat="44.2798559" lon="14.9098156">
	<ele>16.91</ele>
	<time>2026-08-10T10:22:19.081Z</time>
	<hdop>3.79</hdop>
	<extensions>
		<gpxtpx:TrackPointExtension>
			<gpxtpx:course>145.0</gpxtpx:course>
		</gpxtpx:TrackPointExtension>
	</extensions>
</trkpt>
<trkpt lat="44.2795401" lon="14.9101393">
	<ele>12.12</ele>
	<time>2026-08-10T10:22:30.080Z</time>
	<hdop>3.79</hdop>
	<extensions>
		<gpxtpx:TrackPointExtension>
			<gpxtpx:course>143.0</gpxtpx:course>
		</gpxtpx:TrackPointExtension>
	</extensions>
</trkpt>
<trkpt lat="44.2792599" lon="14.9104465">
	<ele>3.37</ele>
	<time>2026-08-10T10:22:40.081Z</time>
	<hdop>3.79</hdop>
	<extensions>
		<gpxtpx:TrackPointExtension>
			<gpxtpx:course>144.0</gpxtpx:course>
		</gpxtpx:TrackPointExtension>
	</extensions>
</trkpt>
<trkpt lat="44.2789820" lon="14.9107373">
	<ele>-5.04</ele>
	<time>2026-08-10T10:22:50.081Z</time>
	<hdop>3.79</hdop>
	<extensions>
		<gpxtpx:TrackPointExtension>
			<gpxtpx:course>145.0</gpxtpx:course>
		</gpxtpx:TrackPointExtension>
	</extensions>
</trkpt>
<trkpt lat="44.2787042" lon="14.9110287">
	<ele>-9.12</ele>
	<time>2026-08-10T10:23:00.081Z</time>
	<hdop>3.79</hdop>
	<extensions>
		<gpxtpx:TrackPointExtension>
			<gpxtpx:course>144.0</gpxtpx:course>
		</gpxtpx:TrackPointExtension>
	</extensions>
</trkpt>
<trkpt lat="44.2783945" lon="14.9113457">
	<ele>-14.48</ele>
	<time>2026-08-10T10:23:11.081Z</time>
	<hdop>3.79</hdop>
	<extensions>
		<gpxtpx:TrackPointExtension>
			<gpxtpx:course>142.0</gpxtpx:course>
		</gpxtpx:TrackPointExtension>
	</extensions>
</trkpt>
<trkpt lat="44.2781059" lon="14.9116321">
	<ele>-13.98</ele>
	<time>2026-08-10T10:23:21.081Z</time>
	<hdop>3.79</hdop>
	<extensions>
		<gpxtpx:TrackPointExtension>
			<gpxtpx:course>141.0</gpxtpx:course>
		</gpxtpx:TrackPointExtension>
	</extensions>
</trkpt>
<trkpt lat="44.2778154" lon="14.9119066">
	<ele>-4.72</ele>
	<time>2026-08-10T10:23:31.081Z</time>
	<hdop>3.79</hdop>
	<extensions>
		<gpxtpx:TrackPointExtension>
			<gpxtpx:course>143.0</gpxtpx:course>
		</gpxtpx:TrackPointExtension>
	</extensions>
</trkpt>
<trkpt lat="44.2775459" lon="14.9121975">
	<ele>4.66</ele>
	<time>2026-08-10T10:23:41.081Z</time>
	<hdop>3.79</hdop>
	<extensions>
		<gpxtpx:TrackPointExtension>
			<gpxtpx:course>142.0</gpxtpx:course>
		</gpxtpx:TrackPointExtension>
	</extensions>
</trkpt>
<trkpt lat="44.2772206" lon="14.9125366">
	<ele>7.59</ele>
	<time>2026-08-10T10:23:52.080Z</time>
	<hdop>3.79</hdop>
	<extensions>
		<gpxtpx:TrackPointExtension>
			<gpxtpx:course>144.0</gpxtpx:course>
		</gpxtpx:TrackPointExtension>
	</extensions>
</trkpt>
<trkpt lat="44.2769360" lon="14.9128229">
	<ele>0.05</ele>
	<time>2026-08-10T10:24:02.080Z</time>
	<hdop>3.79</hdop>
	<extensions>
		<gpxtpx:TrackPointExtension>
			<gpxtpx:course>140.0</gpxtpx:course>
		</gpxtpx:TrackPointExtension>
	</extensions>
</trkpt>
<trkpt lat="44.2766646" lon="14.9131114">
	<ele>-6.91</ele>
	<time>2026-08-10T10:24:12.080Z</time>
	<hdop>3.79</hdop>
	<extensions>
		<gpxtpx:TrackPointExtension>
			<gpxtpx:course>142.0</gpxtpx:course>
		</gpxtpx:TrackPointExtension>
	</extensions>
</trkpt>
<trkpt lat="44.2763871" lon="14.9133919">
	<ele>-8.68</ele>
	<time>2026-08-10T10:24:22.081Z</time>
	<hdop>3.79</hdop>
	<extensions>
		<gpxtpx:TrackPointExtension>
			<gpxtpx:course>146.0</gpxtpx:course>
		</gpxtpx:TrackPointExtension>
	</extensions>
</trkpt>
<trkpt lat="44.2760735" lon="14.9137173">
	<ele>-8.11</ele>
	<time>2026-08-10T10:24:33.080Z</time>
	<hdop>3.79</hdop>
	<extensions>
		<gpxtpx:TrackPointExtension>
			<gpxtpx:course>144.0</gpxtpx:course>
		</gpxtpx:TrackPointExtension>
	</extensions>
</trkpt>
<trkpt lat="44.2757810" lon="14.9140056">
	<ele>-6.43</ele>
	<time>2026-08-10T10:24:43.081Z</time>
	<hdop>3.79</hdop>
	<extensions>
		<gpxtpx:TrackPointExtension>
			<gpxtpx:course>142.0</gpxtpx:course>
		</gpxtpx:TrackPointExtension>
	</extensions>
</trkpt>
<trkpt lat="44.2755004" lon="14.9142906">
	<ele>-15.60</ele>
	<time>2026-08-10T10:24:53.081Z</time>
	<hdop>3.79</hdop>
	<extensions>
		<gpxtpx:TrackPointExtension>
			<gpxtpx:course>145.0</gpxtpx:course>
		</gpxtpx:TrackPointExtension>
	</extensions>
</trkpt>
<trkpt lat="44.2751986" lon="14.9145933">
	<ele>-36.08</ele>
	<time>2026-08-10T10:25:04.080Z</time>
	<hdop>3.79</hdop>
	<extensions>
		<gpxtpx:TrackPointExtension>
			<gpxtpx:course>144.0</gpxtpx:course>
		</gpxtpx:TrackPointExtension>
	</extensions>
</trkpt>
<trkpt lat="44.2749114" lon="14.9148794">
	<ele>-34.49</ele>
	<time>2026-08-10T10:25:14.080Z</time>
	<hdop>3.79</hdop>
	<extensions>
		<gpxtpx:TrackPointExtension>
			<gpxtpx:course>140.0</gpxtpx:course>
		</gpxtpx:TrackPointExtension>
	</extensions>
</trkpt>
<trkpt lat="44.2746288" lon="14.9151785">
	<ele>-15.27</ele>
	<time>2026-08-10T10:25:24.081Z</time>
	<hdop>3.79</hdop>
	<extensions>
		<gpxtpx:TrackPointExtension>
			<gpxtpx:course>143.0</gpxtpx:course>
		</gpxtpx:TrackPointExtension>
	</extensions>
</trkpt>
<trkpt lat="44.2743188" lon="14.9155201">
	<ele>-3.75</ele>
	<time>2026-08-10T10:25:35.081Z</time>
	<hdop>3.79</hdop>
	<extensions>
		<gpxtpx:TrackPointExtension>
			<gpxtpx:course>142.0</gpxtpx:course>
		</gpxtpx:TrackPointExtension>
	</extensions>
</trkpt>
<trkpt lat="44.2739981" lon="14.9158407">
	<ele>-7.95</ele>
	<time>2026-08-10T10:25:46.079Z</time>
	<hdop>3.79</hdop>
	<extensions>
		<gpxtpx:TrackPointExtension>
			<gpxtpx:course>145.0</gpxtpx:course>
		</gpxtpx:TrackPointExtension>
	</extensions>
</trkpt>
<trkpt lat="44.2737142" lon="14.9161246">
	<ele>0.64</ele>
	<time>2026-08-10T10:25:56.080Z</time>
	<hdop>3.79</hdop>
	<extensions>
		<gpxtpx:TrackPointExtension>
			<gpxtpx:course>145.0</gpxtpx:course>
		</gpxtpx:TrackPointExtension>
	</extensions>
</trkpt>
<trkpt lat="44.2734063" lon="14.9164434">
	<ele>11.58</ele>
	<time>2026-08-10T10:26:07.081Z</time>
	<hdop>3.79</hdop>
	<extensions>
		<gpxtpx:TrackPointExtension>
			<gpxtpx:course>145.0</gpxtpx:course>
		</gpxtpx:TrackPointExtension>
	</extensions>
</trkpt>
<trkpt lat="44.2731227" lon="14.9167283">
	<ele>21.67</ele>
	<time>2026-08-10T10:26:17.081Z</time>
	<hdop>3.79</hdop>
	<extensions>
		<gpxtpx:TrackPointExtension>
			<gpxtpx:course>145.0</gpxtpx:course>
		</gpxtpx:TrackPointExtension>
	</extensions>
</trkpt>
<trkpt lat="44.2728328" lon="14.9170139">
	<ele>23.85</ele>
	<time>2026-08-10T10:26:27.081Z</time>
	<hdop>3.79</hdop>
	<extensions>
		<gpxtpx:TrackPointExtension>
			<gpxtpx:course>144.0</gpxtpx:course>
		</gpxtpx:TrackPointExtension>
	</extensions>
</trkpt>
<trkpt lat="44.2725462" lon="14.9173088">
	<ele>26.95</ele>
	<time>2026-08-10T10:26:37.081Z</time>
	<hdop>3.79</hdop>
	<extensions>
		<gpxtpx:TrackPointExtension>
			<gpxtpx:course>143.0</gpxtpx:course>
		</gpxtpx:TrackPointExtension>
	</extensions>
</trkpt>
<trkpt lat="44.2722339" lon="14.9176260">
	<ele>25.60</ele>
	<time>2026-08-10T10:26:48.081Z</time>
	<hdop>3.79</hdop>
	<extensions>
		<gpxtpx:TrackPointExtension>
			<gpxtpx:course>143.0</gpxtpx:course>
		</gpxtpx:TrackPointExtension>
	</extensions>
</trkpt>
<trkpt lat="44.2719180" lon="14.9179556">
	<ele>26.24</ele>
	<time>2026-08-10T10:26:59.080Z</time>
	<hdop>3.79</hdop>
	<extensions>
		<gpxtpx:TrackPointExtension>
			<gpxtpx:course>143.0</gpxtpx:course>
		</gpxtpx:TrackPointExtension>
	</extensions>
</trkpt>
<trkpt lat="44.2716295" lon="14.9182526">
	<ele>23.64</ele>
	<time>2026-08-10T10:27:09.080Z</time>
	<hdop>3.79</hdop>
	<extensions>
		<gpxtpx:TrackPointExtension>
			<gpxtpx:course>143.0</gpxtpx:course>
		</gpxtpx:TrackPointExtension>
	</extensions>
</trkpt>
<trkpt lat="44.2713470" lon="14.9185384">
	<ele>26.40</ele>
	<time>2026-08-10T10:27:19.081Z</time>
	<hdop>3.79</hdop>
	<extensions>
		<gpxtpx:TrackPointExtension>
			<gpxtpx:course>143.0</gpxtpx:course>
		</gpxtpx:TrackPointExtension>
	</extensions>
</trkpt>
<trkpt lat="44.2710335" lon="14.9188511">
	<ele>24.25</ele>
	<time>2026-08-10T10:27:30.080Z</time>
	<hdop>3.79</hdop>
	<extensions>
		<gpxtpx:TrackPointExtension>
			<gpxtpx:course>144.0</gpxtpx:course>
		</gpxtpx:TrackPointExtension>
	</extensions>
</trkpt>
<trkpt lat="44.2707492" lon="14.9191359">
	<ele>23.86</ele>
	<time>2026-08-10T10:27:40.080Z</time>
	<hdop>3.79</hdop>
	<extensions>
		<gpxtpx:TrackPointExtension>
			<gpxtpx:course>141.0</gpxtpx:course>
		</gpxtpx:TrackPointExtension>
	</extensions>
</trkpt>
<trkpt lat="44.2704666" lon="14.9194250">
	<ele>25.11</ele>
	<time>2026-08-10T10:27:50.080Z</time>
	<hdop>3.79</hdop>
	<extensions>
		<gpxtpx:TrackPointExtension>
			<gpxtpx:course>144.0</gpxtpx:course>
		</gpxtpx:TrackPointExtension>
	</extensions>
</trkpt>
<trkpt lat="44.2701744" lon="14.9197246">
	<ele>23.33</ele>
	<time>2026-08-10T10:28:00.080Z</time>
	<hdop>3.79</hdop>
	<extensions>
		<gpxtpx:TrackPointExtension>
			<gpxtpx:course>144.0</gpxtpx:course>
		</gpxtpx:TrackPointExtension>
	</extensions>
</trkpt>
<trkpt lat="44.2698628" lon="14.9200367">
	<ele>22.59</ele>
	<time>2026-08-10T10:28:11.080Z</time>
	<hdop>3.79</hdop>
	<extensions>
		<gpxtpx:TrackPointExtension>
			<gpxtpx:course>143.0</gpxtpx:course>
		</gpxtpx:TrackPointExtension>
	</extensions>
</trkpt>
<trkpt lat="44.2695507" lon="14.9203565">
	<ele>21.38</ele>
	<time>2026-08-10T10:28:22.080Z</time>
	<hdop>3.79</hdop>
	<extensions>
		<gpxtpx:TrackPointExtension>
			<gpxtpx:course>143.0</gpxtpx:course>
		</gpxtpx:TrackPointExtension>
	</extensions>
</trkpt>
<trkpt lat="44.2692353" lon="14.9206751">
	<ele>21.81</ele>
	<time>2026-08-10T10:28:33.080Z</time>
	<hdop>3.79</hdop>
	<extensions>
		<gpxtpx:TrackPointExtension>
			<gpxtpx:course>145.0</gpxtpx:course>
		</gpxtpx:TrackPointExtension>
	</extensions>
</trkpt>
<trkpt lat="44.2689485" lon="14.9209620">
	<ele>20.46</ele>
	<time>2026-08-10T10:28:43.080Z</time>
	<hdop>3.79</hdop>
	<extensions>
		<gpxtpx:TrackPointExtension>
			<gpxtpx:course>145.0</gpxtpx:course>
		</gpxtpx:TrackPointExtension>
	</extensions>
</trkpt>
<trkpt lat="44.2686321" lon="14.9212889">
	<ele>21.53</ele>
	<time>2026-08-10T10:28:54.079Z</time>
	<hdop>3.79</hdop>
	<extensions>
		<gpxtpx:TrackPointExtension>
			<gpxtpx:course>144.0</gpxtpx:course>
		</gpxtpx:TrackPointExtension>
	</extensions>
</trkpt>
<trkpt lat="44.2683434" lon="14.9215739">
	<ele>19.64</ele>
	<time>2026-08-10T10:29:04.079Z</time>
	<hdop>3.79</hdop>
	<extensions>
		<gpxtpx:TrackPointExtension>
			<gpxtpx:course>145.0</gpxtpx:course>
		</gpxtpx:TrackPointExtension>
	</extensions>
</trkpt>
<trkpt lat="44.2680577" lon="14.9218716">
	<ele>21.79</ele>
	<time>2026-08-10T10:29:14.079Z</time>
	<hdop>3.79</hdop>
	<extensions>
		<gpxtpx:TrackPointExtension>
			<gpxtpx:course>144.0</gpxtpx:course>
		</gpxtpx:TrackPointExtension>
	</extensions>
</trkpt>
<trkpt lat="44.2677740" lon="14.9221603">
	<ele>19.67</ele>
	<time>2026-08-10T10:29:24.079Z</time>
	<hdop>3.79</hdop>
	<extensions>
		<gpxtpx:TrackPointExtension>
			<gpxtpx:course>142.0</gpxtpx:course>
		</gpxtpx:TrackPointExtension>
	</extensions>
</trkpt>
<trkpt lat="44.2674890" lon="14.9224411">
	<ele>19.92</ele>
	<time>2026-08-10T10:29:34.080Z</time>
	<hdop>3.79</hdop>
	<extensions>
		<gpxtpx:TrackPointExtension>
			<gpxtpx:course>145.0</gpxtpx:course>
		</gpxtpx:TrackPointExtension>
	</extensions>
</trkpt>
<trkpt lat="44.2672114" lon="14.9227263">
	<ele>18.53</ele>
	<time>2026-08-10T10:29:44.080Z</time>
	<hdop>3.79</hdop>
	<extensions>
		<gpxtpx:TrackPointExtension>
			<gpxtpx:course>145.0</gpxtpx:course>
		</gpxtpx:TrackPointExtension>
	</extensions>
</trkpt>
<trkpt lat="44.2669237" lon="14.9230033">
	<ele>17.19</ele>
	<time>2026-08-10T10:29:54.080Z</time>
	<hdop>3.79</hdop>
	<extensions>
		<gpxtpx:TrackPointExtension>
			<gpxtpx:course>142.0</gpxtpx:course>
		</gpxtpx:TrackPointExtension>
	</extensions>
</trkpt>
<trkpt lat="44.2666389" lon="14.9232934">
	<ele>12.12</ele>
	<time>2026-08-10T10:30:04.080Z</time>
	<hdop>3.79</hdop>
	<extensions>
		<gpxtpx:TrackPointExtension>
			<gpxtpx:course>145.0</gpxtpx:course>
		</gpxtpx:TrackPointExtension>
	</extensions>
</trkpt>
<trkpt lat="44.2663454" lon="14.9235856">
	<ele>17.56</ele>
	<time>2026-08-10T10:30:14.080Z</time>
	<hdop>3.79</hdop>
	<extensions>
		<gpxtpx:TrackPointExtension>
			<gpxtpx:course>146.0</gpxtpx:course>
		</gpxtpx:TrackPointExtension>
	</extensions>
</trkpt>
<trkpt lat="44.2659861" lon="14.9237747">
	<ele>11.53</ele>
	<time>2026-08-10T10:30:25.079Z</time>
	<hdop>3.79</hdop>
	<extensions>
		<gpxtpx:TrackPointExtension>
			<gpxtpx:course>170.0</gpxtpx:course>
		</gpxtpx:TrackPointExtension>
	</extensions>
</trkpt>
<trkpt lat="44.2656478" lon="14.9237480">
	<ele>15.52</ele>
	<time>2026-08-10T10:30:35.079Z</time>
	<hdop>3.79</hdop>
	<extensions>
		<gpxtpx:TrackPointExtension>
			<gpxtpx:course>193.0</gpxtpx:course>
		</gpxtpx:TrackPointExtension>
	</extensions>
</trkpt>
<trkpt lat="44.2653449" lon="14.9235638">
	<ele>20.72</ele>
	<time>2026-08-10T10:30:45.080Z</time>
	<hdop>3.79</hdop>
	<extensions>
		<gpxtpx:TrackPointExtension>
			<gpxtpx:course>211.0</gpxtpx:course>
		</gpxtpx:TrackPointExtension>
	</extensions>
</trkpt>
<trkpt lat="44.2650220" lon="14.9233689">
	<ele>15.45</ele>
	<time>2026-08-10T10:30:56.078Z</time>
	<hdop>3.79</hdop>
	<extensions>
		<gpxtpx:TrackPointExtension>
			<gpxtpx:course>184.0</gpxtpx:course>
		</gpxtpx:TrackPointExtension>
	</extensions>
</trkpt>
<trkpt lat="44.2647031" lon="14.9235313">
	<ele>17.32</ele>
	<time>2026-08-10T10:31:06.079Z</time>
	<hdop>3.79</hdop>
	<extensions>
		<gpxtpx:TrackPointExtension>
			<gpxtpx:course>148.0</gpxtpx:course>
		</gpxtpx:TrackPointExtension>
	</extensions>
</trkpt>
<trkpt lat="44.2644110" lon="14.9237932">
	<ele>19.01</ele>
	<time>2026-08-10T10:31:16.079Z</time>
	<hdop>3.79</hdop>
	<extensions>
		<gpxtpx:TrackPointExtension>
			<gpxtpx:course>149.0</gpxtpx:course>
		</gpxtpx:TrackPointExtension>
	</extensions>
</trkpt>
<trkpt lat="44.2640865" lon="14.9240679">
	<ele>-1.74</ele>
	<time>2026-08-10T10:31:27.080Z</time>
	<hdop>3.79</hdop>
	<extensions>
		<gpxtpx:TrackPointExtension>
			<gpxtpx:course>139.0</gpxtpx:course>
		</gpxtpx:TrackPointExtension>
	</extensions>
</trkpt>
<trkpt lat="44.2637651" lon="14.9243470">
	<ele>-8.24</ele>
	<time>2026-08-10T10:31:38.080Z</time>
	<hdop>3.79</hdop>
	<extensions>
		<gpxtpx:TrackPointExtension>
			<gpxtpx:course>144.0</gpxtpx:course>
		</gpxtpx:TrackPointExtension>
	</extensions>
</trkpt>
<trkpt lat="44.2634148" lon="14.9246174">
	<ele>-15.44</ele>
	<time>2026-08-10T10:31:49.078Z</time>
	<hdop>3.79</hdop>
	<extensions>
		<gpxtpx:TrackPointExtension>
			<gpxtpx:course>148.0</gpxtpx:course>
		</gpxtpx:TrackPointExtension>
	</extensions>
</trkpt>
<trkpt lat="44.2631069" lon="14.9248748">
	<ele>-14.35</ele>
	<time>2026-08-10T10:31:59.079Z</time>
	<hdop>3.79</hdop>
	<extensions>
		<gpxtpx:TrackPointExtension>
			<gpxtpx:course>148.0</gpxtpx:course>
		</gpxtpx:TrackPointExtension>
	</extensions>
</trkpt>
<trkpt lat="44.2628048" lon="14.9251295">
	<ele>-7.94</ele>
	<time>2026-08-10T10:32:09.079Z</time>
	<hdop>3.79</hdop>
	<extensions>
		<gpxtpx:TrackPointExtension>
			<gpxtpx:course>147.0</gpxtpx:course>
		</gpxtpx:TrackPointExtension>
	</extensions>
</trkpt>
<trkpt lat="44.2625000" lon="14.9253873">
	<ele>-15.30</ele>
	<time>2026-08-10T10:32:19.080Z</time>
	<hdop>3.79</hdop>
	<extensions>
		<gpxtpx:TrackPointExtension>
			<gpxtpx:course>149.0</gpxtpx:course>
		</gpxtpx:TrackPointExtension>
	</extensions>
</trkpt>
<trkpt lat="44.2621692" lon="14.9256634">
	<ele>-19.36</ele>
	<time>2026-08-10T10:32:30.078Z</time>
	<hdop>3.79</hdop>
	<extensions>
		<gpxtpx:TrackPointExtension>
			<gpxtpx:course>149.0</gpxtpx:course>
		</gpxtpx:TrackPointExtension>
	</extensions>
</trkpt>
<trkpt lat="44.2618623" lon="14.9259079">
	<ele>-20.66</ele>
	<time>2026-08-10T10:32:40.079Z</time>
	<hdop>3.79</hdop>
	<extensions>
		<gpxtpx:TrackPointExtension>
			<gpxtpx:course>150.0</gpxtpx:course>
		</gpxtpx:TrackPointExtension>
	</extensions>
</trkpt>
<trkpt lat="44.2615691" lon="14.9261557">
	<ele>-44.84</ele>
	<time>2026-08-10T10:32:50.079Z</time>
	<hdop>3.79</hdop>
	<extensions>
		<gpxtpx:TrackPointExtension>
			<gpxtpx:course>154.0</gpxtpx:course>
		</gpxtpx:TrackPointExtension>
	</extensions>
</trkpt>
<trkpt lat="44.2612319" lon="14.9264582">
	<ele>-38.53</ele>
	<time>2026-08-10T10:33:01.079Z</time>
	<hdop>3.79</hdop>
	<extensions>
		<gpxtpx:TrackPointExtension>
			<gpxtpx:course>146.0</gpxtpx:course>
		</gpxtpx:TrackPointExtension>
	</extensions>
</trkpt>
<trkpt lat="44.2609340" lon="14.9267291">
	<ele>-16.07</ele>
	<time>2026-08-10T10:33:11.079Z</time>
	<hdop>3.79</hdop>
	<extensions>
		<gpxtpx:TrackPointExtension>
			<gpxtpx:course>146.0</gpxtpx:course>
		</gpxtpx:TrackPointExtension>
	</extensions>
</trkpt>
<trkpt lat="44.2606352" lon="14.9269940">
	<ele>-5.00</ele>
	<time>2026-08-10T10:33:21.080Z</time>
	<hdop>3.79</hdop>
	<extensions>
		<gpxtpx:TrackPointExtension>
			<gpxtpx:course>147.0</gpxtpx:course>
		</gpxtpx:TrackPointExtension>
	</extensions>
</trkpt>
<trkpt lat="44.2603387" lon="14.9272539">
	<ele>8.95</ele>
	<time>2026-08-10T10:33:31.080Z</time>
	<hdop>3.79</hdop>
	<extensions>
		<gpxtpx:TrackPointExtension>
			<gpxtpx:course>147.0</gpxtpx:course>
		</gpxtpx:TrackPointExtension>
	</extensions>
</trkpt>
<trkpt lat="44.2600430" lon="14.9275222">
	<ele>10.27</ele>
	<time>2026-08-10T10:33:41.080Z</time>
	<hdop>3.79</hdop>
	<extensions>
		<gpxtpx:TrackPointExtension>
			<gpxtpx:course>147.0</gpxtpx:course>
		</gpxtpx:TrackPointExtension>
	</extensions>
</trkpt>
<trkpt lat="44.2597117" lon="14.9278095">
	<ele>12.49</ele>
	<time>2026-08-10T10:33:52.078Z</time>
	<hdop>3.79</hdop>
	<extensions>
		<gpxtpx:TrackPointExtension>
			<gpxtpx:course>145.0</gpxtpx:course>
		</gpxtpx:TrackPointExtension>
	</extensions>
</trkpt>
<trkpt lat="44.2593869" lon="14.9280973">
	<ele>17.18</ele>
	<time>2026-08-10T10:34:03.079Z</time>
	<hdop>3.79</hdop>
	<extensions>
		<gpxtpx:TrackPointExtension>
			<gpxtpx:course>147.0</gpxtpx:course>
		</gpxtpx:TrackPointExtension>
	</extensions>
</trkpt>
<trkpt lat="44.2590920" lon="14.9283580">
	<ele>14.77</ele>
	<time>2026-08-10T10:34:13.080Z</time>
	<hdop>3.79</hdop>
	<extensions>
		<gpxtpx:TrackPointExtension>
			<gpxtpx:course>148.0</gpxtpx:course>
		</gpxtpx:TrackPointExtension>
	</extensions>
</trkpt>
<trkpt lat="44.2587620" lon="14.9286427">
	<ele>12.40</ele>
	<time>2026-08-10T10:34:24.079Z</time>
	<hdop>3.79</hdop>
	<extensions>
		<gpxtpx:TrackPointExtension>
			<gpxtpx:course>148.0</gpxtpx:course>
		</gpxtpx:TrackPointExtension>
	</extensions>
</trkpt>
<trkpt lat="44.2584304" lon="14.9289297">
	<ele>17.68</ele>
	<time>2026-08-10T10:34:35.080Z</time>
	<hdop>3.79</hdop>
	<extensions>
		<gpxtpx:TrackPointExtension>
			<gpxtpx:course>147.0</gpxtpx:course>
		</gpxtpx:TrackPointExtension>
	</extensions>
</trkpt>
<trkpt lat="44.2581027" lon="14.9292237">
	<ele>11.83</ele>
	<time>2026-08-10T10:34:46.078Z</time>
	<hdop>3.79</hdop>
	<extensions>
		<gpxtpx:TrackPointExtension>
			<gpxtpx:course>148.0</gpxtpx:course>
		</gpxtpx:TrackPointExtension>
	</extensions>
</trkpt>
<trkpt lat="44.2577984" lon="14.9294852">
	<ele>14.02</ele>
	<time>2026-08-10T10:34:56.079Z</time>
	<hdop>3.79</hdop>
	<extensions>
		<gpxtpx:TrackPointExtension>
			<gpxtpx:course>148.0</gpxtpx:course>
		</gpxtpx:TrackPointExtension>
	</extensions>
</trkpt>
<trkpt lat="44.2574973" lon="14.9297528">
	<ele>8.99</ele>
	<time>2026-08-10T10:35:06.079Z</time>
	<hdop>3.79</hdop>
	<extensions>
		<gpxtpx:TrackPointExtension>
			<gpxtpx:course>148.0</gpxtpx:course>
		</gpxtpx:TrackPointExtension>
	</extensions>
</trkpt>
<trkpt lat="44.2571990" lon="14.9300097">
	<ele>11.62</ele>
	<time>2026-08-10T10:35:16.079Z</time>
	<hdop>3.79</hdop>
	<extensions>
		<gpxtpx:TrackPointExtension>
			<gpxtpx:course>148.0</gpxtpx:course>
		</gpxtpx:TrackPointExtension>
	</extensions>
</trkpt>
<trkpt lat="44.2568712" lon="14.9302990">
	<ele>5.14</ele>
	<time>2026-08-10T10:35:27.078Z</time>
	<hdop>3.79</hdop>
	<extensions>
		<gpxtpx:TrackPointExtension>
			<gpxtpx:course>147.0</gpxtpx:course>
		</gpxtpx:TrackPointExtension>
	</extensions>
</trkpt>
<trkpt lat="44.2565710" lon="14.9305686">
	<ele>8.31</ele>
	<time>2026-08-10T10:35:37.079Z</time>
	<hdop>3.79</hdop>
	<extensions>
		<gpxtpx:TrackPointExtension>
			<gpxtpx:course>146.0</gpxtpx:course>
		</gpxtpx:TrackPointExtension>
	</extensions>
</trkpt>
<trkpt lat="44.2562696" lon="14.9308326">
	<ele>7.80</ele>
	<time>2026-08-10T10:35:47.079Z</time>
	<hdop>3.79</hdop>
	<extensions>
		<gpxtpx:TrackPointExtension>
			<gpxtpx:course>147.0</gpxtpx:course>
		</gpxtpx:TrackPointExtension>
	</extensions>
</trkpt>
<trkpt lat="44.2559787" lon="14.9310831">
	<ele>2.55</ele>
	<time>2026-08-10T10:35:57.079Z</time>
	<hdop>3.79</hdop>
	<extensions>
		<gpxtpx:TrackPointExtension>
			<gpxtpx:course>146.0</gpxtpx:course>
		</gpxtpx:TrackPointExtension>
	</extensions>
</trkpt>
<trkpt lat="44.2556558" lon="14.9313744">
	<ele>4.01</ele>
	<time>2026-08-10T10:36:08.078Z</time>
	<hdop>3.79</hdop>
	<extensions>
		<gpxtpx:TrackPointExtension>
			<gpxtpx:course>148.0</gpxtpx:course>
		</gpxtpx:TrackPointExtension>
	</extensions>
</trkpt>
<trkpt lat="44.2553558" lon="14.9316330">
	<ele>5.86</ele>
	<time>2026-08-10T10:36:18.079Z</time>
	<hdop>3.79</hdop>
	<extensions>
		<gpxtpx:TrackPointExtension>
			<gpxtpx:course>147.0</gpxtpx:course>
		</gpxtpx:TrackPointExtension>
	</extensions>
</trkpt>
<trkpt lat="44.2550254" lon="14.9319199">
	<ele>2.63</ele>
	<time>2026-08-10T10:36:29.079Z</time>
	<hdop>3.79</hdop>
	<extensions>
		<gpxtpx:TrackPointExtension>
			<gpxtpx:course>148.0</gpxtpx:course>
		</gpxtpx:TrackPointExtension>
	</extensions>
</trkpt>
<trkpt lat="44.2546976" lon="14.9322093">
	<ele>6.26</ele>
	<time>2026-08-10T10:36:40.079Z</time>
	<hdop>3.79</hdop>
	<extensions>
		<gpxtpx:TrackPointExtension>
			<gpxtpx:course>147.0</gpxtpx:course>
		</gpxtpx:TrackPointExtension>
	</extensions>
</trkpt>
<trkpt lat="44.2543655" lon="14.9324971">
	<ele>4.28</ele>
	<time>2026-08-10T10:36:51.078Z</time>
	<hdop>3.79</hdop>
	<extensions>
		<gpxtpx:TrackPointExtension>
			<gpxtpx:course>148.0</gpxtpx:course>
		</gpxtpx:TrackPointExtension>
	</extensions>
</trkpt>
<trkpt lat="44.2540544" lon="14.9327561">
	<ele>2.25</ele>
	<time>2026-08-10T10:37:01.078Z</time>
	<hdop>3.79</hdop>
	<extensions>
		<gpxtpx:TrackPointExtension>
			<gpxtpx:course>148.0</gpxtpx:course>
		</gpxtpx:TrackPointExtension>
	</extensions>
</trkpt>
<trkpt lat="44.2537499" lon="14.9330240">
	<ele>1.92</ele>
	<time>2026-08-10T10:37:11.078Z</time>
	<hdop>3.79</hdop>
	<extensions>
		<gpxtpx:TrackPointExtension>
			<gpxtpx:course>148.0</gpxtpx:course>
		</gpxtpx:TrackPointExtension>
	</extensions>
</trkpt>
<trkpt lat="44.2534552" lon="14.9332813">
	<ele>2.71</ele>
	<time>2026-08-10T10:37:21.078Z</time>
	<hdop>3.79</hdop>
	<extensions>
		<gpxtpx:TrackPointExtension>
			<gpxtpx:course>149.0</gpxtpx:course>
		</gpxtpx:TrackPointExtension>
	</extensions>
</trkpt>
<trkpt lat="44.2531526" lon="14.9335416">
	<ele>-0.03</ele>
	<time>2026-08-10T10:37:31.078Z</time>
	<hdop>3.79</hdop>
	<extensions>
		<gpxtpx:TrackPointExtension>
			<gpxtpx:course>147.0</gpxtpx:course>
		</gpxtpx:TrackPointExtension>
	</extensions>
</trkpt>
<trkpt lat="44.2528484" lon="14.9338024">
	<ele>-0.20</ele>
	<time>2026-08-10T10:37:41.079Z</time>
	<hdop>3.79</hdop>
	<extensions>
		<gpxtpx:TrackPointExtension>
			<gpxtpx:course>148.0</gpxtpx:course>
		</gpxtpx:TrackPointExtension>
	</extensions>
</trkpt>
<trkpt lat="44.2525473" lon="14.9340789">
	<ele>1.53</ele>
	<time>2026-08-10T10:37:51.079Z</time>
	<hdop>3.79</hdop>
	<extensions>
		<gpxtpx:TrackPointExtension>
			<gpxtpx:course>146.0</gpxtpx:course>
		</gpxtpx:TrackPointExtension>
	</extensions>
</trkpt>
<trkpt lat="44.2522429" lon="14.9343345">
	<ele>-7.05</ele>
	<time>2026-08-10T10:38:01.079Z</time>
	<hdop>3.79</hdop>
	<extensions>
		<gpxtpx:TrackPointExtension>
			<gpxtpx:course>150.0</gpxtpx:course>
		</gpxtpx:TrackPointExtension>
	</extensions>
</trkpt>
<trkpt lat="44.2519416" lon="14.9346108">
	<ele>-38.82</ele>
	<time>2026-08-10T10:38:11.079Z</time>
	<hdop>3.79</hdop>
	<extensions>
		<gpxtpx:TrackPointExtension>
			<gpxtpx:course>148.0</gpxtpx:course>
		</gpxtpx:TrackPointExtension>
	</extensions>
</trkpt>
<trkpt lat="44.2516225" lon="14.9349170">
	<ele>-52.61</ele>
	<time>2026-08-10T10:38:22.077Z</time>
	<hdop>3.79</hdop>
	<extensions>
		<gpxtpx:TrackPointExtension>
			<gpxtpx:course>146.0</gpxtpx:course>
		</gpxtpx:TrackPointExtension>
	</extensions>
</trkpt>
<trkpt lat="44.2513348" lon="14.9351959">
	<ele>-53.51</ele>
	<time>2026-08-10T10:38:32.078Z</time>
	<hdop>3.79</hdop>
	<extensions>
		<gpxtpx:TrackPointExtension>
			<gpxtpx:course>145.0</gpxtpx:course>
		</gpxtpx:TrackPointExtension>
	</extensions>
</trkpt>
<trkpt lat="44.2510415" lon="14.9354831">
	<ele>-56.12</ele>
	<time>2026-08-10T10:38:42.078Z</time>
	<hdop>3.79</hdop>
	<extensions>
		<gpxtpx:TrackPointExtension>
			<gpxtpx:course>145.0</gpxtpx:course>
		</gpxtpx:TrackPointExtension>
	</extensions>
</trkpt>
<trkpt lat="44.2507490" lon="14.9357707">
	<ele>-45.48</ele>
	<time>2026-08-10T10:38:52.078Z</time>
	<hdop>3.79</hdop>
	<extensions>
		<gpxtpx:TrackPointExtension>
			<gpxtpx:course>143.0</gpxtpx:course>
		</gpxtpx:TrackPointExtension>
	</extensions>
</trkpt>
<trkpt lat="44.2504589" lon="14.9360583">
	<ele>-30.94</ele>
	<time>2026-08-10T10:39:02.078Z</time>
	<hdop>3.79</hdop>
	<extensions>
		<gpxtpx:TrackPointExtension>
			<gpxtpx:course>145.0</gpxtpx:course>
		</gpxtpx:TrackPointExtension>
	</extensions>
</trkpt>
<trkpt lat="44.2501671" lon="14.9363465">
	<ele>-23.90</ele>
	<time>2026-08-10T10:39:12.079Z</time>
	<hdop>3.79</hdop>
	<extensions>
		<gpxtpx:TrackPointExtension>
			<gpxtpx:course>146.0</gpxtpx:course>
		</gpxtpx:TrackPointExtension>
	</extensions>
</trkpt>
<trkpt lat="44.2498694" lon="14.9366363">
	<ele>-15.04</ele>
	<time>2026-08-10T10:39:22.079Z</time>
	<hdop>3.79</hdop>
	<extensions>
		<gpxtpx:TrackPointExtension>
			<gpxtpx:course>144.0</gpxtpx:course>
		</gpxtpx:TrackPointExtension>
	</extensions>
</trkpt>
<trkpt lat="44.2495462" lon="14.9369380">
	<ele>-9.04</ele>
	<time>2026-08-10T10:39:33.079Z</time>
	<hdop>3.79</hdop>
	<extensions>
		<gpxtpx:TrackPointExtension>
			<gpxtpx:course>145.0</gpxtpx:course>
		</gpxtpx:TrackPointExtension>
	</extensions>
</trkpt>
<trkpt lat="44.2492315" lon="14.9372547">
	<ele>-4.11</ele>
	<time>2026-08-10T10:39:44.077Z</time>
	<hdop>3.79</hdop>
	<extensions>
		<gpxtpx:TrackPointExtension>
			<gpxtpx:course>143.0</gpxtpx:course>
		</gpxtpx:TrackPointExtension>
	</extensions>
</trkpt>
<trkpt lat="44.2489351" lon="14.9375431">
	<ele>-3.16</ele>
	<time>2026-08-10T10:39:54.077Z</time>
	<hdop>3.79</hdop>
	<extensions>
		<gpxtpx:TrackPointExtension>
			<gpxtpx:course>144.0</gpxtpx:course>
		</gpxtpx:TrackPointExtension>
	</extensions>
</trkpt>
<trkpt lat="44.2486410" lon="14.9378286">
	<ele>-4.99</ele>
	<time>2026-08-10T10:40:04.078Z</time>
	<hdop>3.79</hdop>
	<extensions>
		<gpxtpx:TrackPointExtension>
			<gpxtpx:course>145.0</gpxtpx:course>
		</gpxtpx:TrackPointExtension>
	</extensions>
</trkpt>
<trkpt lat="44.2483447" lon="14.9381162">
	<ele>-5.66</ele>
	<time>2026-08-10T10:40:14.079Z</time>
	<hdop>3.79</hdop>
	<extensions>
		<gpxtpx:TrackPointExtension>
			<gpxtpx:course>146.0</gpxtpx:course>
		</gpxtpx:TrackPointExtension>
	</extensions>
</trkpt>
<trkpt lat="44.2480195" lon="14.9384299">
	<ele>-6.31</ele>
	<time>2026-08-10T10:40:25.078Z</time>
	<hdop>3.79</hdop>
	<extensions>
		<gpxtpx:TrackPointExtension>
			<gpxtpx:course>145.0</gpxtpx:course>
		</gpxtpx:TrackPointExtension>
	</extensions>
</trkpt>
<trkpt lat="44.2477213" lon="14.9387199">
	<ele>-10.35</ele>
	<time>2026-08-10T10:40:35.079Z</time>
	<hdop>3.79</hdop>
	<extensions>
		<gpxtpx:TrackPointExtension>
			<gpxtpx:course>146.0</gpxtpx:course>
		</gpxtpx:TrackPointExtension>
	</extensions>
</trkpt>
<trkpt lat="44.2473978" lon="14.9390356">
	<ele>-9.57</ele>
	<time>2026-08-10T10:40:46.077Z</time>
	<hdop>3.79</hdop>
	<extensions>
		<gpxtpx:TrackPointExtension>
			<gpxtpx:course>144.0</gpxtpx:course>
		</gpxtpx:TrackPointExtension>
	</extensions>
</trkpt>
<trkpt lat="44.2471022" lon="14.9393256">
	<ele>-6.45</ele>
	<time>2026-08-10T10:40:56.077Z</time>
	<hdop>3.79</hdop>
	<extensions>
		<gpxtpx:TrackPointExtension>
			<gpxtpx:course>144.0</gpxtpx:course>
		</gpxtpx:TrackPointExtension>
	</extensions>
</trkpt>
<trkpt lat="44.2468063" lon="14.9396004">
	<ele>-3.40</ele>
	<time>2026-08-10T10:41:06.078Z</time>
	<hdop>3.79</hdop>
	<extensions>
		<gpxtpx:TrackPointExtension>
			<gpxtpx:course>145.0</gpxtpx:course>
		</gpxtpx:TrackPointExtension>
	</extensions>
</trkpt>
<trkpt lat="44.2465115" lon="14.9398846">
	<ele>-2.54</ele>
	<time>2026-08-10T10:41:16.078Z</time>
	<hdop>3.79</hdop>
	<extensions>
		<gpxtpx:TrackPointExtension>
			<gpxtpx:course>144.0</gpxtpx:course>
		</gpxtpx:TrackPointExtension>
	</extensions>
</trkpt>
<trkpt lat="44.2461847" lon="14.9401971">
	<ele>-1.61</ele>
	<time>2026-08-10T10:41:27.077Z</time>
	<hdop>3.79</hdop>
	<extensions>
		<gpxtpx:TrackPointExtension>
			<gpxtpx:course>146.0</gpxtpx:course>
		</gpxtpx:TrackPointExtension>
	</extensions>
</trkpt>
<trkpt lat="44.2458872" lon="14.9404959">
	<ele>-2.83</ele>
	<time>2026-08-10T10:41:37.077Z</time>
	<hdop>3.79</hdop>
	<extensions>
		<gpxtpx:TrackPointExtension>
			<gpxtpx:course>144.0</gpxtpx:course>
		</gpxtpx:TrackPointExtension>
	</extensions>
</trkpt>
<trkpt lat="44.2455972" lon="14.9407834">
	<ele>-2.23</ele>
	<time>2026-08-10T10:41:47.078Z</time>
	<hdop>3.79</hdop>
	<extensions>
		<gpxtpx:TrackPointExtension>
			<gpxtpx:course>145.0</gpxtpx:course>
		</gpxtpx:TrackPointExtension>
	</extensions>
</trkpt>
<trkpt lat="44.2453095" lon="14.9410659">
	<ele>-4.53</ele>
	<time>2026-08-10T10:41:57.078Z</time>
	<hdop>3.79</hdop>
	<extensions>
		<gpxtpx:TrackPointExtension>
			<gpxtpx:course>145.0</gpxtpx:course>
		</gpxtpx:TrackPointExtension>
	</extensions>
</trkpt>
<trkpt lat="44.2450141" lon="14.9413511">
	<ele>-6.77</ele>
	<time>2026-08-10T10:42:07.078Z</time>
	<hdop>3.79</hdop>
	<extensions>
		<gpxtpx:TrackPointExtension>
			<gpxtpx:course>145.0</gpxtpx:course>
		</gpxtpx:TrackPointExtension>
	</extensions>
</trkpt>
<trkpt lat="44.2447197" lon="14.9416352">
	<ele>-5.93</ele>
	<time>2026-08-10T10:42:17.078Z</time>
	<hdop>3.79</hdop>
	<extensions>
		<gpxtpx:TrackPointExtension>
			<gpxtpx:course>144.0</gpxtpx:course>
		</gpxtpx:TrackPointExtension>
	</extensions>
</trkpt>
<trkpt lat="44.2444310" lon="14.9419211">
	<ele>-7.39</ele>
	<time>2026-08-10T10:42:27.078Z</time>
	<hdop>3.79</hdop>
	<extensions>
		<gpxtpx:TrackPointExtension>
			<gpxtpx:course>144.0</gpxtpx:course>
		</gpxtpx:TrackPointExtension>
	</extensions>
</trkpt>
<trkpt lat="44.2440969" lon="14.9422397">
	<ele>-8.15</ele>
	<time>2026-08-10T10:42:38.078Z</time>
	<hdop>3.79</hdop>
	<extensions>
		<gpxtpx:TrackPointExtension>
			<gpxtpx:course>145.0</gpxtpx:course>
		</gpxtpx:TrackPointExtension>
	</extensions>
</trkpt>
<trkpt lat="44.2438008" lon="14.9425287">
	<ele>-7.66</ele>
	<time>2026-08-10T10:42:48.078Z</time>
	<hdop>3.79</hdop>
	<extensions>
		<gpxtpx:TrackPointExtension>
			<gpxtpx:course>144.0</gpxtpx:course>
		</gpxtpx:TrackPointExtension>
	</extensions>
</trkpt>
<trkpt lat="44.2435023" lon="14.9428088">
	<ele>-6.67</ele>
	<time>2026-08-10T10:42:58.078Z</time>
	<hdop>3.79</hdop>
	<extensions>
		<gpxtpx:TrackPointExtension>
			<gpxtpx:course>143.0</gpxtpx:course>
		</gpxtpx:TrackPointExtension>
	</extensions>
</trkpt>
<trkpt lat="44.2432065" lon="14.9430964">
	<ele>-6.81</ele>
	<time>2026-08-10T10:43:08.078Z</time>
	<hdop>3.79</hdop>
	<extensions>
		<gpxtpx:TrackPointExtension>
			<gpxtpx:course>144.0</gpxtpx:course>
		</gpxtpx:TrackPointExtension>
	</extensions>
</trkpt>
<trkpt lat="44.2428819" lon="14.9434266">
	<ele>-7.18</ele>
	<time>2026-08-10T10:43:19.078Z</time>
	<hdop>3.79</hdop>
	<extensions>
		<gpxtpx:TrackPointExtension>
			<gpxtpx:course>144.0</gpxtpx:course>
		</gpxtpx:TrackPointExtension>
	</extensions>
</trkpt>
<trkpt lat="44.2425855" lon="14.9437123">
	<ele>-5.26</ele>
	<time>2026-08-10T10:43:29.078Z</time>
	<hdop>3.79</hdop>
	<extensions>
		<gpxtpx:TrackPointExtension>
			<gpxtpx:course>145.0</gpxtpx:course>
		</gpxtpx:TrackPointExtension>
	</extensions>
</trkpt>
<trkpt lat="44.2422593" lon="14.9440231">
	<ele>-6.78</ele>
	<time>2026-08-10T10:43:40.077Z</time>
	<hdop>3.79</hdop>
	<extensions>
		<gpxtpx:TrackPointExtension>
			<gpxtpx:course>145.0</gpxtpx:course>
		</gpxtpx:TrackPointExtension>
	</extensions>
</trkpt>
<trkpt lat="44.2420000" lon="14.9442720">
	<ele>-5.38</ele>
	<time>2026-08-10T10:43:50.077Z</time>
	<hdop>3.79</hdop>
	<extensions>
		<gpxtpx:TrackPointExtension>
			<gpxtpx:course>147.0</gpxtpx:course>
		</gpxtpx:TrackPointExtension>
	</extensions>
</trkpt>
<trkpt lat="44.2417358" lon="14.9445266">
	<ele>-6.51</ele>
	<time>2026-08-10T10:44:00.078Z</time>
	<hdop>3.79</hdop>
	<extensions>
		<gpxtpx:TrackPointExtension>
			<gpxtpx:course>146.0</gpxtpx:course>
		</gpxtpx:TrackPointExtension>
	</extensions>
</trkpt>
<trkpt lat="44.2414516" lon="14.9447959">
	<ele>-4.71</ele>
	<time>2026-08-10T10:44:10.078Z</time>
	<hdop>3.79</hdop>
	<extensions>
		<gpxtpx:TrackPointExtension>
			<gpxtpx:course>145.0</gpxtpx:course>
		</gpxtpx:TrackPointExtension>
	</extensions>
</trkpt>
<trkpt lat="44.2411569" lon="14.9450768">
	<ele>-3.61</ele>
	<time>2026-08-10T10:44:20.078Z</time>
	<hdop>3.79</hdop>
	<extensions>
		<gpxtpx:TrackPointExtension>
			<gpxtpx:course>145.0</gpxtpx:course>
		</gpxtpx:TrackPointExtension>
	</extensions>
</trkpt>
<trkpt lat="44.2408336" lon="14.9453901">
	<ele>-6.25</ele>
	<time>2026-08-10T10:44:31.078Z</time>
	<hdop>3.79</hdop>
	<extensions>
		<gpxtpx:TrackPointExtension>
			<gpxtpx:course>145.0</gpxtpx:course>
		</gpxtpx:TrackPointExtension>
	</extensions>
</trkpt>
<trkpt lat="44.2405117" lon="14.9456964">
	<ele>-3.77</ele>
	<time>2026-08-10T10:44:42.075Z</time>
	<hdop>3.79</hdop>
	<extensions>
		<gpxtpx:TrackPointExtension>
			<gpxtpx:course>145.0</gpxtpx:course>
		</gpxtpx:TrackPointExtension>
	</extensions>
</trkpt>
<trkpt lat="44.2402198" lon="14.9459783">
	<ele>-1.26</ele>
	<time>2026-08-10T10:44:52.077Z</time>
	<hdop>3.79</hdop>
	<extensions>
		<gpxtpx:TrackPointExtension>
			<gpxtpx:course>145.0</gpxtpx:course>
		</gpxtpx:TrackPointExtension>
	</extensions>
</trkpt>
<trkpt lat="44.2399262" lon="14.9462666">
	<ele>-5.04</ele>
	<time>2026-08-10T10:45:02.077Z</time>
	<hdop>3.79</hdop>
	<extensions>
		<gpxtpx:TrackPointExtension>
			<gpxtpx:course>146.0</gpxtpx:course>
		</gpxtpx:TrackPointExtension>
	</extensions>
</trkpt>
<trkpt lat="44.2396053" lon="14.9465856">
	<ele>-1.88</ele>
	<time>2026-08-10T10:45:13.078Z</time>
	<hdop>3.79</hdop>
	<extensions>
		<gpxtpx:TrackPointExtension>
			<gpxtpx:course>146.0</gpxtpx:course>
		</gpxtpx:TrackPointExtension>
	</extensions>
</trkpt>
<trkpt lat="44.2392796" lon="14.9468976">
	<ele>-4.24</ele>
	<time>2026-08-10T10:45:24.078Z</time>
	<hdop>3.79</hdop>
	<extensions>
		<gpxtpx:TrackPointExtension>
			<gpxtpx:course>144.0</gpxtpx:course>
		</gpxtpx:TrackPointExtension>
	</extensions>
</trkpt>
<trkpt lat="44.2389616" lon="14.9472125">
	<ele>-3.36</ele>
	<time>2026-08-10T10:45:35.078Z</time>
	<hdop>3.79</hdop>
	<extensions>
		<gpxtpx:TrackPointExtension>
			<gpxtpx:course>144.0</gpxtpx:course>
		</gpxtpx:TrackPointExtension>
	</extensions>
</trkpt>
<trkpt lat="44.2386740" lon="14.9474955">
	<ele>-3.06</ele>
	<time>2026-08-10T10:45:45.078Z</time>
	<hdop>3.79</hdop>
	<extensions>
		<gpxtpx:TrackPointExtension>
			<gpxtpx:course>145.0</gpxtpx:course>
		</gpxtpx:TrackPointExtension>
	</extensions>
</trkpt>
<trkpt lat="44.2383543" lon="14.9478092">
	<ele>-2.95</ele>
	<time>2026-08-10T10:45:56.078Z</time>
	<hdop>3.79</hdop>
	<extensions>
		<gpxtpx:TrackPointExtension>
			<gpxtpx:course>144.0</gpxtpx:course>
		</gpxtpx:TrackPointExtension>
	</extensions>
</trkpt>
<trkpt lat="44.2380586" lon="14.9480965">
	<ele>-4.94</ele>
	<time>2026-08-10T10:46:06.078Z</time>
	<hdop>3.79</hdop>
	<extensions>
		<gpxtpx:TrackPointExtension>
			<gpxtpx:course>144.0</gpxtpx:course>
		</gpxtpx:TrackPointExtension>
	</extensions>
</trkpt>
<trkpt lat="44.2377651" lon="14.9483895">
	<ele>-1.69</ele>
	<time>2026-08-10T10:46:16.078Z</time>
	<hdop>3.79</hdop>
	<extensions>
		<gpxtpx:TrackPointExtension>
			<gpxtpx:course>143.0</gpxtpx:course>
		</gpxtpx:TrackPointExtension>
	</extensions>
</trkpt>
<trkpt lat="44.2374430" lon="14.9487107">
	<ele>-2.98</ele>
	<time>2026-08-10T10:46:27.076Z</time>
	<hdop>3.79</hdop>
	<extensions>
		<gpxtpx:TrackPointExtension>
			<gpxtpx:course>144.0</gpxtpx:course>
		</gpxtpx:TrackPointExtension>
	</extensions>
</trkpt>
<trkpt lat="44.2371530" lon="14.9489933">
	<ele>-2.28</ele>
	<time>2026-08-10T10:46:37.077Z</time>
	<hdop>3.79</hdop>
	<extensions>
		<gpxtpx:TrackPointExtension>
			<gpxtpx:course>144.0</gpxtpx:course>
		</gpxtpx:TrackPointExtension>
	</extensions>
</trkpt>
<trkpt lat="44.2368640" lon="14.9492712">
	<ele>-3.71</ele>
	<time>2026-08-10T10:46:47.078Z</time>
	<hdop>3.79</hdop>
	<extensions>
		<gpxtpx:TrackPointExtension>
			<gpxtpx:course>145.0</gpxtpx:course>
		</gpxtpx:TrackPointExtension>
	</extensions>
</trkpt>
<trkpt lat="44.2365402" lon="14.9495890">
	<ele>-7.28</ele>
	<time>2026-08-10T10:46:58.078Z</time>
	<hdop>3.79</hdop>
	<extensions>
		<gpxtpx:TrackPointExtension>
			<gpxtpx:course>145.0</gpxtpx:course>
		</gpxtpx:TrackPointExtension>
	</extensions>
</trkpt>
<trkpt lat="44.2362470" lon="14.9498679">
	<ele>-3.15</ele>
	<time>2026-08-10T10:47:08.078Z</time>
	<hdop>3.79</hdop>
	<extensions>
		<gpxtpx:TrackPointExtension>
			<gpxtpx:course>145.0</gpxtpx:course>
		</gpxtpx:TrackPointExtension>
	</extensions>
</trkpt>
<trkpt lat="44.2359291" lon="14.9501799">
	<ele>-3.58</ele>
	<time>2026-08-10T10:47:19.077Z</time>
	<hdop>3.79</hdop>
	<extensions>
		<gpxtpx:TrackPointExtension>
			<gpxtpx:course>145.0</gpxtpx:course>
		</gpxtpx:TrackPointExtension>
	</extensions>
</trkpt>
<trkpt lat="44.2356360" lon="14.9504637">
	<ele>-4.34</ele>
	<time>2026-08-10T10:47:29.078Z</time>
	<hdop>3.79</hdop>
	<extensions>
		<gpxtpx:TrackPointExtension>
			<gpxtpx:course>145.0</gpxtpx:course>
		</gpxtpx:TrackPointExtension>
	</extensions>
</trkpt>
<trkpt lat="44.2353364" lon="14.9507478">
	<ele>-4.94</ele>
	<time>2026-08-10T10:47:39.078Z</time>
	<hdop>3.79</hdop>
	<extensions>
		<gpxtpx:TrackPointExtension>
			<gpxtpx:course>145.0</gpxtpx:course>
		</gpxtpx:TrackPointExtension>
	</extensions>
</trkpt>
<trkpt lat="44.2350138" lon="14.9510687">
	<ele>-25.22</ele>
	<time>2026-08-10T10:47:50.076Z</time>
	<hdop>3.79</hdop>
	<extensions>
		<gpxtpx:TrackPointExtension>
			<gpxtpx:course>144.0</gpxtpx:course>
		</gpxtpx:TrackPointExtension>
	</extensions>
</trkpt>
<trkpt lat="44.2347217" lon="14.9513601">
	<ele>-59.07</ele>
	<time>2026-08-10T10:48:00.078Z</time>
	<hdop>3.79</hdop>
	<extensions>
		<gpxtpx:TrackPointExtension>
			<gpxtpx:course>145.0</gpxtpx:course>
		</gpxtpx:TrackPointExtension>
	</extensions>
</trkpt>
<trkpt lat="44.2343983" lon="14.9516714">
	<ele>-65.89</ele>
	<time>2026-08-10T10:48:11.077Z</time>
	<hdop>3.79</hdop>
	<extensions>
		<gpxtpx:TrackPointExtension>
			<gpxtpx:course>146.0</gpxtpx:course>
		</gpxtpx:TrackPointExtension>
	</extensions>
</trkpt>
<trkpt lat="44.2341117" lon="14.9519347">
	<ele>-65.27</ele>
	<time>2026-08-10T10:48:21.078Z</time>
	<hdop>3.79</hdop>
	<extensions>
		<gpxtpx:TrackPointExtension>
			<gpxtpx:course>146.0</gpxtpx:course>
		</gpxtpx:TrackPointExtension>
	</extensions>
</trkpt>
<trkpt lat="44.2337928" lon="14.9522367">
	<ele>-56.84</ele>
	<time>2026-08-10T10:48:32.078Z</time>
	<hdop>3.79</hdop>
	<extensions>
		<gpxtpx:TrackPointExtension>
			<gpxtpx:course>144.0</gpxtpx:course>
		</gpxtpx:TrackPointExtension>
	</extensions>
</trkpt>
<trkpt lat="44.2334747" lon="14.9525448">
	<ele>-36.45</ele>
	<time>2026-08-10T10:48:43.077Z</time>
	<hdop>3.79</hdop>
	<extensions>
		<gpxtpx:TrackPointExtension>
			<gpxtpx:course>146.0</gpxtpx:course>
		</gpxtpx:TrackPointExtension>
	</extensions>
</trkpt>
<trkpt lat="44.2331575" lon="14.9528452">
	<ele>-24.97</ele>
	<time>2026-08-10T10:48:54.077Z</time>
	<hdop>3.79</hdop>
	<extensions>
		<gpxtpx:TrackPointExtension>
			<gpxtpx:course>145.0</gpxtpx:course>
		</gpxtpx:TrackPointExtension>
	</extensions>
</trkpt>
<trkpt lat="44.2328588" lon="14.9531204">
	<ele>-17.94</ele>
	<time>2026-08-10T10:49:04.077Z</time>
	<hdop>3.79</hdop>
	<extensions>
		<gpxtpx:TrackPointExtension>
			<gpxtpx:course>146.0</gpxtpx:course>
		</gpxtpx:TrackPointExtension>
	</extensions>
</trkpt>
<trkpt lat="44.2325345" lon="14.9534233">
	<ele>-11.15</ele>
	<time>2026-08-10T10:49:15.077Z</time>
	<hdop>3.79</hdop>
	<extensions>
		<gpxtpx:TrackPointExtension>
			<gpxtpx:course>146.0</gpxtpx:course>
		</gpxtpx:TrackPointExtension>
	</extensions>
</trkpt>
<trkpt lat="44.2322086" lon="14.9537286">
	<ele>-7.94</ele>
	<time>2026-08-10T10:49:26.077Z</time>
	<hdop>3.79</hdop>
	<extensions>
		<gpxtpx:TrackPointExtension>
			<gpxtpx:course>144.0</gpxtpx:course>
		</gpxtpx:TrackPointExtension>
	</extensions>
</trkpt>
<trkpt lat="44.2319124" lon="14.9540086">
	<ele>-6.14</ele>
	<time>2026-08-10T10:49:36.077Z</time>
	<hdop>3.79</hdop>
	<extensions>
		<gpxtpx:TrackPointExtension>
			<gpxtpx:course>145.0</gpxtpx:course>
		</gpxtpx:TrackPointExtension>
	</extensions>
</trkpt>
<trkpt lat="44.2315914" lon="14.9543154">
	<ele>-4.43</ele>
	<time>2026-08-10T10:49:47.076Z</time>
	<hdop>3.79</hdop>
	<extensions>
		<gpxtpx:TrackPointExtension>
			<gpxtpx:course>144.0</gpxtpx:course>
		</gpxtpx:TrackPointExtension>
	</extensions>
</trkpt>
<trkpt lat="44.2312995" lon="14.9545901">
	<ele>-2.95</ele>
	<time>2026-08-10T10:49:57.076Z</time>
	<hdop>3.79</hdop>
	<extensions>
		<gpxtpx:TrackPointExtension>
			<gpxtpx:course>145.0</gpxtpx:course>
		</gpxtpx:TrackPointExtension>
	</extensions>
</trkpt>
<trkpt lat="44.2310053" lon="14.9548704">
	<ele>-1.59</ele>
	<time>2026-08-10T10:50:07.077Z</time>
	<hdop>3.79</hdop>
	<extensions>
		<gpxtpx:TrackPointExtension>
			<gpxtpx:course>146.0</gpxtpx:course>
		</gpxtpx:TrackPointExtension>
	</extensions>
</trkpt>
<trkpt lat="44.2307124" lon="14.9551431">
	<ele>0.10</ele>
	<time>2026-08-10T10:50:17.077Z</time>
	<hdop>3.79</hdop>
	<extensions>
		<gpxtpx:TrackPointExtension>
			<gpxtpx:course>145.0</gpxtpx:course>
		</gpxtpx:TrackPointExtension>
	</extensions>
</trkpt>
<trkpt lat="44.2304230" lon="14.9554117">
	<ele>0.33</ele>
	<time>2026-08-10T10:50:27.077Z</time>
	<hdop>3.79</hdop>
	<extensions>
		<gpxtpx:TrackPointExtension>
			<gpxtpx:course>145.0</gpxtpx:course>
		</gpxtpx:TrackPointExtension>
	</extensions>
</trkpt>
<trkpt lat="44.2301025" lon="14.9557148">
	<ele>1.05</ele>
	<time>2026-08-10T10:50:38.077Z</time>
	<hdop>3.79</hdop>
	<extensions>
		<gpxtpx:TrackPointExtension>
			<gpxtpx:course>145.0</gpxtpx:course>
		</gpxtpx:TrackPointExtension>
	</extensions>
</trkpt>
<trkpt lat="44.2297728" lon="14.9560099">
	<ele>1.24</ele>
	<time>2026-08-10T10:50:49.076Z</time>
	<hdop>3.79</hdop>
	<extensions>
		<gpxtpx:TrackPointExtension>
			<gpxtpx:course>146.0</gpxtpx:course>
		</gpxtpx:TrackPointExtension>
	</extensions>
</trkpt>
<trkpt lat="44.2294815" lon="14.9562878">
	<ele>0.21</ele>
	<time>2026-08-10T10:50:59.077Z</time>
	<hdop>3.79</hdop>
	<extensions>
		<gpxtpx:TrackPointExtension>
			<gpxtpx:course>144.0</gpxtpx:course>
		</gpxtpx:TrackPointExtension>
	</extensions>
</trkpt>
<trkpt lat="44.2291952" lon="14.9565582">
	<ele>-0.92</ele>
	<time>2026-08-10T10:51:09.077Z</time>
	<hdop>3.79</hdop>
	<extensions>
		<gpxtpx:TrackPointExtension>
			<gpxtpx:course>146.0</gpxtpx:course>
		</gpxtpx:TrackPointExtension>
	</extensions>
</trkpt>
<trkpt lat="44.2288700" lon="14.9568575">
	<ele>-3.38</ele>
	<time>2026-08-10T10:51:20.076Z</time>
	<hdop>3.79</hdop>
	<extensions>
		<gpxtpx:TrackPointExtension>
			<gpxtpx:course>146.0</gpxtpx:course>
		</gpxtpx:TrackPointExtension>
	</extensions>
</trkpt>
<trkpt lat="44.2285800" lon="14.9571299">
	<ele>-4.34</ele>
	<time>2026-08-10T10:51:30.076Z</time>
	<hdop>3.79</hdop>
	<extensions>
		<gpxtpx:TrackPointExtension>
			<gpxtpx:course>145.0</gpxtpx:course>
		</gpxtpx:TrackPointExtension>
	</extensions>
</trkpt>
<trkpt lat="44.2282867" lon="14.9574006">
	<ele>-3.95</ele>
	<time>2026-08-10T10:51:40.077Z</time>
	<hdop>3.79</hdop>
	<extensions>
		<gpxtpx:TrackPointExtension>
			<gpxtpx:course>146.0</gpxtpx:course>
		</gpxtpx:TrackPointExtension>
	</extensions>
</trkpt>
<trkpt lat="44.2279890" lon="14.9576796">
	<ele>-3.38</ele>
	<time>2026-08-10T10:51:50.077Z</time>
	<hdop>3.79</hdop>
	<extensions>
		<gpxtpx:TrackPointExtension>
			<gpxtpx:course>147.0</gpxtpx:course>
		</gpxtpx:TrackPointExtension>
	</extensions>
</trkpt>
<trkpt lat="44.2276743" lon="14.9579840">
	<ele>-6.99</ele>
	<time>2026-08-10T10:52:01.076Z</time>
	<hdop>3.79</hdop>
	<extensions>
		<gpxtpx:TrackPointExtension>
			<gpxtpx:course>145.0</gpxtpx:course>
		</gpxtpx:TrackPointExtension>
	</extensions>
</trkpt>
<trkpt lat="44.2273808" lon="14.9582603">
	<ele>-5.29</ele>
	<time>2026-08-10T10:52:11.077Z</time>
	<hdop>3.79</hdop>
	<extensions>
		<gpxtpx:TrackPointExtension>
			<gpxtpx:course>146.0</gpxtpx:course>
		</gpxtpx:TrackPointExtension>
	</extensions>
</trkpt>
<trkpt lat="44.2270650" lon="14.9585571">
	<ele>-5.89</ele>
	<time>2026-08-10T10:52:22.076Z</time>
	<hdop>3.79</hdop>
	<extensions>
		<gpxtpx:TrackPointExtension>
			<gpxtpx:course>146.0</gpxtpx:course>
		</gpxtpx:TrackPointExtension>
	</extensions>
</trkpt>
<trkpt lat="44.2267766" lon="14.9588298">
	<ele>-5.20</ele>
	<time>2026-08-10T10:52:32.076Z</time>
	<hdop>3.79</hdop>
	<extensions>
		<gpxtpx:TrackPointExtension>
			<gpxtpx:course>145.0</gpxtpx:course>
		</gpxtpx:TrackPointExtension>
	</extensions>
</trkpt>
<trkpt lat="44.2264876" lon="14.9591043">
	<ele>-7.23</ele>
	<time>2026-08-10T10:52:42.076Z</time>
	<hdop>3.79</hdop>
	<extensions>
		<gpxtpx:TrackPointExtension>
			<gpxtpx:course>146.0</gpxtpx:course>
		</gpxtpx:TrackPointExtension>
	</extensions>
</trkpt>
<trkpt lat="44.2261934" lon="14.9593765">
	<ele>-6.03</ele>
	<time>2026-08-10T10:52:52.077Z</time>
	<hdop>3.79</hdop>
	<extensions>
		<gpxtpx:TrackPointExtension>
			<gpxtpx:course>145.0</gpxtpx:course>
		</gpxtpx:TrackPointExtension>
	</extensions>
</trkpt>
<trkpt lat="44.2258746" lon="14.9596677">
	<ele>-3.53</ele>
	<time>2026-08-10T10:53:03.076Z</time>
	<hdop>3.79</hdop>
	<extensions>
		<gpxtpx:TrackPointExtension>
			<gpxtpx:course>147.0</gpxtpx:course>
		</gpxtpx:TrackPointExtension>
	</extensions>
</trkpt>
<trkpt lat="44.2255795" lon="14.9599403">
	<ele>-2.36</ele>
	<time>2026-08-10T10:53:13.077Z</time>
	<hdop>3.79</hdop>
	<extensions>
		<gpxtpx:TrackPointExtension>
			<gpxtpx:course>146.0</gpxtpx:course>
		</gpxtpx:TrackPointExtension>
	</extensions>
</trkpt>
<trkpt lat="44.2252893" lon="14.9602133">
	<ele>-1.75</ele>
	<time>2026-08-10T10:53:23.077Z</time>
	<hdop>3.79</hdop>
	<extensions>
		<gpxtpx:TrackPointExtension>
			<gpxtpx:course>145.0</gpxtpx:course>
		</gpxtpx:TrackPointExtension>
	</extensions>
</trkpt>
<trkpt lat="44.2249660" lon="14.9605073">
	<ele>-0.67</ele>
	<time>2026-08-10T10:53:34.076Z</time>
	<hdop>3.79</hdop>
	<extensions>
		<gpxtpx:TrackPointExtension>
			<gpxtpx:course>146.0</gpxtpx:course>
		</gpxtpx:TrackPointExtension>
	</extensions>
</trkpt>
<trkpt lat="44.2246427" lon="14.9608071">
	<ele>-0.70</ele>
	<time>2026-08-10T10:53:45.076Z</time>
	<hdop>3.79</hdop>
	<extensions>
		<gpxtpx:TrackPointExtension>
			<gpxtpx:course>146.0</gpxtpx:course>
		</gpxtpx:TrackPointExtension>
	</extensions>
</trkpt>
<trkpt lat="44.2243526" lon="14.9610819">
	<ele>-1.08</ele>
	<time>2026-08-10T10:53:55.076Z</time>
	<hdop>3.79</hdop>
	<extensions>
		<gpxtpx:TrackPointExtension>
			<gpxtpx:course>147.0</gpxtpx:course>
		</gpxtpx:TrackPointExtension>
	</extensions>
</trkpt>
<trkpt lat="44.2240549" lon="14.9613483">
	<ele>-2.99</ele>
	<time>2026-08-10T10:54:05.077Z</time>
	<hdop>3.79</hdop>
	<extensions>
		<gpxtpx:TrackPointExtension>
			<gpxtpx:course>145.0</gpxtpx:course>
		</gpxtpx:TrackPointExtension>
	</extensions>
</trkpt>
<trkpt lat="44.2237362" lon="14.9616410">
	<ele>-3.71</ele>
	<time>2026-08-10T10:54:16.077Z</time>
	<hdop>3.79</hdop>
	<extensions>
		<gpxtpx:TrackPointExtension>
			<gpxtpx:course>146.0</gpxtpx:course>
		</gpxtpx:TrackPointExtension>
	</extensions>
</trkpt>
<trkpt lat="44.2234137" lon="14.9619253">
	<ele>-4.68</ele>
	<time>2026-08-10T10:54:27.076Z</time>
	<hdop>3.79</hdop>
	<extensions>
		<gpxtpx:TrackPointExtension>
			<gpxtpx:course>147.0</gpxtpx:course>
		</gpxtpx:TrackPointExtension>
	</extensions>
</trkpt>
<trkpt lat="44.2231258" lon="14.9621915">
	<ele>-6.00</ele>
	<time>2026-08-10T10:54:37.077Z</time>
	<hdop>3.79</hdop>
	<extensions>
		<gpxtpx:TrackPointExtension>
			<gpxtpx:course>147.0</gpxtpx:course>
		</gpxtpx:TrackPointExtension>
	</extensions>
</trkpt>
<trkpt lat="44.2228065" lon="14.9624900">
	<ele>-4.86</ele>
	<time>2026-08-10T10:54:48.075Z</time>
	<hdop>3.79</hdop>
	<extensions>
		<gpxtpx:TrackPointExtension>
			<gpxtpx:course>147.0</gpxtpx:course>
		</gpxtpx:TrackPointExtension>
	</extensions>
</trkpt>
<trkpt lat="44.2225133" lon="14.9627512">
	<ele>-24.01</ele>
	<time>2026-08-10T10:54:58.076Z</time>
	<hdop>3.79</hdop>
	<extensions>
		<gpxtpx:TrackPointExtension>
			<gpxtpx:course>145.0</gpxtpx:course>
		</gpxtpx:TrackPointExtension>
	</extensions>
</trkpt>
<trkpt lat="44.2222228" lon="14.9630087">
	<ele>-55.41</ele>
	<time>2026-08-10T10:55:08.076Z</time>
	<hdop>3.79</hdop>
	<extensions>
		<gpxtpx:TrackPointExtension>
			<gpxtpx:course>147.0</gpxtpx:course>
		</gpxtpx:TrackPointExtension>
	</extensions>
</trkpt>
<trkpt lat="44.2219236" lon="14.9632808">
	<ele>-49.35</ele>
	<time>2026-08-10T10:55:18.076Z</time>
	<hdop>3.79</hdop>
	<extensions>
		<gpxtpx:TrackPointExtension>
			<gpxtpx:course>148.0</gpxtpx:course>
		</gpxtpx:TrackPointExtension>
	</extensions>
</trkpt>
<trkpt lat="44.2215951" lon="14.9635791">
	<ele>-36.68</ele>
	<time>2026-08-10T10:55:29.076Z</time>
	<hdop>3.79</hdop>
	<extensions>
		<gpxtpx:TrackPointExtension>
			<gpxtpx:course>148.0</gpxtpx:course>
		</gpxtpx:TrackPointExtension>
	</extensions>
</trkpt>
<trkpt lat="44.2212700" lon="14.9638655">
	<ele>-24.03</ele>
	<time>2026-08-10T10:55:40.076Z</time>
	<hdop>3.79</hdop>
	<extensions>
		<gpxtpx:TrackPointExtension>
			<gpxtpx:course>148.0</gpxtpx:course>
		</gpxtpx:TrackPointExtension>
	</extensions>
</trkpt>
<trkpt lat="44.2209813" lon="14.9641283">
	<ele>-17.32</ele>
	<time>2026-08-10T10:55:50.077Z</time>
	<hdop>3.79</hdop>
	<extensions>
		<gpxtpx:TrackPointExtension>
			<gpxtpx:course>145.0</gpxtpx:course>
		</gpxtpx:TrackPointExtension>
	</extensions>
</trkpt>
<trkpt lat="44.2206593" lon="14.9644152">
	<ele>-24.40</ele>
	<time>2026-08-10T10:56:01.077Z</time>
	<hdop>3.79</hdop>
	<extensions>
		<gpxtpx:TrackPointExtension>
			<gpxtpx:course>148.0</gpxtpx:course>
		</gpxtpx:TrackPointExtension>
	</extensions>
</trkpt>
<trkpt lat="44.2203367" lon="14.9647262">
	<ele>-62.95</ele>
	<time>2026-08-10T10:56:12.076Z</time>
	<hdop>3.79</hdop>
	<extensions>
		<gpxtpx:TrackPointExtension>
			<gpxtpx:course>147.0</gpxtpx:course>
		</gpxtpx:TrackPointExtension>
	</extensions>
</trkpt>
<trkpt lat="44.2200090" lon="14.9650157">
	<ele>-63.90</ele>
	<time>2026-08-10T10:56:23.076Z</time>
	<hdop>3.79</hdop>
	<extensions>
		<gpxtpx:TrackPointExtension>
			<gpxtpx:course>147.0</gpxtpx:course>
		</gpxtpx:TrackPointExtension>
	</extensions>
</trkpt>
<trkpt lat="44.2197164" lon="14.9652757">
	<ele>-38.48</ele>
	<time>2026-08-10T10:56:33.076Z</time>
	<hdop>3.79</hdop>
	<extensions>
		<gpxtpx:TrackPointExtension>
			<gpxtpx:course>146.0</gpxtpx:course>
		</gpxtpx:TrackPointExtension>
	</extensions>
</trkpt>
<trkpt lat="44.2193895" lon="14.9655598">
	<ele>-15.59</ele>
	<time>2026-08-10T10:56:44.075Z</time>
	<hdop>3.79</hdop>
	<extensions>
		<gpxtpx:TrackPointExtension>
			<gpxtpx:course>146.0</gpxtpx:course>
		</gpxtpx:TrackPointExtension>
	</extensions>
</trkpt>
<trkpt lat="44.2190983" lon="14.9658220">
	<ele>-0.05</ele>
	<time>2026-08-10T10:56:54.076Z</time>
	<hdop>3.79</hdop>
	<extensions>
		<gpxtpx:TrackPointExtension>
			<gpxtpx:course>147.0</gpxtpx:course>
		</gpxtpx:TrackPointExtension>
	</extensions>
</trkpt>
<trkpt lat="44.2188036" lon="14.9660866">
	<ele>5.43</ele>
	<time>2026-08-10T10:57:04.076Z</time>
	<hdop>3.79</hdop>
	<extensions>
		<gpxtpx:TrackPointExtension>
			<gpxtpx:course>148.0</gpxtpx:course>
		</gpxtpx:TrackPointExtension>
	</extensions>
</trkpt>
<trkpt lat="44.2185148" lon="14.9663554">
	<ele>11.02</ele>
	<time>2026-08-10T10:57:14.076Z</time>
	<hdop>3.79</hdop>
	<extensions>
		<gpxtpx:TrackPointExtension>
			<gpxtpx:course>148.0</gpxtpx:course>
		</gpxtpx:TrackPointExtension>
	</extensions>
</trkpt>
<trkpt lat="44.2182209" lon="14.9666137">
	<ele>10.41</ele>
	<time>2026-08-10T10:57:24.076Z</time>
	<hdop>3.79</hdop>
	<extensions>
		<gpxtpx:TrackPointExtension>
			<gpxtpx:course>146.0</gpxtpx:course>
		</gpxtpx:TrackPointExtension>
	</extensions>
</trkpt>
<trkpt lat="44.2179322" lon="14.9668665">
	<ele>7.08</ele>
	<time>2026-08-10T10:57:34.076Z</time>
	<hdop>3.79</hdop>
	<extensions>
		<gpxtpx:TrackPointExtension>
			<gpxtpx:course>148.0</gpxtpx:course>
		</gpxtpx:TrackPointExtension>
	</extensions>
</trkpt>
<trkpt lat="44.2176442" lon="14.9671240">
	<ele>-18.26</ele>
	<time>2026-08-10T10:57:44.076Z</time>
	<hdop>3.79</hdop>
	<extensions>
		<gpxtpx:TrackPointExtension>
			<gpxtpx:course>148.0</gpxtpx:course>
		</gpxtpx:TrackPointExtension>
	</extensions>
</trkpt>
<trkpt lat="44.2173513" lon="14.9673832">
	<ele>-29.44</ele>
	<time>2026-08-10T10:57:54.076Z</time>
	<hdop>3.79</hdop>
	<extensions>
		<gpxtpx:TrackPointExtension>
			<gpxtpx:course>148.0</gpxtpx:course>
		</gpxtpx:TrackPointExtension>
	</extensions>
</trkpt>
<trkpt lat="44.2170267" lon="14.9676674">
	<ele>-23.06</ele>
	<time>2026-08-10T10:58:05.074Z</time>
	<hdop>3.79</hdop>
	<extensions>
		<gpxtpx:TrackPointExtension>
			<gpxtpx:course>148.0</gpxtpx:course>
		</gpxtpx:TrackPointExtension>
	</extensions>
</trkpt>
<trkpt lat="44.2167351" lon="14.9679250">
	<ele>-14.45</ele>
	<time>2026-08-10T10:58:15.076Z</time>
	<hdop>3.79</hdop>
	<extensions>
		<gpxtpx:TrackPointExtension>
			<gpxtpx:course>147.0</gpxtpx:course>
		</gpxtpx:TrackPointExtension>
	</extensions>
</trkpt>
<trkpt lat="44.2164141" lon="14.9682157">
	<ele>-8.66</ele>
	<time>2026-08-10T10:58:26.075Z</time>
	<hdop>3.79</hdop>
	<extensions>
		<gpxtpx:TrackPointExtension>
			<gpxtpx:course>148.0</gpxtpx:course>
		</gpxtpx:TrackPointExtension>
	</extensions>
</trkpt>
<trkpt lat="44.2161139" lon="14.9684596">
	<ele>-4.84</ele>
	<time>2026-08-10T10:58:36.075Z</time>
	<hdop>3.79</hdop>
	<extensions>
		<gpxtpx:TrackPointExtension>
			<gpxtpx:course>147.0</gpxtpx:course>
		</gpxtpx:TrackPointExtension>
	</extensions>
</trkpt>
<trkpt lat="44.2158227" lon="14.9687115">
	<ele>-7.96</ele>
	<time>2026-08-10T10:58:46.075Z</time>
	<hdop>3.79</hdop>
	<extensions>
		<gpxtpx:TrackPointExtension>
			<gpxtpx:course>147.0</gpxtpx:course>
		</gpxtpx:TrackPointExtension>
	</extensions>
</trkpt>
<trkpt lat="44.2155220" lon="14.9689688">
	<ele>-5.68</ele>
	<time>2026-08-10T10:58:56.075Z</time>
	<hdop>3.79</hdop>
	<extensions>
		<gpxtpx:TrackPointExtension>
			<gpxtpx:course>148.0</gpxtpx:course>
		</gpxtpx:TrackPointExtension>
	</extensions>
</trkpt>
<trkpt lat="44.2152351" lon="14.9692413">
	<ele>-6.92</ele>
	<time>2026-08-10T10:59:06.075Z</time>
	<hdop>6.87</hdop>
	<extensions>
		<gpxtpx:TrackPointExtension>
			<gpxtpx:course>147.0</gpxtpx:course>
		</gpxtpx:TrackPointExtension>
	</extensions>
</trkpt>
<trkpt lat="44.2149471" lon="14.9694936">
	<ele>-20.00</ele>
	<time>2026-08-10T10:59:16.075Z</time>
	<hdop>3.79</hdop>
	<extensions>
		<gpxtpx:TrackPointExtension>
			<gpxtpx:course>147.0</gpxtpx:course>
		</gpxtpx:TrackPointExtension>
	</extensions>
</trkpt>
<trkpt lat="44.2146629" lon="14.9697396">
	<ele>-30.62</ele>
	<time>2026-08-10T10:59:26.076Z</time>
	<hdop>3.79</hdop>
	<extensions>
		<gpxtpx:TrackPointExtension>
			<gpxtpx:course>147.0</gpxtpx:course>
		</gpxtpx:TrackPointExtension>
	</extensions>
</trkpt>
<trkpt lat="44.2143365" lon="14.9700155">
	<ele>-33.99</ele>
	<time>2026-08-10T10:59:37.075Z</time>
	<hdop>3.79</hdop>
	<extensions>
		<gpxtpx:TrackPointExtension>
			<gpxtpx:course>148.0</gpxtpx:course>
		</gpxtpx:TrackPointExtension>
	</extensions>
</trkpt>
<trkpt lat="44.2140350" lon="14.9702799">
	<ele>-20.28</ele>
	<time>2026-08-10T10:59:47.076Z</time>
	<hdop>3.79</hdop>
	<extensions>
		<gpxtpx:TrackPointExtension>
			<gpxtpx:course>147.0</gpxtpx:course>
		</gpxtpx:TrackPointExtension>
	</extensions>
</trkpt>
<trkpt lat="44.2137114" lon="14.9705704">
	<ele>-7.08</ele>
	<time>2026-08-10T10:59:58.076Z</time>
	<hdop>3.79</hdop>
	<extensions>
		<gpxtpx:TrackPointExtension>
			<gpxtpx:course>148.0</gpxtpx:course>
		</gpxtpx:TrackPointExtension>
	</extensions>
</trkpt>
<trkpt lat="44.2133917" lon="14.9708605">
	<ele>3.36</ele>
	<time>2026-08-10T11:00:09.076Z</time>
	<hdop>3.79</hdop>
	<extensions>
		<gpxtpx:TrackPointExtension>
			<gpxtpx:course>146.0</gpxtpx:course>
		</gpxtpx:TrackPointExtension>
	</extensions>
</trkpt>
<trkpt lat="44.2131051" lon="14.9711248">
	<ele>6.68</ele>
	<time>2026-08-10T11:00:19.076Z</time>
	<hdop>3.79</hdop>
	<extensions>
		<gpxtpx:TrackPointExtension>
			<gpxtpx:course>147.0</gpxtpx:course>
		</gpxtpx:TrackPointExtension>
	</extensions>
</trkpt>
<trkpt lat="44.2127815" lon="14.9714023">
	<ele>10.42</ele>
	<time>2026-08-10T11:00:30.076Z</time>
	<hdop>3.79</hdop>
	<extensions>
		<gpxtpx:TrackPointExtension>
			<gpxtpx:course>149.0</gpxtpx:course>
		</gpxtpx:TrackPointExtension>
	</extensions>
</trkpt>
<trkpt lat="44.2124616" lon="14.9716834">
	<ele>9.03</ele>
	<time>2026-08-10T11:00:41.076Z</time>
	<hdop>3.79</hdop>
	<extensions>
		<gpxtpx:TrackPointExtension>
			<gpxtpx:course>148.0</gpxtpx:course>
		</gpxtpx:TrackPointExtension>
	</extensions>
</trkpt>
<trkpt lat="44.2121369" lon="14.9719665">
	<ele>11.35</ele>
	<time>2026-08-10T11:00:52.075Z</time>
	<hdop>3.79</hdop>
	<extensions>
		<gpxtpx:TrackPointExtension>
			<gpxtpx:course>147.0</gpxtpx:course>
		</gpxtpx:TrackPointExtension>
	</extensions>
</trkpt>
<trkpt lat="44.2118132" lon="14.9722521">
	<ele>11.51</ele>
	<time>2026-08-10T11:01:03.074Z</time>
	<hdop>3.79</hdop>
	<extensions>
		<gpxtpx:TrackPointExtension>
			<gpxtpx:course>147.0</gpxtpx:course>
		</gpxtpx:TrackPointExtension>
	</extensions>
</trkpt>
<trkpt lat="44.2115243" lon="14.9725094">
	<ele>13.85</ele>
	<time>2026-08-10T11:01:13.075Z</time>
	<hdop>3.79</hdop>
	<extensions>
		<gpxtpx:TrackPointExtension>
			<gpxtpx:course>147.0</gpxtpx:course>
		</gpxtpx:TrackPointExtension>
	</extensions>
</trkpt>
<trkpt lat="44.2112325" lon="14.9727746">
	<ele>13.32</ele>
	<time>2026-08-10T11:01:23.075Z</time>
	<hdop>3.79</hdop>
	<extensions>
		<gpxtpx:TrackPointExtension>
			<gpxtpx:course>146.0</gpxtpx:course>
		</gpxtpx:TrackPointExtension>
	</extensions>
</trkpt>
<trkpt lat="44.2109299" lon="14.9730197">
	<ele>14.71</ele>
	<time>2026-08-10T11:01:33.075Z</time>
	<hdop>3.79</hdop>
	<extensions>
		<gpxtpx:TrackPointExtension>
			<gpxtpx:course>151.0</gpxtpx:course>
		</gpxtpx:TrackPointExtension>
	</extensions>
</trkpt>
<trkpt lat="44.2106478" lon="14.9732822">
	<ele>13.39</ele>
	<time>2026-08-10T11:01:43.076Z</time>
	<hdop>3.79</hdop>
	<extensions>
		<gpxtpx:TrackPointExtension>
			<gpxtpx:course>148.0</gpxtpx:course>
		</gpxtpx:TrackPointExtension>
	</extensions>
</trkpt>
<trkpt lat="44.2103248" lon="14.9735652">
	<ele>13.35</ele>
	<time>2026-08-10T11:01:54.075Z</time>
	<hdop>3.79</hdop>
	<extensions>
		<gpxtpx:TrackPointExtension>
			<gpxtpx:course>146.0</gpxtpx:course>
		</gpxtpx:TrackPointExtension>
	</extensions>
</trkpt>
<trkpt lat="44.2100270" lon="14.9738216">
	<ele>10.82</ele>
	<time>2026-08-10T11:02:04.076Z</time>
	<hdop>3.79</hdop>
	<extensions>
		<gpxtpx:TrackPointExtension>
			<gpxtpx:course>150.0</gpxtpx:course>
		</gpxtpx:TrackPointExtension>
	</extensions>
</trkpt>
<trkpt lat="44.2097006" lon="14.9741000">
	<ele>-7.19</ele>
	<time>2026-08-10T11:02:15.075Z</time>
	<hdop>3.79</hdop>
	<extensions>
		<gpxtpx:TrackPointExtension>
			<gpxtpx:course>148.0</gpxtpx:course>
		</gpxtpx:TrackPointExtension>
	</extensions>
</trkpt>
<trkpt lat="44.2093790" lon="14.9743928">
	<ele>-25.94</ele>
	<time>2026-08-10T11:02:26.075Z</time>
	<hdop>3.79</hdop>
	<extensions>
		<gpxtpx:TrackPointExtension>
			<gpxtpx:course>147.0</gpxtpx:course>
		</gpxtpx:TrackPointExtension>
	</extensions>
</trkpt>
<trkpt lat="44.2090588" lon="14.9746766">
	<ele>-41.34</ele>
	<time>2026-08-10T11:02:37.074Z</time>
	<hdop>3.79</hdop>
	<extensions>
		<gpxtpx:TrackPointExtension>
			<gpxtpx:course>147.0</gpxtpx:course>
		</gpxtpx:TrackPointExtension>
	</extensions>
</trkpt>
<trkpt lat="44.2087716" lon="14.9749206">
	<ele>-50.65</ele>
	<time>2026-08-10T11:02:47.075Z</time>
	<hdop>3.79</hdop>
	<extensions>
		<gpxtpx:TrackPointExtension>
			<gpxtpx:course>148.0</gpxtpx:course>
		</gpxtpx:TrackPointExtension>
	</extensions>
</trkpt>
<trkpt lat="44.2084840" lon="14.9751699">
	<ele>-37.87</ele>
	<time>2026-08-10T11:02:57.075Z</time>
	<hdop>3.79</hdop>
	<extensions>
		<gpxtpx:TrackPointExtension>
			<gpxtpx:course>147.0</gpxtpx:course>
		</gpxtpx:TrackPointExtension>
	</extensions>
</trkpt>
<trkpt lat="44.2081929" lon="14.9754265">
	<ele>-20.79</ele>
	<time>2026-08-10T11:03:07.075Z</time>
	<hdop>3.79</hdop>
	<extensions>
		<gpxtpx:TrackPointExtension>
			<gpxtpx:course>147.0</gpxtpx:course>
		</gpxtpx:TrackPointExtension>
	</extensions>
</trkpt>
<trkpt lat="44.2078995" lon="14.9756781">
	<ele>-11.31</ele>
	<time>2026-08-10T11:03:17.075Z</time>
	<hdop>3.79</hdop>
	<extensions>
		<gpxtpx:TrackPointExtension>
			<gpxtpx:course>149.0</gpxtpx:course>
		</gpxtpx:TrackPointExtension>
	</extensions>
</trkpt>
<trkpt lat="44.2075727" lon="14.9759475">
	<ele>-9.31</ele>
	<time>2026-08-10T11:03:28.075Z</time>
	<hdop>3.79</hdop>
	<extensions>
		<gpxtpx:TrackPointExtension>
			<gpxtpx:course>147.0</gpxtpx:course>
		</gpxtpx:TrackPointExtension>
	</extensions>
</trkpt>
<trkpt lat="44.2072485" lon="14.9762290">
	<ele>-7.14</ele>
	<time>2026-08-10T11:03:39.074Z</time>
	<hdop>3.79</hdop>
	<extensions>
		<gpxtpx:TrackPointExtension>
			<gpxtpx:course>148.0</gpxtpx:course>
		</gpxtpx:TrackPointExtension>
	</extensions>
</trkpt>
<trkpt lat="44.2069559" lon="14.9764823">
	<ele>-1.37</ele>
	<time>2026-08-10T11:03:49.075Z</time>
	<hdop>3.79</hdop>
	<extensions>
		<gpxtpx:TrackPointExtension>
			<gpxtpx:course>147.0</gpxtpx:course>
		</gpxtpx:TrackPointExtension>
	</extensions>
</trkpt>
<trkpt lat="44.2066634" lon="14.9767371">
	<ele>0.14</ele>
	<time>2026-08-10T11:03:59.075Z</time>
	<hdop>3.79</hdop>
	<extensions>
		<gpxtpx:TrackPointExtension>
			<gpxtpx:course>147.0</gpxtpx:course>
		</gpxtpx:TrackPointExtension>
	</extensions>
</trkpt>
<trkpt lat="44.2063442" lon="14.9770132">
	<ele>2.85</ele>
	<time>2026-08-10T11:04:10.073Z</time>
	<hdop>3.79</hdop>
	<extensions>
		<gpxtpx:TrackPointExtension>
			<gpxtpx:course>147.0</gpxtpx:course>
		</gpxtpx:TrackPointExtension>
	</extensions>
</trkpt>
<trkpt lat="44.2060526" lon="14.9772697">
	<ele>2.57</ele>
	<time>2026-08-10T11:04:20.074Z</time>
	<hdop>3.79</hdop>
	<extensions>
		<gpxtpx:TrackPointExtension>
			<gpxtpx:course>149.0</gpxtpx:course>
		</gpxtpx:TrackPointExtension>
	</extensions>
</trkpt>
<trkpt lat="44.2057644" lon="14.9775216">
	<ele>-4.22</ele>
	<time>2026-08-10T11:04:30.074Z</time>
	<hdop>4.77</hdop>
	<extensions>
		<gpxtpx:TrackPointExtension>
			<gpxtpx:course>149.0</gpxtpx:course>
		</gpxtpx:TrackPointExtension>
	</extensions>
</trkpt>
<trkpt lat="44.2054771" lon="14.9777733">
	<ele>-37.96</ele>
	<time>2026-08-10T11:04:40.075Z</time>
	<hdop>3.79</hdop>
	<extensions>
		<gpxtpx:TrackPointExtension>
			<gpxtpx:course>146.0</gpxtpx:course>
		</gpxtpx:TrackPointExtension>
	</extensions>
</trkpt>
<trkpt lat="44.2051480" lon="14.9780725">
	<ele>-41.61</ele>
	<time>2026-08-10T11:04:51.075Z</time>
	<hdop>5.08</hdop>
	<extensions>
		<gpxtpx:TrackPointExtension>
			<gpxtpx:course>152.05981</gpxtpx:course>
		</gpxtpx:TrackPointExtension>
	</extensions>
</trkpt>
<trkpt lat="44.2048311" lon="14.9783431">
	<ele>-27.17</ele>
	<time>2026-08-10T11:05:02.073Z</time>
	<hdop>5.20</hdop>
	<extensions>
		<gpxtpx:TrackPointExtension>
			<gpxtpx:course>152.83008</gpxtpx:course>
		</gpxtpx:TrackPointExtension>
	</extensions>
</trkpt>
<trkpt lat="44.2045620" lon="14.9786108">
	<ele>-15.38</ele>
	<time>2026-08-10T11:05:12.074Z</time>
	<hdop>4.99</hdop>
	<extensions>
		<gpxtpx:TrackPointExtension>
			<gpxtpx:course>133.42825</gpxtpx:course>
		</gpxtpx:TrackPointExtension>
	</extensions>
</trkpt>
<trkpt lat="44.2042572" lon="14.9788814">
	<ele>-22.91</ele>
	<time>2026-08-10T11:05:23.073Z</time>
	<hdop>4.25</hdop>
	<extensions>
		<gpxtpx:TrackPointExtension>
			<gpxtpx:course>146.94884</gpxtpx:course>
		</gpxtpx:TrackPointExtension>
	</extensions>
</trkpt>
<trkpt lat="44.2039651" lon="14.9791365">
	<ele>-18.06</ele>
	<time>2026-08-10T11:05:33.075Z</time>
	<hdop>5.05</hdop>
	<extensions>
		<gpxtpx:TrackPointExtension>
			<gpxtpx:course>155.20659</gpxtpx:course>
		</gpxtpx:TrackPointExtension>
	</extensions>
</trkpt>
<trkpt lat="44.2036536" lon="14.9794406">
	<ele>-7.73</ele>
	<time>2026-08-10T11:05:44.074Z</time>
	<hdop>5.24</hdop>
	<extensions>
		<gpxtpx:TrackPointExtension>
			<gpxtpx:course>147.11353</gpxtpx:course>
		</gpxtpx:TrackPointExtension>
	</extensions>
</trkpt>
<trkpt lat="44.2033792" lon="14.9797053">
	<ele>0.04</ele>
	<time>2026-08-10T11:05:54.074Z</time>
	<hdop>5.11</hdop>
	<extensions>
		<gpxtpx:TrackPointExtension>
			<gpxtpx:course>140.3568</gpxtpx:course>
		</gpxtpx:TrackPointExtension>
	</extensions>
</trkpt>
<trkpt lat="44.2031058" lon="14.9799764">
	<ele>-1.04</ele>
	<time>2026-08-10T11:06:04.074Z</time>
	<hdop>3.72</hdop>
	<extensions>
		<gpxtpx:TrackPointExtension>
			<gpxtpx:course>147.60481</gpxtpx:course>
		</gpxtpx:TrackPointExtension>
	</extensions>
</trkpt>
<trkpt lat="44.2028195" lon="14.9802578">
	<ele>-0.50</ele>
	<time>2026-08-10T11:06:14.074Z</time>
	<hdop>4.98</hdop>
	<extensions>
		<gpxtpx:TrackPointExtension>
			<gpxtpx:course>136.18217</gpxtpx:course>
		</gpxtpx:TrackPointExtension>
	</extensions>
</trkpt>
<trkpt lat="44.2025263" lon="14.9805694">
	<ele>2.14</ele>
	<time>2026-08-10T11:06:25.074Z</time>
	<hdop>4.93</hdop>
	<extensions>
		<gpxtpx:TrackPointExtension>
			<gpxtpx:course>122.0625</gpxtpx:course>
		</gpxtpx:TrackPointExtension>
	</extensions>
</trkpt>
<trkpt lat="44.2022354" lon="14.9808443">
	<ele>3.99</ele>
	<time>2026-08-10T11:06:35.075Z</time>
	<hdop>3.14</hdop>
	<extensions>
		<gpxtpx:TrackPointExtension>
			<gpxtpx:course>143.1683</gpxtpx:course>
		</gpxtpx:TrackPointExtension>
	</extensions>
</trkpt>
<trkpt lat="44.2019439" lon="14.9810687">
	<ele>3.61</ele>
	<time>2026-08-10T11:06:45.075Z</time>
	<hdop>3.01</hdop>
	<extensions>
		<gpxtpx:TrackPointExtension>
			<gpxtpx:course>175.49982</gpxtpx:course>
		</gpxtpx:TrackPointExtension>
	</extensions>
</trkpt>
<trkpt lat="44.2016340" lon="14.9814144">
	<ele>3.47</ele>
	<time>2026-08-10T11:06:56.074Z</time>
	<hdop>3.21</hdop>
	<extensions>
		<gpxtpx:TrackPointExtension>
			<gpxtpx:course>146.37347</gpxtpx:course>
		</gpxtpx:TrackPointExtension>
	</extensions>
</trkpt>
<trkpt lat="44.2013468" lon="14.9817124">
	<ele>3.07</ele>
	<time>2026-08-10T11:07:06.624Z</time>
	<hdop>3.38</hdop>
	<extensions>
		<gpxtpx:TrackPointExtension>
			<gpxtpx:course>124.189835</gpxtpx:course>
		</gpxtpx:TrackPointExtension>
	</extensions>
</trkpt>
<trkpt lat="44.2010509" lon="14.9820057">
	<ele>4.92</ele>
	<time>2026-08-10T11:07:17.075Z</time>
	<hdop>3.71</hdop>
	<extensions>
		<gpxtpx:TrackPointExtension>
			<gpxtpx:course>147.0605</gpxtpx:course>
		</gpxtpx:TrackPointExtension>
	</extensions>
</trkpt>
<trkpt lat="44.2007474" lon="14.9823116">
	<ele>5.87</ele>
	<time>2026-08-10T11:07:28.074Z</time>
	<hdop>3.16</hdop>
	<extensions>
		<gpxtpx:TrackPointExtension>
			<gpxtpx:course>145.44127</gpxtpx:course>
		</gpxtpx:TrackPointExtension>
	</extensions>
</trkpt>
<trkpt lat="44.2004384" lon="14.9826292">
	<ele>5.60</ele>
	<time>2026-08-10T11:07:38.905Z</time>
	<hdop>5.03</hdop>
	<extensions>
		<gpxtpx:TrackPointExtension>
			<gpxtpx:course>152.16045</gpxtpx:course>
		</gpxtpx:TrackPointExtension>
	</extensions>
</trkpt>
<trkpt lat="44.2001293" lon="14.9829583">
	<ele>7.41</ele>
	<time>2026-08-10T11:07:50.074Z</time>
	<hdop>3.98</hdop>
	<extensions>
		<gpxtpx:TrackPointExtension>
			<gpxtpx:course>144.56865</gpxtpx:course>
		</gpxtpx:TrackPointExtension>
	</extensions>
</trkpt>
<trkpt lat="44.1998650" lon="14.9831933">
	<ele>6.90</ele>
	<time>2026-08-10T11:08:00.075Z</time>
	<hdop>3.30</hdop>
	<extensions>
		<gpxtpx:TrackPointExtension>
			<gpxtpx:course>154.9147</gpxtpx:course>
		</gpxtpx:TrackPointExtension>
	</extensions>
</trkpt>
<trkpt lat="44.1995844" lon="14.9835263">
	<ele>7.14</ele>
	<time>2026-08-10T11:08:10.075Z</time>
	<hdop>3.54</hdop>
	<extensions>
		<gpxtpx:TrackPointExtension>
			<gpxtpx:course>140.60237</gpxtpx:course>
		</gpxtpx:TrackPointExtension>
	</extensions>
</trkpt>
<trkpt lat="44.1992896" lon="14.9838465">
	<ele>-1.24</ele>
	<time>2026-08-10T11:08:21.074Z</time>
	<hdop>3.13</hdop>
	<extensions>
		<gpxtpx:TrackPointExtension>
			<gpxtpx:course>154.56894</gpxtpx:course>
		</gpxtpx:TrackPointExtension>
	</extensions>
</trkpt>
<trkpt lat="44.1990179" lon="14.9841172">
	<ele>-12.66</ele>
	<time>2026-08-10T11:08:31.074Z</time>
	<hdop>3.58</hdop>
	<extensions>
		<gpxtpx:TrackPointExtension>
			<gpxtpx:course>167.9631</gpxtpx:course>
		</gpxtpx:TrackPointExtension>
	</extensions>
</trkpt>
<trkpt lat="44.1986911" lon="14.9843860">
	<ele>-13.05</ele>
	<time>2026-08-10T11:08:42.042Z</time>
	<hdop>3.08</hdop>
	<extensions>
		<gpxtpx:TrackPointExtension>
			<gpxtpx:course>139.0727</gpxtpx:course>
		</gpxtpx:TrackPointExtension>
	</extensions>
</trkpt>
<trkpt lat="44.1984080" lon="14.9846965">
	<ele>-13.17</ele>
	<time>2026-08-10T11:08:53.074Z</time>
	<hdop>3.33</hdop>
	<extensions>
		<gpxtpx:TrackPointExtension>
			<gpxtpx:course>202.91573</gpxtpx:course>
		</gpxtpx:TrackPointExtension>
	</extensions>
</trkpt>
<trkpt lat="44.1981260" lon="14.9850086">
	<ele>-11.41</ele>
	<time>2026-08-10T11:09:03.074Z</time>
	<hdop>5.00</hdop>
	<extensions>
		<gpxtpx:TrackPointExtension>
			<gpxtpx:course>140.81668</gpxtpx:course>
		</gpxtpx:TrackPointExtension>
	</extensions>
</trkpt>
<trkpt lat="44.1978336" lon="14.9853192">
	<ele>-8.75</ele>
	<time>2026-08-10T11:09:13.074Z</time>
	<hdop>3.55</hdop>
	<extensions>
		<gpxtpx:TrackPointExtension>
			<gpxtpx:course>142.02296</gpxtpx:course>
		</gpxtpx:TrackPointExtension>
	</extensions>
</trkpt>
<trkpt lat="44.1975288" lon="14.9856258">
	<ele>-5.57</ele>
	<time>2026-08-10T11:09:24.073Z</time>
	<hdop>5.28</hdop>
	<extensions>
		<gpxtpx:TrackPointExtension>
			<gpxtpx:course>142.58072</gpxtpx:course>
		</gpxtpx:TrackPointExtension>
	</extensions>
</trkpt>
<trkpt lat="44.1972203" lon="14.9859289">
	<ele>-4.17</ele>
	<time>2026-08-10T11:09:35.074Z</time>
	<hdop>5.01</hdop>
	<extensions>
		<gpxtpx:TrackPointExtension>
			<gpxtpx:course>144.0131</gpxtpx:course>
		</gpxtpx:TrackPointExtension>
	</extensions>
</trkpt>
<trkpt lat="44.1969269" lon="14.9862297">
	<ele>-5.87</ele>
	<time>2026-08-10T11:09:46.073Z</time>
	<hdop>4.65</hdop>
	<extensions>
		<gpxtpx:TrackPointExtension>
			<gpxtpx:course>148.8251</gpxtpx:course>
		</gpxtpx:TrackPointExtension>
	</extensions>
</trkpt>
<trkpt lat="44.1966518" lon="14.9865240">
	<ele>-5.75</ele>
	<time>2026-08-10T11:09:56.081Z</time>
	<hdop>5.31</hdop>
	<extensions>
		<gpxtpx:TrackPointExtension>
			<gpxtpx:course>142.16803</gpxtpx:course>
		</gpxtpx:TrackPointExtension>
	</extensions>
</trkpt>
<trkpt lat="44.1963434" lon="14.9868372">
	<ele>-0.84</ele>
	<time>2026-08-10T11:10:07.074Z</time>
	<hdop>5.24</hdop>
	<extensions>
		<gpxtpx:TrackPointExtension>
			<gpxtpx:course>140.67262</gpxtpx:course>
		</gpxtpx:TrackPointExtension>
	</extensions>
</trkpt>
<trkpt lat="44.1960699" lon="14.9870964">
	<ele>3.05</ele>
	<time>2026-08-10T11:10:17.084Z</time>
	<hdop>4.95</hdop>
	<extensions>
		<gpxtpx:TrackPointExtension>
			<gpxtpx:course>151.05675</gpxtpx:course>
		</gpxtpx:TrackPointExtension>
	</extensions>
</trkpt>
<trkpt lat="44.1957748" lon="14.9873955">
	<ele>12.10</ele>
	<time>2026-08-10T11:10:28.073Z</time>
	<hdop>3.09</hdop>
	<extensions>
		<gpxtpx:TrackPointExtension>
			<gpxtpx:course>144.25287</gpxtpx:course>
		</gpxtpx:TrackPointExtension>
	</extensions>
</trkpt>
<trkpt lat="44.1954905" lon="14.9876650">
	<ele>11.06</ele>
	<time>2026-08-10T11:10:38.073Z</time>
	<hdop>4.01</hdop>
	<extensions>
		<gpxtpx:TrackPointExtension>
			<gpxtpx:course>142.96312</gpxtpx:course>
		</gpxtpx:TrackPointExtension>
	</extensions>
</trkpt>
<trkpt lat="44.1952166" lon="14.9879635">
	<ele>14.88</ele>
	<time>2026-08-10T11:10:48.073Z</time>
	<hdop>5.47</hdop>
	<extensions>
		<gpxtpx:TrackPointExtension>
			<gpxtpx:course>143.85522</gpxtpx:course>
		</gpxtpx:TrackPointExtension>
	</extensions>
</trkpt>
<trkpt lat="44.1949456" lon="14.9882342">
	<ele>15.22</ele>
	<time>2026-08-10T11:10:58.074Z</time>
	<hdop>4.93</hdop>
	<extensions>
		<gpxtpx:TrackPointExtension>
			<gpxtpx:course>150.39252</gpxtpx:course>
		</gpxtpx:TrackPointExtension>
	</extensions>
</trkpt>
<trkpt lat="44.1946675" lon="14.9885225">
	<ele>-2.84</ele>
	<time>2026-08-10T11:11:08.074Z</time>
	<hdop>4.89</hdop>
	<extensions>
		<gpxtpx:TrackPointExtension>
			<gpxtpx:course>143.44817</gpxtpx:course>
		</gpxtpx:TrackPointExtension>
	</extensions>
</trkpt>
<trkpt lat="44.1943581" lon="14.9888122">
	<ele>-23.39</ele>
	<time>2026-08-10T11:11:19.074Z</time>
	<hdop>4.78</hdop>
	<extensions>
		<gpxtpx:TrackPointExtension>
			<gpxtpx:course>147.65764</gpxtpx:course>
		</gpxtpx:TrackPointExtension>
	</extensions>
</trkpt>
<trkpt lat="44.1940600" lon="14.9890633">
	<ele>-36.45</ele>
	<time>2026-08-10T11:11:30.072Z</time>
	<hdop>5.51</hdop>
	<extensions>
		<gpxtpx:TrackPointExtension>
			<gpxtpx:course>192.86177</gpxtpx:course>
		</gpxtpx:TrackPointExtension>
	</extensions>
</trkpt>
<trkpt lat="44.1937856" lon="14.9893504">
	<ele>-44.29</ele>
	<time>2026-08-10T11:11:40.074Z</time>
	<hdop>5.14</hdop>
	<extensions>
		<gpxtpx:TrackPointExtension>
			<gpxtpx:course>142.40347</gpxtpx:course>
		</gpxtpx:TrackPointExtension>
	</extensions>
</trkpt>
<trkpt lat="44.1934981" lon="14.9895793">
	<ele>-28.72</ele>
	<time>2026-08-10T11:11:50.074Z</time>
	<hdop>3.95</hdop>
	<extensions>
		<gpxtpx:TrackPointExtension>
			<gpxtpx:course>159.61871</gpxtpx:course>
		</gpxtpx:TrackPointExtension>
	</extensions>
</trkpt>
<trkpt lat="44.1931691" lon="14.9898327">
	<ele>-14.89</ele>
	<time>2026-08-10T11:12:01.073Z</time>
	<hdop>4.79</hdop>
	<extensions>
		<gpxtpx:TrackPointExtension>
			<gpxtpx:course>163.578</gpxtpx:course>
		</gpxtpx:TrackPointExtension>
	</extensions>
</trkpt>
<trkpt lat="44.1928745" lon="14.9900675">
	<ele>-7.81</ele>
	<time>2026-08-10T11:12:11.073Z</time>
	<hdop>4.99</hdop>
	<extensions>
		<gpxtpx:TrackPointExtension>
			<gpxtpx:course>145.94075</gpxtpx:course>
		</gpxtpx:TrackPointExtension>
	</extensions>
</trkpt>
<trkpt lat="44.1925883" lon="14.9903056">
	<ele>-3.72</ele>
	<time>2026-08-10T11:12:21.073Z</time>
	<hdop>5.49</hdop>
	<extensions>
		<gpxtpx:TrackPointExtension>
			<gpxtpx:course>145.45837</gpxtpx:course>
		</gpxtpx:TrackPointExtension>
	</extensions>
</trkpt>
<trkpt lat="44.1923106" lon="14.9905463">
	<ele>0.55</ele>
	<time>2026-08-10T11:12:31.074Z</time>
	<hdop>5.21</hdop>
	<extensions>
		<gpxtpx:TrackPointExtension>
			<gpxtpx:course>154.5718</gpxtpx:course>
		</gpxtpx:TrackPointExtension>
	</extensions>
</trkpt>
<trkpt lat="44.1919899" lon="14.9908352">
	<ele>2.12</ele>
	<time>2026-08-10T11:12:42.073Z</time>
	<hdop>5.14</hdop>
	<extensions>
		<gpxtpx:TrackPointExtension>
			<gpxtpx:course>141.65887</gpxtpx:course>
		</gpxtpx:TrackPointExtension>
	</extensions>
</trkpt>
<trkpt lat="44.1916814" lon="14.9911106">
	<ele>3.52</ele>
	<time>2026-08-10T11:12:53.073Z</time>
	<hdop>4.66</hdop>
	<extensions>
		<gpxtpx:TrackPointExtension>
			<gpxtpx:course>149.71373</gpxtpx:course>
		</gpxtpx:TrackPointExtension>
	</extensions>
</trkpt>
<trkpt lat="44.1913784" lon="14.9913800">
	<ele>-18.88</ele>
	<time>2026-08-10T11:13:04.072Z</time>
	<hdop>3.51</hdop>
	<extensions>
		<gpxtpx:TrackPointExtension>
			<gpxtpx:course>151.90959</gpxtpx:course>
		</gpxtpx:TrackPointExtension>
	</extensions>
</trkpt>
<trkpt lat="44.1910815" lon="14.9916069">
	<ele>-31.55</ele>
	<time>2026-08-10T11:13:14.072Z</time>
	<hdop>3.27</hdop>
	<extensions>
		<gpxtpx:TrackPointExtension>
			<gpxtpx:course>158.14368</gpxtpx:course>
		</gpxtpx:TrackPointExtension>
	</extensions>
</trkpt>
<trkpt lat="44.1907993" lon="14.9918778">
	<ele>-25.27</ele>
	<time>2026-08-10T11:13:24.073Z</time>
	<hdop>4.61</hdop>
	<extensions>
		<gpxtpx:TrackPointExtension>
			<gpxtpx:course>145.61162</gpxtpx:course>
		</gpxtpx:TrackPointExtension>
	</extensions>
</trkpt>
<trkpt lat="44.1904746" lon="14.9921530">
	<ele>-12.92</ele>
	<time>2026-08-10T11:13:35.074Z</time>
	<hdop>4.80</hdop>
	<extensions>
		<gpxtpx:TrackPointExtension>
			<gpxtpx:course>145.7389</gpxtpx:course>
		</gpxtpx:TrackPointExtension>
	</extensions>
</trkpt>
<trkpt lat="44.1901695" lon="14.9924261">
	<ele>-1.88</ele>
	<time>2026-08-10T11:13:45.874Z</time>
	<hdop>5.45</hdop>
	<extensions>
		<gpxtpx:TrackPointExtension>
			<gpxtpx:course>145.59882</gpxtpx:course>
		</gpxtpx:TrackPointExtension>
	</extensions>
</trkpt>
<trkpt lat="44.1898759" lon="14.9926459">
	<ele>0.38</ele>
	<time>2026-08-10T11:13:56.073Z</time>
	<hdop>5.84</hdop>
	<extensions>
		<gpxtpx:TrackPointExtension>
			<gpxtpx:course>170.04518</gpxtpx:course>
		</gpxtpx:TrackPointExtension>
	</extensions>
</trkpt>
<trkpt lat="44.1895941" lon="14.9929238">
	<ele>9.40</ele>
	<time>2026-08-10T11:14:06.427Z</time>
	<hdop>4.93</hdop>
	<extensions>
		<gpxtpx:TrackPointExtension>
			<gpxtpx:course>139.05775</gpxtpx:course>
		</gpxtpx:TrackPointExtension>
	</extensions>
</trkpt>
<trkpt lat="44.1892883" lon="14.9931793">
	<ele>7.17</ele>
	<time>2026-08-10T11:14:17.084Z</time>
	<hdop>3.41</hdop>
	<extensions>
		<gpxtpx:TrackPointExtension>
			<gpxtpx:course>166.43231</gpxtpx:course>
		</gpxtpx:TrackPointExtension>
	</extensions>
</trkpt>
<trkpt lat="44.1889758" lon="14.9934450">
	<ele>8.99</ele>
	<time>2026-08-10T11:14:28.074Z</time>
	<hdop>3.66</hdop>
	<extensions>
		<gpxtpx:TrackPointExtension>
			<gpxtpx:course>161.26318</gpxtpx:course>
		</gpxtpx:TrackPointExtension>
	</extensions>
</trkpt>
<trkpt lat="44.1886534" lon="14.9937426">
	<ele>7.26</ele>
	<time>2026-08-10T11:14:39.073Z</time>
	<hdop>3.21</hdop>
	<extensions>
		<gpxtpx:TrackPointExtension>
			<gpxtpx:course>148.17545</gpxtpx:course>
		</gpxtpx:TrackPointExtension>
	</extensions>
</trkpt>
<trkpt lat="44.1883334" lon="14.9939645">
	<ele>3.85</ele>
	<time>2026-08-10T11:14:50.072Z</time>
	<hdop>3.77</hdop>
	<extensions>
		<gpxtpx:TrackPointExtension>
			<gpxtpx:course>174.68051</gpxtpx:course>
		</gpxtpx:TrackPointExtension>
	</extensions>
</trkpt>
<trkpt lat="44.1880533" lon="14.9942750">
	<ele>4.86</ele>
	<time>2026-08-10T11:15:00.073Z</time>
	<hdop>4.55</hdop>
	<extensions>
		<gpxtpx:TrackPointExtension>
			<gpxtpx:course>145.86404</gpxtpx:course>
		</gpxtpx:TrackPointExtension>
	</extensions>
</trkpt>
<trkpt lat="44.1877619" lon="14.9945487">
	<ele>10.72</ele>
	<time>2026-08-10T11:15:10.073Z</time>
	<hdop>4.83</hdop>
	<extensions>
		<gpxtpx:TrackPointExtension>
			<gpxtpx:course>142.79451</gpxtpx:course>
		</gpxtpx:TrackPointExtension>
	</extensions>
</trkpt>
<trkpt lat="44.1874723" lon="14.9947936">
	<ele>12.56</ele>
	<time>2026-08-10T11:15:20.486Z</time>
	<hdop>4.95</hdop>
	<extensions>
		<gpxtpx:TrackPointExtension>
			<gpxtpx:course>139.90604</gpxtpx:course>
		</gpxtpx:TrackPointExtension>
	</extensions>
</trkpt>
<trkpt lat="44.1871777" lon="14.9950530">
	<ele>14.61</ele>
	<time>2026-08-10T11:15:31.073Z</time>
	<hdop>5.38</hdop>
	<extensions>
		<gpxtpx:TrackPointExtension>
			<gpxtpx:course>144.19632</gpxtpx:course>
		</gpxtpx:TrackPointExtension>
	</extensions>
</trkpt>
<trkpt lat="44.1868911" lon="14.9952954">
	<ele>12.97</ele>
	<time>2026-08-10T11:15:41.074Z</time>
	<hdop>5.11</hdop>
	<extensions>
		<gpxtpx:TrackPointExtension>
			<gpxtpx:course>149.67534</gpxtpx:course>
		</gpxtpx:TrackPointExtension>
	</extensions>
</trkpt>
<trkpt lat="44.1865793" lon="14.9955608">
	<ele>9.51</ele>
	<time>2026-08-10T11:15:52.073Z</time>
	<hdop>5.15</hdop>
	<extensions>
		<gpxtpx:TrackPointExtension>
			<gpxtpx:course>148.60046</gpxtpx:course>
		</gpxtpx:TrackPointExtension>
	</extensions>
</trkpt>
<trkpt lat="44.1862922" lon="14.9958016">
	<ele>15.15</ele>
	<time>2026-08-10T11:16:02.073Z</time>
	<hdop>5.04</hdop>
	<extensions>
		<gpxtpx:TrackPointExtension>
			<gpxtpx:course>147.92476</gpxtpx:course>
		</gpxtpx:TrackPointExtension>
	</extensions>
</trkpt>
<trkpt lat="44.1860061" lon="14.9960555">
	<ele>10.76</ele>
	<time>2026-08-10T11:16:12.073Z</time>
	<hdop>5.24</hdop>
	<extensions>
		<gpxtpx:TrackPointExtension>
			<gpxtpx:course>142.56049</gpxtpx:course>
		</gpxtpx:TrackPointExtension>
	</extensions>
</trkpt>
<trkpt lat="44.1857238" lon="14.9962793">
	<ele>0.03</ele>
	<time>2026-08-10T11:16:22.073Z</time>
	<hdop>3.16</hdop>
	<extensions>
		<gpxtpx:TrackPointExtension>
			<gpxtpx:course>149.1426</gpxtpx:course>
		</gpxtpx:TrackPointExtension>
	</extensions>
</trkpt>
<trkpt lat="44.1854444" lon="14.9965596">
	<ele>9.48</ele>
	<time>2026-08-10T11:16:32.073Z</time>
	<hdop>3.43</hdop>
	<extensions>
		<gpxtpx:TrackPointExtension>
			<gpxtpx:course>137.1262</gpxtpx:course>
		</gpxtpx:TrackPointExtension>
	</extensions>
</trkpt>
<trkpt lat="44.1851180" lon="14.9967981">
	<ele>-3.20</ele>
	<time>2026-08-10T11:16:43.072Z</time>
	<hdop>3.12</hdop>
	<extensions>
		<gpxtpx:TrackPointExtension>
			<gpxtpx:course>144.70343</gpxtpx:course>
		</gpxtpx:TrackPointExtension>
	</extensions>
</trkpt>
<trkpt lat="44.1848268" lon="14.9970396">
	<ele>-40.12</ele>
	<time>2026-08-10T11:16:53.072Z</time>
	<hdop>3.20</hdop>
	<extensions>
		<gpxtpx:TrackPointExtension>
			<gpxtpx:course>147.49907</gpxtpx:course>
		</gpxtpx:TrackPointExtension>
	</extensions>
</trkpt>
<trkpt lat="44.1845383" lon="14.9972858">
	<ele>-45.34</ele>
	<time>2026-08-10T11:17:03.073Z</time>
	<hdop>3.18</hdop>
	<extensions>
		<gpxtpx:TrackPointExtension>
			<gpxtpx:course>150.96848</gpxtpx:course>
		</gpxtpx:TrackPointExtension>
	</extensions>
</trkpt>
<trkpt lat="44.1842042" lon="14.9975520">
	<ele>-41.68</ele>
	<time>2026-08-10T11:17:14.070Z</time>
	<hdop>4.78</hdop>
	<extensions>
		<gpxtpx:TrackPointExtension>
			<gpxtpx:course>154.63553</gpxtpx:course>
		</gpxtpx:TrackPointExtension>
	</extensions>
</trkpt>
<trkpt lat="44.1839147" lon="14.9978051">
	<ele>-43.54</ele>
	<time>2026-08-10T11:17:24.072Z</time>
	<hdop>5.13</hdop>
	<extensions>
		<gpxtpx:TrackPointExtension>
			<gpxtpx:course>145.76088</gpxtpx:course>
		</gpxtpx:TrackPointExtension>
	</extensions>
</trkpt>
<trkpt lat="44.1836167" lon="14.9980498">
	<ele>-29.02</ele>
	<time>2026-08-10T11:17:34.072Z</time>
	<hdop>4.83</hdop>
	<extensions>
		<gpxtpx:TrackPointExtension>
			<gpxtpx:course>152.95216</gpxtpx:course>
		</gpxtpx:TrackPointExtension>
	</extensions>
</trkpt>
<trkpt lat="44.1833028" lon="14.9983322">
	<ele>-10.47</ele>
	<time>2026-08-10T11:17:45.072Z</time>
	<hdop>5.24</hdop>
	<extensions>
		<gpxtpx:TrackPointExtension>
			<gpxtpx:course>139.1714</gpxtpx:course>
		</gpxtpx:TrackPointExtension>
	</extensions>
</trkpt>
<trkpt lat="44.1830056" lon="14.9985840">
	<ele>-18.10</ele>
	<time>2026-08-10T11:17:55.072Z</time>
	<hdop>4.83</hdop>
	<extensions>
		<gpxtpx:TrackPointExtension>
			<gpxtpx:course>146.16637</gpxtpx:course>
		</gpxtpx:TrackPointExtension>
	</extensions>
</trkpt>
<trkpt lat="44.1827118" lon="14.9988269">
	<ele>-6.40</ele>
	<time>2026-08-10T11:18:05.073Z</time>
	<hdop>4.95</hdop>
	<extensions>
		<gpxtpx:TrackPointExtension>
			<gpxtpx:course>158.63809</gpxtpx:course>
		</gpxtpx:TrackPointExtension>
	</extensions>
</trkpt>
<trkpt lat="44.1823845" lon="14.9990999">
	<ele>-6.93</ele>
	<time>2026-08-10T11:18:16.073Z</time>
	<hdop>5.12</hdop>
	<extensions>
		<gpxtpx:TrackPointExtension>
			<gpxtpx:course>145.65916</gpxtpx:course>
		</gpxtpx:TrackPointExtension>
	</extensions>
</trkpt>
<trkpt lat="44.1820913" lon="14.9993334">
	<ele>1.37</ele>
	<time>2026-08-10T11:18:26.073Z</time>
	<hdop>5.25</hdop>
	<extensions>
		<gpxtpx:TrackPointExtension>
			<gpxtpx:course>152.2965</gpxtpx:course>
		</gpxtpx:TrackPointExtension>
	</extensions>
</trkpt>
<trkpt lat="44.1817648" lon="14.9995975">
	<ele>-1.91</ele>
	<time>2026-08-10T11:18:37.073Z</time>
	<hdop>4.86</hdop>
	<extensions>
		<gpxtpx:TrackPointExtension>
			<gpxtpx:course>150.62334</gpxtpx:course>
		</gpxtpx:TrackPointExtension>
	</extensions>
</trkpt>
<trkpt lat="44.1814387" lon="14.9998705">
	<ele>-0.92</ele>
	<time>2026-08-10T11:18:48.072Z</time>
	<hdop>4.91</hdop>
	<extensions>
		<gpxtpx:TrackPointExtension>
			<gpxtpx:course>147.91542</gpxtpx:course>
		</gpxtpx:TrackPointExtension>
	</extensions>
</trkpt>
<trkpt lat="44.1811398" lon="15.0001183">
	<ele>3.55</ele>
	<time>2026-08-10T11:18:58.073Z</time>
	<hdop>4.74</hdop>
	<extensions>
		<gpxtpx:TrackPointExtension>
			<gpxtpx:course>150.76149</gpxtpx:course>
		</gpxtpx:TrackPointExtension>
	</extensions>
</trkpt>
<trkpt lat="44.1808450" lon="15.0003674">
	<ele>3.57</ele>
	<time>2026-08-10T11:19:08.078Z</time>
	<hdop>5.27</hdop>
	<extensions>
		<gpxtpx:TrackPointExtension>
			<gpxtpx:course>153.22446</gpxtpx:course>
		</gpxtpx:TrackPointExtension>
	</extensions>
</trkpt>
<trkpt lat="44.1805199" lon="15.0006285">
	<ele>-5.35</ele>
	<time>2026-08-10T11:19:19.072Z</time>
	<hdop>4.91</hdop>
	<extensions>
		<gpxtpx:TrackPointExtension>
			<gpxtpx:course>150.09068</gpxtpx:course>
		</gpxtpx:TrackPointExtension>
	</extensions>
</trkpt>
<trkpt lat="44.1801905" lon="15.0009139">
	<ele>-0.90</ele>
	<time>2026-08-10T11:19:30.071Z</time>
	<hdop>4.92</hdop>
	<extensions>
		<gpxtpx:TrackPointExtension>
			<gpxtpx:course>150.4515</gpxtpx:course>
		</gpxtpx:TrackPointExtension>
	</extensions>
</trkpt>
<trkpt lat="44.1798907" lon="15.0011609">
	<ele>-11.09</ele>
	<time>2026-08-10T11:19:40.071Z</time>
	<hdop>4.99</hdop>
	<extensions>
		<gpxtpx:TrackPointExtension>
			<gpxtpx:course>149.66988</gpxtpx:course>
		</gpxtpx:TrackPointExtension>
	</extensions>
</trkpt>
<trkpt lat="44.1796047" lon="15.0014188">
	<ele>-18.04</ele>
	<time>2026-08-10T11:19:50.072Z</time>
	<hdop>5.16</hdop>
	<extensions>
		<gpxtpx:TrackPointExtension>
			<gpxtpx:course>144.14268</gpxtpx:course>
		</gpxtpx:TrackPointExtension>
	</extensions>
</trkpt>
<trkpt lat="44.1793113" lon="15.0016628">
	<ele>-29.27</ele>
	<time>2026-08-10T11:20:00.072Z</time>
	<hdop>5.07</hdop>
	<extensions>
		<gpxtpx:TrackPointExtension>
			<gpxtpx:course>148.01346</gpxtpx:course>
		</gpxtpx:TrackPointExtension>
	</extensions>
</trkpt>
<trkpt lat="44.1790297" lon="15.0018923">
	<ele>-28.97</ele>
	<time>2026-08-10T11:20:10.072Z</time>
	<hdop>5.82</hdop>
	<extensions>
		<gpxtpx:TrackPointExtension>
			<gpxtpx:course>152.54985</gpxtpx:course>
		</gpxtpx:TrackPointExtension>
	</extensions>
</trkpt>
<trkpt lat="44.1787341" lon="15.0021448">
	<ele>-21.17</ele>
	<time>2026-08-10T11:20:20.073Z</time>
	<hdop>4.76</hdop>
	<extensions>
		<gpxtpx:TrackPointExtension>
			<gpxtpx:course>146.62503</gpxtpx:course>
		</gpxtpx:TrackPointExtension>
	</extensions>
</trkpt>
<trkpt lat="44.1784066" lon="15.0024250">
	<ele>-13.91</ele>
	<time>2026-08-10T11:20:31.071Z</time>
	<hdop>4.87</hdop>
	<extensions>
		<gpxtpx:TrackPointExtension>
			<gpxtpx:course>152.3027</gpxtpx:course>
		</gpxtpx:TrackPointExtension>
	</extensions>
</trkpt>
<trkpt lat="44.1781209" lon="15.0026643">
	<ele>-21.59</ele>
	<time>2026-08-10T11:20:41.071Z</time>
	<hdop>4.88</hdop>
	<extensions>
		<gpxtpx:TrackPointExtension>
			<gpxtpx:course>146.02536</gpxtpx:course>
		</gpxtpx:TrackPointExtension>
	</extensions>
</trkpt>
<trkpt lat="44.1778199" lon="15.0029071">
	<ele>-20.87</ele>
	<time>2026-08-10T11:20:51.072Z</time>
	<hdop>4.97</hdop>
	<extensions>
		<gpxtpx:TrackPointExtension>
			<gpxtpx:course>146.432</gpxtpx:course>
		</gpxtpx:TrackPointExtension>
	</extensions>
</trkpt>
<trkpt lat="44.1775303" lon="15.0031621">
	<ele>-25.41</ele>
	<time>2026-08-10T11:21:01.072Z</time>
	<hdop>4.94</hdop>
	<extensions>
		<gpxtpx:TrackPointExtension>
			<gpxtpx:course>151.48048</gpxtpx:course>
		</gpxtpx:TrackPointExtension>
	</extensions>
</trkpt>
<trkpt lat="44.1772293" lon="15.0034219">
	<ele>-29.95</ele>
	<time>2026-08-10T11:21:11.085Z</time>
	<hdop>5.20</hdop>
	<extensions>
		<gpxtpx:TrackPointExtension>
			<gpxtpx:course>147.38992</gpxtpx:course>
		</gpxtpx:TrackPointExtension>
	</extensions>
</trkpt>
<trkpt lat="44.1769021" lon="15.0036989">
	<ele>-24.22</ele>
	<time>2026-08-10T11:21:22.072Z</time>
	<hdop>4.91</hdop>
	<extensions>
		<gpxtpx:TrackPointExtension>
			<gpxtpx:course>149.88432</gpxtpx:course>
		</gpxtpx:TrackPointExtension>
	</extensions>
</trkpt>
<trkpt lat="44.1765696" lon="15.0039747">
	<ele>-16.99</ele>
	<time>2026-08-10T11:21:33.072Z</time>
	<hdop>5.35</hdop>
	<extensions>
		<gpxtpx:TrackPointExtension>
			<gpxtpx:course>152.85097</gpxtpx:course>
		</gpxtpx:TrackPointExtension>
	</extensions>
</trkpt>
<trkpt lat="44.1762753" lon="15.0042262">
	<ele>-19.09</ele>
	<time>2026-08-10T11:21:43.072Z</time>
	<hdop>4.97</hdop>
	<extensions>
		<gpxtpx:TrackPointExtension>
			<gpxtpx:course>152.44424</gpxtpx:course>
		</gpxtpx:TrackPointExtension>
	</extensions>
</trkpt>
<trkpt lat="44.1759703" lon="15.0044783">
	<ele>-20.35</ele>
	<time>2026-08-10T11:21:53.687Z</time>
	<hdop>5.18</hdop>
	<extensions>
		<gpxtpx:TrackPointExtension>
			<gpxtpx:course>155.6013</gpxtpx:course>
		</gpxtpx:TrackPointExtension>
	</extensions>
</trkpt>
<trkpt lat="44.1756519" lon="15.0047127">
	<ele>-32.24</ele>
	<time>2026-08-10T11:22:04.070Z</time>
	<hdop>3.14</hdop>
	<extensions>
		<gpxtpx:TrackPointExtension>
			<gpxtpx:course>151.38443</gpxtpx:course>
		</gpxtpx:TrackPointExtension>
	</extensions>
</trkpt>
<trkpt lat="44.1753562" lon="15.0049579">
	<ele>-34.81</ele>
	<time>2026-08-10T11:22:14.072Z</time>
	<hdop>3.88</hdop>
	<extensions>
		<gpxtpx:TrackPointExtension>
			<gpxtpx:course>148.91277</gpxtpx:course>
		</gpxtpx:TrackPointExtension>
	</extensions>
</trkpt>
<trkpt lat="44.1750475" lon="15.0051792">
	<ele>-24.82</ele>
	<time>2026-08-10T11:22:24.072Z</time>
	<hdop>4.95</hdop>
	<extensions>
		<gpxtpx:TrackPointExtension>
			<gpxtpx:course>151.97879</gpxtpx:course>
		</gpxtpx:TrackPointExtension>
	</extensions>
</trkpt>
<trkpt lat="44.1747428" lon="15.0054143">
	<ele>-21.32</ele>
	<time>2026-08-10T11:22:34.072Z</time>
	<hdop>4.95</hdop>
	<extensions>
		<gpxtpx:TrackPointExtension>
			<gpxtpx:course>153.81018</gpxtpx:course>
		</gpxtpx:TrackPointExtension>
	</extensions>
</trkpt>
<trkpt lat="44.1744391" lon="15.0056310">
	<ele>-7.75</ele>
	<time>2026-08-10T11:22:44.072Z</time>
	<hdop>4.98</hdop>
	<extensions>
		<gpxtpx:TrackPointExtension>
			<gpxtpx:course>152.62393</gpxtpx:course>
		</gpxtpx:TrackPointExtension>
	</extensions>
</trkpt>
<trkpt lat="44.1741023" lon="15.0059003">
	<ele>-3.14</ele>
	<time>2026-08-10T11:22:55.072Z</time>
	<hdop>5.17</hdop>
	<extensions>
		<gpxtpx:TrackPointExtension>
			<gpxtpx:course>138.1418</gpxtpx:course>
		</gpxtpx:TrackPointExtension>
	</extensions>
</trkpt>
<trkpt lat="44.1737697" lon="15.0061522">
	<ele>-7.05</ele>
	<time>2026-08-10T11:23:06.072Z</time>
	<hdop>4.99</hdop>
	<extensions>
		<gpxtpx:TrackPointExtension>
			<gpxtpx:course>132.47638</gpxtpx:course>
		</gpxtpx:TrackPointExtension>
	</extensions>
</trkpt>
<trkpt lat="44.1734268" lon="15.0063896">
	<ele>-5.28</ele>
	<time>2026-08-10T11:23:16.884Z</time>
	<hdop>4.70</hdop>
	<extensions>
		<gpxtpx:TrackPointExtension>
			<gpxtpx:course>146.8012</gpxtpx:course>
		</gpxtpx:TrackPointExtension>
	</extensions>
</trkpt>
<trkpt lat="44.1731160" lon="15.0066202">
	<ele>0.37</ele>
	<time>2026-08-10T11:23:27.071Z</time>
	<hdop>3.22</hdop>
	<extensions>
		<gpxtpx:TrackPointExtension>
			<gpxtpx:course>151.82768</gpxtpx:course>
		</gpxtpx:TrackPointExtension>
	</extensions>
</trkpt>
<trkpt lat="44.1728028" lon="15.0068485">
	<ele>-1.77</ele>
	<time>2026-08-10T11:23:37.071Z</time>
	<hdop>3.02</hdop>
	<extensions>
		<gpxtpx:TrackPointExtension>
			<gpxtpx:course>153.92003</gpxtpx:course>
		</gpxtpx:TrackPointExtension>
	</extensions>
</trkpt>
<trkpt lat="44.1724809" lon="15.0070861">
	<ele>3.91</ele>
	<time>2026-08-10T11:23:47.071Z</time>
	<hdop>5.09</hdop>
	<extensions>
		<gpxtpx:TrackPointExtension>
			<gpxtpx:course>153.23553</gpxtpx:course>
		</gpxtpx:TrackPointExtension>
	</extensions>
</trkpt>
<trkpt lat="44.1721730" lon="15.0073249">
	<ele>-2.46</ele>
	<time>2026-08-10T11:23:57.072Z</time>
	<hdop>4.91</hdop>
	<extensions>
		<gpxtpx:TrackPointExtension>
			<gpxtpx:course>150.41722</gpxtpx:course>
		</gpxtpx:TrackPointExtension>
	</extensions>
</trkpt>
<trkpt lat="44.1718446" lon="15.0075879">
	<ele>-3.95</ele>
	<time>2026-08-10T11:24:08.072Z</time>
	<hdop>5.19</hdop>
	<extensions>
		<gpxtpx:TrackPointExtension>
			<gpxtpx:course>150.18837</gpxtpx:course>
		</gpxtpx:TrackPointExtension>
	</extensions>
</trkpt>
<trkpt lat="44.1715584" lon="15.0078024">
	<ele>3.91</ele>
	<time>2026-08-10T11:24:18.072Z</time>
	<hdop>3.79</hdop>
	<extensions>
		<gpxtpx:TrackPointExtension>
			<gpxtpx:course>153.0</gpxtpx:course>
		</gpxtpx:TrackPointExtension>
	</extensions>
</trkpt>
<trkpt lat="44.1712462" lon="15.0080296">
	<ele>0.11</ele>
	<time>2026-08-10T11:24:28.072Z</time>
	<hdop>3.79</hdop>
	<extensions>
		<gpxtpx:TrackPointExtension>
			<gpxtpx:course>151.0</gpxtpx:course>
		</gpxtpx:TrackPointExtension>
	</extensions>
</trkpt>
<trkpt lat="44.1709079" lon="15.0082868">
	<ele>-1.66</ele>
	<time>2026-08-10T11:24:39.071Z</time>
	<hdop>3.79</hdop>
	<extensions>
		<gpxtpx:TrackPointExtension>
			<gpxtpx:course>151.0</gpxtpx:course>
		</gpxtpx:TrackPointExtension>
	</extensions>
</trkpt>
<trkpt lat="44.1705960" lon="15.0085232">
	<ele>3.90</ele>
	<time>2026-08-10T11:24:49.071Z</time>
	<hdop>3.79</hdop>
	<extensions>
		<gpxtpx:TrackPointExtension>
			<gpxtpx:course>152.0</gpxtpx:course>
		</gpxtpx:TrackPointExtension>
	</extensions>
</trkpt>
<trkpt lat="44.1702800" lon="15.0087720">
	<ele>2.72</ele>
	<time>2026-08-10T11:24:59.072Z</time>
	<hdop>3.79</hdop>
	<extensions>
		<gpxtpx:TrackPointExtension>
			<gpxtpx:course>151.0</gpxtpx:course>
		</gpxtpx:TrackPointExtension>
	</extensions>
</trkpt>
<trkpt lat="44.1699481" lon="15.0090463">
	<ele>-6.58</ele>
	<time>2026-08-10T11:25:10.071Z</time>
	<hdop>3.79</hdop>
	<extensions>
		<gpxtpx:TrackPointExtension>
			<gpxtpx:course>146.0</gpxtpx:course>
		</gpxtpx:TrackPointExtension>
	</extensions>
</trkpt>
<trkpt lat="44.1696595" lon="15.0093292">
	<ele>-10.06</ele>
	<time>2026-08-10T11:25:20.071Z</time>
	<hdop>3.79</hdop>
	<extensions>
		<gpxtpx:TrackPointExtension>
			<gpxtpx:course>145.0</gpxtpx:course>
		</gpxtpx:TrackPointExtension>
	</extensions>
</trkpt>
<trkpt lat="44.1693729" lon="15.0096202">
	<ele>-9.69</ele>
	<time>2026-08-10T11:25:30.071Z</time>
	<hdop>3.79</hdop>
	<extensions>
		<gpxtpx:TrackPointExtension>
			<gpxtpx:course>144.0</gpxtpx:course>
		</gpxtpx:TrackPointExtension>
	</extensions>
</trkpt>
<trkpt lat="44.1690920" lon="15.0098967">
	<ele>1.65</ele>
	<time>2026-08-10T11:25:40.072Z</time>
	<hdop>3.79</hdop>
	<extensions>
		<gpxtpx:TrackPointExtension>
			<gpxtpx:course>146.0</gpxtpx:course>
		</gpxtpx:TrackPointExtension>
	</extensions>
</trkpt>
<trkpt lat="44.1687828" lon="15.0101833">
	<ele>10.53</ele>
	<time>2026-08-10T11:25:51.072Z</time>
	<hdop>3.79</hdop>
	<extensions>
		<gpxtpx:TrackPointExtension>
			<gpxtpx:course>144.0</gpxtpx:course>
		</gpxtpx:TrackPointExtension>
	</extensions>
</trkpt>
<trkpt lat="44.1684733" lon="15.0104603">
	<ele>14.57</ele>
	<time>2026-08-10T11:26:02.072Z</time>
	<hdop>3.79</hdop>
	<extensions>
		<gpxtpx:TrackPointExtension>
			<gpxtpx:course>147.0</gpxtpx:course>
		</gpxtpx:TrackPointExtension>
	</extensions>
</trkpt>
<trkpt lat="44.1681607" lon="15.0107491">
	<ele>17.98</ele>
	<time>2026-08-10T11:26:13.071Z</time>
	<hdop>3.79</hdop>
	<extensions>
		<gpxtpx:TrackPointExtension>
			<gpxtpx:course>146.0</gpxtpx:course>
		</gpxtpx:TrackPointExtension>
	</extensions>
</trkpt>
<trkpt lat="44.1678742" lon="15.0110051">
	<ele>15.73</ele>
	<time>2026-08-10T11:26:23.071Z</time>
	<hdop>3.79</hdop>
	<extensions>
		<gpxtpx:TrackPointExtension>
			<gpxtpx:course>147.0</gpxtpx:course>
		</gpxtpx:TrackPointExtension>
	</extensions>
</trkpt>
<trkpt lat="44.1675891" lon="15.0112690">
	<ele>12.61</ele>
	<time>2026-08-10T11:26:33.071Z</time>
	<hdop>3.79</hdop>
	<extensions>
		<gpxtpx:TrackPointExtension>
			<gpxtpx:course>147.0</gpxtpx:course>
		</gpxtpx:TrackPointExtension>
	</extensions>
</trkpt>
<trkpt lat="44.1673009" lon="15.0115165">
	<ele>15.90</ele>
	<time>2026-08-10T11:26:43.071Z</time>
	<hdop>3.79</hdop>
	<extensions>
		<gpxtpx:TrackPointExtension>
			<gpxtpx:course>147.0</gpxtpx:course>
		</gpxtpx:TrackPointExtension>
	</extensions>
</trkpt>
<trkpt lat="44.1669802" lon="15.0117945">
	<ele>12.41</ele>
	<time>2026-08-10T11:26:54.071Z</time>
	<hdop>3.79</hdop>
	<extensions>
		<gpxtpx:TrackPointExtension>
			<gpxtpx:course>147.0</gpxtpx:course>
		</gpxtpx:TrackPointExtension>
	</extensions>
</trkpt>
<trkpt lat="44.1666802" lon="15.0120533">
	<ele>11.19</ele>
	<time>2026-08-10T11:27:04.071Z</time>
	<hdop>3.79</hdop>
	<extensions>
		<gpxtpx:TrackPointExtension>
			<gpxtpx:course>148.0</gpxtpx:course>
		</gpxtpx:TrackPointExtension>
	</extensions>
</trkpt>
<trkpt lat="44.1663905" lon="15.0123083">
	<ele>11.72</ele>
	<time>2026-08-10T11:27:14.071Z</time>
	<hdop>3.79</hdop>
	<extensions>
		<gpxtpx:TrackPointExtension>
			<gpxtpx:course>146.0</gpxtpx:course>
		</gpxtpx:TrackPointExtension>
	</extensions>
</trkpt>
<trkpt lat="44.1660956" lon="15.0125702">
	<ele>11.38</ele>
	<time>2026-08-10T11:27:24.071Z</time>
	<hdop>3.79</hdop>
	<extensions>
		<gpxtpx:TrackPointExtension>
			<gpxtpx:course>147.0</gpxtpx:course>
		</gpxtpx:TrackPointExtension>
	</extensions>
</trkpt>
<trkpt lat="44.1658051" lon="15.0128262">
	<ele>8.06</ele>
	<time>2026-08-10T11:27:34.071Z</time>
	<hdop>3.79</hdop>
	<extensions>
		<gpxtpx:TrackPointExtension>
			<gpxtpx:course>147.0</gpxtpx:course>
		</gpxtpx:TrackPointExtension>
	</extensions>
</trkpt>
<trkpt lat="44.1654724" lon="15.0131184">
	<ele>7.77</ele>
	<time>2026-08-10T11:27:45.070Z</time>
	<hdop>3.79</hdop>
	<extensions>
		<gpxtpx:TrackPointExtension>
			<gpxtpx:course>148.0</gpxtpx:course>
		</gpxtpx:TrackPointExtension>
	</extensions>
</trkpt>
<trkpt lat="44.1651710" lon="15.0133827">
	<ele>4.57</ele>
	<time>2026-08-10T11:27:55.070Z</time>
	<hdop>3.79</hdop>
	<extensions>
		<gpxtpx:TrackPointExtension>
			<gpxtpx:course>148.0</gpxtpx:course>
		</gpxtpx:TrackPointExtension>
	</extensions>
</trkpt>
<trkpt lat="44.1648694" lon="15.0136474">
	<ele>5.51</ele>
	<time>2026-08-10T11:28:05.071Z</time>
	<hdop>3.79</hdop>
	<extensions>
		<gpxtpx:TrackPointExtension>
			<gpxtpx:course>148.0</gpxtpx:course>
		</gpxtpx:TrackPointExtension>
	</extensions>
</trkpt>
<trkpt lat="44.1645643" lon="15.0139136">
	<ele>2.82</ele>
	<time>2026-08-10T11:28:15.071Z</time>
	<hdop>3.79</hdop>
	<extensions>
		<gpxtpx:TrackPointExtension>
			<gpxtpx:course>147.0</gpxtpx:course>
		</gpxtpx:TrackPointExtension>
	</extensions>
</trkpt>
<trkpt lat="44.1642289" lon="15.0142116">
	<ele>4.61</ele>
	<time>2026-08-10T11:28:26.071Z</time>
	<hdop>3.79</hdop>
	<extensions>
		<gpxtpx:TrackPointExtension>
			<gpxtpx:course>147.0</gpxtpx:course>
		</gpxtpx:TrackPointExtension>
	</extensions>
</trkpt>
<trkpt lat="44.1639190" lon="15.0144915">
	<ele>1.71</ele>
	<time>2026-08-10T11:28:36.071Z</time>
	<hdop>3.79</hdop>
	<extensions>
		<gpxtpx:TrackPointExtension>
			<gpxtpx:course>147.0</gpxtpx:course>
		</gpxtpx:TrackPointExtension>
	</extensions>
</trkpt>
<trkpt lat="44.1635829" lon="15.0147939">
	<ele>3.63</ele>
	<time>2026-08-10T11:28:47.071Z</time>
	<hdop>3.79</hdop>
	<extensions>
		<gpxtpx:TrackPointExtension>
			<gpxtpx:course>147.0</gpxtpx:course>
		</gpxtpx:TrackPointExtension>
	</extensions>
</trkpt>
<trkpt lat="44.1632399" lon="15.0151088">
	<ele>1.26</ele>
	<time>2026-08-10T11:28:58.071Z</time>
	<hdop>3.79</hdop>
	<extensions>
		<gpxtpx:TrackPointExtension>
			<gpxtpx:course>146.0</gpxtpx:course>
		</gpxtpx:TrackPointExtension>
	</extensions>
</trkpt>
<trkpt lat="44.1629066" lon="15.0154157">
	<ele>2.62</ele>
	<time>2026-08-10T11:29:09.070Z</time>
	<hdop>3.79</hdop>
	<extensions>
		<gpxtpx:TrackPointExtension>
			<gpxtpx:course>146.0</gpxtpx:course>
		</gpxtpx:TrackPointExtension>
	</extensions>
</trkpt>
<trkpt lat="44.1625869" lon="15.0157073">
	<ele>1.26</ele>
	<time>2026-08-10T11:29:19.071Z</time>
	<hdop>3.79</hdop>
	<extensions>
		<gpxtpx:TrackPointExtension>
			<gpxtpx:course>147.0</gpxtpx:course>
		</gpxtpx:TrackPointExtension>
	</extensions>
</trkpt>
<trkpt lat="44.1622549" lon="15.0160239">
	<ele>7.17</ele>
	<time>2026-08-10T11:29:30.071Z</time>
	<hdop>3.79</hdop>
	<extensions>
		<gpxtpx:TrackPointExtension>
			<gpxtpx:course>147.0</gpxtpx:course>
		</gpxtpx:TrackPointExtension>
	</extensions>
</trkpt>
<trkpt lat="44.1619186" lon="15.0163350">
	<ele>2.13</ele>
	<time>2026-08-10T11:29:41.070Z</time>
	<hdop>3.79</hdop>
	<extensions>
		<gpxtpx:TrackPointExtension>
			<gpxtpx:course>145.0</gpxtpx:course>
		</gpxtpx:TrackPointExtension>
	</extensions>
</trkpt>
<trkpt lat="44.1616105" lon="15.0166269">
	<ele>3.85</ele>
	<time>2026-08-10T11:29:51.070Z</time>
	<hdop>3.79</hdop>
	<extensions>
		<gpxtpx:TrackPointExtension>
			<gpxtpx:course>146.0</gpxtpx:course>
		</gpxtpx:TrackPointExtension>
	</extensions>
</trkpt>
<trkpt lat="44.1612999" lon="15.0169254">
	<ele>6.85</ele>
	<time>2026-08-10T11:30:01.071Z</time>
	<hdop>3.79</hdop>
	<extensions>
		<gpxtpx:TrackPointExtension>
			<gpxtpx:course>147.0</gpxtpx:course>
		</gpxtpx:TrackPointExtension>
	</extensions>
</trkpt>
<trkpt lat="44.1609518" lon="15.0172594">
	<ele>6.81</ele>
	<time>2026-08-10T11:30:12.071Z</time>
	<hdop>3.79</hdop>
	<extensions>
		<gpxtpx:TrackPointExtension>
			<gpxtpx:course>146.0</gpxtpx:course>
		</gpxtpx:TrackPointExtension>
	</extensions>
</trkpt>
<trkpt lat="44.1606441" lon="15.0175531">
	<ele>9.89</ele>
	<time>2026-08-10T11:30:22.071Z</time>
	<hdop>3.79</hdop>
	<extensions>
		<gpxtpx:TrackPointExtension>
			<gpxtpx:course>145.0</gpxtpx:course>
		</gpxtpx:TrackPointExtension>
	</extensions>
</trkpt>
<trkpt lat="44.1603346" lon="15.0178493">
	<ele>9.98</ele>
	<time>2026-08-10T11:30:32.071Z</time>
	<hdop>3.79</hdop>
	<extensions>
		<gpxtpx:TrackPointExtension>
			<gpxtpx:course>145.0</gpxtpx:course>
		</gpxtpx:TrackPointExtension>
	</extensions>
</trkpt>
<trkpt lat="44.1600242" lon="15.0181470">
	<ele>9.92</ele>
	<time>2026-08-10T11:30:42.071Z</time>
	<hdop>3.79</hdop>
	<extensions>
		<gpxtpx:TrackPointExtension>
			<gpxtpx:course>145.0</gpxtpx:course>
		</gpxtpx:TrackPointExtension>
	</extensions>
</trkpt>
<trkpt lat="44.1596819" lon="15.0184730">
	<ele>9.75</ele>
	<time>2026-08-10T11:30:53.070Z</time>
	<hdop>3.79</hdop>
	<extensions>
		<gpxtpx:TrackPointExtension>
			<gpxtpx:course>144.0</gpxtpx:course>
		</gpxtpx:TrackPointExtension>
	</extensions>
</trkpt>
<trkpt lat="44.1593700" lon="15.0187659">
	<ele>10.51</ele>
	<time>2026-08-10T11:31:03.071Z</time>
	<hdop>3.79</hdop>
	<extensions>
		<gpxtpx:TrackPointExtension>
			<gpxtpx:course>145.0</gpxtpx:course>
		</gpxtpx:TrackPointExtension>
	</extensions>
</trkpt>
<trkpt lat="44.1590242" lon="15.0191047">
	<ele>12.33</ele>
	<time>2026-08-10T11:31:14.070Z</time>
	<hdop>3.79</hdop>
	<extensions>
		<gpxtpx:TrackPointExtension>
			<gpxtpx:course>145.0</gpxtpx:course>
		</gpxtpx:TrackPointExtension>
	</extensions>
</trkpt>
<trkpt lat="44.1587179" lon="15.0194055">
	<ele>13.68</ele>
	<time>2026-08-10T11:31:24.070Z</time>
	<hdop>3.79</hdop>
	<extensions>
		<gpxtpx:TrackPointExtension>
			<gpxtpx:course>145.0</gpxtpx:course>
		</gpxtpx:TrackPointExtension>
	</extensions>
</trkpt>
<trkpt lat="44.1584128" lon="15.0197043">
	<ele>12.13</ele>
	<time>2026-08-10T11:31:34.070Z</time>
	<hdop>3.79</hdop>
	<extensions>
		<gpxtpx:TrackPointExtension>
			<gpxtpx:course>144.0</gpxtpx:course>
		</gpxtpx:TrackPointExtension>
	</extensions>
</trkpt>
<trkpt lat="44.1581032" lon="15.0200193">
	<ele>13.36</ele>
	<time>2026-08-10T11:31:44.071Z</time>
	<hdop>3.79</hdop>
	<extensions>
		<gpxtpx:TrackPointExtension>
			<gpxtpx:course>144.0</gpxtpx:course>
		</gpxtpx:TrackPointExtension>
	</extensions>
</trkpt>
<trkpt lat="44.1577649" lon="15.0203591">
	<ele>14.63</ele>
	<time>2026-08-10T11:31:55.070Z</time>
	<hdop>3.79</hdop>
	<extensions>
		<gpxtpx:TrackPointExtension>
			<gpxtpx:course>143.0</gpxtpx:course>
		</gpxtpx:TrackPointExtension>
	</extensions>
</trkpt>
<trkpt lat="44.1574562" lon="15.0206632">
	<ele>16.33</ele>
	<time>2026-08-10T11:32:05.071Z</time>
	<hdop>3.79</hdop>
	<extensions>
		<gpxtpx:TrackPointExtension>
			<gpxtpx:course>146.0</gpxtpx:course>
		</gpxtpx:TrackPointExtension>
	</extensions>
</trkpt>
<trkpt lat="44.1571482" lon="15.0209747">
	<ele>17.39</ele>
	<time>2026-08-10T11:32:15.071Z</time>
	<hdop>3.79</hdop>
	<extensions>
		<gpxtpx:TrackPointExtension>
			<gpxtpx:course>143.0</gpxtpx:course>
		</gpxtpx:TrackPointExtension>
	</extensions>
</trkpt>
<trkpt lat="44.1568401" lon="15.0212991">
	<ele>16.98</ele>
	<time>2026-08-10T11:32:25.071Z</time>
	<hdop>3.79</hdop>
	<extensions>
		<gpxtpx:TrackPointExtension>
			<gpxtpx:course>137.0</gpxtpx:course>
		</gpxtpx:TrackPointExtension>
	</extensions>
</trkpt>
<trkpt lat="44.1565759" lon="15.0217319">
	<ele>16.59</ele>
	<time>2026-08-10T11:32:36.070Z</time>
	<hdop>3.79</hdop>
	<extensions>
		<gpxtpx:TrackPointExtension>
			<gpxtpx:course>127.0</gpxtpx:course>
		</gpxtpx:TrackPointExtension>
	</extensions>
</trkpt>
<trkpt lat="44.1563417" lon="15.0221820">
	<ele>17.85</ele>
	<time>2026-08-10T11:32:47.069Z</time>
	<hdop>3.79</hdop>
	<extensions>
		<gpxtpx:TrackPointExtension>
			<gpxtpx:course>125.0</gpxtpx:course>
		</gpxtpx:TrackPointExtension>
	</extensions>
</trkpt>
<trkpt lat="44.1561289" lon="15.0225914">
	<ele>14.91</ele>
	<time>2026-08-10T11:32:57.070Z</time>
	<hdop>3.79</hdop>
	<extensions>
		<gpxtpx:TrackPointExtension>
			<gpxtpx:course>128.0</gpxtpx:course>
		</gpxtpx:TrackPointExtension>
	</extensions>
</trkpt>
<trkpt lat="44.1558793" lon="15.0229881">
	<ele>13.05</ele>
	<time>2026-08-10T11:33:07.070Z</time>
	<hdop>3.79</hdop>
	<extensions>
		<gpxtpx:TrackPointExtension>
			<gpxtpx:course>132.0</gpxtpx:course>
		</gpxtpx:TrackPointExtension>
	</extensions>
</trkpt>
<trkpt lat="44.1556077" lon="15.0233550">
	<ele>11.81</ele>
	<time>2026-08-10T11:33:17.071Z</time>
	<hdop>3.79</hdop>
	<extensions>
		<gpxtpx:TrackPointExtension>
			<gpxtpx:course>136.0</gpxtpx:course>
		</gpxtpx:TrackPointExtension>
	</extensions>
</trkpt>
<trkpt lat="44.1553088" lon="15.0237364">
	<ele>9.89</ele>
	<time>2026-08-10T11:33:28.069Z</time>
	<hdop>3.79</hdop>
	<extensions>
		<gpxtpx:TrackPointExtension>
			<gpxtpx:course>139.0</gpxtpx:course>
		</gpxtpx:TrackPointExtension>
	</extensions>
</trkpt>
<trkpt lat="44.1550248" lon="15.0240763">
	<ele>9.41</ele>
	<time>2026-08-10T11:33:38.070Z</time>
	<hdop>3.79</hdop>
	<extensions>
		<gpxtpx:TrackPointExtension>
			<gpxtpx:course>141.0</gpxtpx:course>
		</gpxtpx:TrackPointExtension>
	</extensions>
</trkpt>
<trkpt lat="44.1547344" lon="15.0243872">
	<ele>4.47</ele>
	<time>2026-08-10T11:33:48.070Z</time>
	<hdop>3.79</hdop>
	<extensions>
		<gpxtpx:TrackPointExtension>
			<gpxtpx:course>142.0</gpxtpx:course>
		</gpxtpx:TrackPointExtension>
	</extensions>
</trkpt>
<trkpt lat="44.1544401" lon="15.0246817">
	<ele>3.29</ele>
	<time>2026-08-10T11:33:58.070Z</time>
	<hdop>3.79</hdop>
	<extensions>
		<gpxtpx:TrackPointExtension>
			<gpxtpx:course>146.0</gpxtpx:course>
		</gpxtpx:TrackPointExtension>
	</extensions>
</trkpt>
<trkpt lat="44.1541314" lon="15.0249546">
	<ele>3.07</ele>
	<time>2026-08-10T11:34:08.070Z</time>
	<hdop>3.79</hdop>
	<extensions>
		<gpxtpx:TrackPointExtension>
			<gpxtpx:course>147.0</gpxtpx:course>
		</gpxtpx:TrackPointExtension>
	</extensions>
</trkpt>
<trkpt lat="44.1537945" lon="15.0252595">
	<ele>0.04</ele>
	<time>2026-08-10T11:34:19.069Z</time>
	<hdop>3.79</hdop>
	<extensions>
		<gpxtpx:TrackPointExtension>
			<gpxtpx:course>146.0</gpxtpx:course>
		</gpxtpx:TrackPointExtension>
	</extensions>
</trkpt>
<trkpt lat="44.1535002" lon="15.0255721">
	<ele>-2.64</ele>
	<time>2026-08-10T11:34:29.069Z</time>
	<hdop>3.79</hdop>
	<extensions>
		<gpxtpx:TrackPointExtension>
			<gpxtpx:course>140.0</gpxtpx:course>
		</gpxtpx:TrackPointExtension>
	</extensions>
</trkpt>
<trkpt lat="44.1532163" lon="15.0259023">
	<ele>-1.26</ele>
	<time>2026-08-10T11:34:39.071Z</time>
	<hdop>3.79</hdop>
	<extensions>
		<gpxtpx:TrackPointExtension>
			<gpxtpx:course>141.0</gpxtpx:course>
		</gpxtpx:TrackPointExtension>
	</extensions>
</trkpt>
<trkpt lat="44.1529376" lon="15.0262476">
	<ele>-6.82</ele>
	<time>2026-08-10T11:34:49.071Z</time>
	<hdop>3.79</hdop>
	<extensions>
		<gpxtpx:TrackPointExtension>
			<gpxtpx:course>138.0</gpxtpx:course>
		</gpxtpx:TrackPointExtension>
	</extensions>
</trkpt>
<trkpt lat="44.1526310" lon="15.0266102">
	<ele>-6.81</ele>
	<time>2026-08-10T11:35:00.070Z</time>
	<hdop>3.79</hdop>
	<extensions>
		<gpxtpx:TrackPointExtension>
			<gpxtpx:course>139.0</gpxtpx:course>
		</gpxtpx:TrackPointExtension>
	</extensions>
</trkpt>
<trkpt lat="44.1523189" lon="15.0269891">
	<ele>-13.54</ele>
	<time>2026-08-10T11:35:11.070Z</time>
	<hdop>3.79</hdop>
	<extensions>
		<gpxtpx:TrackPointExtension>
			<gpxtpx:course>139.0</gpxtpx:course>
		</gpxtpx:TrackPointExtension>
	</extensions>
</trkpt>
<trkpt lat="44.1520151" lon="15.0273528">
	<ele>-12.90</ele>
	<time>2026-08-10T11:35:22.069Z</time>
	<hdop>3.79</hdop>
	<extensions>
		<gpxtpx:TrackPointExtension>
			<gpxtpx:course>138.0</gpxtpx:course>
		</gpxtpx:TrackPointExtension>
	</extensions>
</trkpt>
<trkpt lat="44.1517335" lon="15.0276862">
	<ele>-11.59</ele>
	<time>2026-08-10T11:35:32.070Z</time>
	<hdop>3.79</hdop>
	<extensions>
		<gpxtpx:TrackPointExtension>
			<gpxtpx:course>138.0</gpxtpx:course>
		</gpxtpx:TrackPointExtension>
	</extensions>
</trkpt>
<trkpt lat="44.1514508" lon="15.0280267">
	<ele>-11.18</ele>
	<time>2026-08-10T11:35:42.070Z</time>
	<hdop>3.79</hdop>
	<extensions>
		<gpxtpx:TrackPointExtension>
			<gpxtpx:course>139.0</gpxtpx:course>
		</gpxtpx:TrackPointExtension>
	</extensions>
</trkpt>
<trkpt lat="44.1511672" lon="15.0283680">
	<ele>-11.87</ele>
	<time>2026-08-10T11:35:52.070Z</time>
	<hdop>3.79</hdop>
	<extensions>
		<gpxtpx:TrackPointExtension>
			<gpxtpx:course>139.0</gpxtpx:course>
		</gpxtpx:TrackPointExtension>
	</extensions>
</trkpt>
<trkpt lat="44.1508561" lon="15.0287490">
	<ele>-13.09</ele>
	<time>2026-08-10T11:36:03.069Z</time>
	<hdop>3.79</hdop>
	<extensions>
		<gpxtpx:TrackPointExtension>
			<gpxtpx:course>139.0</gpxtpx:course>
		</gpxtpx:TrackPointExtension>
	</extensions>
</trkpt>
<trkpt lat="44.1505805" lon="15.0290643">
	<ele>-14.72</ele>
	<time>2026-08-10T11:36:13.069Z</time>
	<hdop>3.79</hdop>
	<extensions>
		<gpxtpx:TrackPointExtension>
			<gpxtpx:course>138.0</gpxtpx:course>
		</gpxtpx:TrackPointExtension>
	</extensions>
</trkpt>
<trkpt lat="44.1502937" lon="15.0293804">
	<ele>-14.84</ele>
	<time>2026-08-10T11:36:23.069Z</time>
	<hdop>3.79</hdop>
	<extensions>
		<gpxtpx:TrackPointExtension>
			<gpxtpx:course>142.0</gpxtpx:course>
		</gpxtpx:TrackPointExtension>
	</extensions>
</trkpt>
<trkpt lat="44.1499963" lon="15.0297043">
	<ele>-15.34</ele>
	<time>2026-08-10T11:36:33.069Z</time>
	<hdop>3.79</hdop>
	<extensions>
		<gpxtpx:TrackPointExtension>
			<gpxtpx:course>142.0</gpxtpx:course>
		</gpxtpx:TrackPointExtension>
	</extensions>
</trkpt>
<trkpt lat="44.1496991" lon="15.0300191">
	<ele>-16.09</ele>
	<time>2026-08-10T11:36:43.070Z</time>
	<hdop>3.79</hdop>
	<extensions>
		<gpxtpx:TrackPointExtension>
			<gpxtpx:course>142.0</gpxtpx:course>
		</gpxtpx:TrackPointExtension>
	</extensions>
</trkpt>
<trkpt lat="44.1493678" lon="15.0303737">
	<ele>-15.21</ele>
	<time>2026-08-10T11:36:54.069Z</time>
	<hdop>3.79</hdop>
	<extensions>
		<gpxtpx:TrackPointExtension>
			<gpxtpx:course>141.0</gpxtpx:course>
		</gpxtpx:TrackPointExtension>
	</extensions>
</trkpt>
<trkpt lat="44.1490677" lon="15.0306985">
	<ele>-14.19</ele>
	<time>2026-08-10T11:37:04.070Z</time>
	<hdop>3.79</hdop>
	<extensions>
		<gpxtpx:TrackPointExtension>
			<gpxtpx:course>142.0</gpxtpx:course>
		</gpxtpx:TrackPointExtension>
	</extensions>
</trkpt>
<trkpt lat="44.1487685" lon="15.0310170">
	<ele>-14.12</ele>
	<time>2026-08-10T11:37:14.070Z</time>
	<hdop>3.79</hdop>
	<extensions>
		<gpxtpx:TrackPointExtension>
			<gpxtpx:course>143.0</gpxtpx:course>
		</gpxtpx:TrackPointExtension>
	</extensions>
</trkpt>
<trkpt lat="44.1484669" lon="15.0313369">
	<ele>-13.09</ele>
	<time>2026-08-10T11:37:24.070Z</time>
	<hdop>3.79</hdop>
	<extensions>
		<gpxtpx:TrackPointExtension>
			<gpxtpx:course>142.0</gpxtpx:course>
		</gpxtpx:TrackPointExtension>
	</extensions>
</trkpt>
<trkpt lat="44.1481645" lon="15.0316613">
	<ele>-18.10</ele>
	<time>2026-08-10T11:37:34.070Z</time>
	<hdop>3.79</hdop>
	<extensions>
		<gpxtpx:TrackPointExtension>
			<gpxtpx:course>142.0</gpxtpx:course>
		</gpxtpx:TrackPointExtension>
	</extensions>
</trkpt>
<trkpt lat="44.1478650" lon="15.0319913">
	<ele>-16.44</ele>
	<time>2026-08-10T11:37:44.070Z</time>
	<hdop>3.79</hdop>
	<extensions>
		<gpxtpx:TrackPointExtension>
			<gpxtpx:course>142.0</gpxtpx:course>
		</gpxtpx:TrackPointExtension>
	</extensions>
</trkpt>
<trkpt lat="44.1475291" lon="15.0323471">
	<ele>-14.28</ele>
	<time>2026-08-10T11:37:55.069Z</time>
	<hdop>3.79</hdop>
	<extensions>
		<gpxtpx:TrackPointExtension>
			<gpxtpx:course>141.0</gpxtpx:course>
		</gpxtpx:TrackPointExtension>
	</extensions>
</trkpt>
<trkpt lat="44.1472273" lon="15.0326725">
	<ele>-6.41</ele>
	<time>2026-08-10T11:38:05.069Z</time>
	<hdop>3.79</hdop>
	<extensions>
		<gpxtpx:TrackPointExtension>
			<gpxtpx:course>142.0</gpxtpx:course>
		</gpxtpx:TrackPointExtension>
	</extensions>
</trkpt>
<trkpt lat="44.1469337" lon="15.0329953">
	<ele>-8.38</ele>
	<time>2026-08-10T11:38:15.070Z</time>
	<hdop>3.79</hdop>
	<extensions>
		<gpxtpx:TrackPointExtension>
			<gpxtpx:course>142.0</gpxtpx:course>
		</gpxtpx:TrackPointExtension>
	</extensions>
</trkpt>
<trkpt lat="44.1466227" lon="15.0333193">
	<ele>-5.34</ele>
	<time>2026-08-10T11:38:25.070Z</time>
	<hdop>3.79</hdop>
	<extensions>
		<gpxtpx:TrackPointExtension>
			<gpxtpx:course>143.0</gpxtpx:course>
		</gpxtpx:TrackPointExtension>
	</extensions>
</trkpt>
<trkpt lat="44.1463194" lon="15.0336431">
	<ele>-3.43</ele>
	<time>2026-08-10T11:38:35.070Z</time>
	<hdop>3.79</hdop>
	<extensions>
		<gpxtpx:TrackPointExtension>
			<gpxtpx:course>142.0</gpxtpx:course>
		</gpxtpx:TrackPointExtension>
	</extensions>
</trkpt>
<trkpt lat="44.1459738" lon="15.0339953">
	<ele>-7.22</ele>
	<time>2026-08-10T11:38:46.070Z</time>
	<hdop>3.79</hdop>
	<extensions>
		<gpxtpx:TrackPointExtension>
			<gpxtpx:course>143.0</gpxtpx:course>
		</gpxtpx:TrackPointExtension>
	</extensions>
</trkpt>
<trkpt lat="44.1456666" lon="15.0343188">
	<ele>-1.27</ele>
	<time>2026-08-10T11:38:56.070Z</time>
	<hdop>3.79</hdop>
	<extensions>
		<gpxtpx:TrackPointExtension>
			<gpxtpx:course>142.0</gpxtpx:course>
		</gpxtpx:TrackPointExtension>
	</extensions>
</trkpt>
<trkpt lat="44.1453240" lon="15.0346702">
	<ele>-2.14</ele>
	<time>2026-08-10T11:39:07.068Z</time>
	<hdop>3.79</hdop>
	<extensions>
		<gpxtpx:TrackPointExtension>
			<gpxtpx:course>143.0</gpxtpx:course>
		</gpxtpx:TrackPointExtension>
	</extensions>
</trkpt>
<trkpt lat="44.1450187" lon="15.0349908">
	<ele>-1.05</ele>
	<time>2026-08-10T11:39:17.070Z</time>
	<hdop>3.79</hdop>
	<extensions>
		<gpxtpx:TrackPointExtension>
			<gpxtpx:course>143.0</gpxtpx:course>
		</gpxtpx:TrackPointExtension>
	</extensions>
</trkpt>
<trkpt lat="44.1447082" lon="15.0353075">
	<ele>3.90</ele>
	<time>2026-08-10T11:39:27.070Z</time>
	<hdop>3.79</hdop>
	<extensions>
		<gpxtpx:TrackPointExtension>
			<gpxtpx:course>143.0</gpxtpx:course>
		</gpxtpx:TrackPointExtension>
	</extensions>
</trkpt>
<trkpt lat="44.1443982" lon="15.0356350">
	<ele>1.02</ele>
	<time>2026-08-10T11:39:37.070Z</time>
	<hdop>3.79</hdop>
	<extensions>
		<gpxtpx:TrackPointExtension>
			<gpxtpx:course>142.0</gpxtpx:course>
		</gpxtpx:TrackPointExtension>
	</extensions>
</trkpt>
<trkpt lat="44.1440633" lon="15.0359945">
	<ele>-0.40</ele>
	<time>2026-08-10T11:39:48.069Z</time>
	<hdop>3.79</hdop>
	<extensions>
		<gpxtpx:TrackPointExtension>
			<gpxtpx:course>143.0</gpxtpx:course>
		</gpxtpx:TrackPointExtension>
	</extensions>
</trkpt>
<trkpt lat="44.1437645" lon="15.0363134">
	<ele>0.43</ele>
	<time>2026-08-10T11:39:58.070Z</time>
	<hdop>3.79</hdop>
	<extensions>
		<gpxtpx:TrackPointExtension>
			<gpxtpx:course>143.0</gpxtpx:course>
		</gpxtpx:TrackPointExtension>
	</extensions>
</trkpt>
<trkpt lat="44.1434395" lon="15.0366714">
	<ele>-0.80</ele>
	<time>2026-08-10T11:40:09.069Z</time>
	<hdop>3.79</hdop>
	<extensions>
		<gpxtpx:TrackPointExtension>
			<gpxtpx:course>142.0</gpxtpx:course>
		</gpxtpx:TrackPointExtension>
	</extensions>
</trkpt>
<trkpt lat="44.1431002" lon="15.0370220">
	<ele>-1.49</ele>
	<time>2026-08-10T11:40:20.069Z</time>
	<hdop>3.79</hdop>
	<extensions>
		<gpxtpx:TrackPointExtension>
			<gpxtpx:course>142.0</gpxtpx:course>
		</gpxtpx:TrackPointExtension>
	</extensions>
</trkpt>
<trkpt lat="44.1427700" lon="15.0373822">
	<ele>2.10</ele>
	<time>2026-08-10T11:40:31.069Z</time>
	<hdop>3.79</hdop>
	<extensions>
		<gpxtpx:TrackPointExtension>
			<gpxtpx:course>142.0</gpxtpx:course>
		</gpxtpx:TrackPointExtension>
	</extensions>
</trkpt>
<trkpt lat="44.1424416" lon="15.0377425">
	<ele>-0.68</ele>
	<time>2026-08-10T11:40:42.069Z</time>
	<hdop>3.79</hdop>
	<extensions>
		<gpxtpx:TrackPointExtension>
			<gpxtpx:course>141.0</gpxtpx:course>
		</gpxtpx:TrackPointExtension>
	</extensions>
</trkpt>
<trkpt lat="44.1421365" lon="15.0380834">
	<ele>-2.77</ele>
	<time>2026-08-10T11:40:52.069Z</time>
	<hdop>3.79</hdop>
	<extensions>
		<gpxtpx:TrackPointExtension>
			<gpxtpx:course>141.0</gpxtpx:course>
		</gpxtpx:TrackPointExtension>
	</extensions>
</trkpt>
<trkpt lat="44.1418275" lon="15.0384105">
	<ele>-3.11</ele>
	<time>2026-08-10T11:41:02.069Z</time>
	<hdop>3.79</hdop>
	<extensions>
		<gpxtpx:TrackPointExtension>
			<gpxtpx:course>141.0</gpxtpx:course>
		</gpxtpx:TrackPointExtension>
	</extensions>
</trkpt>
<trkpt lat="44.1414965" lon="15.0387865">
	<ele>-3.12</ele>
	<time>2026-08-10T11:41:13.068Z</time>
	<hdop>3.79</hdop>
	<extensions>
		<gpxtpx:TrackPointExtension>
			<gpxtpx:course>141.0</gpxtpx:course>
		</gpxtpx:TrackPointExtension>
	</extensions>
</trkpt>
<trkpt lat="44.1411937" lon="15.0391281">
	<ele>-1.55</ele>
	<time>2026-08-10T11:41:23.069Z</time>
	<hdop>3.79</hdop>
	<extensions>
		<gpxtpx:TrackPointExtension>
			<gpxtpx:course>141.0</gpxtpx:course>
		</gpxtpx:TrackPointExtension>
	</extensions>
</trkpt>
<trkpt lat="44.1408856" lon="15.0394692">
	<ele>-2.19</ele>
	<time>2026-08-10T11:41:33.069Z</time>
	<hdop>3.79</hdop>
	<extensions>
		<gpxtpx:TrackPointExtension>
			<gpxtpx:course>141.0</gpxtpx:course>
		</gpxtpx:TrackPointExtension>
	</extensions>
</trkpt>
<trkpt lat="44.1405609" lon="15.0398387">
	<ele>-1.03</ele>
	<time>2026-08-10T11:41:44.069Z</time>
	<hdop>3.79</hdop>
	<extensions>
		<gpxtpx:TrackPointExtension>
			<gpxtpx:course>142.0</gpxtpx:course>
		</gpxtpx:TrackPointExtension>
	</extensions>
</trkpt>
<trkpt lat="44.1402596" lon="15.0401719">
	<ele>0.25</ele>
	<time>2026-08-10T11:41:54.069Z</time>
	<hdop>3.79</hdop>
	<extensions>
		<gpxtpx:TrackPointExtension>
			<gpxtpx:course>141.0</gpxtpx:course>
		</gpxtpx:TrackPointExtension>
	</extensions>
</trkpt>
<trkpt lat="44.1399222" lon="15.0405436">
	<ele>-0.30</ele>
	<time>2026-08-10T11:42:05.068Z</time>
	<hdop>3.79</hdop>
	<extensions>
		<gpxtpx:TrackPointExtension>
			<gpxtpx:course>141.0</gpxtpx:course>
		</gpxtpx:TrackPointExtension>
	</extensions>
</trkpt>
<trkpt lat="44.1396251" lon="15.0408860">
	<ele>-0.69</ele>
	<time>2026-08-10T11:42:15.069Z</time>
	<hdop>3.79</hdop>
	<extensions>
		<gpxtpx:TrackPointExtension>
			<gpxtpx:course>141.0</gpxtpx:course>
		</gpxtpx:TrackPointExtension>
	</extensions>
</trkpt>
<trkpt lat="44.1393205" lon="15.0412276">
	<ele>0.50</ele>
	<time>2026-08-10T11:42:25.069Z</time>
	<hdop>3.79</hdop>
	<extensions>
		<gpxtpx:TrackPointExtension>
			<gpxtpx:course>141.0</gpxtpx:course>
		</gpxtpx:TrackPointExtension>
	</extensions>
</trkpt>
<trkpt lat="44.1389999" lon="15.0415682">
	<ele>-0.18</ele>
	<time>2026-08-10T11:42:35.069Z</time>
	<hdop>3.79</hdop>
	<extensions>
		<gpxtpx:TrackPointExtension>
			<gpxtpx:course>142.0</gpxtpx:course>
		</gpxtpx:TrackPointExtension>
	</extensions>
</trkpt>
<trkpt lat="44.1386605" lon="15.0419345">
	<ele>-1.67</ele>
	<time>2026-08-10T11:42:46.069Z</time>
	<hdop>3.79</hdop>
	<extensions>
		<gpxtpx:TrackPointExtension>
			<gpxtpx:course>142.0</gpxtpx:course>
		</gpxtpx:TrackPointExtension>
	</extensions>
</trkpt>
<trkpt lat="44.1383168" lon="15.0423068">
	<ele>-0.96</ele>
	<time>2026-08-10T11:42:57.067Z</time>
	<hdop>3.79</hdop>
	<extensions>
		<gpxtpx:TrackPointExtension>
			<gpxtpx:course>142.0</gpxtpx:course>
		</gpxtpx:TrackPointExtension>
	</extensions>
</trkpt>
<trkpt lat="44.1380072" lon="15.0426377">
	<ele>-2.09</ele>
	<time>2026-08-10T11:43:07.069Z</time>
	<hdop>3.79</hdop>
	<extensions>
		<gpxtpx:TrackPointExtension>
			<gpxtpx:course>143.0</gpxtpx:course>
		</gpxtpx:TrackPointExtension>
	</extensions>
</trkpt>
<trkpt lat="44.1376616" lon="15.0429988">
	<ele>-2.21</ele>
	<time>2026-08-10T11:43:18.068Z</time>
	<hdop>3.79</hdop>
	<extensions>
		<gpxtpx:TrackPointExtension>
			<gpxtpx:course>142.0</gpxtpx:course>
		</gpxtpx:TrackPointExtension>
	</extensions>
</trkpt>
<trkpt lat="44.1373474" lon="15.0433237">
	<ele>-1.43</ele>
	<time>2026-08-10T11:43:28.069Z</time>
	<hdop>3.79</hdop>
	<extensions>
		<gpxtpx:TrackPointExtension>
			<gpxtpx:course>141.0</gpxtpx:course>
		</gpxtpx:TrackPointExtension>
	</extensions>
</trkpt>
<trkpt lat="44.1370063" lon="15.0436867">
	<ele>-1.44</ele>
	<time>2026-08-10T11:43:39.068Z</time>
	<hdop>3.79</hdop>
	<extensions>
		<gpxtpx:TrackPointExtension>
			<gpxtpx:course>143.0</gpxtpx:course>
		</gpxtpx:TrackPointExtension>
	</extensions>
</trkpt>
<trkpt lat="44.1366934" lon="15.0440135">
	<ele>-1.38</ele>
	<time>2026-08-10T11:43:49.069Z</time>
	<hdop>3.79</hdop>
	<extensions>
		<gpxtpx:TrackPointExtension>
			<gpxtpx:course>142.0</gpxtpx:course>
		</gpxtpx:TrackPointExtension>
	</extensions>
</trkpt>
<trkpt lat="44.1363517" lon="15.0443754">
	<ele>-7.78</ele>
	<time>2026-08-10T11:44:00.069Z</time>
	<hdop>3.79</hdop>
	<extensions>
		<gpxtpx:TrackPointExtension>
			<gpxtpx:course>142.0</gpxtpx:course>
		</gpxtpx:TrackPointExtension>
	</extensions>
</trkpt>
<trkpt lat="44.1360113" lon="15.0447411">
	<ele>-19.78</ele>
	<time>2026-08-10T11:44:11.069Z</time>
	<hdop>3.79</hdop>
	<extensions>
		<gpxtpx:TrackPointExtension>
			<gpxtpx:course>141.0</gpxtpx:course>
		</gpxtpx:TrackPointExtension>
	</extensions>
</trkpt>
<trkpt lat="44.1357048" lon="15.0450720">
	<ele>-16.58</ele>
	<time>2026-08-10T11:44:21.069Z</time>
	<hdop>3.79</hdop>
	<extensions>
		<gpxtpx:TrackPointExtension>
			<gpxtpx:course>143.0</gpxtpx:course>
		</gpxtpx:TrackPointExtension>
	</extensions>
</trkpt>
<trkpt lat="44.1354014" lon="15.0454099">
	<ele>-11.95</ele>
	<time>2026-08-10T11:44:31.069Z</time>
	<hdop>3.79</hdop>
	<extensions>
		<gpxtpx:TrackPointExtension>
			<gpxtpx:course>141.0</gpxtpx:course>
		</gpxtpx:TrackPointExtension>
	</extensions>
</trkpt>
<trkpt lat="44.1350684" lon="15.0457743">
	<ele>-9.31</ele>
	<time>2026-08-10T11:44:42.068Z</time>
	<hdop>3.79</hdop>
	<extensions>
		<gpxtpx:TrackPointExtension>
			<gpxtpx:course>141.0</gpxtpx:course>
		</gpxtpx:TrackPointExtension>
	</extensions>
</trkpt>
<trkpt lat="44.1347223" lon="15.0461441">
	<ele>-5.05</ele>
	<time>2026-08-10T11:44:53.069Z</time>
	<hdop>3.79</hdop>
	<extensions>
		<gpxtpx:TrackPointExtension>
			<gpxtpx:course>142.0</gpxtpx:course>
		</gpxtpx:TrackPointExtension>
	</extensions>
</trkpt>
<trkpt lat="44.1344044" lon="15.0464812">
	<ele>-5.01</ele>
	<time>2026-08-10T11:45:03.069Z</time>
	<hdop>3.79</hdop>
	<extensions>
		<gpxtpx:TrackPointExtension>
			<gpxtpx:course>142.0</gpxtpx:course>
		</gpxtpx:TrackPointExtension>
	</extensions>
</trkpt>
<trkpt lat="44.1340559" lon="15.0468468">
	<ele>-5.95</ele>
	<time>2026-08-10T11:45:14.068Z</time>
	<hdop>3.79</hdop>
	<extensions>
		<gpxtpx:TrackPointExtension>
			<gpxtpx:course>143.0</gpxtpx:course>
		</gpxtpx:TrackPointExtension>
	</extensions>
</trkpt>
<trkpt lat="44.1337417" lon="15.0471747">
	<ele>-6.98</ele>
	<time>2026-08-10T11:45:24.068Z</time>
	<hdop>3.79</hdop>
	<extensions>
		<gpxtpx:TrackPointExtension>
			<gpxtpx:course>142.0</gpxtpx:course>
		</gpxtpx:TrackPointExtension>
	</extensions>
</trkpt>
<trkpt lat="44.1333944" lon="15.0475404">
	<ele>-9.81</ele>
	<time>2026-08-10T11:45:35.067Z</time>
	<hdop>3.79</hdop>
	<extensions>
		<gpxtpx:TrackPointExtension>
			<gpxtpx:course>143.0</gpxtpx:course>
		</gpxtpx:TrackPointExtension>
	</extensions>
</trkpt>
<trkpt lat="44.1330846" lon="15.0478694">
	<ele>-10.18</ele>
	<time>2026-08-10T11:45:45.067Z</time>
	<hdop>3.79</hdop>
	<extensions>
		<gpxtpx:TrackPointExtension>
			<gpxtpx:course>142.0</gpxtpx:course>
		</gpxtpx:TrackPointExtension>
	</extensions>
</trkpt>
<trkpt lat="44.1327753" lon="15.0481979">
	<ele>-7.76</ele>
	<time>2026-08-10T11:45:55.069Z</time>
	<hdop>3.79</hdop>
	<extensions>
		<gpxtpx:TrackPointExtension>
			<gpxtpx:course>143.0</gpxtpx:course>
		</gpxtpx:TrackPointExtension>
	</extensions>
</trkpt>
<trkpt lat="44.1324330" lon="15.0485656">
	<ele>-9.25</ele>
	<time>2026-08-10T11:46:06.067Z</time>
	<hdop>3.79</hdop>
	<extensions>
		<gpxtpx:TrackPointExtension>
			<gpxtpx:course>142.0</gpxtpx:course>
		</gpxtpx:TrackPointExtension>
	</extensions>
</trkpt>
<trkpt lat="44.1321155" lon="15.0488849">
	<ele>-6.59</ele>
	<time>2026-08-10T11:46:16.068Z</time>
	<hdop>3.79</hdop>
	<extensions>
		<gpxtpx:TrackPointExtension>
			<gpxtpx:course>144.0</gpxtpx:course>
		</gpxtpx:TrackPointExtension>
	</extensions>
</trkpt>
<trkpt lat="44.1317982" lon="15.0492125">
	<ele>-7.46</ele>
	<time>2026-08-10T11:46:26.068Z</time>
	<hdop>3.79</hdop>
	<extensions>
		<gpxtpx:TrackPointExtension>
			<gpxtpx:course>143.0</gpxtpx:course>
		</gpxtpx:TrackPointExtension>
	</extensions>
</trkpt>
<trkpt lat="44.1314850" lon="15.0495461">
	<ele>-6.66</ele>
	<time>2026-08-10T11:46:36.068Z</time>
	<hdop>3.79</hdop>
	<extensions>
		<gpxtpx:TrackPointExtension>
			<gpxtpx:course>142.0</gpxtpx:course>
		</gpxtpx:TrackPointExtension>
	</extensions>
</trkpt>
<trkpt lat="44.1311707" lon="15.0498757">
	<ele>-6.67</ele>
	<time>2026-08-10T11:46:46.069Z</time>
	<hdop>3.79</hdop>
	<extensions>
		<gpxtpx:TrackPointExtension>
			<gpxtpx:course>143.0</gpxtpx:course>
		</gpxtpx:TrackPointExtension>
	</extensions>
</trkpt>
<trkpt lat="44.1308269" lon="15.0502302">
	<ele>-7.12</ele>
	<time>2026-08-10T11:46:57.068Z</time>
	<hdop>3.79</hdop>
	<extensions>
		<gpxtpx:TrackPointExtension>
			<gpxtpx:course>142.0</gpxtpx:course>
		</gpxtpx:TrackPointExtension>
	</extensions>
</trkpt>
<trkpt lat="44.1304846" lon="15.0505851">
	<ele>-7.74</ele>
	<time>2026-08-10T11:47:08.068Z</time>
	<hdop>3.79</hdop>
	<extensions>
		<gpxtpx:TrackPointExtension>
			<gpxtpx:course>143.0</gpxtpx:course>
		</gpxtpx:TrackPointExtension>
	</extensions>
</trkpt>
<trkpt lat="44.1301727" lon="15.0509148">
	<ele>-4.54</ele>
	<time>2026-08-10T11:47:18.068Z</time>
	<hdop>3.79</hdop>
	<extensions>
		<gpxtpx:TrackPointExtension>
			<gpxtpx:course>142.0</gpxtpx:course>
		</gpxtpx:TrackPointExtension>
	</extensions>
</trkpt>
<trkpt lat="44.1298328" lon="15.0512660">
	<ele>-5.04</ele>
	<time>2026-08-10T11:47:29.067Z</time>
	<hdop>3.79</hdop>
	<extensions>
		<gpxtpx:TrackPointExtension>
			<gpxtpx:course>144.0</gpxtpx:course>
		</gpxtpx:TrackPointExtension>
	</extensions>
</trkpt>
<trkpt lat="44.1295214" lon="15.0515829">
	<ele>-5.48</ele>
	<time>2026-08-10T11:47:39.067Z</time>
	<hdop>3.79</hdop>
	<extensions>
		<gpxtpx:TrackPointExtension>
			<gpxtpx:course>140.0</gpxtpx:course>
		</gpxtpx:TrackPointExtension>
	</extensions>
</trkpt>
<trkpt lat="44.1292269" lon="15.0519063">
	<ele>-4.15</ele>
	<time>2026-08-10T11:47:49.067Z</time>
	<hdop>3.79</hdop>
	<extensions>
		<gpxtpx:TrackPointExtension>
			<gpxtpx:course>142.0</gpxtpx:course>
		</gpxtpx:TrackPointExtension>
	</extensions>
</trkpt>
<trkpt lat="44.1289210" lon="15.0522253">
	<ele>-4.33</ele>
	<time>2026-08-10T11:47:59.069Z</time>
	<hdop>3.79</hdop>
	<extensions>
		<gpxtpx:TrackPointExtension>
			<gpxtpx:course>141.0</gpxtpx:course>
		</gpxtpx:TrackPointExtension>
	</extensions>
</trkpt>
<trkpt lat="44.1286004" lon="15.0525735">
	<ele>-3.53</ele>
	<time>2026-08-10T11:48:10.067Z</time>
	<hdop>3.79</hdop>
	<extensions>
		<gpxtpx:TrackPointExtension>
			<gpxtpx:course>142.0</gpxtpx:course>
		</gpxtpx:TrackPointExtension>
	</extensions>
</trkpt>
<trkpt lat="44.1283065" lon="15.0528897">
	<ele>-3.19</ele>
	<time>2026-08-10T11:48:20.067Z</time>
	<hdop>3.79</hdop>
	<extensions>
		<gpxtpx:TrackPointExtension>
			<gpxtpx:course>142.0</gpxtpx:course>
		</gpxtpx:TrackPointExtension>
	</extensions>
</trkpt>
<trkpt lat="44.1280123" lon="15.0532051">
	<ele>-4.05</ele>
	<time>2026-08-10T11:48:30.068Z</time>
	<hdop>3.79</hdop>
	<extensions>
		<gpxtpx:TrackPointExtension>
			<gpxtpx:course>141.0</gpxtpx:course>
		</gpxtpx:TrackPointExtension>
	</extensions>
</trkpt>
<trkpt lat="44.1277176" lon="15.0535095">
	<ele>-4.96</ele>
	<time>2026-08-10T11:48:40.068Z</time>
	<hdop>3.79</hdop>
	<extensions>
		<gpxtpx:TrackPointExtension>
			<gpxtpx:course>142.0</gpxtpx:course>
		</gpxtpx:TrackPointExtension>
	</extensions>
</trkpt>
<trkpt lat="44.1274010" lon="15.0538506">
	<ele>-4.35</ele>
	<time>2026-08-10T11:48:51.067Z</time>
	<hdop>3.79</hdop>
	<extensions>
		<gpxtpx:TrackPointExtension>
			<gpxtpx:course>143.0</gpxtpx:course>
		</gpxtpx:TrackPointExtension>
	</extensions>
</trkpt>
<trkpt lat="44.1271049" lon="15.0541531">
	<ele>-6.16</ele>
	<time>2026-08-10T11:49:01.067Z</time>
	<hdop>3.79</hdop>
	<extensions>
		<gpxtpx:TrackPointExtension>
			<gpxtpx:course>145.0</gpxtpx:course>
		</gpxtpx:TrackPointExtension>
	</extensions>
</trkpt>
<trkpt lat="44.1268065" lon="15.0544423">
	<ele>-6.55</ele>
	<time>2026-08-10T11:49:11.067Z</time>
	<hdop>3.79</hdop>
	<extensions>
		<gpxtpx:TrackPointExtension>
			<gpxtpx:course>143.0</gpxtpx:course>
		</gpxtpx:TrackPointExtension>
	</extensions>
</trkpt>
<trkpt lat="44.1265141" lon="15.0547400">
	<ele>-9.04</ele>
	<time>2026-08-10T11:49:21.067Z</time>
	<hdop>3.79</hdop>
	<extensions>
		<gpxtpx:TrackPointExtension>
			<gpxtpx:course>145.0</gpxtpx:course>
		</gpxtpx:TrackPointExtension>
	</extensions>
</trkpt>
<trkpt lat="44.1262176" lon="15.0550407">
	<ele>-9.55</ele>
	<time>2026-08-10T11:49:31.068Z</time>
	<hdop>3.79</hdop>
	<extensions>
		<gpxtpx:TrackPointExtension>
			<gpxtpx:course>143.0</gpxtpx:course>
		</gpxtpx:TrackPointExtension>
	</extensions>
</trkpt>
<trkpt lat="44.1258916" lon="15.0553684">
	<ele>-7.05</ele>
	<time>2026-08-10T11:49:42.067Z</time>
	<hdop>3.79</hdop>
	<extensions>
		<gpxtpx:TrackPointExtension>
			<gpxtpx:course>143.0</gpxtpx:course>
		</gpxtpx:TrackPointExtension>
	</extensions>
</trkpt>
<trkpt lat="44.1255966" lon="15.0556571">
	<ele>-5.47</ele>
	<time>2026-08-10T11:49:52.068Z</time>
	<hdop>3.79</hdop>
	<extensions>
		<gpxtpx:TrackPointExtension>
			<gpxtpx:course>146.0</gpxtpx:course>
		</gpxtpx:TrackPointExtension>
	</extensions>
</trkpt>
<trkpt lat="44.1252650" lon="15.0559810">
	<ele>-3.65</ele>
	<time>2026-08-10T11:50:03.067Z</time>
	<hdop>3.79</hdop>
	<extensions>
		<gpxtpx:TrackPointExtension>
			<gpxtpx:course>144.0</gpxtpx:course>
		</gpxtpx:TrackPointExtension>
	</extensions>
</trkpt>
<trkpt lat="44.1249362" lon="15.0562998">
	<ele>-3.67</ele>
	<time>2026-08-10T11:50:14.068Z</time>
	<hdop>3.79</hdop>
	<extensions>
		<gpxtpx:TrackPointExtension>
			<gpxtpx:course>146.0</gpxtpx:course>
		</gpxtpx:TrackPointExtension>
	</extensions>
</trkpt>
<trkpt lat="44.1245935" lon="15.0566252">
	<ele>-4.29</ele>
	<time>2026-08-10T11:50:25.068Z</time>
	<hdop>3.79</hdop>
	<extensions>
		<gpxtpx:TrackPointExtension>
			<gpxtpx:course>146.0</gpxtpx:course>
		</gpxtpx:TrackPointExtension>
	</extensions>
</trkpt>
<trkpt lat="44.1242942" lon="15.0569164">
	<ele>-4.74</ele>
	<time>2026-08-10T11:50:35.068Z</time>
	<hdop>3.79</hdop>
	<extensions>
		<gpxtpx:TrackPointExtension>
			<gpxtpx:course>147.0</gpxtpx:course>
		</gpxtpx:TrackPointExtension>
	</extensions>
</trkpt>
<trkpt lat="44.1239922" lon="15.0572090">
	<ele>-5.42</ele>
	<time>2026-08-10T11:50:45.068Z</time>
	<hdop>3.79</hdop>
	<extensions>
		<gpxtpx:TrackPointExtension>
			<gpxtpx:course>144.0</gpxtpx:course>
		</gpxtpx:TrackPointExtension>
	</extensions>
</trkpt>
<trkpt lat="44.1236948" lon="15.0575031">
	<ele>-3.28</ele>
	<time>2026-08-10T11:50:55.068Z</time>
	<hdop>3.79</hdop>
	<extensions>
		<gpxtpx:TrackPointExtension>
			<gpxtpx:course>144.0</gpxtpx:course>
		</gpxtpx:TrackPointExtension>
	</extensions>
</trkpt>
<trkpt lat="44.1233915" lon="15.0577783">
	<ele>-3.03</ele>
	<time>2026-08-10T11:51:05.068Z</time>
	<hdop>3.79</hdop>
	<extensions>
		<gpxtpx:TrackPointExtension>
			<gpxtpx:course>145.0</gpxtpx:course>
		</gpxtpx:TrackPointExtension>
	</extensions>
</trkpt>
<trkpt lat="44.1230961" lon="15.0580612">
	<ele>-4.15</ele>
	<time>2026-08-10T11:51:15.068Z</time>
	<hdop>3.79</hdop>
	<extensions>
		<gpxtpx:TrackPointExtension>
			<gpxtpx:course>144.0</gpxtpx:course>
		</gpxtpx:TrackPointExtension>
	</extensions>
</trkpt>
<trkpt lat="44.1227725" lon="15.0583736">
	<ele>-4.58</ele>
	<time>2026-08-10T11:51:26.067Z</time>
	<hdop>3.79</hdop>
	<extensions>
		<gpxtpx:TrackPointExtension>
			<gpxtpx:course>144.0</gpxtpx:course>
		</gpxtpx:TrackPointExtension>
	</extensions>
</trkpt>
<trkpt lat="44.1224887" lon="15.0586595">
	<ele>-4.98</ele>
	<time>2026-08-10T11:51:36.068Z</time>
	<hdop>3.79</hdop>
	<extensions>
		<gpxtpx:TrackPointExtension>
			<gpxtpx:course>141.0</gpxtpx:course>
		</gpxtpx:TrackPointExtension>
	</extensions>
</trkpt>
<trkpt lat="44.1222123" lon="15.0589517">
	<ele>-5.14</ele>
	<time>2026-08-10T11:51:46.068Z</time>
	<hdop>3.79</hdop>
	<extensions>
		<gpxtpx:TrackPointExtension>
			<gpxtpx:course>143.0</gpxtpx:course>
		</gpxtpx:TrackPointExtension>
	</extensions>
</trkpt>
<trkpt lat="44.1219390" lon="15.0592437">
	<ele>-4.80</ele>
	<time>2026-08-10T11:51:56.068Z</time>
	<hdop>3.79</hdop>
	<extensions>
		<gpxtpx:TrackPointExtension>
			<gpxtpx:course>143.0</gpxtpx:course>
		</gpxtpx:TrackPointExtension>
	</extensions>
</trkpt>
<trkpt lat="44.1216509" lon="15.0595543">
	<ele>-4.16</ele>
	<time>2026-08-10T11:52:07.066Z</time>
	<hdop>3.79</hdop>
	<extensions>
		<gpxtpx:TrackPointExtension>
			<gpxtpx:course>141.0</gpxtpx:course>
		</gpxtpx:TrackPointExtension>
	</extensions>
</trkpt>
<trkpt lat="44.1213850" lon="15.0598348">
	<ele>-3.25</ele>
	<time>2026-08-10T11:52:17.066Z</time>
	<hdop>3.79</hdop>
	<extensions>
		<gpxtpx:TrackPointExtension>
			<gpxtpx:course>142.0</gpxtpx:course>
		</gpxtpx:TrackPointExtension>
	</extensions>
</trkpt>
<trkpt lat="44.1211173" lon="15.0601158">
	<ele>-0.95</ele>
	<time>2026-08-10T11:52:27.066Z</time>
	<hdop>3.79</hdop>
	<extensions>
		<gpxtpx:TrackPointExtension>
			<gpxtpx:course>142.0</gpxtpx:course>
		</gpxtpx:TrackPointExtension>
	</extensions>
</trkpt>
<trkpt lat="44.1208443" lon="15.0603948">
	<ele>1.71</ele>
	<time>2026-08-10T11:52:37.067Z</time>
	<hdop>3.79</hdop>
	<extensions>
		<gpxtpx:TrackPointExtension>
			<gpxtpx:course>144.0</gpxtpx:course>
		</gpxtpx:TrackPointExtension>
	</extensions>
</trkpt>
<trkpt lat="44.1205795" lon="15.0606768">
	<ele>4.48</ele>
	<time>2026-08-10T11:52:47.067Z</time>
	<hdop>3.79</hdop>
	<extensions>
		<gpxtpx:TrackPointExtension>
			<gpxtpx:course>143.0</gpxtpx:course>
		</gpxtpx:TrackPointExtension>
	</extensions>
</trkpt>
<trkpt lat="44.1203128" lon="15.0609682">
	<ele>7.66</ele>
	<time>2026-08-10T11:52:57.068Z</time>
	<hdop>3.79</hdop>
	<extensions>
		<gpxtpx:TrackPointExtension>
			<gpxtpx:course>141.0</gpxtpx:course>
		</gpxtpx:TrackPointExtension>
	</extensions>
</trkpt>
<trkpt lat="44.1200419" lon="15.0612483">
	<ele>10.22</ele>
	<time>2026-08-10T11:53:07.068Z</time>
	<hdop>3.79</hdop>
	<extensions>
		<gpxtpx:TrackPointExtension>
			<gpxtpx:course>143.0</gpxtpx:course>
		</gpxtpx:TrackPointExtension>
	</extensions>
</trkpt>
<trkpt lat="44.1197822" lon="15.0615316">
	<ele>12.10</ele>
	<time>2026-08-10T11:53:17.068Z</time>
	<hdop>3.79</hdop>
	<extensions>
		<gpxtpx:TrackPointExtension>
			<gpxtpx:course>141.0</gpxtpx:course>
		</gpxtpx:TrackPointExtension>
	</extensions>
</trkpt>
<trkpt lat="44.1194841" lon="15.0618389">
	<ele>12.41</ele>
	<time>2026-08-10T11:53:28.066Z</time>
	<hdop>3.79</hdop>
	<extensions>
		<gpxtpx:TrackPointExtension>
			<gpxtpx:course>142.0</gpxtpx:course>
		</gpxtpx:TrackPointExtension>
	</extensions>
</trkpt>
<trkpt lat="44.1192218" lon="15.0621263">
	<ele>12.24</ele>
	<time>2026-08-10T11:53:38.066Z</time>
	<hdop>3.79</hdop>
	<extensions>
		<gpxtpx:TrackPointExtension>
			<gpxtpx:course>140.0</gpxtpx:course>
		</gpxtpx:TrackPointExtension>
	</extensions>
</trkpt>
<trkpt lat="44.1189626" lon="15.0624179">
	<ele>12.56</ele>
	<time>2026-08-10T11:53:48.067Z</time>
	<hdop>3.79</hdop>
	<extensions>
		<gpxtpx:TrackPointExtension>
			<gpxtpx:course>141.0</gpxtpx:course>
		</gpxtpx:TrackPointExtension>
	</extensions>
</trkpt>
<trkpt lat="44.1186963" lon="15.0627085">
	<ele>12.35</ele>
	<time>2026-08-10T11:53:58.067Z</time>
	<hdop>3.79</hdop>
	<extensions>
		<gpxtpx:TrackPointExtension>
			<gpxtpx:course>142.0</gpxtpx:course>
		</gpxtpx:TrackPointExtension>
	</extensions>
</trkpt>
<trkpt lat="44.1184282" lon="15.0630045">
	<ele>12.67</ele>
	<time>2026-08-10T11:54:08.067Z</time>
	<hdop>3.79</hdop>
	<extensions>
		<gpxtpx:TrackPointExtension>
			<gpxtpx:course>141.0</gpxtpx:course>
		</gpxtpx:TrackPointExtension>
	</extensions>
</trkpt>
<trkpt lat="44.1181468" lon="15.0633236">
	<ele>13.81</ele>
	<time>2026-08-10T11:54:19.067Z</time>
	<hdop>3.79</hdop>
	<extensions>
		<gpxtpx:TrackPointExtension>
			<gpxtpx:course>142.0</gpxtpx:course>
		</gpxtpx:TrackPointExtension>
	</extensions>
</trkpt>
<trkpt lat="44.1178534" lon="15.0636390">
	<ele>13.76</ele>
	<time>2026-08-10T11:54:30.068Z</time>
	<hdop>3.79</hdop>
	<extensions>
		<gpxtpx:TrackPointExtension>
			<gpxtpx:course>143.0</gpxtpx:course>
		</gpxtpx:TrackPointExtension>
	</extensions>
</trkpt>
<trkpt lat="44.1175508" lon="15.0639525">
	<ele>12.20</ele>
	<time>2026-08-10T11:54:41.067Z</time>
	<hdop>3.79</hdop>
	<extensions>
		<gpxtpx:TrackPointExtension>
			<gpxtpx:course>142.0</gpxtpx:course>
		</gpxtpx:TrackPointExtension>
	</extensions>
</trkpt>
<trkpt lat="44.1172703" lon="15.0642531">
	<ele>11.76</ele>
	<time>2026-08-10T11:54:51.067Z</time>
	<hdop>3.79</hdop>
	<extensions>
		<gpxtpx:TrackPointExtension>
			<gpxtpx:course>142.0</gpxtpx:course>
		</gpxtpx:TrackPointExtension>
	</extensions>
</trkpt>
<trkpt lat="44.1169676" lon="15.0645697">
	<ele>15.88</ele>
	<time>2026-08-10T11:55:02.067Z</time>
	<hdop>3.79</hdop>
	<extensions>
		<gpxtpx:TrackPointExtension>
			<gpxtpx:course>143.0</gpxtpx:course>
		</gpxtpx:TrackPointExtension>
	</extensions>
</trkpt>
<trkpt lat="44.1166905" lon="15.0648763">
	<ele>18.13</ele>
	<time>2026-08-10T11:55:12.067Z</time>
	<hdop>3.79</hdop>
	<extensions>
		<gpxtpx:TrackPointExtension>
			<gpxtpx:course>142.0</gpxtpx:course>
		</gpxtpx:TrackPointExtension>
	</extensions>
</trkpt>
<trkpt lat="44.1163831" lon="15.0651976">
	<ele>19.17</ele>
	<time>2026-08-10T11:55:23.067Z</time>
	<hdop>3.79</hdop>
	<extensions>
		<gpxtpx:TrackPointExtension>
			<gpxtpx:course>142.0</gpxtpx:course>
		</gpxtpx:TrackPointExtension>
	</extensions>
</trkpt>
<trkpt lat="44.1160773" lon="15.0655259">
	<ele>19.04</ele>
	<time>2026-08-10T11:55:34.067Z</time>
	<hdop>3.79</hdop>
	<extensions>
		<gpxtpx:TrackPointExtension>
			<gpxtpx:course>142.0</gpxtpx:course>
		</gpxtpx:TrackPointExtension>
	</extensions>
</trkpt>
<trkpt lat="44.1157993" lon="15.0658235">
	<ele>18.56</ele>
	<time>2026-08-10T11:55:44.067Z</time>
	<hdop>3.79</hdop>
	<extensions>
		<gpxtpx:TrackPointExtension>
			<gpxtpx:course>142.0</gpxtpx:course>
		</gpxtpx:TrackPointExtension>
	</extensions>
</trkpt>
<trkpt lat="44.1155210" lon="15.0661328">
	<ele>17.23</ele>
	<time>2026-08-10T11:55:54.067Z</time>
	<hdop>3.79</hdop>
	<extensions>
		<gpxtpx:TrackPointExtension>
			<gpxtpx:course>137.0</gpxtpx:course>
		</gpxtpx:TrackPointExtension>
	</extensions>
</trkpt>
<trkpt lat="44.1152389" lon="15.0665148">
	<ele>15.26</ele>
	<time>2026-08-10T11:56:05.067Z</time>
	<hdop>3.79</hdop>
	<extensions>
		<gpxtpx:TrackPointExtension>
			<gpxtpx:course>133.0</gpxtpx:course>
		</gpxtpx:TrackPointExtension>
	</extensions>
</trkpt>
<trkpt lat="44.1150040" lon="15.0668858">
	<ele>14.75</ele>
	<time>2026-08-10T11:56:15.067Z</time>
	<hdop>3.79</hdop>
	<extensions>
		<gpxtpx:TrackPointExtension>
			<gpxtpx:course>135.0</gpxtpx:course>
		</gpxtpx:TrackPointExtension>
	</extensions>
</trkpt>
<trkpt lat="44.1147134" lon="15.0672549">
	<ele>13.69</ele>
	<time>2026-08-10T11:56:26.067Z</time>
	<hdop>3.79</hdop>
	<extensions>
		<gpxtpx:TrackPointExtension>
			<gpxtpx:course>137.0</gpxtpx:course>
		</gpxtpx:TrackPointExtension>
	</extensions>
</trkpt>
<trkpt lat="44.1144177" lon="15.0676267">
	<ele>12.27</ele>
	<time>2026-08-10T11:56:37.067Z</time>
	<hdop>3.79</hdop>
	<extensions>
		<gpxtpx:TrackPointExtension>
			<gpxtpx:course>137.0</gpxtpx:course>
		</gpxtpx:TrackPointExtension>
	</extensions>
</trkpt>
<trkpt lat="44.1141277" lon="15.0680081">
	<ele>11.06</ele>
	<time>2026-08-10T11:56:48.066Z</time>
	<hdop>3.79</hdop>
	<extensions>
		<gpxtpx:TrackPointExtension>
			<gpxtpx:course>136.0</gpxtpx:course>
		</gpxtpx:TrackPointExtension>
	</extensions>
</trkpt>
<trkpt lat="44.1138565" lon="15.0683359">
	<ele>10.39</ele>
	<time>2026-08-10T11:56:58.067Z</time>
	<hdop>3.79</hdop>
	<extensions>
		<gpxtpx:TrackPointExtension>
			<gpxtpx:course>137.0</gpxtpx:course>
		</gpxtpx:TrackPointExtension>
	</extensions>
</trkpt>
<trkpt lat="44.1135697" lon="15.0686961">
	<ele>-0.23</ele>
	<time>2026-08-10T11:57:09.067Z</time>
	<hdop>6.59</hdop>
	<extensions>
		<gpxtpx:TrackPointExtension>
			<gpxtpx:course>136.0</gpxtpx:course>
		</gpxtpx:TrackPointExtension>
	</extensions>
</trkpt>
<trkpt lat="44.1133026" lon="15.0690346">
	<ele>-14.56</ele>
	<time>2026-08-10T11:57:19.067Z</time>
	<hdop>3.79</hdop>
	<extensions>
		<gpxtpx:TrackPointExtension>
			<gpxtpx:course>137.0</gpxtpx:course>
		</gpxtpx:TrackPointExtension>
	</extensions>
</trkpt>
<trkpt lat="44.1130427" lon="15.0693531">
	<ele>-44.39</ele>
	<time>2026-08-10T11:57:29.067Z</time>
	<hdop>3.79</hdop>
	<extensions>
		<gpxtpx:TrackPointExtension>
			<gpxtpx:course>140.0</gpxtpx:course>
		</gpxtpx:TrackPointExtension>
	</extensions>
</trkpt>
<trkpt lat="44.1127511" lon="15.0697178">
	<ele>-45.44</ele>
	<time>2026-08-10T11:57:40.066Z</time>
	<hdop>3.79</hdop>
	<extensions>
		<gpxtpx:TrackPointExtension>
			<gpxtpx:course>136.0</gpxtpx:course>
		</gpxtpx:TrackPointExtension>
	</extensions>
</trkpt>
<trkpt lat="44.1124905" lon="15.0700531">
	<ele>-28.25</ele>
	<time>2026-08-10T11:57:50.066Z</time>
	<hdop>3.79</hdop>
	<extensions>
		<gpxtpx:TrackPointExtension>
			<gpxtpx:course>137.0</gpxtpx:course>
		</gpxtpx:TrackPointExtension>
	</extensions>
</trkpt>
<trkpt lat="44.1122192" lon="15.0703831">
	<ele>-13.30</ele>
	<time>2026-08-10T11:58:00.066Z</time>
	<hdop>3.79</hdop>
	<extensions>
		<gpxtpx:TrackPointExtension>
			<gpxtpx:course>138.0</gpxtpx:course>
		</gpxtpx:TrackPointExtension>
	</extensions>
</trkpt>
<trkpt lat="44.1119545" lon="15.0707157">
	<ele>-3.54</ele>
	<time>2026-08-10T11:58:10.066Z</time>
	<hdop>3.79</hdop>
	<extensions>
		<gpxtpx:TrackPointExtension>
			<gpxtpx:course>138.0</gpxtpx:course>
		</gpxtpx:TrackPointExtension>
	</extensions>
</trkpt>
<trkpt lat="44.1116570" lon="15.0710774">
	<ele>2.57</ele>
	<time>2026-08-10T11:58:21.066Z</time>
	<hdop>3.79</hdop>
	<extensions>
		<gpxtpx:TrackPointExtension>
			<gpxtpx:course>137.0</gpxtpx:course>
		</gpxtpx:TrackPointExtension>
	</extensions>
</trkpt>
<trkpt lat="44.1113961" lon="15.0714146">
	<ele>3.45</ele>
	<time>2026-08-10T11:58:31.066Z</time>
	<hdop>3.79</hdop>
	<extensions>
		<gpxtpx:TrackPointExtension>
			<gpxtpx:course>137.0</gpxtpx:course>
		</gpxtpx:TrackPointExtension>
	</extensions>
</trkpt>
<trkpt lat="44.1111348" lon="15.0717548">
	<ele>1.53</ele>
	<time>2026-08-10T11:58:41.066Z</time>
	<hdop>3.79</hdop>
	<extensions>
		<gpxtpx:TrackPointExtension>
			<gpxtpx:course>137.0</gpxtpx:course>
		</gpxtpx:TrackPointExtension>
	</extensions>
</trkpt>
<trkpt lat="44.1108665" lon="15.0720971">
	<ele>2.89</ele>
	<time>2026-08-10T11:58:51.066Z</time>
	<hdop>3.79</hdop>
	<extensions>
		<gpxtpx:TrackPointExtension>
			<gpxtpx:course>137.0</gpxtpx:course>
		</gpxtpx:TrackPointExtension>
	</extensions>
</trkpt>
<trkpt lat="44.1106023" lon="15.0724392">
	<ele>5.52</ele>
	<time>2026-08-10T11:59:01.067Z</time>
	<hdop>3.79</hdop>
	<extensions>
		<gpxtpx:TrackPointExtension>
			<gpxtpx:course>137.0</gpxtpx:course>
		</gpxtpx:TrackPointExtension>
	</extensions>
</trkpt>
<trkpt lat="44.1103311" lon="15.0727763">
	<ele>6.15</ele>
	<time>2026-08-10T11:59:11.067Z</time>
	<hdop>3.79</hdop>
	<extensions>
		<gpxtpx:TrackPointExtension>
			<gpxtpx:course>139.0</gpxtpx:course>
		</gpxtpx:TrackPointExtension>
	</extensions>
</trkpt>
<trkpt lat="44.1100273" lon="15.0731586">
	<ele>6.68</ele>
	<time>2026-08-10T11:59:22.066Z</time>
	<hdop>3.79</hdop>
	<extensions>
		<gpxtpx:TrackPointExtension>
			<gpxtpx:course>139.0</gpxtpx:course>
		</gpxtpx:TrackPointExtension>
	</extensions>
</trkpt>
<trkpt lat="44.1097582" lon="15.0735054">
	<ele>-28.56</ele>
	<time>2026-08-10T11:59:32.066Z</time>
	<hdop>3.79</hdop>
	<extensions>
		<gpxtpx:TrackPointExtension>
			<gpxtpx:course>136.0</gpxtpx:course>
		</gpxtpx:TrackPointExtension>
	</extensions>
</trkpt>
<trkpt lat="44.1094881" lon="15.0738562">
	<ele>-54.70</ele>
	<time>2026-08-10T11:59:42.067Z</time>
	<hdop>3.79</hdop>
	<extensions>
		<gpxtpx:TrackPointExtension>
			<gpxtpx:course>137.0</gpxtpx:course>
		</gpxtpx:TrackPointExtension>
	</extensions>
</trkpt>
<trkpt lat="44.1091939" lon="15.0742395">
	<ele>-47.23</ele>
	<time>2026-08-10T11:59:53.065Z</time>
	<hdop>3.79</hdop>
	<extensions>
		<gpxtpx:TrackPointExtension>
			<gpxtpx:course>136.0</gpxtpx:course>
		</gpxtpx:TrackPointExtension>
	</extensions>
</trkpt>
<trkpt lat="44.1089240" lon="15.0745758">
	<ele>-57.75</ele>
	<time>2026-08-10T12:00:03.066Z</time>
	<hdop>3.79</hdop>
	<extensions>
		<gpxtpx:TrackPointExtension>
			<gpxtpx:course>138.0</gpxtpx:course>
		</gpxtpx:TrackPointExtension>
	</extensions>
</trkpt>
<trkpt lat="44.1086577" lon="15.0749253">
	<ele>-53.74</ele>
	<time>2026-08-10T12:00:13.066Z</time>
	<hdop>3.79</hdop>
	<extensions>
		<gpxtpx:TrackPointExtension>
			<gpxtpx:course>135.0</gpxtpx:course>
		</gpxtpx:TrackPointExtension>
	</extensions>
</trkpt>
<trkpt lat="44.1083653" lon="15.0753016">
	<ele>-34.36</ele>
	<time>2026-08-10T12:00:24.066Z</time>
	<hdop>3.79</hdop>
	<extensions>
		<gpxtpx:TrackPointExtension>
			<gpxtpx:course>136.0</gpxtpx:course>
		</gpxtpx:TrackPointExtension>
	</extensions>
</trkpt>
<trkpt lat="44.1080840" lon="15.0756773">
	<ele>-22.76</ele>
	<time>2026-08-10T12:00:35.065Z</time>
	<hdop>3.79</hdop>
	<extensions>
		<gpxtpx:TrackPointExtension>
			<gpxtpx:course>137.0</gpxtpx:course>
		</gpxtpx:TrackPointExtension>
	</extensions>
</trkpt>
<trkpt lat="44.1078214" lon="15.0760044">
	<ele>-23.51</ele>
	<time>2026-08-10T12:00:45.065Z</time>
	<hdop>3.79</hdop>
	<extensions>
		<gpxtpx:TrackPointExtension>
			<gpxtpx:course>139.0</gpxtpx:course>
		</gpxtpx:TrackPointExtension>
	</extensions>
</trkpt>
<trkpt lat="44.1075464" lon="15.0763245">
	<ele>-17.42</ele>
	<time>2026-08-10T12:00:55.065Z</time>
	<hdop>3.79</hdop>
	<extensions>
		<gpxtpx:TrackPointExtension>
			<gpxtpx:course>140.0</gpxtpx:course>
		</gpxtpx:TrackPointExtension>
	</extensions>
</trkpt>
<trkpt lat="44.1072737" lon="15.0766453">
	<ele>-9.32</ele>
	<time>2026-08-10T12:01:05.065Z</time>
	<hdop>3.79</hdop>
	<extensions>
		<gpxtpx:TrackPointExtension>
			<gpxtpx:course>139.0</gpxtpx:course>
		</gpxtpx:TrackPointExtension>
	</extensions>
</trkpt>
<trkpt lat="44.1070057" lon="15.0769666">
	<ele>-11.61</ele>
	<time>2026-08-10T12:01:15.065Z</time>
	<hdop>3.79</hdop>
	<extensions>
		<gpxtpx:TrackPointExtension>
			<gpxtpx:course>140.0</gpxtpx:course>
		</gpxtpx:TrackPointExtension>
	</extensions>
</trkpt>
<trkpt lat="44.1067261" lon="15.0772855">
	<ele>-15.88</ele>
	<time>2026-08-10T12:01:25.066Z</time>
	<hdop>3.79</hdop>
	<extensions>
		<gpxtpx:TrackPointExtension>
			<gpxtpx:course>140.0</gpxtpx:course>
		</gpxtpx:TrackPointExtension>
	</extensions>
</trkpt>
<trkpt lat="44.1064181" lon="15.0776473">
	<ele>-12.90</ele>
	<time>2026-08-10T12:01:36.066Z</time>
	<hdop>3.79</hdop>
	<extensions>
		<gpxtpx:TrackPointExtension>
			<gpxtpx:course>140.0</gpxtpx:course>
		</gpxtpx:TrackPointExtension>
	</extensions>
</trkpt>
<trkpt lat="44.1061104" lon="15.0779972">
	<ele>-1.91</ele>
	<time>2026-08-10T12:01:47.065Z</time>
	<hdop>3.79</hdop>
	<extensions>
		<gpxtpx:TrackPointExtension>
			<gpxtpx:course>139.0</gpxtpx:course>
		</gpxtpx:TrackPointExtension>
	</extensions>
</trkpt>
<trkpt lat="44.1058272" lon="15.0783134">
	<ele>7.30</ele>
	<time>2026-08-10T12:01:57.066Z</time>
	<hdop>3.79</hdop>
	<extensions>
		<gpxtpx:TrackPointExtension>
			<gpxtpx:course>141.0</gpxtpx:course>
		</gpxtpx:TrackPointExtension>
	</extensions>
</trkpt>
<trkpt lat="44.1055214" lon="15.0786538">
	<ele>8.21</ele>
	<time>2026-08-10T12:02:08.066Z</time>
	<hdop>3.79</hdop>
	<extensions>
		<gpxtpx:TrackPointExtension>
			<gpxtpx:course>140.0</gpxtpx:course>
		</gpxtpx:TrackPointExtension>
	</extensions>
</trkpt>
<trkpt lat="44.1052508" lon="15.0789639">
	<ele>-2.82</ele>
	<time>2026-08-10T12:02:18.066Z</time>
	<hdop>3.79</hdop>
	<extensions>
		<gpxtpx:TrackPointExtension>
			<gpxtpx:course>141.0</gpxtpx:course>
		</gpxtpx:TrackPointExtension>
	</extensions>
</trkpt>
<trkpt lat="44.1049668" lon="15.0792797">
	<ele>-1.60</ele>
	<time>2026-08-10T12:02:28.066Z</time>
	<hdop>3.79</hdop>
	<extensions>
		<gpxtpx:TrackPointExtension>
			<gpxtpx:course>140.0</gpxtpx:course>
		</gpxtpx:TrackPointExtension>
	</extensions>
</trkpt>
<trkpt lat="44.1046653" lon="15.0796189">
	<ele>9.55</ele>
	<time>2026-08-10T12:02:39.065Z</time>
	<hdop>3.79</hdop>
	<extensions>
		<gpxtpx:TrackPointExtension>
			<gpxtpx:course>142.0</gpxtpx:course>
		</gpxtpx:TrackPointExtension>
	</extensions>
</trkpt>
<trkpt lat="44.1043883" lon="15.0799321">
	<ele>19.01</ele>
	<time>2026-08-10T12:02:49.066Z</time>
	<hdop>3.79</hdop>
	<extensions>
		<gpxtpx:TrackPointExtension>
			<gpxtpx:course>141.0</gpxtpx:course>
		</gpxtpx:TrackPointExtension>
	</extensions>
</trkpt>
<trkpt lat="44.1040786" lon="15.0802725">
	<ele>21.60</ele>
	<time>2026-08-10T12:03:00.065Z</time>
	<hdop>3.79</hdop>
	<extensions>
		<gpxtpx:TrackPointExtension>
			<gpxtpx:course>139.0</gpxtpx:course>
		</gpxtpx:TrackPointExtension>
	</extensions>
</trkpt>
<trkpt lat="44.1037949" lon="15.0805805">
	<ele>24.71</ele>
	<time>2026-08-10T12:03:10.065Z</time>
	<hdop>3.79</hdop>
	<extensions>
		<gpxtpx:TrackPointExtension>
			<gpxtpx:course>142.0</gpxtpx:course>
		</gpxtpx:TrackPointExtension>
	</extensions>
</trkpt>
<trkpt lat="44.1035059" lon="15.0808897">
	<ele>24.93</ele>
	<time>2026-08-10T12:03:20.066Z</time>
	<hdop>3.79</hdop>
	<extensions>
		<gpxtpx:TrackPointExtension>
			<gpxtpx:course>140.0</gpxtpx:course>
		</gpxtpx:TrackPointExtension>
	</extensions>
</trkpt>
<trkpt lat="44.1031905" lon="15.0812319">
	<ele>20.60</ele>
	<time>2026-08-10T12:03:31.066Z</time>
	<hdop>3.79</hdop>
	<extensions>
		<gpxtpx:TrackPointExtension>
			<gpxtpx:course>141.0</gpxtpx:course>
		</gpxtpx:TrackPointExtension>
	</extensions>
</trkpt>
<trkpt lat="44.1028668" lon="15.0815792">
	<ele>21.24</ele>
	<time>2026-08-10T12:03:42.066Z</time>
	<hdop>3.79</hdop>
	<extensions>
		<gpxtpx:TrackPointExtension>
			<gpxtpx:course>141.0</gpxtpx:course>
		</gpxtpx:TrackPointExtension>
	</extensions>
</trkpt>
<trkpt lat="44.1025565" lon="15.0819341">
	<ele>19.82</ele>
	<time>2026-08-10T12:03:53.065Z</time>
	<hdop>3.79</hdop>
	<extensions>
		<gpxtpx:TrackPointExtension>
			<gpxtpx:course>142.0</gpxtpx:course>
		</gpxtpx:TrackPointExtension>
	</extensions>
</trkpt>
<trkpt lat="44.1022763" lon="15.0822633">
	<ele>20.25</ele>
	<time>2026-08-10T12:04:03.065Z</time>
	<hdop>3.79</hdop>
	<extensions>
		<gpxtpx:TrackPointExtension>
			<gpxtpx:course>140.0</gpxtpx:course>
		</gpxtpx:TrackPointExtension>
	</extensions>
</trkpt>
<trkpt lat="44.1019647" lon="15.0826146">
	<ele>19.89</ele>
	<time>2026-08-10T12:04:14.065Z</time>
	<hdop>3.79</hdop>
	<extensions>
		<gpxtpx:TrackPointExtension>
			<gpxtpx:course>140.0</gpxtpx:course>
		</gpxtpx:TrackPointExtension>
	</extensions>
</trkpt>
<trkpt lat="44.1016939" lon="15.0829411">
	<ele>20.47</ele>
	<time>2026-08-10T12:04:24.066Z</time>
	<hdop>3.79</hdop>
	<extensions>
		<gpxtpx:TrackPointExtension>
			<gpxtpx:course>138.0</gpxtpx:course>
		</gpxtpx:TrackPointExtension>
	</extensions>
</trkpt>
<trkpt lat="44.1013901" lon="15.0832946">
	<ele>18.58</ele>
	<time>2026-08-10T12:04:35.066Z</time>
	<hdop>3.79</hdop>
	<extensions>
		<gpxtpx:TrackPointExtension>
			<gpxtpx:course>138.0</gpxtpx:course>
		</gpxtpx:TrackPointExtension>
	</extensions>
</trkpt>
<trkpt lat="44.1010968" lon="15.0836473">
	<ele>20.47</ele>
	<time>2026-08-10T12:04:46.066Z</time>
	<hdop>3.79</hdop>
	<extensions>
		<gpxtpx:TrackPointExtension>
			<gpxtpx:course>142.0</gpxtpx:course>
		</gpxtpx:TrackPointExtension>
	</extensions>
</trkpt>
<trkpt lat="44.1007850" lon="15.0839821">
	<ele>17.61</ele>
	<time>2026-08-10T12:04:57.066Z</time>
	<hdop>3.79</hdop>
	<extensions>
		<gpxtpx:TrackPointExtension>
			<gpxtpx:course>142.0</gpxtpx:course>
		</gpxtpx:TrackPointExtension>
	</extensions>
</trkpt>
<trkpt lat="44.1004764" lon="15.0843124">
	<ele>18.92</ele>
	<time>2026-08-10T12:05:08.064Z</time>
	<hdop>3.79</hdop>
	<extensions>
		<gpxtpx:TrackPointExtension>
			<gpxtpx:course>141.0</gpxtpx:course>
		</gpxtpx:TrackPointExtension>
	</extensions>
</trkpt>
<trkpt lat="44.1001945" lon="15.0846138">
	<ele>17.46</ele>
	<time>2026-08-10T12:05:18.065Z</time>
	<hdop>3.79</hdop>
	<extensions>
		<gpxtpx:TrackPointExtension>
			<gpxtpx:course>141.0</gpxtpx:course>
		</gpxtpx:TrackPointExtension>
	</extensions>
</trkpt>
<trkpt lat="44.0998941" lon="15.0849523">
	<ele>18.18</ele>
	<time>2026-08-10T12:05:29.064Z</time>
	<hdop>3.79</hdop>
	<extensions>
		<gpxtpx:TrackPointExtension>
			<gpxtpx:course>141.0</gpxtpx:course>
		</gpxtpx:TrackPointExtension>
	</extensions>
</trkpt>
<trkpt lat="44.0996157" lon="15.0852662">
	<ele>17.36</ele>
	<time>2026-08-10T12:05:39.064Z</time>
	<hdop>3.79</hdop>
	<extensions>
		<gpxtpx:TrackPointExtension>
			<gpxtpx:course>141.0</gpxtpx:course>
		</gpxtpx:TrackPointExtension>
	</extensions>
</trkpt>
<trkpt lat="44.0993353" lon="15.0855761">
	<ele>17.95</ele>
	<time>2026-08-10T12:05:49.064Z</time>
	<hdop>3.79</hdop>
	<extensions>
		<gpxtpx:TrackPointExtension>
			<gpxtpx:course>140.0</gpxtpx:course>
		</gpxtpx:TrackPointExtension>
	</extensions>
</trkpt>
<trkpt lat="44.0990523" lon="15.0858723">
	<ele>15.44</ele>
	<time>2026-08-10T12:05:59.065Z</time>
	<hdop>3.79</hdop>
	<extensions>
		<gpxtpx:TrackPointExtension>
			<gpxtpx:course>141.0</gpxtpx:course>
		</gpxtpx:TrackPointExtension>
	</extensions>
</trkpt>
<trkpt lat="44.0987705" lon="15.0861723">
	<ele>16.54</ele>
	<time>2026-08-10T12:06:09.065Z</time>
	<hdop>3.79</hdop>
	<extensions>
		<gpxtpx:TrackPointExtension>
			<gpxtpx:course>141.0</gpxtpx:course>
		</gpxtpx:TrackPointExtension>
	</extensions>
</trkpt>
<trkpt lat="44.0984997" lon="15.0864926">
	<ele>15.20</ele>
	<time>2026-08-10T12:06:19.065Z</time>
	<hdop>3.79</hdop>
	<extensions>
		<gpxtpx:TrackPointExtension>
			<gpxtpx:course>140.0</gpxtpx:course>
		</gpxtpx:TrackPointExtension>
	</extensions>
</trkpt>
<trkpt lat="44.0981918" lon="15.0868325">
	<ele>16.45</ele>
	<time>2026-08-10T12:06:30.065Z</time>
	<hdop>3.79</hdop>
	<extensions>
		<gpxtpx:TrackPointExtension>
			<gpxtpx:course>140.0</gpxtpx:course>
		</gpxtpx:TrackPointExtension>
	</extensions>
</trkpt>
<trkpt lat="44.0978952" lon="15.0871706">
	<ele>15.74</ele>
	<time>2026-08-10T12:06:41.065Z</time>
	<hdop>3.79</hdop>
	<extensions>
		<gpxtpx:TrackPointExtension>
			<gpxtpx:course>141.0</gpxtpx:course>
		</gpxtpx:TrackPointExtension>
	</extensions>
</trkpt>
<trkpt lat="44.0975827" lon="15.0875100">
	<ele>14.01</ele>
	<time>2026-08-10T12:06:52.065Z</time>
	<hdop>3.79</hdop>
	<extensions>
		<gpxtpx:TrackPointExtension>
			<gpxtpx:course>142.0</gpxtpx:course>
		</gpxtpx:TrackPointExtension>
	</extensions>
</trkpt>
<trkpt lat="44.0972801" lon="15.0878469">
	<ele>15.31</ele>
	<time>2026-08-10T12:07:03.065Z</time>
	<hdop>3.79</hdop>
	<extensions>
		<gpxtpx:TrackPointExtension>
			<gpxtpx:course>141.0</gpxtpx:course>
		</gpxtpx:TrackPointExtension>
	</extensions>
</trkpt>
<trkpt lat="44.0969781" lon="15.0881768">
	<ele>13.91</ele>
	<time>2026-08-10T12:07:14.065Z</time>
	<hdop>3.79</hdop>
	<extensions>
		<gpxtpx:TrackPointExtension>
			<gpxtpx:course>142.0</gpxtpx:course>
		</gpxtpx:TrackPointExtension>
	</extensions>
</trkpt>
<trkpt lat="44.0966999" lon="15.0884830">
	<ele>13.82</ele>
	<time>2026-08-10T12:07:24.065Z</time>
	<hdop>3.79</hdop>
	<extensions>
		<gpxtpx:TrackPointExtension>
			<gpxtpx:course>142.0</gpxtpx:course>
		</gpxtpx:TrackPointExtension>
	</extensions>
</trkpt>
<trkpt lat="44.0964220" lon="15.0887847">
	<ele>13.49</ele>
	<time>2026-08-10T12:07:34.065Z</time>
	<hdop>3.79</hdop>
	<extensions>
		<gpxtpx:TrackPointExtension>
			<gpxtpx:course>142.0</gpxtpx:course>
		</gpxtpx:TrackPointExtension>
	</extensions>
</trkpt>
<trkpt lat="44.0961182" lon="15.0891262">
	<ele>14.36</ele>
	<time>2026-08-10T12:07:45.065Z</time>
	<hdop>3.79</hdop>
	<extensions>
		<gpxtpx:TrackPointExtension>
			<gpxtpx:course>141.0</gpxtpx:course>
		</gpxtpx:TrackPointExtension>
	</extensions>
</trkpt>
<trkpt lat="44.0958160" lon="15.0894682">
	<ele>12.43</ele>
	<time>2026-08-10T12:07:56.065Z</time>
	<hdop>3.79</hdop>
	<extensions>
		<gpxtpx:TrackPointExtension>
			<gpxtpx:course>139.0</gpxtpx:course>
		</gpxtpx:TrackPointExtension>
	</extensions>
</trkpt>
<trkpt lat="44.0955178" lon="15.0898010">
	<ele>15.62</ele>
	<time>2026-08-10T12:08:07.064Z</time>
	<hdop>3.79</hdop>
	<extensions>
		<gpxtpx:TrackPointExtension>
			<gpxtpx:course>139.0</gpxtpx:course>
		</gpxtpx:TrackPointExtension>
	</extensions>
</trkpt>
<trkpt lat="44.0952468" lon="15.0901107">
	<ele>13.36</ele>
	<time>2026-08-10T12:08:17.065Z</time>
	<hdop>3.79</hdop>
	<extensions>
		<gpxtpx:TrackPointExtension>
			<gpxtpx:course>141.0</gpxtpx:course>
		</gpxtpx:TrackPointExtension>
	</extensions>
</trkpt>
<trkpt lat="44.0949660" lon="15.0904194">
	<ele>12.99</ele>
	<time>2026-08-10T12:08:27.065Z</time>
	<hdop>3.79</hdop>
	<extensions>
		<gpxtpx:TrackPointExtension>
			<gpxtpx:course>141.0</gpxtpx:course>
		</gpxtpx:TrackPointExtension>
	</extensions>
</trkpt>
<trkpt lat="44.0946889" lon="15.0907305">
	<ele>12.97</ele>
	<time>2026-08-10T12:08:37.065Z</time>
	<hdop>3.79</hdop>
	<extensions>
		<gpxtpx:TrackPointExtension>
			<gpxtpx:course>139.0</gpxtpx:course>
		</gpxtpx:TrackPointExtension>
	</extensions>
</trkpt>
<trkpt lat="44.0944170" lon="15.0910514">
	<ele>11.61</ele>
	<time>2026-08-10T12:08:47.065Z</time>
	<hdop>3.79</hdop>
	<extensions>
		<gpxtpx:TrackPointExtension>
			<gpxtpx:course>141.0</gpxtpx:course>
		</gpxtpx:TrackPointExtension>
	</extensions>
</trkpt>
<trkpt lat="44.0941200" lon="15.0914047">
	<ele>13.67</ele>
	<time>2026-08-10T12:08:58.064Z</time>
	<hdop>3.79</hdop>
	<extensions>
		<gpxtpx:TrackPointExtension>
			<gpxtpx:course>139.0</gpxtpx:course>
		</gpxtpx:TrackPointExtension>
	</extensions>
</trkpt>
<trkpt lat="44.0938380" lon="15.0917198">
	<ele>14.44</ele>
	<time>2026-08-10T12:09:08.065Z</time>
	<hdop>3.79</hdop>
	<extensions>
		<gpxtpx:TrackPointExtension>
			<gpxtpx:course>140.0</gpxtpx:course>
		</gpxtpx:TrackPointExtension>
	</extensions>
</trkpt>
<trkpt lat="44.0935322" lon="15.0920613">
	<ele>12.06</ele>
	<time>2026-08-10T12:09:19.065Z</time>
	<hdop>3.79</hdop>
	<extensions>
		<gpxtpx:TrackPointExtension>
			<gpxtpx:course>140.0</gpxtpx:course>
		</gpxtpx:TrackPointExtension>
	</extensions>
</trkpt>
<trkpt lat="44.0932251" lon="15.0924159">
	<ele>14.77</ele>
	<time>2026-08-10T12:09:30.064Z</time>
	<hdop>3.79</hdop>
	<extensions>
		<gpxtpx:TrackPointExtension>
			<gpxtpx:course>139.0</gpxtpx:course>
		</gpxtpx:TrackPointExtension>
	</extensions>
</trkpt>
<trkpt lat="44.0929537" lon="15.0927394">
	<ele>10.31</ele>
	<time>2026-08-10T12:09:40.064Z</time>
	<hdop>3.79</hdop>
	<extensions>
		<gpxtpx:TrackPointExtension>
			<gpxtpx:course>139.0</gpxtpx:course>
		</gpxtpx:TrackPointExtension>
	</extensions>
</trkpt>
<trkpt lat="44.0926686" lon="15.0930470">
	<ele>8.83</ele>
	<time>2026-08-10T12:09:50.064Z</time>
	<hdop>3.79</hdop>
	<extensions>
		<gpxtpx:TrackPointExtension>
			<gpxtpx:course>140.0</gpxtpx:course>
		</gpxtpx:TrackPointExtension>
	</extensions>
</trkpt>
<trkpt lat="44.0923915" lon="15.0933626">
	<ele>7.41</ele>
	<time>2026-08-10T12:10:00.065Z</time>
	<hdop>3.79</hdop>
	<extensions>
		<gpxtpx:TrackPointExtension>
			<gpxtpx:course>140.0</gpxtpx:course>
		</gpxtpx:TrackPointExtension>
	</extensions>
</trkpt>
<trkpt lat="44.0920860" lon="15.0937100">
	<ele>3.80</ele>
	<time>2026-08-10T12:10:11.065Z</time>
	<hdop>3.79</hdop>
	<extensions>
		<gpxtpx:TrackPointExtension>
			<gpxtpx:course>141.0</gpxtpx:course>
		</gpxtpx:TrackPointExtension>
	</extensions>
</trkpt>
<trkpt lat="44.0917743" lon="15.0940624">
	<ele>5.35</ele>
	<time>2026-08-10T12:10:22.065Z</time>
	<hdop>3.79</hdop>
	<extensions>
		<gpxtpx:TrackPointExtension>
			<gpxtpx:course>141.0</gpxtpx:course>
		</gpxtpx:TrackPointExtension>
	</extensions>
</trkpt>
<trkpt lat="44.0914636" lon="15.0944144">
	<ele>5.44</ele>
	<time>2026-08-10T12:10:33.064Z</time>
	<hdop>3.79</hdop>
	<extensions>
		<gpxtpx:TrackPointExtension>
			<gpxtpx:course>140.0</gpxtpx:course>
		</gpxtpx:TrackPointExtension>
	</extensions>
</trkpt>
<trkpt lat="44.0911750" lon="15.0947333">
	<ele>6.04</ele>
	<time>2026-08-10T12:10:43.064Z</time>
	<hdop>3.79</hdop>
	<extensions>
		<gpxtpx:TrackPointExtension>
			<gpxtpx:course>140.0</gpxtpx:course>
		</gpxtpx:TrackPointExtension>
	</extensions>
</trkpt>
<trkpt lat="44.0908900" lon="15.0950480">
	<ele>3.61</ele>
	<time>2026-08-10T12:10:53.064Z</time>
	<hdop>3.79</hdop>
	<extensions>
		<gpxtpx:TrackPointExtension>
			<gpxtpx:course>142.0</gpxtpx:course>
		</gpxtpx:TrackPointExtension>
	</extensions>
</trkpt>
<trkpt lat="44.0906100" lon="15.0953674">
	<ele>5.73</ele>
	<time>2026-08-10T12:11:03.064Z</time>
	<hdop>3.79</hdop>
	<extensions>
		<gpxtpx:TrackPointExtension>
			<gpxtpx:course>139.0</gpxtpx:course>
		</gpxtpx:TrackPointExtension>
	</extensions>
</trkpt>
<trkpt lat="44.0903200" lon="15.0956946">
	<ele>3.56</ele>
	<time>2026-08-10T12:11:13.064Z</time>
	<hdop>3.79</hdop>
	<extensions>
		<gpxtpx:TrackPointExtension>
			<gpxtpx:course>141.0</gpxtpx:course>
		</gpxtpx:TrackPointExtension>
	</extensions>
</trkpt>
<trkpt lat="44.0900377" lon="15.0960049">
	<ele>3.34</ele>
	<time>2026-08-10T12:11:23.065Z</time>
	<hdop>3.79</hdop>
	<extensions>
		<gpxtpx:TrackPointExtension>
			<gpxtpx:course>142.0</gpxtpx:course>
		</gpxtpx:TrackPointExtension>
	</extensions>
</trkpt>
<trkpt lat="44.0897263" lon="15.0963653">
	<ele>4.08</ele>
	<time>2026-08-10T12:11:34.063Z</time>
	<hdop>3.79</hdop>
	<extensions>
		<gpxtpx:TrackPointExtension>
			<gpxtpx:course>141.0</gpxtpx:course>
		</gpxtpx:TrackPointExtension>
	</extensions>
</trkpt>
<trkpt lat="44.0894384" lon="15.0966770">
	<ele>4.15</ele>
	<time>2026-08-10T12:11:44.063Z</time>
	<hdop>3.79</hdop>
	<extensions>
		<gpxtpx:TrackPointExtension>
			<gpxtpx:course>140.0</gpxtpx:course>
		</gpxtpx:TrackPointExtension>
	</extensions>
</trkpt>
<trkpt lat="44.0891571" lon="15.0969909">
	<ele>4.74</ele>
	<time>2026-08-10T12:11:54.065Z</time>
	<hdop>3.79</hdop>
	<extensions>
		<gpxtpx:TrackPointExtension>
			<gpxtpx:course>139.0</gpxtpx:course>
		</gpxtpx:TrackPointExtension>
	</extensions>
</trkpt>
<trkpt lat="44.0888496" lon="15.0973580">
	<ele>4.75</ele>
	<time>2026-08-10T12:12:05.064Z</time>
	<hdop>3.79</hdop>
	<extensions>
		<gpxtpx:TrackPointExtension>
			<gpxtpx:course>142.0</gpxtpx:course>
		</gpxtpx:TrackPointExtension>
	</extensions>
</trkpt>
<trkpt lat="44.0885593" lon="15.0976668">
	<ele>4.81</ele>
	<time>2026-08-10T12:12:15.064Z</time>
	<hdop>3.79</hdop>
	<extensions>
		<gpxtpx:TrackPointExtension>
			<gpxtpx:course>142.0</gpxtpx:course>
		</gpxtpx:TrackPointExtension>
	</extensions>
</trkpt>
<trkpt lat="44.0882478" lon="15.0980199">
	<ele>5.00</ele>
	<time>2026-08-10T12:12:26.063Z</time>
	<hdop>3.79</hdop>
	<extensions>
		<gpxtpx:TrackPointExtension>
			<gpxtpx:course>139.0</gpxtpx:course>
		</gpxtpx:TrackPointExtension>
	</extensions>
</trkpt>
<trkpt lat="44.0879614" lon="15.0983333">
	<ele>5.64</ele>
	<time>2026-08-10T12:12:36.065Z</time>
	<hdop>3.79</hdop>
	<extensions>
		<gpxtpx:TrackPointExtension>
			<gpxtpx:course>140.0</gpxtpx:course>
		</gpxtpx:TrackPointExtension>
	</extensions>
</trkpt>
<trkpt lat="44.0876529" lon="15.0986860">
	<ele>5.63</ele>
	<time>2026-08-10T12:12:47.064Z</time>
	<hdop>3.79</hdop>
	<extensions>
		<gpxtpx:TrackPointExtension>
			<gpxtpx:course>141.0</gpxtpx:course>
		</gpxtpx:TrackPointExtension>
	</extensions>
</trkpt>
<trkpt lat="44.0873383" lon="15.0990360">
	<ele>5.56</ele>
	<time>2026-08-10T12:12:58.064Z</time>
	<hdop>3.79</hdop>
	<extensions>
		<gpxtpx:TrackPointExtension>
			<gpxtpx:course>142.0</gpxtpx:course>
		</gpxtpx:TrackPointExtension>
	</extensions>
</trkpt>
<trkpt lat="44.0870245" lon="15.0993856">
	<ele>5.32</ele>
	<time>2026-08-10T12:13:09.064Z</time>
	<hdop>3.79</hdop>
	<extensions>
		<gpxtpx:TrackPointExtension>
			<gpxtpx:course>139.0</gpxtpx:course>
		</gpxtpx:TrackPointExtension>
	</extensions>
</trkpt>
<trkpt lat="44.0867346" lon="15.0997093">
	<ele>5.20</ele>
	<time>2026-08-10T12:13:19.064Z</time>
	<hdop>3.79</hdop>
	<extensions>
		<gpxtpx:TrackPointExtension>
			<gpxtpx:course>139.0</gpxtpx:course>
		</gpxtpx:TrackPointExtension>
	</extensions>
</trkpt>
<trkpt lat="44.0864548" lon="15.1000205">
	<ele>5.98</ele>
	<time>2026-08-10T12:13:29.064Z</time>
	<hdop>3.79</hdop>
	<extensions>
		<gpxtpx:TrackPointExtension>
			<gpxtpx:course>141.0</gpxtpx:course>
		</gpxtpx:TrackPointExtension>
	</extensions>
</trkpt>
<trkpt lat="44.0861721" lon="15.1003454">
	<ele>5.49</ele>
	<time>2026-08-10T12:13:39.064Z</time>
	<hdop>3.79</hdop>
	<extensions>
		<gpxtpx:TrackPointExtension>
			<gpxtpx:course>143.0</gpxtpx:course>
		</gpxtpx:TrackPointExtension>
	</extensions>
</trkpt>
<trkpt lat="44.0858952" lon="15.1006668">
	<ele>5.33</ele>
	<time>2026-08-10T12:13:49.064Z</time>
	<hdop>3.79</hdop>
	<extensions>
		<gpxtpx:TrackPointExtension>
			<gpxtpx:course>140.0</gpxtpx:course>
		</gpxtpx:TrackPointExtension>
	</extensions>
</trkpt>
<trkpt lat="44.0856092" lon="15.1009864">
	<ele>5.62</ele>
	<time>2026-08-10T12:13:59.064Z</time>
	<hdop>3.79</hdop>
	<extensions>
		<gpxtpx:TrackPointExtension>
			<gpxtpx:course>141.0</gpxtpx:course>
		</gpxtpx:TrackPointExtension>
	</extensions>
</trkpt>
<trkpt lat="44.0853037" lon="15.1013322">
	<ele>5.05</ele>
	<time>2026-08-10T12:14:10.063Z</time>
	<hdop>3.79</hdop>
	<extensions>
		<gpxtpx:TrackPointExtension>
			<gpxtpx:course>139.0</gpxtpx:course>
		</gpxtpx:TrackPointExtension>
	</extensions>
</trkpt>
<trkpt lat="44.0850259" lon="15.1016558">
	<ele>4.40</ele>
	<time>2026-08-10T12:14:20.064Z</time>
	<hdop>3.79</hdop>
	<extensions>
		<gpxtpx:TrackPointExtension>
			<gpxtpx:course>141.0</gpxtpx:course>
		</gpxtpx:TrackPointExtension>
	</extensions>
</trkpt>
<trkpt lat="44.0847088" lon="15.1020120">
	<ele>4.39</ele>
	<time>2026-08-10T12:14:31.064Z</time>
	<hdop>3.79</hdop>
	<extensions>
		<gpxtpx:TrackPointExtension>
			<gpxtpx:course>139.0</gpxtpx:course>
		</gpxtpx:TrackPointExtension>
	</extensions>
</trkpt>
<trkpt lat="44.0843997" lon="15.1023606">
	<ele>4.76</ele>
	<time>2026-08-10T12:14:42.063Z</time>
	<hdop>3.79</hdop>
	<extensions>
		<gpxtpx:TrackPointExtension>
			<gpxtpx:course>141.0</gpxtpx:course>
		</gpxtpx:TrackPointExtension>
	</extensions>
</trkpt>
<trkpt lat="44.0841148" lon="15.1026874">
	<ele>4.34</ele>
	<time>2026-08-10T12:14:52.064Z</time>
	<hdop>3.79</hdop>
	<extensions>
		<gpxtpx:TrackPointExtension>
			<gpxtpx:course>140.0</gpxtpx:course>
		</gpxtpx:TrackPointExtension>
	</extensions>
</trkpt>
<trkpt lat="44.0838251" lon="15.1029984">
	<ele>3.99</ele>
	<time>2026-08-10T12:15:02.064Z</time>
	<hdop>3.79</hdop>
	<extensions>
		<gpxtpx:TrackPointExtension>
			<gpxtpx:course>141.0</gpxtpx:course>
		</gpxtpx:TrackPointExtension>
	</extensions>
</trkpt>
<trkpt lat="44.0835399" lon="15.1033167">
	<ele>3.79</ele>
	<time>2026-08-10T12:15:12.064Z</time>
	<hdop>3.79</hdop>
	<extensions>
		<gpxtpx:TrackPointExtension>
			<gpxtpx:course>141.0</gpxtpx:course>
		</gpxtpx:TrackPointExtension>
	</extensions>
</trkpt>
<trkpt lat="44.0832420" lon="15.1036730">
	<ele>2.82</ele>
	<time>2026-08-10T12:15:23.064Z</time>
	<hdop>3.79</hdop>
	<extensions>
		<gpxtpx:TrackPointExtension>
			<gpxtpx:course>139.0</gpxtpx:course>
		</gpxtpx:TrackPointExtension>
	</extensions>
</trkpt>
<trkpt lat="44.0829592" lon="15.1039883">
	<ele>3.01</ele>
	<time>2026-08-10T12:15:33.064Z</time>
	<hdop>3.79</hdop>
	<extensions>
		<gpxtpx:TrackPointExtension>
			<gpxtpx:course>141.0</gpxtpx:course>
		</gpxtpx:TrackPointExtension>
	</extensions>
</trkpt>
<trkpt lat="44.0826506" lon="15.1043344">
	<ele>2.39</ele>
	<time>2026-08-10T12:15:44.064Z</time>
	<hdop>3.79</hdop>
	<extensions>
		<gpxtpx:TrackPointExtension>
			<gpxtpx:course>139.0</gpxtpx:course>
		</gpxtpx:TrackPointExtension>
	</extensions>
</trkpt>
<trkpt lat="44.0823659" lon="15.1046604">
	<ele>2.35</ele>
	<time>2026-08-10T12:15:54.064Z</time>
	<hdop>3.79</hdop>
	<extensions>
		<gpxtpx:TrackPointExtension>
			<gpxtpx:course>142.0</gpxtpx:course>
		</gpxtpx:TrackPointExtension>
	</extensions>
</trkpt>
<trkpt lat="44.0820651" lon="15.1050145">
	<ele>2.40</ele>
	<time>2026-08-10T12:16:05.063Z</time>
	<hdop>3.79</hdop>
	<extensions>
		<gpxtpx:TrackPointExtension>
			<gpxtpx:course>139.0</gpxtpx:course>
		</gpxtpx:TrackPointExtension>
	</extensions>
</trkpt>
<trkpt lat="44.0817832" lon="15.1053389">
	<ele>0.78</ele>
	<time>2026-08-10T12:16:15.063Z</time>
	<hdop>3.79</hdop>
	<extensions>
		<gpxtpx:TrackPointExtension>
			<gpxtpx:course>141.0</gpxtpx:course>
		</gpxtpx:TrackPointExtension>
	</extensions>
</trkpt>
<trkpt lat="44.0814662" lon="15.1056710">
	<ele>0.22</ele>
	<time>2026-08-10T12:16:26.064Z</time>
	<hdop>3.79</hdop>
	<extensions>
		<gpxtpx:TrackPointExtension>
			<gpxtpx:course>143.0</gpxtpx:course>
		</gpxtpx:TrackPointExtension>
	</extensions>
</trkpt>
<trkpt lat="44.0811406" lon="15.1059810">
	<ele>0.76</ele>
	<time>2026-08-10T12:16:37.063Z</time>
	<hdop>3.79</hdop>
	<extensions>
		<gpxtpx:TrackPointExtension>
			<gpxtpx:course>145.0</gpxtpx:course>
		</gpxtpx:TrackPointExtension>
	</extensions>
</trkpt>
<trkpt lat="44.0808260" lon="15.1062601">
	<ele>-0.36</ele>
	<time>2026-08-10T12:16:47.063Z</time>
	<hdop>3.79</hdop>
	<extensions>
		<gpxtpx:TrackPointExtension>
			<gpxtpx:course>148.0</gpxtpx:course>
		</gpxtpx:TrackPointExtension>
	</extensions>
</trkpt>
<trkpt lat="44.0804789" lon="15.1065254">
	<ele>-12.53</ele>
	<time>2026-08-10T12:16:58.064Z</time>
	<hdop>3.79</hdop>
	<extensions>
		<gpxtpx:TrackPointExtension>
			<gpxtpx:course>153.0</gpxtpx:course>
		</gpxtpx:TrackPointExtension>
	</extensions>
</trkpt>
<trkpt lat="44.0801260" lon="15.1067697">
	<ele>-31.29</ele>
	<time>2026-08-10T12:17:09.063Z</time>
	<hdop>3.79</hdop>
	<extensions>
		<gpxtpx:TrackPointExtension>
			<gpxtpx:course>156.0</gpxtpx:course>
		</gpxtpx:TrackPointExtension>
	</extensions>
</trkpt>
<trkpt lat="44.0797965" lon="15.1069827">
	<ele>-29.14</ele>
	<time>2026-08-10T12:17:19.063Z</time>
	<hdop>3.79</hdop>
	<extensions>
		<gpxtpx:TrackPointExtension>
			<gpxtpx:course>155.0</gpxtpx:course>
		</gpxtpx:TrackPointExtension>
	</extensions>
</trkpt>
<trkpt lat="44.0794595" lon="15.1071890">
	<ele>-17.30</ele>
	<time>2026-08-10T12:17:29.063Z</time>
	<hdop>3.79</hdop>
	<extensions>
		<gpxtpx:TrackPointExtension>
			<gpxtpx:course>156.0</gpxtpx:course>
		</gpxtpx:TrackPointExtension>
	</extensions>
</trkpt>
<trkpt lat="44.0790935" lon="15.1074171">
	<ele>-6.61</ele>
	<time>2026-08-10T12:17:40.063Z</time>
	<hdop>3.79</hdop>
	<extensions>
		<gpxtpx:TrackPointExtension>
			<gpxtpx:course>156.0</gpxtpx:course>
		</gpxtpx:TrackPointExtension>
	</extensions>
</trkpt>
<trkpt lat="44.0787583" lon="15.1076015">
	<ele>-0.41</ele>
	<time>2026-08-10T12:17:50.063Z</time>
	<hdop>3.79</hdop>
	<extensions>
		<gpxtpx:TrackPointExtension>
			<gpxtpx:course>158.0</gpxtpx:course>
		</gpxtpx:TrackPointExtension>
	</extensions>
</trkpt>
<trkpt lat="44.0784249" lon="15.1077874">
	<ele>3.44</ele>
	<time>2026-08-10T12:18:00.063Z</time>
	<hdop>3.79</hdop>
	<extensions>
		<gpxtpx:TrackPointExtension>
			<gpxtpx:course>158.0</gpxtpx:course>
		</gpxtpx:TrackPointExtension>
	</extensions>
</trkpt>
<trkpt lat="44.0780856" lon="15.1079742">
	<ele>4.98</ele>
	<time>2026-08-10T12:18:10.064Z</time>
	<hdop>3.79</hdop>
	<extensions>
		<gpxtpx:TrackPointExtension>
			<gpxtpx:course>158.0</gpxtpx:course>
		</gpxtpx:TrackPointExtension>
	</extensions>
</trkpt>
<trkpt lat="44.0777507" lon="15.1081689">
	<ele>5.84</ele>
	<time>2026-08-10T12:18:20.064Z</time>
	<hdop>3.79</hdop>
	<extensions>
		<gpxtpx:TrackPointExtension>
			<gpxtpx:course>158.0</gpxtpx:course>
		</gpxtpx:TrackPointExtension>
	</extensions>
</trkpt>
<trkpt lat="44.0774222" lon="15.1083493">
	<ele>7.51</ele>
	<time>2026-08-10T12:18:30.064Z</time>
	<hdop>3.79</hdop>
	<extensions>
		<gpxtpx:TrackPointExtension>
			<gpxtpx:course>157.0</gpxtpx:course>
		</gpxtpx:TrackPointExtension>
	</extensions>
</trkpt>
<trkpt lat="44.0770597" lon="15.1085570">
	<ele>8.72</ele>
	<time>2026-08-10T12:18:41.062Z</time>
	<hdop>3.79</hdop>
	<extensions>
		<gpxtpx:TrackPointExtension>
			<gpxtpx:course>157.0</gpxtpx:course>
		</gpxtpx:TrackPointExtension>
	</extensions>
</trkpt>
<trkpt lat="44.0767286" lon="15.1087399">
	<ele>7.99</ele>
	<time>2026-08-10T12:18:51.062Z</time>
	<hdop>3.79</hdop>
	<extensions>
		<gpxtpx:TrackPointExtension>
			<gpxtpx:course>157.0</gpxtpx:course>
		</gpxtpx:TrackPointExtension>
	</extensions>
</trkpt>
<trkpt lat="44.0763964" lon="15.1089250">
	<ele>7.99</ele>
	<time>2026-08-10T12:19:01.063Z</time>
	<hdop>3.79</hdop>
	<extensions>
		<gpxtpx:TrackPointExtension>
			<gpxtpx:course>156.0</gpxtpx:course>
		</gpxtpx:TrackPointExtension>
	</extensions>
</trkpt>
<trkpt lat="44.0760644" lon="15.1091128">
	<ele>7.41</ele>
	<time>2026-08-10T12:19:11.063Z</time>
	<hdop>3.79</hdop>
	<extensions>
		<gpxtpx:TrackPointExtension>
			<gpxtpx:course>158.0</gpxtpx:course>
		</gpxtpx:TrackPointExtension>
	</extensions>
</trkpt>
<trkpt lat="44.0757017" lon="15.1093208">
	<ele>6.65</ele>
	<time>2026-08-10T12:19:22.063Z</time>
	<hdop>3.79</hdop>
	<extensions>
		<gpxtpx:TrackPointExtension>
			<gpxtpx:course>158.0</gpxtpx:course>
		</gpxtpx:TrackPointExtension>
	</extensions>
</trkpt>
<trkpt lat="44.0753317" lon="15.1095309">
	<ele>6.51</ele>
	<time>2026-08-10T12:19:33.064Z</time>
	<hdop>3.79</hdop>
	<extensions>
		<gpxtpx:TrackPointExtension>
			<gpxtpx:course>158.0</gpxtpx:course>
		</gpxtpx:TrackPointExtension>
	</extensions>
</trkpt>
<trkpt lat="44.0749696" lon="15.1097292">
	<ele>5.98</ele>
	<time>2026-08-10T12:19:44.062Z</time>
	<hdop>3.79</hdop>
	<extensions>
		<gpxtpx:TrackPointExtension>
			<gpxtpx:course>158.0</gpxtpx:course>
		</gpxtpx:TrackPointExtension>
	</extensions>
</trkpt>
<trkpt lat="44.0746388" lon="15.1099136">
	<ele>4.46</ele>
	<time>2026-08-10T12:19:54.063Z</time>
	<hdop>3.79</hdop>
	<extensions>
		<gpxtpx:TrackPointExtension>
			<gpxtpx:course>157.0</gpxtpx:course>
		</gpxtpx:TrackPointExtension>
	</extensions>
</trkpt>
<trkpt lat="44.0743086" lon="15.1101061">
	<ele>3.90</ele>
	<time>2026-08-10T12:20:04.063Z</time>
	<hdop>3.79</hdop>
	<extensions>
		<gpxtpx:TrackPointExtension>
			<gpxtpx:course>158.0</gpxtpx:course>
		</gpxtpx:TrackPointExtension>
	</extensions>
</trkpt>
<trkpt lat="44.0739762" lon="15.1102917">
	<ele>3.78</ele>
	<time>2026-08-10T12:20:14.063Z</time>
	<hdop>3.79</hdop>
	<extensions>
		<gpxtpx:TrackPointExtension>
			<gpxtpx:course>158.0</gpxtpx:course>
		</gpxtpx:TrackPointExtension>
	</extensions>
</trkpt>
<trkpt lat="44.0736168" lon="15.1104957">
	<ele>3.91</ele>
	<time>2026-08-10T12:20:25.063Z</time>
	<hdop>3.79</hdop>
	<extensions>
		<gpxtpx:TrackPointExtension>
			<gpxtpx:course>157.0</gpxtpx:course>
		</gpxtpx:TrackPointExtension>
	</extensions>
</trkpt>
<trkpt lat="44.0732809" lon="15.1106829">
	<ele>3.25</ele>
	<time>2026-08-10T12:20:35.063Z</time>
	<hdop>3.79</hdop>
	<extensions>
		<gpxtpx:TrackPointExtension>
			<gpxtpx:course>158.0</gpxtpx:course>
		</gpxtpx:TrackPointExtension>
	</extensions>
</trkpt>
<trkpt lat="44.0729475" lon="15.1108668">
	<ele>2.60</ele>
	<time>2026-08-10T12:20:45.064Z</time>
	<hdop>3.79</hdop>
	<extensions>
		<gpxtpx:TrackPointExtension>
			<gpxtpx:course>158.0</gpxtpx:course>
		</gpxtpx:TrackPointExtension>
	</extensions>
</trkpt>
<trkpt lat="44.0725801" lon="15.1110634">
	<ele>2.01</ele>
	<time>2026-08-10T12:20:56.063Z</time>
	<hdop>3.79</hdop>
	<extensions>
		<gpxtpx:TrackPointExtension>
			<gpxtpx:course>158.0</gpxtpx:course>
		</gpxtpx:TrackPointExtension>
	</extensions>
</trkpt>
<trkpt lat="44.0722457" lon="15.1112456">
	<ele>1.14</ele>
	<time>2026-08-10T12:21:06.063Z</time>
	<hdop>3.79</hdop>
	<extensions>
		<gpxtpx:TrackPointExtension>
			<gpxtpx:course>157.0</gpxtpx:course>
		</gpxtpx:TrackPointExtension>
	</extensions>
</trkpt>
<trkpt lat="44.0719275" lon="15.1114285">
	<ele>0.73</ele>
	<time>2026-08-10T12:21:16.063Z</time>
	<hdop>3.79</hdop>
	<extensions>
		<gpxtpx:TrackPointExtension>
			<gpxtpx:course>158.0</gpxtpx:course>
		</gpxtpx:TrackPointExtension>
	</extensions>
</trkpt>
<trkpt lat="44.0715568" lon="15.1116130">
	<ele>0.49</ele>
	<time>2026-08-10T12:21:27.063Z</time>
	<hdop>3.79</hdop>
	<extensions>
		<gpxtpx:TrackPointExtension>
			<gpxtpx:course>161.0</gpxtpx:course>
		</gpxtpx:TrackPointExtension>
	</extensions>
</trkpt>
<trkpt lat="44.0711747" lon="15.1117854">
	<ele>-0.30</ele>
	<time>2026-08-10T12:21:38.062Z</time>
	<hdop>3.79</hdop>
	<extensions>
		<gpxtpx:TrackPointExtension>
			<gpxtpx:course>162.0</gpxtpx:course>
		</gpxtpx:TrackPointExtension>
	</extensions>
</trkpt>
<trkpt lat="44.0708383" lon="15.1119455">
	<ele>-0.96</ele>
	<time>2026-08-10T12:21:48.063Z</time>
	<hdop>3.79</hdop>
	<extensions>
		<gpxtpx:TrackPointExtension>
			<gpxtpx:course>162.0</gpxtpx:course>
		</gpxtpx:TrackPointExtension>
	</extensions>
</trkpt>
<trkpt lat="44.0704944" lon="15.1120832">
	<ele>-1.64</ele>
	<time>2026-08-10T12:21:58.063Z</time>
	<hdop>3.79</hdop>
	<extensions>
		<gpxtpx:TrackPointExtension>
			<gpxtpx:course>164.0</gpxtpx:course>
		</gpxtpx:TrackPointExtension>
	</extensions>
</trkpt>
<trkpt lat="44.0701148" lon="15.1122280">
	<ele>-2.56</ele>
	<time>2026-08-10T12:22:09.063Z</time>
	<hdop>3.79</hdop>
	<extensions>
		<gpxtpx:TrackPointExtension>
			<gpxtpx:course>165.0</gpxtpx:course>
		</gpxtpx:TrackPointExtension>
	</extensions>
</trkpt>
<trkpt lat="44.0697670" lon="15.1123526">
	<ele>-3.39</ele>
	<time>2026-08-10T12:22:19.063Z</time>
	<hdop>3.79</hdop>
	<extensions>
		<gpxtpx:TrackPointExtension>
			<gpxtpx:course>165.0</gpxtpx:course>
		</gpxtpx:TrackPointExtension>
	</extensions>
</trkpt>
<trkpt lat="44.0694234" lon="15.1124731">
	<ele>-3.81</ele>
	<time>2026-08-10T12:22:29.063Z</time>
	<hdop>3.79</hdop>
	<extensions>
		<gpxtpx:TrackPointExtension>
			<gpxtpx:course>166.0</gpxtpx:course>
		</gpxtpx:TrackPointExtension>
	</extensions>
</trkpt>
<trkpt lat="44.0690307" lon="15.1126102">
	<ele>-5.28</ele>
	<time>2026-08-10T12:22:40.062Z</time>
	<hdop>3.79</hdop>
	<extensions>
		<gpxtpx:TrackPointExtension>
			<gpxtpx:course>166.0</gpxtpx:course>
		</gpxtpx:TrackPointExtension>
	</extensions>
</trkpt>
<trkpt lat="44.0686847" lon="15.1127228">
	<ele>-5.05</ele>
	<time>2026-08-10T12:22:50.062Z</time>
	<hdop>3.79</hdop>
	<extensions>
		<gpxtpx:TrackPointExtension>
			<gpxtpx:course>167.0</gpxtpx:course>
		</gpxtpx:TrackPointExtension>
	</extensions>
</trkpt>
<trkpt lat="44.0683378" lon="15.1128258">
	<ele>-5.73</ele>
	<time>2026-08-10T12:23:00.062Z</time>
	<hdop>3.79</hdop>
	<extensions>
		<gpxtpx:TrackPointExtension>
			<gpxtpx:course>168.0</gpxtpx:course>
		</gpxtpx:TrackPointExtension>
	</extensions>
</trkpt>
<trkpt lat="44.0679905" lon="15.1129275">
	<ele>-5.08</ele>
	<time>2026-08-10T12:23:10.062Z</time>
	<hdop>3.79</hdop>
	<extensions>
		<gpxtpx:TrackPointExtension>
			<gpxtpx:course>169.0</gpxtpx:course>
		</gpxtpx:TrackPointExtension>
	</extensions>
</trkpt>
<trkpt lat="44.0676429" lon="15.1130135">
	<ele>-6.60</ele>
	<time>2026-08-10T12:23:20.062Z</time>
	<hdop>3.79</hdop>
	<extensions>
		<gpxtpx:TrackPointExtension>
			<gpxtpx:course>170.0</gpxtpx:course>
		</gpxtpx:TrackPointExtension>
	</extensions>
</trkpt>
<trkpt lat="44.0672963" lon="15.1131114">
	<ele>-6.61</ele>
	<time>2026-08-10T12:23:30.063Z</time>
	<hdop>3.79</hdop>
	<extensions>
		<gpxtpx:TrackPointExtension>
			<gpxtpx:course>170.0</gpxtpx:course>
		</gpxtpx:TrackPointExtension>
	</extensions>
</trkpt>
<trkpt lat="44.0669386" lon="15.1131965">
	<ele>-7.11</ele>
	<time>2026-08-10T12:23:40.063Z</time>
	<hdop>3.79</hdop>
	<extensions>
		<gpxtpx:TrackPointExtension>
			<gpxtpx:course>170.0</gpxtpx:course>
		</gpxtpx:TrackPointExtension>
	</extensions>
</trkpt>
<trkpt lat="44.0665837" lon="15.1132771">
	<ele>-7.08</ele>
	<time>2026-08-10T12:23:50.063Z</time>
	<hdop>3.79</hdop>
	<extensions>
		<gpxtpx:TrackPointExtension>
			<gpxtpx:course>170.0</gpxtpx:course>
		</gpxtpx:TrackPointExtension>
	</extensions>
</trkpt>
<trkpt lat="44.0662441" lon="15.1133680">
	<ele>-9.71</ele>
	<time>2026-08-10T12:24:00.063Z</time>
	<hdop>3.79</hdop>
	<extensions>
		<gpxtpx:TrackPointExtension>
			<gpxtpx:course>170.0</gpxtpx:course>
		</gpxtpx:TrackPointExtension>
	</extensions>
</trkpt>
<trkpt lat="44.0658594" lon="15.1134530">
	<ele>-11.86</ele>
	<time>2026-08-10T12:24:11.063Z</time>
	<hdop>3.79</hdop>
	<extensions>
		<gpxtpx:TrackPointExtension>
			<gpxtpx:course>169.0</gpxtpx:course>
		</gpxtpx:TrackPointExtension>
	</extensions>
</trkpt>
<trkpt lat="44.0654770" lon="15.1135454">
	<ele>-10.81</ele>
	<time>2026-08-10T12:24:22.063Z</time>
	<hdop>3.79</hdop>
	<extensions>
		<gpxtpx:TrackPointExtension>
			<gpxtpx:course>169.0</gpxtpx:course>
		</gpxtpx:TrackPointExtension>
	</extensions>
</trkpt>
<trkpt lat="44.0651339" lon="15.1136299">
	<ele>-10.34</ele>
	<time>2026-08-10T12:24:32.063Z</time>
	<hdop>3.79</hdop>
	<extensions>
		<gpxtpx:TrackPointExtension>
			<gpxtpx:course>169.0</gpxtpx:course>
		</gpxtpx:TrackPointExtension>
	</extensions>
</trkpt>
<trkpt lat="44.0647832" lon="15.1137259">
	<ele>-8.98</ele>
	<time>2026-08-10T12:24:42.063Z</time>
	<hdop>3.79</hdop>
	<extensions>
		<gpxtpx:TrackPointExtension>
			<gpxtpx:course>169.0</gpxtpx:course>
		</gpxtpx:TrackPointExtension>
	</extensions>
</trkpt>
<trkpt lat="44.0644020" lon="15.1138266">
	<ele>-8.69</ele>
	<time>2026-08-10T12:24:53.063Z</time>
	<hdop>3.79</hdop>
	<extensions>
		<gpxtpx:TrackPointExtension>
			<gpxtpx:course>170.0</gpxtpx:course>
		</gpxtpx:TrackPointExtension>
	</extensions>
</trkpt>
<trkpt lat="44.0640569" lon="15.1139059">
	<ele>-7.49</ele>
	<time>2026-08-10T12:25:03.063Z</time>
	<hdop>3.79</hdop>
	<extensions>
		<gpxtpx:TrackPointExtension>
			<gpxtpx:course>170.0</gpxtpx:course>
		</gpxtpx:TrackPointExtension>
	</extensions>
</trkpt>
<trkpt lat="44.0637157" lon="15.1139828">
	<ele>-9.40</ele>
	<time>2026-08-10T12:25:13.063Z</time>
	<hdop>3.79</hdop>
	<extensions>
		<gpxtpx:TrackPointExtension>
			<gpxtpx:course>170.0</gpxtpx:course>
		</gpxtpx:TrackPointExtension>
	</extensions>
</trkpt>
<trkpt lat="44.0633368" lon="15.1140762">
	<ele>-7.69</ele>
	<time>2026-08-10T12:25:24.063Z</time>
	<hdop>3.79</hdop>
	<extensions>
		<gpxtpx:TrackPointExtension>
			<gpxtpx:course>170.0</gpxtpx:course>
		</gpxtpx:TrackPointExtension>
	</extensions>
</trkpt>
<trkpt lat="44.0629850" lon="15.1141539">
	<ele>-8.08</ele>
	<time>2026-08-10T12:25:34.063Z</time>
	<hdop>3.79</hdop>
	<extensions>
		<gpxtpx:TrackPointExtension>
			<gpxtpx:course>172.0</gpxtpx:course>
		</gpxtpx:TrackPointExtension>
	</extensions>
</trkpt>
<trkpt lat="44.0626099" lon="15.1142412">
	<ele>-7.23</ele>
	<time>2026-08-10T12:25:45.062Z</time>
	<hdop>3.79</hdop>
	<extensions>
		<gpxtpx:TrackPointExtension>
			<gpxtpx:course>169.0</gpxtpx:course>
		</gpxtpx:TrackPointExtension>
	</extensions>
</trkpt>
<trkpt lat="44.0622658" lon="15.1143248">
	<ele>-10.15</ele>
	<time>2026-08-10T12:25:55.062Z</time>
	<hdop>3.79</hdop>
	<extensions>
		<gpxtpx:TrackPointExtension>
			<gpxtpx:course>170.0</gpxtpx:course>
		</gpxtpx:TrackPointExtension>
	</extensions>
</trkpt>
<trkpt lat="44.0619112" lon="15.1144075">
	<ele>-8.65</ele>
	<time>2026-08-10T12:26:05.062Z</time>
	<hdop>5.13</hdop>
	<extensions>
		<gpxtpx:TrackPointExtension>
			<gpxtpx:course>169.0</gpxtpx:course>
		</gpxtpx:TrackPointExtension>
	</extensions>
</trkpt>
<trkpt lat="44.0615677" lon="15.1144949">
	<ele>-16.52</ele>
	<time>2026-08-10T12:26:15.062Z</time>
	<hdop>3.79</hdop>
	<extensions>
		<gpxtpx:TrackPointExtension>
			<gpxtpx:course>169.0</gpxtpx:course>
		</gpxtpx:TrackPointExtension>
	</extensions>
</trkpt>
<trkpt lat="44.0611946" lon="15.1145744">
	<ele>-16.60</ele>
	<time>2026-08-10T12:26:26.062Z</time>
	<hdop>3.79</hdop>
	<extensions>
		<gpxtpx:TrackPointExtension>
			<gpxtpx:course>170.0</gpxtpx:course>
		</gpxtpx:TrackPointExtension>
	</extensions>
</trkpt>
<trkpt lat="44.0608189" lon="15.1146509">
	<ele>-15.36</ele>
	<time>2026-08-10T12:26:37.063Z</time>
	<hdop>3.79</hdop>
	<extensions>
		<gpxtpx:TrackPointExtension>
			<gpxtpx:course>170.0</gpxtpx:course>
		</gpxtpx:TrackPointExtension>
	</extensions>
</trkpt>
<trkpt lat="44.0604515" lon="15.1147214">
	<ele>-15.58</ele>
	<time>2026-08-10T12:26:48.061Z</time>
	<hdop>3.79</hdop>
	<extensions>
		<gpxtpx:TrackPointExtension>
			<gpxtpx:course>171.0</gpxtpx:course>
		</gpxtpx:TrackPointExtension>
	</extensions>
</trkpt>
<trkpt lat="44.0601166" lon="15.1148019">
	<ele>-12.81</ele>
	<time>2026-08-10T12:26:58.063Z</time>
	<hdop>3.79</hdop>
	<extensions>
		<gpxtpx:TrackPointExtension>
			<gpxtpx:course>174.0</gpxtpx:course>
		</gpxtpx:TrackPointExtension>
	</extensions>
</trkpt>
<trkpt lat="44.0597411" lon="15.1148566">
	<ele>-14.09</ele>
	<time>2026-08-10T12:27:09.062Z</time>
	<hdop>3.79</hdop>
	<extensions>
		<gpxtpx:TrackPointExtension>
			<gpxtpx:course>174.0</gpxtpx:course>
		</gpxtpx:TrackPointExtension>
	</extensions>
</trkpt>
<trkpt lat="44.0593722" lon="15.1149038">
	<ele>-14.39</ele>
	<time>2026-08-10T12:27:20.061Z</time>
	<hdop>3.79</hdop>
	<extensions>
		<gpxtpx:TrackPointExtension>
			<gpxtpx:course>175.0</gpxtpx:course>
		</gpxtpx:TrackPointExtension>
	</extensions>
</trkpt>
<trkpt lat="44.0590402" lon="15.1149466">
	<ele>-10.73</ele>
	<time>2026-08-10T12:27:30.062Z</time>
	<hdop>3.79</hdop>
	<extensions>
		<gpxtpx:TrackPointExtension>
			<gpxtpx:course>172.0</gpxtpx:course>
		</gpxtpx:TrackPointExtension>
	</extensions>
</trkpt>
<trkpt lat="44.0587053" lon="15.1149994">
	<ele>-10.89</ele>
	<time>2026-08-10T12:27:40.062Z</time>
	<hdop>3.79</hdop>
	<extensions>
		<gpxtpx:TrackPointExtension>
			<gpxtpx:course>174.0</gpxtpx:course>
		</gpxtpx:TrackPointExtension>
	</extensions>
</trkpt>
<trkpt lat="44.0583787" lon="15.1150350">
	<ele>-10.11</ele>
	<time>2026-08-10T12:27:50.062Z</time>
	<hdop>3.79</hdop>
	<extensions>
		<gpxtpx:TrackPointExtension>
			<gpxtpx:course>175.0</gpxtpx:course>
		</gpxtpx:TrackPointExtension>
	</extensions>
</trkpt>
<trkpt lat="44.0580484" lon="15.1150578">
	<ele>-7.57</ele>
	<time>2026-08-10T12:28:00.062Z</time>
	<hdop>3.79</hdop>
	<extensions>
		<gpxtpx:TrackPointExtension>
			<gpxtpx:course>180.0</gpxtpx:course>
		</gpxtpx:TrackPointExtension>
	</extensions>
</trkpt>
<trkpt lat="44.0577181" lon="15.1150391">
	<ele>-7.84</ele>
	<time>2026-08-10T12:28:10.062Z</time>
	<hdop>3.79</hdop>
	<extensions>
		<gpxtpx:TrackPointExtension>
			<gpxtpx:course>182.0</gpxtpx:course>
		</gpxtpx:TrackPointExtension>
	</extensions>
</trkpt>
<trkpt lat="44.0573903" lon="15.1150055">
	<ele>-6.00</ele>
	<time>2026-08-10T12:28:20.062Z</time>
	<hdop>3.79</hdop>
	<extensions>
		<gpxtpx:TrackPointExtension>
			<gpxtpx:course>185.0</gpxtpx:course>
		</gpxtpx:TrackPointExtension>
	</extensions>
</trkpt>
<trkpt lat="44.0570649" lon="15.1149634">
	<ele>-6.64</ele>
	<time>2026-08-10T12:28:30.062Z</time>
	<hdop>3.79</hdop>
	<extensions>
		<gpxtpx:TrackPointExtension>
			<gpxtpx:course>186.0</gpxtpx:course>
		</gpxtpx:TrackPointExtension>
	</extensions>
</trkpt>
<trkpt lat="44.0567446" lon="15.1149120">
	<ele>-4.26</ele>
	<time>2026-08-10T12:28:40.062Z</time>
	<hdop>3.79</hdop>
	<extensions>
		<gpxtpx:TrackPointExtension>
			<gpxtpx:course>186.0</gpxtpx:course>
		</gpxtpx:TrackPointExtension>
	</extensions>
</trkpt>
<trkpt lat="44.0563877" lon="15.1148459">
	<ele>-5.61</ele>
	<time>2026-08-10T12:28:51.061Z</time>
	<hdop>3.79</hdop>
	<extensions>
		<gpxtpx:TrackPointExtension>
			<gpxtpx:course>187.0</gpxtpx:course>
		</gpxtpx:TrackPointExtension>
	</extensions>
</trkpt>
<trkpt lat="44.0560671" lon="15.1147824">
	<ele>-7.12</ele>
	<time>2026-08-10T12:29:01.061Z</time>
	<hdop>3.79</hdop>
	<extensions>
		<gpxtpx:TrackPointExtension>
			<gpxtpx:course>187.0</gpxtpx:course>
		</gpxtpx:TrackPointExtension>
	</extensions>
</trkpt>
<trkpt lat="44.0557446" lon="15.1147165">
	<ele>-6.38</ele>
	<time>2026-08-10T12:29:11.062Z</time>
	<hdop>3.79</hdop>
	<extensions>
		<gpxtpx:TrackPointExtension>
			<gpxtpx:course>188.0</gpxtpx:course>
		</gpxtpx:TrackPointExtension>
	</extensions>
</trkpt>
<trkpt lat="44.0553864" lon="15.1146315">
	<ele>-4.34</ele>
	<time>2026-08-10T12:29:22.062Z</time>
	<hdop>3.79</hdop>
	<extensions>
		<gpxtpx:TrackPointExtension>
			<gpxtpx:course>186.0</gpxtpx:course>
		</gpxtpx:TrackPointExtension>
	</extensions>
</trkpt>
<trkpt lat="44.0550397" lon="15.1145724">
	<ele>-0.74</ele>
	<time>2026-08-10T12:29:33.061Z</time>
	<hdop>3.79</hdop>
	<extensions>
		<gpxtpx:TrackPointExtension>
			<gpxtpx:course>187.0</gpxtpx:course>
		</gpxtpx:TrackPointExtension>
	</extensions>
</trkpt>
<trkpt lat="44.0547334" lon="15.1145098">
	<ele>0.87</ele>
	<time>2026-08-10T12:29:43.061Z</time>
	<hdop>3.79</hdop>
	<extensions>
		<gpxtpx:TrackPointExtension>
			<gpxtpx:course>189.0</gpxtpx:course>
		</gpxtpx:TrackPointExtension>
	</extensions>
</trkpt>
<trkpt lat="44.0544427" lon="15.1144466">
	<ele>1.42</ele>
	<time>2026-08-10T12:29:53.063Z</time>
	<hdop>3.79</hdop>
	<extensions>
		<gpxtpx:TrackPointExtension>
			<gpxtpx:course>189.0</gpxtpx:course>
		</gpxtpx:TrackPointExtension>
	</extensions>
</trkpt>
<trkpt lat="44.0541191" lon="15.1143736">
	<ele>3.00</ele>
	<time>2026-08-10T12:30:04.062Z</time>
	<hdop>3.79</hdop>
	<extensions>
		<gpxtpx:TrackPointExtension>
			<gpxtpx:course>190.0</gpxtpx:course>
		</gpxtpx:TrackPointExtension>
	</extensions>
</trkpt>
<trkpt lat="44.0538111" lon="15.1142873">
	<ele>3.18</ele>
	<time>2026-08-10T12:30:15.060Z</time>
	<hdop>3.79</hdop>
	<extensions>
		<gpxtpx:TrackPointExtension>
			<gpxtpx:course>193.0</gpxtpx:course>
		</gpxtpx:TrackPointExtension>
	</extensions>
</trkpt>
<trkpt lat="44.0535721" lon="15.1141587">
	<ele>3.18</ele>
	<time>2026-08-10T12:30:25.062Z</time>
	<hdop>3.79</hdop>
	<extensions>
		<gpxtpx:TrackPointExtension>
			<gpxtpx:course>205.0</gpxtpx:course>
		</gpxtpx:TrackPointExtension>
	</extensions>
</trkpt>
<trkpt lat="44.0533366" lon="15.1139749">
	<ele>3.30</ele>
	<time>2026-08-10T12:30:36.060Z</time>
	<hdop>3.79</hdop>
	<extensions>
		<gpxtpx:TrackPointExtension>
			<gpxtpx:course>210.0</gpxtpx:course>
		</gpxtpx:TrackPointExtension>
	</extensions>
</trkpt>
<trkpt lat="44.0531351" lon="15.1137898">
	<ele>2.82</ele>
	<time>2026-08-10T12:30:46.062Z</time>
	<hdop>3.79</hdop>
	<extensions>
		<gpxtpx:TrackPointExtension>
			<gpxtpx:course>216.0</gpxtpx:course>
		</gpxtpx:TrackPointExtension>
	</extensions>
</trkpt>
<trkpt lat="44.0529580" lon="15.1135756">
	<ele>2.04</ele>
	<time>2026-08-10T12:30:57.061Z</time>
	<hdop>3.79</hdop>
	<extensions>
		<gpxtpx:TrackPointExtension>
			<gpxtpx:course>223.0</gpxtpx:course>
		</gpxtpx:TrackPointExtension>
	</extensions>
</trkpt>
<trkpt lat="44.0528209" lon="15.1133714">
	<ele>2.31</ele>
	<time>2026-08-10T12:31:07.062Z</time>
	<hdop>3.79</hdop>
	<extensions>
		<gpxtpx:TrackPointExtension>
			<gpxtpx:course>229.0</gpxtpx:course>
		</gpxtpx:TrackPointExtension>
	</extensions>
</trkpt>
<trkpt lat="44.0527007" lon="15.1131766">
	<ele>3.13</ele>
	<time>2026-08-10T12:31:17.062Z</time>
	<hdop>3.79</hdop>
	<extensions>
		<gpxtpx:TrackPointExtension>
			<gpxtpx:course>230.0</gpxtpx:course>
		</gpxtpx:TrackPointExtension>
	</extensions>
</trkpt>
<trkpt lat="44.0525715" lon="15.1129624">
	<ele>2.50</ele>
	<time>2026-08-10T12:31:28.060Z</time>
	<hdop>3.79</hdop>
	<extensions>
		<gpxtpx:TrackPointExtension>
			<gpxtpx:course>234.0</gpxtpx:course>
		</gpxtpx:TrackPointExtension>
	</extensions>
</trkpt>
<trkpt lat="44.0524615" lon="15.1127710">
	<ele>0.90</ele>
	<time>2026-08-10T12:31:38.060Z</time>
	<hdop>3.79</hdop>
	<extensions>
		<gpxtpx:TrackPointExtension>
			<gpxtpx:course>234.0</gpxtpx:course>
		</gpxtpx:TrackPointExtension>
	</extensions>
</trkpt>
<trkpt lat="44.0523653" lon="15.1125746">
	<ele>0.38</ele>
	<time>2026-08-10T12:31:48.061Z</time>
	<hdop>3.79</hdop>
	<extensions>
		<gpxtpx:TrackPointExtension>
			<gpxtpx:course>238.0</gpxtpx:course>
		</gpxtpx:TrackPointExtension>
	</extensions>
</trkpt>
<trkpt lat="44.0522846" lon="15.1123704">
	<ele>0.17</ele>
	<time>2026-08-10T12:31:58.061Z</time>
	<hdop>3.79</hdop>
	<extensions>
		<gpxtpx:TrackPointExtension>
			<gpxtpx:course>243.0</gpxtpx:course>
		</gpxtpx:TrackPointExtension>
	</extensions>
</trkpt>
<trkpt lat="44.0522082" lon="15.1121479">
	<ele>-1.45</ele>
	<time>2026-08-10T12:32:09.061Z</time>
	<hdop>3.79</hdop>
	<extensions>
		<gpxtpx:TrackPointExtension>
			<gpxtpx:course>246.0</gpxtpx:course>
		</gpxtpx:TrackPointExtension>
	</extensions>
</trkpt>
<trkpt lat="44.0521425" lon="15.1119272">
	<ele>-2.78</ele>
	<time>2026-08-10T12:32:20.061Z</time>
	<hdop>3.79</hdop>
	<extensions>
		<gpxtpx:TrackPointExtension>
			<gpxtpx:course>245.0</gpxtpx:course>
		</gpxtpx:TrackPointExtension>
	</extensions>
</trkpt>
<trkpt lat="44.0520760" lon="15.1117461">
	<ele>-3.53</ele>
	<time>2026-08-10T12:32:30.061Z</time>
	<hdop>3.79</hdop>
	<extensions>
		<gpxtpx:TrackPointExtension>
			<gpxtpx:course>242.0</gpxtpx:course>
		</gpxtpx:TrackPointExtension>
	</extensions>
</trkpt>
<trkpt lat="44.0520087" lon="15.1115734">
	<ele>-3.25</ele>
	<time>2026-08-10T12:32:40.061Z</time>
	<hdop>3.79</hdop>
	<extensions>
		<gpxtpx:TrackPointExtension>
			<gpxtpx:course>234.0</gpxtpx:course>
		</gpxtpx:TrackPointExtension>
	</extensions>
</trkpt>
<trkpt lat="44.0519254" lon="15.1114119">
	<ele>-3.44</ele>
	<time>2026-08-10T12:32:50.061Z</time>
	<hdop>3.79</hdop>
	<extensions>
		<gpxtpx:TrackPointExtension>
			<gpxtpx:course>234.0</gpxtpx:course>
		</gpxtpx:TrackPointExtension>
	</extensions>
</trkpt>
<trkpt lat="44.0518446" lon="15.1112503">
	<ele>-2.69</ele>
	<time>2026-08-10T12:33:00.061Z</time>
	<hdop>3.79</hdop>
	<extensions>
		<gpxtpx:TrackPointExtension>
			<gpxtpx:course>234.0</gpxtpx:course>
		</gpxtpx:TrackPointExtension>
	</extensions>
</trkpt>
<trkpt lat="44.0517587" lon="15.1110857">
	<ele>-2.44</ele>
	<time>2026-08-10T12:33:10.061Z</time>
	<hdop>3.79</hdop>
	<extensions>
		<gpxtpx:TrackPointExtension>
			<gpxtpx:course>232.0</gpxtpx:course>
		</gpxtpx:TrackPointExtension>
	</extensions>
</trkpt>
<trkpt lat="44.0516724" lon="15.1109191">
	<ele>-3.17</ele>
	<time>2026-08-10T12:33:20.062Z</time>
	<hdop>3.79</hdop>
	<extensions>
		<gpxtpx:TrackPointExtension>
			<gpxtpx:course>236.0</gpxtpx:course>
		</gpxtpx:TrackPointExtension>
	</extensions>
</trkpt>
<trkpt lat="44.0515713" lon="15.1107468">
	<ele>-2.52</ele>
	<time>2026-08-10T12:33:31.061Z</time>
	<hdop>3.79</hdop>
	<extensions>
		<gpxtpx:TrackPointExtension>
			<gpxtpx:course>229.0</gpxtpx:course>
		</gpxtpx:TrackPointExtension>
	</extensions>
</trkpt>
<trkpt lat="44.0514821" lon="15.1106222">
	<ele>-3.21</ele>
	<time>2026-08-10T12:33:41.061Z</time>
	<hdop>3.79</hdop>
	<extensions>
		<gpxtpx:TrackPointExtension>
			<gpxtpx:course>223.0</gpxtpx:course>
		</gpxtpx:TrackPointExtension>
	</extensions>
</trkpt>
<trkpt lat="44.0514041" lon="15.1104972">
	<ele>-6.88</ele>
	<time>2026-08-10T12:33:52.061Z</time>
	<hdop>3.79</hdop>
	<extensions>
		<gpxtpx:TrackPointExtension>
			<gpxtpx:course>225.0</gpxtpx:course>
		</gpxtpx:TrackPointExtension>
	</extensions>
</trkpt>
<trkpt lat="44.0513375" lon="15.1103993">
	<ele>-8.80</ele>
	<time>2026-08-10T12:34:03.060Z</time>
	<hdop>3.79</hdop>
	<extensions>
		<gpxtpx:TrackPointExtension>
			<gpxtpx:course>226.0</gpxtpx:course>
		</gpxtpx:TrackPointExtension>
	</extensions>
</trkpt>
<trkpt lat="44.0514037" lon="15.1104947">
	<ele>-12.09</ele>
	<time>2026-08-10T12:34:47.061Z</time>
	<hdop>3.79</hdop>
	<extensions>
		<gpxtpx:TrackPointExtension>
			<gpxtpx:course>82.0</gpxtpx:course>
		</gpxtpx:TrackPointExtension>
	</extensions>
</trkpt>
<trkpt lat="44.0513631" lon="15.1106325">
	<ele>-12.64</ele>
	<time>2026-08-10T12:34:57.061Z</time>
	<hdop>3.79</hdop>
	<extensions>
		<gpxtpx:TrackPointExtension>
			<gpxtpx:course>113.0</gpxtpx:course>
		</gpxtpx:TrackPointExtension>
	</extensions>
</trkpt>
<trkpt lat="44.0512967" lon="15.1107656">
	<ele>-8.11</ele>
	<time>2026-08-10T12:35:08.060Z</time>
	<hdop>3.79</hdop>
	<extensions>
		<gpxtpx:TrackPointExtension>
			<gpxtpx:course>126.0</gpxtpx:course>
		</gpxtpx:TrackPointExtension>
	</extensions>
</trkpt>
<trkpt lat="44.0512314" lon="15.1108683">
	<ele>-9.43</ele>
	<time>2026-08-10T12:35:18.062Z</time>
	<hdop>3.79</hdop>
	<extensions>
		<gpxtpx:TrackPointExtension>
			<gpxtpx:course>133.0</gpxtpx:course>
		</gpxtpx:TrackPointExtension>
	</extensions>
</trkpt>
<trkpt lat="44.0511649" lon="15.1109575">
	<ele>-9.53</ele>
	<time>2026-08-10T12:35:31.060Z</time>
	<hdop>3.79</hdop>
	<extensions>
		<gpxtpx:TrackPointExtension>
			<gpxtpx:course>133.0</gpxtpx:course>
		</gpxtpx:TrackPointExtension>
	</extensions>
</trkpt>
</trkseg>
</trk>
</gpx>
